단지명,단지일련번호,건축년도,계약기간,계약구분,계약일,계약월,계약년도,보증금액,전용면적,층,지번,월세금액,종전계약보증금,종전계약월세,roadnm,roadnmbcd,roadnmbonbun,roadnmbubun,roadnmcd,roadnmseq,roadnmsggcd,지역코드,법정동,갱신요구권사용,거래구분,조회년월,계약일자,평형,평수,보증금_만원,월세_만원,임대유형
래미안퍼스티지,11650-3559,2009,,,3,1,2011,"54,000",59.98,17,18-1,0,,,반포대로 275,0,00275,00000,2121003,2,11650,11650,반포동,,전월세,201101,2011-01-03,18,18.1,54000,0,전세
래미안퍼스티지,11650-3559,2009,,,7,1,2011,"135,000",169.31,22,18-1,0,,,반포대로 275,0,00275,00000,2121003,2,11650,11650,반포동,,전월세,201101,2011-01-07,51,51.2,135000,0,전세
래미안퍼스티지,11650-3559,2009,,,11,1,2011,"132,000",169.31,29,18-1,0,,,반포대로 275,0,00275,00000,2121003,2,11650,11650,반포동,,전월세,201101,2011-01-11,51,51.2,132000,0,전세
래미안퍼스티지,11650-3559,2009,,,11,1,2011,"28,200",198.04,11,18-1,0,,,반포대로 275,0,00275,00000,2121003,2,11650,11650,반포동,,전월세,201101,2011-01-11,60,59.9,28200,0,전세
래미안퍼스티지,11650-3559,2009,,,11,1,2011,"56,000",59.89,13,18-1,0,,,반포대로 275,0,00275,00000,2121003,2,11650,11650,반포동,,전월세,201101,2011-01-11,18,18.1,56000,0,전세
래미안퍼스티지,11650-3559,2009,,,13,1,2011,"128,000",168.65,16,18-1,0,,,반포대로 275,0,00275,00000,2121003,2,11650,11650,반포동,,전월세,201101,2011-01-13,51,51.0,128000,0,전세
래미안퍼스티지,11650-3559,2009,,,13,1,2011,"80,000",84.76,18,18-1,0,,,반포대로 275,0,00275,00000,2121003,2,11650,11650,반포동,,전월세,201101,2011-01-13,26,25.6,80000,0,전세
래미안퍼스티지,11650-3559,2009,,,16,1,2011,"57,000",59.96,18,18-1,0,,,반포대로 275,0,00275,00000,2121003,2,11650,11650,반포동,,전월세,201101,2011-01-16,18,18.1,57000,0,전세
래미안퍼스티지,11650-3559,2009,,,11,2,2011,"75,000",84.93,16,18-1,0,,,반포대로 275,0,00275,00000,2121003,2,11650,11650,반포동,,전월세,201102,2011-02-11,26,25.7,75000,0,전세
래미안퍼스티지,11650-3559,2009,,,24,2,2011,"76,000",84.93,15,18-1,0,,,반포대로 275,0,00275,00000,2121003,2,11650,11650,반포동,,전월세,201102,2011-02-24,26,25.7,76000,0,전세
래미안퍼스티지,11650-3559,2009,,,25,2,2011,"177,000",222.76,11,18-1,0,,,반포대로 275,0,00275,00000,2121003,2,11650,11650,반포동,,전월세,201102,2011-02-25,67,67.4,177000,0,전세
래미안퍼스티지,11650-3559,2009,,,4,3,2011,"55,000",59.89,13,18-1,0,,,반포대로 275,0,00275,00000,2121003,2,11650,11650,반포동,,전월세,201103,2011-03-04,18,18.1,55000,0,전세
래미안퍼스티지,11650-3559,2009,,,12,3,2011,"55,000",59.96,18,18-1,0,,,반포대로 275,0,00275,00000,2121003,2,11650,11650,반포동,,전월세,201103,2011-03-12,18,18.1,55000,0,전세
래미안퍼스티지,11650-3559,2009,,,5,4,2011,"135,000",198.22,17,18-1,0,,,반포대로 275,0,00275,00000,2121003,2,11650,11650,반포동,,전월세,201104,2011-04-05,60,60.0,135000,0,전세
래미안퍼스티지,11650-3559,2009,,,6,4,2011,"140,000",198.22,23,18-1,0,,,반포대로 275,0,00275,00000,2121003,2,11650,11650,반포동,,전월세,201104,2011-04-06,60,60.0,140000,0,전세
래미안퍼스티지,11650-3559,2009,,,10,4,2011,"140,000",198.04,25,18-1,0,,,반포대로 275,0,00275,00000,2121003,2,11650,11650,반포동,,전월세,201104,2011-04-10,60,59.9,140000,0,전세
래미안퍼스티지,11650-3559,2009,,,15,4,2011,"120,000",169.31,6,18-1,0,,,반포대로 275,0,00275,00000,2121003,2,11650,11650,반포동,,전월세,201104,2011-04-15,51,51.2,120000,0,전세
래미안퍼스티지,11650-3559,2009,,,16,4,2011,"58,500",59.96,20,18-1,0,,,반포대로 275,0,00275,00000,2121003,2,11650,11650,반포동,,전월세,201104,2011-04-16,18,18.1,58500,0,전세
래미안퍼스티지,11650-3559,2009,,,25,4,2011,"115,000",135.92,17,18-1,0,,,반포대로 275,0,00275,00000,2121003,2,11650,11650,반포동,,전월세,201104,2011-04-25,41,41.1,115000,0,전세
래미안퍼스티지,11650-3559,2009,,,27,4,2011,"76,500",84.93,22,18-1,0,,,반포대로 275,0,00275,00000,2121003,2,11650,11650,반포동,,전월세,201104,2011-04-27,26,25.7,76500,0,전세
래미안퍼스티지,11650-3559,2009,,,29,4,2011,"110,000",135.92,9,18-1,0,,,반포대로 275,0,00275,00000,2121003,2,11650,11650,반포동,,전월세,201104,2011-04-29,41,41.1,110000,0,전세
래미안퍼스티지,11650-3559,2009,,,30,4,2011,"50,000",59.89,25,18-1,0,,,반포대로 275,0,00275,00000,2121003,2,11650,11650,반포동,,전월세,201104,2011-04-30,18,18.1,50000,0,전세
래미안퍼스티지,11650-3559,2009,,,4,5,2011,"140,000",198.04,9,18-1,0,,,반포대로 275,0,00275,00000,2121003,2,11650,11650,반포동,,전월세,201105,2011-05-04,60,59.9,140000,0,전세
래미안퍼스티지,11650-3559,2009,,,6,5,2011,"110,000",135.92,31,18-1,0,,,반포대로 275,0,00275,00000,2121003,2,11650,11650,반포동,,전월세,201105,2011-05-06,41,41.1,110000,0,전세
래미안퍼스티지,11650-3559,2009,,,7,5,2011,"57,000",59.89,25,18-1,0,,,반포대로 275,0,00275,00000,2121003,2,11650,11650,반포동,,전월세,201105,2011-05-07,18,18.1,57000,0,전세
래미안퍼스티지,11650-3559,2009,,,9,5,2011,"115,000",169.31,8,18-1,0,,,반포대로 275,0,00275,00000,2121003,2,11650,11650,반포동,,전월세,201105,2011-05-09,51,51.2,115000,0,전세
래미안퍼스티지,11650-3559,2009,,,9,5,2011,"73,000",84.93,28,18-1,0,,,반포대로 275,0,00275,00000,2121003,2,11650,11650,반포동,,전월세,201105,2011-05-09,26,25.7,73000,0,전세
래미안퍼스티지,11650-3559,2009,,,10,5,2011,"135,000",135.92,12,18-1,0,,,반포대로 275,0,00275,00000,2121003,2,11650,11650,반포동,,전월세,201105,2011-05-10,41,41.1,135000,0,전세
래미안퍼스티지,11650-3559,2009,,,11,5,2011,"140,000",169.31,4,18-1,0,,,반포대로 275,0,00275,00000,2121003,2,11650,11650,반포동,,전월세,201105,2011-05-11,51,51.2,140000,0,전세
래미안퍼스티지,11650-3559,2009,,,11,5,2011,"135,000",198.22,14,18-1,0,,,반포대로 275,0,00275,00000,2121003,2,11650,11650,반포동,,전월세,201105,2011-05-11,60,60.0,135000,0,전세
래미안퍼스티지,11650-3559,2009,,,12,5,2011,"110,000",115.65,16,18-1,0,,,반포대로 275,0,00275,00000,2121003,2,11650,11650,반포동,,전월세,201105,2011-05-12,35,35.0,110000,0,전세
래미안퍼스티지,11650-3559,2009,,,12,5,2011,"53,000",59.96,16,18-1,0,,,반포대로 275,0,00275,00000,2121003,2,11650,11650,반포동,,전월세,201105,2011-05-12,18,18.1,53000,0,전세
래미안퍼스티지,11650-3559,2009,,,13,5,2011,"90,000",169.31,22,18-1,0,,,반포대로 275,0,00275,00000,2121003,2,11650,11650,반포동,,전월세,201105,2011-05-13,51,51.2,90000,0,전세
래미안퍼스티지,11650-3559,2009,,,13,5,2011,"100,000",198.04,1,18-1,0,,,반포대로 275,0,00275,00000,2121003,2,11650,11650,반포동,,전월세,201105,2011-05-13,60,59.9,100000,0,전세
래미안퍼스티지,11650-3559,2009,,,14,5,2011,"140,000",198.04,14,18-1,0,,,반포대로 275,0,00275,00000,2121003,2,11650,11650,반포동,,전월세,201105,2011-05-14,60,59.9,140000,0,전세
래미안퍼스티지,11650-3559,2009,,,14,5,2011,"77,000",84.93,22,18-1,0,,,반포대로 275,0,00275,00000,2121003,2,11650,11650,반포동,,전월세,201105,2011-05-14,26,25.7,77000,0,전세
래미안퍼스티지,11650-3559,2009,,,15,5,2011,"70,000",84.93,16,18-1,0,,,반포대로 275,0,00275,00000,2121003,2,11650,11650,반포동,,전월세,201105,2011-05-15,26,25.7,70000,0,전세
래미안퍼스티지,11650-3559,2009,,,17,5,2011,"108,000",198.22,12,18-1,0,,,반포대로 275,0,00275,00000,2121003,2,11650,11650,반포동,,전월세,201105,2011-05-17,60,60.0,108000,0,전세
래미안퍼스티지,11650-3559,2009,,,18,5,2011,"54,000",59.96,21,18-1,0,,,반포대로 275,0,00275,00000,2121003,2,11650,11650,반포동,,전월세,201105,2011-05-18,18,18.1,54000,0,전세
래미안퍼스티지,11650-3559,2009,,,18,5,2011,"68,000",84.93,6,18-1,0,,,반포대로 275,0,00275,00000,2121003,2,11650,11650,반포동,,전월세,201105,2011-05-18,26,25.7,68000,0,전세
래미안퍼스티지,11650-3559,2009,,,20,5,2011,"51,000",59.96,8,18-1,0,,,반포대로 275,0,00275,00000,2121003,2,11650,11650,반포동,,전월세,201105,2011-05-20,18,18.1,51000,0,전세
래미안퍼스티지,11650-3559,2009,,,20,5,2011,"77,000",84.93,7,18-1,0,,,반포대로 275,0,00275,00000,2121003,2,11650,11650,반포동,,전월세,201105,2011-05-20,26,25.7,77000,0,전세
래미안퍼스티지,11650-3559,2009,,,21,5,2011,"78,000",84.93,3,18-1,0,,,반포대로 275,0,00275,00000,2121003,2,11650,11650,반포동,,전월세,201105,2011-05-21,26,25.7,78000,0,전세
래미안퍼스티지,11650-3559,2009,,,23,5,2011,"54,000",59.89,11,18-1,0,,,반포대로 275,0,00275,00000,2121003,2,11650,11650,반포동,,전월세,201105,2011-05-23,18,18.1,54000,0,전세
래미안퍼스티지,11650-3559,2009,,,23,5,2011,"75,000",84.93,14,18-1,0,,,반포대로 275,0,00275,00000,2121003,2,11650,11650,반포동,,전월세,201105,2011-05-23,26,25.7,75000,0,전세
래미안퍼스티지,11650-3559,2009,,,23,5,2011,"50,000",84.93,8,18-1,0,,,반포대로 275,0,00275,00000,2121003,2,11650,11650,반포동,,전월세,201105,2011-05-23,26,25.7,50000,0,전세
래미안퍼스티지,11650-3559,2009,,,24,5,2011,"105,000",117.12,11,18-1,0,,,반포대로 275,0,00275,00000,2121003,2,11650,11650,반포동,,전월세,201105,2011-05-24,35,35.4,105000,0,전세
래미안퍼스티지,11650-3559,2009,,,24,5,2011,"55,000",59.96,11,18-1,0,,,반포대로 275,0,00275,00000,2121003,2,11650,11650,반포동,,전월세,201105,2011-05-24,18,18.1,55000,0,전세
래미안퍼스티지,11650-3559,2009,,,24,5,2011,"75,000",84.93,29,18-1,0,,,반포대로 275,0,00275,00000,2121003,2,11650,11650,반포동,,전월세,201105,2011-05-24,26,25.7,75000,0,전세
래미안퍼스티지,11650-3559,2009,,,25,5,2011,"119,000",136.65,10,18-1,0,,,반포대로 275,0,00275,00000,2121003,2,11650,11650,반포동,,전월세,201105,2011-05-25,41,41.3,119000,0,전세
래미안퍼스티지,11650-3559,2009,,,25,5,2011,"72,500",84.93,13,18-1,0,,,반포대로 275,0,00275,00000,2121003,2,11650,11650,반포동,,전월세,201105,2011-05-25,26,25.7,72500,0,전세
래미안퍼스티지,11650-3559,2009,,,26,5,2011,"125,000",168.65,16,18-1,0,,,반포대로 275,0,00275,00000,2121003,2,11650,11650,반포동,,전월세,201105,2011-05-26,51,51.0,125000,0,전세
래미안퍼스티지,11650-3559,2009,,,27,5,2011,"145,000",198.04,3,18-1,0,,,반포대로 275,0,00275,00000,2121003,2,11650,11650,반포동,,전월세,201105,2011-05-27,60,59.9,145000,0,전세
래미안퍼스티지,11650-3559,2009,,,27,5,2011,"160,000",222.76,25,18-1,0,,,반포대로 275,0,00275,00000,2121003,2,11650,11650,반포동,,전월세,201105,2011-05-27,67,67.4,160000,0,전세
래미안퍼스티지,11650-3559,2009,,,27,5,2011,"160,000",222.76,7,18-1,0,,,반포대로 275,0,00275,00000,2121003,2,11650,11650,반포동,,전월세,201105,2011-05-27,67,67.4,160000,0,전세
래미안퍼스티지,11650-3559,2009,,,27,5,2011,"70,000",84.93,6,18-1,0,,,반포대로 275,0,00275,00000,2121003,2,11650,11650,반포동,,전월세,201105,2011-05-27,26,25.7,70000,0,전세
래미안퍼스티지,11650-3559,2009,,,27,5,2011,"50,000",84.93,13,18-1,0,,,반포대로 275,0,00275,00000,2121003,2,11650,11650,반포동,,전월세,201105,2011-05-27,26,25.7,50000,0,전세
래미안퍼스티지,11650-3559,2009,,,28,5,2011,"78,000",84.76,16,18-1,0,,,반포대로 275,0,00275,00000,2121003,2,11650,11650,반포동,,전월세,201105,2011-05-28,26,25.6,78000,0,전세
래미안퍼스티지,11650-3559,2009,,,30,5,2011,"53,000",59.89,24,18-1,0,,,반포대로 275,0,00275,00000,2121003,2,11650,11650,반포동,,전월세,201105,2011-05-30,18,18.1,53000,0,전세
래미안퍼스티지,11650-3559,2009,,,31,5,2011,"57,000",59.96,26,18-1,0,,,반포대로 275,0,00275,00000,2121003,2,11650,11650,반포동,,전월세,201105,2011-05-31,18,18.1,57000,0,전세
래미안퍼스티지,11650-3559,2009,11.06~13.06,신규,1,6,2011,"57,000",59.98,18,18-1,0,,,반포대로 275,0,00275,00000,2121003,2,11650,11650,반포동,,전월세,201106,2011-06-01,18,18.1,57000,0,전세
래미안퍼스티지,11650-3559,2009,,,1,6,2011,"70,000",84.93,7,18-1,0,,,반포대로 275,0,00275,00000,2121003,2,11650,11650,반포동,,전월세,201106,2011-06-01,26,25.7,70000,0,전세
래미안퍼스티지,11650-3559,2009,,,2,6,2011,"125,000",135.92,31,18-1,0,,,반포대로 275,0,00275,00000,2121003,2,11650,11650,반포동,,전월세,201106,2011-06-02,41,41.1,125000,0,전세
래미안퍼스티지,11650-3559,2009,,,2,6,2011,"74,000",84.93,3,18-1,0,,,반포대로 275,0,00275,00000,2121003,2,11650,11650,반포동,,전월세,201106,2011-06-02,26,25.7,74000,0,전세
래미안퍼스티지,11650-3559,2009,,,3,6,2011,"55,000",59.96,5,18-1,0,,,반포대로 275,0,00275,00000,2121003,2,11650,11650,반포동,,전월세,201106,2011-06-03,18,18.1,55000,0,전세
래미안퍼스티지,11650-3559,2009,,,4,6,2011,"80,000",136.65,4,18-1,0,,,반포대로 275,0,00275,00000,2121003,2,11650,11650,반포동,,전월세,201106,2011-06-04,41,41.3,80000,0,전세
래미안퍼스티지,11650-3559,2009,,,4,6,2011,"135,000",169.31,27,18-1,0,,,반포대로 275,0,00275,00000,2121003,2,11650,11650,반포동,,전월세,201106,2011-06-04,51,51.2,135000,0,전세
래미안퍼스티지,11650-3559,2009,,,4,6,2011,"74,000",84.93,3,18-1,0,,,반포대로 275,0,00275,00000,2121003,2,11650,11650,반포동,,전월세,201106,2011-06-04,26,25.7,74000,0,전세
래미안퍼스티지,11650-3559,2009,,,4,6,2011,"70,000",84.93,17,18-1,0,,,반포대로 275,0,00275,00000,2121003,2,11650,11650,반포동,,전월세,201106,2011-06-04,26,25.7,70000,0,전세
래미안퍼스티지,11650-3559,2009,,,6,6,2011,"58,000",59.89,18,18-1,0,,,반포대로 275,0,00275,00000,2121003,2,11650,11650,반포동,,전월세,201106,2011-06-06,18,18.1,58000,0,전세
래미안퍼스티지,11650-3559,2009,,,7,6,2011,"125,000",168.65,28,18-1,0,,,반포대로 275,0,00275,00000,2121003,2,11650,11650,반포동,,전월세,201106,2011-06-07,51,51.0,125000,0,전세
래미안퍼스티지,11650-3559,2009,,,7,6,2011,"130,000",169.31,13,18-1,0,,,반포대로 275,0,00275,00000,2121003,2,11650,11650,반포동,,전월세,201106,2011-06-07,51,51.2,130000,0,전세
래미안퍼스티지,11650-3559,2009,,,9,6,2011,"123,000",135.92,17,18-1,0,,,반포대로 275,0,00275,00000,2121003,2,11650,11650,반포동,,전월세,201106,2011-06-09,41,41.1,123000,0,전세
래미안퍼스티지,11650-3559,2009,,,9,6,2011,"57,000",59.89,27,18-1,0,,,반포대로 275,0,00275,00000,2121003,2,11650,11650,반포동,,전월세,201106,2011-06-09,18,18.1,57000,0,전세
래미안퍼스티지,11650-3559,2009,,,9,6,2011,"75,000",84.76,15,18-1,0,,,반포대로 275,0,00275,00000,2121003,2,11650,11650,반포동,,전월세,201106,2011-06-09,26,25.6,75000,0,전세
래미안퍼스티지,11650-3559,2009,,,9,6,2011,"76,000",84.85,26,18-1,0,,,반포대로 275,0,00275,00000,2121003,2,11650,11650,반포동,,전월세,201106,2011-06-09,26,25.7,76000,0,전세
래미안퍼스티지,11650-3559,2009,,,9,6,2011,"78,000",84.93,4,18-1,0,,,반포대로 275,0,00275,00000,2121003,2,11650,11650,반포동,,전월세,201106,2011-06-09,26,25.7,78000,0,전세
래미안퍼스티지,11650-3559,2009,,,9,6,2011,"72,000",84.93,24,18-1,0,,,반포대로 275,0,00275,00000,2121003,2,11650,11650,반포동,,전월세,201106,2011-06-09,26,25.7,72000,0,전세
래미안퍼스티지,11650-3559,2009,,,9,6,2011,"75,000",84.93,30,18-1,0,,,반포대로 275,0,00275,00000,2121003,2,11650,11650,반포동,,전월세,201106,2011-06-09,26,25.7,75000,0,전세
래미안퍼스티지,11650-3559,2009,,,10,6,2011,"115,000",117.12,18,18-1,0,,,반포대로 275,0,00275,00000,2121003,2,11650,11650,반포동,,전월세,201106,2011-06-10,35,35.4,115000,0,전세
래미안퍼스티지,11650-3559,2009,,,11,6,2011,"107,500",115.65,14,18-1,0,,,반포대로 275,0,00275,00000,2121003,2,11650,11650,반포동,,전월세,201106,2011-06-11,35,35.0,107500,0,전세
래미안퍼스티지,11650-3559,2009,,,11,6,2011,"130,000",168.65,19,18-1,0,,,반포대로 275,0,00275,00000,2121003,2,11650,11650,반포동,,전월세,201106,2011-06-11,51,51.0,130000,0,전세
래미안퍼스티지,11650-3559,2009,,,11,6,2011,"57,000",59.89,28,18-1,0,,,반포대로 275,0,00275,00000,2121003,2,11650,11650,반포동,,전월세,201106,2011-06-11,18,18.1,57000,0,전세
래미안퍼스티지,11650-3559,2009,,,11,6,2011,"78,000",84.85,3,18-1,0,,,반포대로 275,0,00275,00000,2121003,2,11650,11650,반포동,,전월세,201106,2011-06-11,26,25.7,78000,0,전세
래미안퍼스티지,11650-3559,2009,,,12,6,2011,"128,000",168.65,13,18-1,0,,,반포대로 275,0,00275,00000,2121003,2,11650,11650,반포동,,전월세,201106,2011-06-12,51,51.0,128000,0,전세
래미안퍼스티지,11650-3559,2009,,,13,6,2011,"90,000",168.65,15,18-1,0,,,반포대로 275,0,00275,00000,2121003,2,11650,11650,반포동,,전월세,201106,2011-06-13,51,51.0,90000,0,전세
래미안퍼스티지,11650-3559,2009,,,13,6,2011,"60,000",59.89,21,18-1,0,,,반포대로 275,0,00275,00000,2121003,2,11650,11650,반포동,,전월세,201106,2011-06-13,18,18.1,60000,0,전세
래미안퍼스티지,11650-3559,2009,,,13,6,2011,"80,000",84.93,15,18-1,0,,,반포대로 275,0,00275,00000,2121003,2,11650,11650,반포동,,전월세,201106,2011-06-13,26,25.7,80000,0,전세
래미안퍼스티지,11650-3559,2009,,,14,6,2011,"135,000",198.04,10,18-1,0,,,반포대로 275,0,00275,00000,2121003,2,11650,11650,반포동,,전월세,201106,2011-06-14,60,59.9,135000,0,전세
래미안퍼스티지,11650-3559,2009,,,15,6,2011,"136,000",169.31,31,18-1,0,,,반포대로 275,0,00275,00000,2121003,2,11650,11650,반포동,,전월세,201106,2011-06-15,51,51.2,136000,0,전세
래미안퍼스티지,11650-3559,2009,,,15,6,2011,"58,000",59.89,25,18-1,0,,,반포대로 275,0,00275,00000,2121003,2,11650,11650,반포동,,전월세,201106,2011-06-15,18,18.1,58000,0,전세
래미안퍼스티지,11650-3559,2009,,,16,6,2011,"60,000",59.96,18,18-1,0,,,반포대로 275,0,00275,00000,2121003,2,11650,11650,반포동,,전월세,201106,2011-06-16,18,18.1,60000,0,전세
래미안퍼스티지,11650-3559,2009,,,16,6,2011,"77,000",84.93,14,18-1,0,,,반포대로 275,0,00275,00000,2121003,2,11650,11650,반포동,,전월세,201106,2011-06-16,26,25.7,77000,0,전세
래미안퍼스티지,11650-3559,2009,,,17,6,2011,"78,000",84.93,17,18-1,0,,,반포대로 275,0,00275,00000,2121003,2,11650,11650,반포동,,전월세,201106,2011-06-17,26,25.7,78000,0,전세
래미안퍼스티지,11650-3559,2009,,,18,6,2011,"103,000",117.12,27,18-1,0,,,반포대로 275,0,00275,00000,2121003,2,11650,11650,반포동,,전월세,201106,2011-06-18,35,35.4,103000,0,전세
래미안퍼스티지,11650-3559,2009,,,18,6,2011,"155,000",222.76,6,18-1,0,,,반포대로 275,0,00275,00000,2121003,2,11650,11650,반포동,,전월세,201106,2011-06-18,67,67.4,155000,0,전세
래미안퍼스티지,11650-3559,2009,,,18,6,2011,"52,000",59.96,29,18-1,0,,,반포대로 275,0,00275,00000,2121003,2,11650,11650,반포동,,전월세,201106,2011-06-18,18,18.1,52000,0,전세
래미안퍼스티지,11650-3559,2009,11.08~13.08,갱신,18,6,2011,"75,000",84.93,29,18-1,0,"42,000",,반포대로 275,0,00275,00000,2121003,2,11650,11650,반포동,,전월세,201106,2011-06-18,26,25.7,75000,0,전세
래미안퍼스티지,11650-3559,2009,,,18,6,2011,"75,000",84.93,9,18-1,0,,,반포대로 275,0,00275,00000,2121003,2,11650,11650,반포동,,전월세,201106,2011-06-18,26,25.7,75000,0,전세
래미안퍼스티지,11650-3559,2009,,,19,6,2011,"83,000",84.93,26,18-1,0,,,반포대로 275,0,00275,00000,2121003,2,11650,11650,반포동,,전월세,201106,2011-06-19,26,25.7,83000,0,전세
래미안퍼스티지,11650-3559,2009,,,20,6,2011,"133,000",198.04,5,18-1,0,,,반포대로 275,0,00275,00000,2121003,2,11650,11650,반포동,,전월세,201106,2011-06-20,60,59.9,133000,0,전세
래미안퍼스티지,11650-3559,2009,,,20,6,2011,"135,000",198.22,20,18-1,0,,,반포대로 275,0,00275,00000,2121003,2,11650,11650,반포동,,전월세,201106,2011-06-20,60,60.0,135000,0,전세
래미안퍼스티지,11650-3559,2009,,,22,6,2011,"120,000",135.92,18,18-1,0,,,반포대로 275,0,00275,00000,2121003,2,11650,11650,반포동,,전월세,201106,2011-06-22,41,41.1,120000,0,전세
래미안퍼스티지,11650-3559,2009,,,22,6,2011,"50,000",59.96,23,18-1,0,,,반포대로 275,0,00275,00000,2121003,2,11650,11650,반포동,,전월세,201106,2011-06-22,18,18.1,50000,0,전세
래미안퍼스티지,11650-3559,2009,,,22,6,2011,"80,000",84.93,12,18-1,0,,,반포대로 275,0,00275,00000,2121003,2,11650,11650,반포동,,전월세,201106,2011-06-22,26,25.7,80000,0,전세
래미안퍼스티지,11650-3559,2009,,,23,6,2011,"132,000",198.22,17,18-1,0,,,반포대로 275,0,00275,00000,2121003,2,11650,11650,반포동,,전월세,201106,2011-06-23,60,60.0,132000,0,전세
래미안퍼스티지,11650-3559,2009,,,23,6,2011,"55,000",59.89,23,18-1,0,,,반포대로 275,0,00275,00000,2121003,2,11650,11650,반포동,,전월세,201106,2011-06-23,18,18.1,55000,0,전세
래미안퍼스티지,11650-3559,2009,,,23,6,2011,"75,000",84.93,15,18-1,0,,,반포대로 275,0,00275,00000,2121003,2,11650,11650,반포동,,전월세,201106,2011-06-23,26,25.7,75000,0,전세
래미안퍼스티지,11650-3559,2009,,,23,6,2011,"75,000",84.93,26,18-1,0,,,반포대로 275,0,00275,00000,2121003,2,11650,11650,반포동,,전월세,201106,2011-06-23,26,25.7,75000,0,전세
래미안퍼스티지,11650-3559,2009,,,24,6,2011,"120,000",135.92,16,18-1,0,,,반포대로 275,0,00275,00000,2121003,2,11650,11650,반포동,,전월세,201106,2011-06-24,41,41.1,120000,0,전세
래미안퍼스티지,11650-3559,2009,,,24,6,2011,"48,000",59.89,3,18-1,0,,,반포대로 275,0,00275,00000,2121003,2,11650,11650,반포동,,전월세,201106,2011-06-24,18,18.1,48000,0,전세
래미안퍼스티지,11650-3559,2009,,,25,6,2011,"105,000",115.65,6,18-1,0,,,반포대로 275,0,00275,00000,2121003,2,11650,11650,반포동,,전월세,201106,2011-06-25,35,35.0,105000,0,전세
래미안퍼스티지,11650-3559,2009,,,25,6,2011,"57,000",59.96,4,18-1,0,,,반포대로 275,0,00275,00000,2121003,2,11650,11650,반포동,,전월세,201106,2011-06-25,18,18.1,57000,0,전세
래미안퍼스티지,11650-3559,2009,,,25,6,2011,"57,000",59.98,23,18-1,0,,,반포대로 275,0,00275,00000,2121003,2,11650,11650,반포동,,전월세,201106,2011-06-25,18,18.1,57000,0,전세
래미안퍼스티지,11650-3559,2009,,,25,6,2011,"67,000",84.93,2,18-1,0,,,반포대로 275,0,00275,00000,2121003,2,11650,11650,반포동,,전월세,201106,2011-06-25,26,25.7,67000,0,전세
래미안퍼스티지,11650-3559,2009,,,26,6,2011,"99,000",117.12,14,18-1,0,,,반포대로 275,0,00275,00000,2121003,2,11650,11650,반포동,,전월세,201106,2011-06-26,35,35.4,99000,0,전세
래미안퍼스티지,11650-3559,2009,,,26,6,2011,"140,000",198.04,4,18-1,0,,,반포대로 275,0,00275,00000,2121003,2,11650,11650,반포동,,전월세,201106,2011-06-26,60,59.9,140000,0,전세
래미안퍼스티지,11650-3559,2009,,,27,6,2011,"120,000",135.92,27,18-1,0,,,반포대로 275,0,00275,00000,2121003,2,11650,11650,반포동,,전월세,201106,2011-06-27,41,41.1,120000,0,전세
래미안퍼스티지,11650-3559,2009,,,27,6,2011,"70,000",84.85,6,18-1,0,,,반포대로 275,0,00275,00000,2121003,2,11650,11650,반포동,,전월세,201106,2011-06-27,26,25.7,70000,0,전세
래미안퍼스티지,11650-3559,2009,,,27,6,2011,"70,000",84.93,7,18-1,0,,,반포대로 275,0,00275,00000,2121003,2,11650,11650,반포동,,전월세,201106,2011-06-27,26,25.7,70000,0,전세
래미안퍼스티지,11650-3559,2009,,,28,6,2011,"130,000",169.31,1,18-1,0,,,반포대로 275,0,00275,00000,2121003,2,11650,11650,반포동,,전월세,201106,2011-06-28,51,51.2,130000,0,전세
래미안퍼스티지,11650-3559,2009,,,28,6,2011,"160,000",222.76,11,18-1,0,,,반포대로 275,0,00275,00000,2121003,2,11650,11650,반포동,,전월세,201106,2011-06-28,67,67.4,160000,0,전세
래미안퍼스티지,11650-3559,2009,,,28,6,2011,"56,000",59.96,4,18-1,0,,,반포대로 275,0,00275,00000,2121003,2,11650,11650,반포동,,전월세,201106,2011-06-28,18,18.1,56000,0,전세
래미안퍼스티지,11650-3559,2009,,,29,6,2011,"118,000",136.65,6,18-1,0,,,반포대로 275,0,00275,00000,2121003,2,11650,11650,반포동,,전월세,201106,2011-06-29,41,41.3,118000,0,전세
래미안퍼스티지,11650-3559,2009,,,30,6,2011,"130,000",198.22,11,18-1,0,,,반포대로 275,0,00275,00000,2121003,2,11650,11650,반포동,,전월세,201106,2011-06-30,60,60.0,130000,0,전세
래미안퍼스티지,11650-3559,2009,,,3,7,2011,"130,000",198.22,20,18-1,0,,,반포대로 275,0,00275,00000,2121003,2,11650,11650,반포동,,전월세,201107,2011-07-03,60,60.0,130000,0,전세
래미안퍼스티지,11650-3559,2009,,,4,7,2011,"160,000",222.15,9,18-1,0,,,반포대로 275,0,00275,00000,2121003,2,11650,11650,반포동,,전월세,201107,2011-07-04,67,67.2,160000,0,전세
래미안퍼스티지,11650-3559,2009,,,4,7,2011,"50,000",59.89,6,18-1,0,,,반포대로 275,0,00275,00000,2121003,2,11650,11650,반포동,,전월세,201107,2011-07-04,18,18.1,50000,0,전세
래미안퍼스티지,11650-3559,2009,,,4,7,2011,"57,000",59.89,28,18-1,0,,,반포대로 275,0,00275,00000,2121003,2,11650,11650,반포동,,전월세,201107,2011-07-04,18,18.1,57000,0,전세
래미안퍼스티지,11650-3559,2009,,,5,7,2011,"56,000",59.96,11,18-1,0,,,반포대로 275,0,00275,00000,2121003,2,11650,11650,반포동,,전월세,201107,2011-07-05,18,18.1,56000,0,전세
래미안퍼스티지,11650-3559,2009,,,5,7,2011,"75,000",84.93,29,18-1,0,,,반포대로 275,0,00275,00000,2121003,2,11650,11650,반포동,,전월세,201107,2011-07-05,26,25.7,75000,0,전세
래미안퍼스티지,11650-3559,2009,,,7,7,2011,"78,000",84.93,31,18-1,0,,,반포대로 275,0,00275,00000,2121003,2,11650,11650,반포동,,전월세,201107,2011-07-07,26,25.7,78000,0,전세
래미안퍼스티지,11650-3559,2009,,,7,7,2011,"43,000",84.93,18,18-1,0,,,반포대로 275,0,00275,00000,2121003,2,11650,11650,반포동,,전월세,201107,2011-07-07,26,25.7,43000,0,전세
래미안퍼스티지,11650-3559,2009,,,8,7,2011,"55,000",59.89,2,18-1,0,,,반포대로 275,0,00275,00000,2121003,2,11650,11650,반포동,,전월세,201107,2011-07-08,18,18.1,55000,0,전세
래미안퍼스티지,11650-3559,2009,,,9,7,2011,"57,000",59.96,12,18-1,0,,,반포대로 275,0,00275,00000,2121003,2,11650,11650,반포동,,전월세,201107,2011-07-09,18,18.1,57000,0,전세
래미안퍼스티지,11650-3559,2009,,,9,7,2011,"75,000",84.93,21,18-1,0,,,반포대로 275,0,00275,00000,2121003,2,11650,11650,반포동,,전월세,201107,2011-07-09,26,25.7,75000,0,전세
래미안퍼스티지,11650-3559,2009,,,11,7,2011,"80,000",84.93,27,18-1,0,,,반포대로 275,0,00275,00000,2121003,2,11650,11650,반포동,,전월세,201107,2011-07-11,26,25.7,80000,0,전세
래미안퍼스티지,11650-3559,2009,,,11,7,2011,"80,000",84.93,5,18-1,0,,,반포대로 275,0,00275,00000,2121003,2,11650,11650,반포동,,전월세,201107,2011-07-11,26,25.7,80000,0,전세
래미안퍼스티지,11650-3559,2009,,,11,7,2011,"80,000",84.93,5,18-1,0,,,반포대로 275,0,00275,00000,2121003,2,11650,11650,반포동,,전월세,201107,2011-07-11,26,25.7,80000,0,전세
래미안퍼스티지,11650-3559,2009,,,12,7,2011,"78,000",84.93,10,18-1,0,,,반포대로 275,0,00275,00000,2121003,2,11650,11650,반포동,,전월세,201107,2011-07-12,26,25.7,78000,0,전세
래미안퍼스티지,11650-3559,2009,,,13,7,2011,"110,000",117.12,23,18-1,0,,,반포대로 275,0,00275,00000,2121003,2,11650,11650,반포동,,전월세,201107,2011-07-13,35,35.4,110000,0,전세
래미안퍼스티지,11650-3559,2009,,,13,7,2011,"122,500",136.65,16,18-1,0,,,반포대로 275,0,00275,00000,2121003,2,11650,11650,반포동,,전월세,201107,2011-07-13,41,41.3,122500,0,전세
래미안퍼스티지,11650-3559,2009,,,13,7,2011,"130,000",198.04,12,18-1,0,,,반포대로 275,0,00275,00000,2121003,2,11650,11650,반포동,,전월세,201107,2011-07-13,60,59.9,130000,0,전세
래미안퍼스티지,11650-3559,2009,,,15,7,2011,"120,000",115.65,9,18-1,0,,,반포대로 275,0,00275,00000,2121003,2,11650,11650,반포동,,전월세,201107,2011-07-15,35,35.0,120000,0,전세
래미안퍼스티지,11650-3559,2009,,,15,7,2011,"100,000",117.12,26,18-1,0,,,반포대로 275,0,00275,00000,2121003,2,11650,11650,반포동,,전월세,201107,2011-07-15,35,35.4,100000,0,전세
래미안퍼스티지,11650-3559,2009,,,15,7,2011,"130,000",169.31,7,18-1,0,,,반포대로 275,0,00275,00000,2121003,2,11650,11650,반포동,,전월세,201107,2011-07-15,51,51.2,130000,0,전세
래미안퍼스티지,11650-3559,2009,,,15,7,2011,"48,000",59.89,5,18-1,0,,,반포대로 275,0,00275,00000,2121003,2,11650,11650,반포동,,전월세,201107,2011-07-15,18,18.1,48000,0,전세
래미안퍼스티지,11650-3559,2009,,,15,7,2011,"73,000",84.93,7,18-1,0,,,반포대로 275,0,00275,00000,2121003,2,11650,11650,반포동,,전월세,201107,2011-07-15,26,25.7,73000,0,전세
래미안퍼스티지,11650-3559,2009,,,16,7,2011,"130,000",135.92,14,18-1,0,,,반포대로 275,0,00275,00000,2121003,2,11650,11650,반포동,,전월세,201107,2011-07-16,41,41.1,130000,0,전세
래미안퍼스티지,11650-3559,2009,,,16,7,2011,"135,000",168.65,13,18-1,0,,,반포대로 275,0,00275,00000,2121003,2,11650,11650,반포동,,전월세,201107,2011-07-16,51,51.0,135000,0,전세
래미안퍼스티지,11650-3559,2009,,,17,7,2011,"76,000",84.93,17,18-1,0,,,반포대로 275,0,00275,00000,2121003,2,11650,11650,반포동,,전월세,201107,2011-07-17,26,25.7,76000,0,전세
래미안퍼스티지,11650-3559,2009,,,18,7,2011,"78,000",84.93,9,18-1,0,,,반포대로 275,0,00275,00000,2121003,2,11650,11650,반포동,,전월세,201107,2011-07-18,26,25.7,78000,0,전세
래미안퍼스티지,11650-3559,2009,,,19,7,2011,"50,000",59.96,6,18-1,0,,,반포대로 275,0,00275,00000,2121003,2,11650,11650,반포동,,전월세,201107,2011-07-19,18,18.1,50000,0,전세
래미안퍼스티지,11650-3559,2009,,,19,7,2011,"70,000",84.93,18,18-1,0,,,반포대로 275,0,00275,00000,2121003,2,11650,11650,반포동,,전월세,201107,2011-07-19,26,25.7,70000,0,전세
래미안퍼스티지,11650-3559,2009,,,19,7,2011,"75,000",84.93,12,18-1,0,,,반포대로 275,0,00275,00000,2121003,2,11650,11650,반포동,,전월세,201107,2011-07-19,26,25.7,75000,0,전세
래미안퍼스티지,11650-3559,2009,,,21,7,2011,"78,000",135.92,2,18-1,0,,,반포대로 275,0,00275,00000,2121003,2,11650,11650,반포동,,전월세,201107,2011-07-21,41,41.1,78000,0,전세
래미안퍼스티지,11650-3559,2009,11.07~13.07,신규,21,7,2011,"120,000",168.65,25,18-1,0,,,반포대로 275,0,00275,00000,2121003,2,11650,11650,반포동,,전월세,201107,2011-07-21,51,51.0,120000,0,전세
래미안퍼스티지,11650-3559,2009,,,21,7,2011,"55,000",59.89,11,18-1,0,,,반포대로 275,0,00275,00000,2121003,2,11650,11650,반포동,,전월세,201107,2011-07-21,18,18.1,55000,0,전세
래미안퍼스티지,11650-3559,2009,,,21,7,2011,"57,000",59.96,8,18-1,0,,,반포대로 275,0,00275,00000,2121003,2,11650,11650,반포동,,전월세,201107,2011-07-21,18,18.1,57000,0,전세
래미안퍼스티지,11650-3559,2009,,,21,7,2011,"81,000",84.93,29,18-1,0,,,반포대로 275,0,00275,00000,2121003,2,11650,11650,반포동,,전월세,201107,2011-07-21,26,25.7,81000,0,전세
래미안퍼스티지,11650-3559,2009,,,21,7,2011,"77,000",84.93,30,18-1,0,,,반포대로 275,0,00275,00000,2121003,2,11650,11650,반포동,,전월세,201107,2011-07-21,26,25.7,77000,0,전세
래미안퍼스티지,11650-3559,2009,,,22,7,2011,"80,000",84.93,13,18-1,0,,,반포대로 275,0,00275,00000,2121003,2,11650,11650,반포동,,전월세,201107,2011-07-22,26,25.7,80000,0,전세
래미안퍼스티지,11650-3559,2009,,,23,7,2011,"75,000",84.93,27,18-1,0,,,반포대로 275,0,00275,00000,2121003,2,11650,11650,반포동,,전월세,201107,2011-07-23,26,25.7,75000,0,전세
래미안퍼스티지,11650-3559,2009,,,23,7,2011,"70,000",84.93,25,18-1,0,,,반포대로 275,0,00275,00000,2121003,2,11650,11650,반포동,,전월세,201107,2011-07-23,26,25.7,70000,0,전세
래미안퍼스티지,11650-3559,2009,,,25,7,2011,"107,000",117.12,22,18-1,0,,,반포대로 275,0,00275,00000,2121003,2,11650,11650,반포동,,전월세,201107,2011-07-25,35,35.4,107000,0,전세
래미안퍼스티지,11650-3559,2009,,,25,7,2011,"145,000",222.76,5,18-1,0,,,반포대로 275,0,00275,00000,2121003,2,11650,11650,반포동,,전월세,201107,2011-07-25,67,67.4,145000,0,전세
래미안퍼스티지,11650-3559,2009,,,25,7,2011,"80,000",84.93,14,18-1,0,,,반포대로 275,0,00275,00000,2121003,2,11650,11650,반포동,,전월세,201107,2011-07-25,26,25.7,80000,0,전세
래미안퍼스티지,11650-3559,2009,,,26,7,2011,"53,000",59.89,28,18-1,0,,,반포대로 275,0,00275,00000,2121003,2,11650,11650,반포동,,전월세,201107,2011-07-26,18,18.1,53000,0,전세
래미안퍼스티지,11650-3559,2009,,,29,7,2011,"140,000",198.04,20,18-1,0,,,반포대로 275,0,00275,00000,2121003,2,11650,11650,반포동,,전월세,201107,2011-07-29,60,59.9,140000,0,전세
래미안퍼스티지,11650-3559,2009,,,30,7,2011,"130,000",169.31,11,18-1,0,,,반포대로 275,0,00275,00000,2121003,2,11650,11650,반포동,,전월세,201107,2011-07-30,51,51.2,130000,0,전세
래미안퍼스티지,11650-3559,2009,,,30,7,2011,"59,000",59.96,16,18-1,0,,,반포대로 275,0,00275,00000,2121003,2,11650,11650,반포동,,전월세,201107,2011-07-30,18,18.1,59000,0,전세
래미안퍼스티지,11650-3559,2009,,,30,7,2011,"70,000",84.93,29,18-1,0,,,반포대로 275,0,00275,00000,2121003,2,11650,11650,반포동,,전월세,201107,2011-07-30,26,25.7,70000,0,전세
래미안퍼스티지,11650-3559,2009,,,30,7,2011,"56,000",84.93,24,18-1,0,,,반포대로 275,0,00275,00000,2121003,2,11650,11650,반포동,,전월세,201107,2011-07-30,26,25.7,56000,0,전세
래미안퍼스티지,11650-3559,2009,,,30,7,2011,"78,000",84.93,5,18-1,0,,,반포대로 275,0,00275,00000,2121003,2,11650,11650,반포동,,전월세,201107,2011-07-30,26,25.7,78000,0,전세
래미안퍼스티지,11650-3559,2009,,,2,8,2011,"120,000",135.92,15,18-1,0,,,반포대로 275,0,00275,00000,2121003,2,11650,11650,반포동,,전월세,201108,2011-08-02,41,41.1,120000,0,전세
래미안퍼스티지,11650-3559,2009,,,2,8,2011,"58,000",59.89,11,18-1,0,,,반포대로 275,0,00275,00000,2121003,2,11650,11650,반포동,,전월세,201108,2011-08-02,18,18.1,58000,0,전세
래미안퍼스티지,11650-3559,2009,,,2,8,2011,"70,000",84.93,9,18-1,0,,,반포대로 275,0,00275,00000,2121003,2,11650,11650,반포동,,전월세,201108,2011-08-02,26,25.7,70000,0,전세
래미안퍼스티지,11650-3559,2009,,,2,8,2011,"60,000",84.93,15,18-1,0,,,반포대로 275,0,00275,00000,2121003,2,11650,11650,반포동,,전월세,201108,2011-08-02,26,25.7,60000,0,전세
래미안퍼스티지,11650-3559,2009,,,3,8,2011,"75,000",84.93,22,18-1,0,,,반포대로 275,0,00275,00000,2121003,2,11650,11650,반포동,,전월세,201108,2011-08-03,26,25.7,75000,0,전세
래미안퍼스티지,11650-3559,2009,,,4,8,2011,"150,000",222.76,22,18-1,0,,,반포대로 275,0,00275,00000,2121003,2,11650,11650,반포동,,전월세,201108,2011-08-04,67,67.4,150000,0,전세
래미안퍼스티지,11650-3559,2009,,,4,8,2011,"53,000",59.89,7,18-1,0,,,반포대로 275,0,00275,00000,2121003,2,11650,11650,반포동,,전월세,201108,2011-08-04,18,18.1,53000,0,전세
래미안퍼스티지,11650-3559,2009,,,4,8,2011,"80,000",84.93,4,18-1,0,,,반포대로 275,0,00275,00000,2121003,2,11650,11650,반포동,,전월세,201108,2011-08-04,26,25.7,80000,0,전세
래미안퍼스티지,11650-3559,2009,,,5,8,2011,"52,000",59.89,3,18-1,0,,,반포대로 275,0,00275,00000,2121003,2,11650,11650,반포동,,전월세,201108,2011-08-05,18,18.1,52000,0,전세
래미안퍼스티지,11650-3559,2009,,,6,8,2011,"55,000",59.89,21,18-1,0,,,반포대로 275,0,00275,00000,2121003,2,11650,11650,반포동,,전월세,201108,2011-08-06,18,18.1,55000,0,전세
래미안퍼스티지,11650-3559,2009,,,7,8,2011,"160,000",222.76,24,18-1,0,,,반포대로 275,0,00275,00000,2121003,2,11650,11650,반포동,,전월세,201108,2011-08-07,67,67.4,160000,0,전세
래미안퍼스티지,11650-3559,2009,,,8,8,2011,"140,000",169.31,21,18-1,0,,,반포대로 275,0,00275,00000,2121003,2,11650,11650,반포동,,전월세,201108,2011-08-08,51,51.2,140000,0,전세
래미안퍼스티지,11650-3559,2009,,,8,8,2011,"80,000",84.93,11,18-1,0,,,반포대로 275,0,00275,00000,2121003,2,11650,11650,반포동,,전월세,201108,2011-08-08,26,25.7,80000,0,전세
래미안퍼스티지,11650-3559,2009,,,8,8,2011,"80,000",84.93,16,18-1,0,,,반포대로 275,0,00275,00000,2121003,2,11650,11650,반포동,,전월세,201108,2011-08-08,26,25.7,80000,0,전세
래미안퍼스티지,11650-3559,2009,,,10,8,2011,"120,000",135.92,29,18-1,0,,,반포대로 275,0,00275,00000,2121003,2,11650,11650,반포동,,전월세,201108,2011-08-10,41,41.1,120000,0,전세
래미안퍼스티지,11650-3559,2009,,,10,8,2011,"57,000",59.89,11,18-1,0,,,반포대로 275,0,00275,00000,2121003,2,11650,11650,반포동,,전월세,201108,2011-08-10,18,18.1,57000,0,전세
래미안퍼스티지,11650-3559,2009,,,11,8,2011,"80,000",84.93,19,18-1,0,,,반포대로 275,0,00275,00000,2121003,2,11650,11650,반포동,,전월세,201108,2011-08-11,26,25.7,80000,0,전세
래미안퍼스티지,11650-3559,2009,,,14,8,2011,"59,500",59.89,30,18-1,0,,,반포대로 275,0,00275,00000,2121003,2,11650,11650,반포동,,전월세,201108,2011-08-14,18,18.1,59500,0,전세
래미안퍼스티지,11650-3559,2009,,,14,8,2011,"54,000",59.96,5,18-1,0,,,반포대로 275,0,00275,00000,2121003,2,11650,11650,반포동,,전월세,201108,2011-08-14,18,18.1,54000,0,전세
래미안퍼스티지,11650-3559,2009,,,15,8,2011,"74,000",84.93,23,18-1,0,,,반포대로 275,0,00275,00000,2121003,2,11650,11650,반포동,,전월세,201108,2011-08-15,26,25.7,74000,0,전세
래미안퍼스티지,11650-3559,2009,,,16,8,2011,"75,000",84.85,15,18-1,0,,,반포대로 275,0,00275,00000,2121003,2,11650,11650,반포동,,전월세,201108,2011-08-16,26,25.7,75000,0,전세
래미안퍼스티지,11650-3559,2009,,,16,8,2011,"76,000",84.93,21,18-1,0,,,반포대로 275,0,00275,00000,2121003,2,11650,11650,반포동,,전월세,201108,2011-08-16,26,25.7,76000,0,전세
래미안퍼스티지,11650-3559,2009,,,17,8,2011,"78,000",84.93,32,18-1,0,,,반포대로 275,0,00275,00000,2121003,2,11650,11650,반포동,,전월세,201108,2011-08-17,26,25.7,78000,0,전세
래미안퍼스티지,11650-3559,2009,,,18,8,2011,"130,000",222.76,4,18-1,0,,,반포대로 275,0,00275,00000,2121003,2,11650,11650,반포동,,전월세,201108,2011-08-18,67,67.4,130000,0,전세
래미안퍼스티지,11650-3559,2009,,,18,8,2011,"56,000",59.89,26,18-1,0,,,반포대로 275,0,00275,00000,2121003,2,11650,11650,반포동,,전월세,201108,2011-08-18,18,18.1,56000,0,전세
래미안퍼스티지,11650-3559,2009,,,21,8,2011,"70,000",84.93,3,18-1,0,,,반포대로 275,0,00275,00000,2121003,2,11650,11650,반포동,,전월세,201108,2011-08-21,26,25.7,70000,0,전세
래미안퍼스티지,11650-3559,2009,,,22,8,2011,"76,000",84.93,2,18-1,0,,,반포대로 275,0,00275,00000,2121003,2,11650,11650,반포동,,전월세,201108,2011-08-22,26,25.7,76000,0,전세
래미안퍼스티지,11650-3559,2009,,,22,8,2011,"73,000",84.93,24,18-1,0,,,반포대로 275,0,00275,00000,2121003,2,11650,11650,반포동,,전월세,201108,2011-08-22,26,25.7,73000,0,전세
래미안퍼스티지,11650-3559,2009,,,22,8,2011,"75,000",84.93,14,18-1,0,,,반포대로 275,0,00275,00000,2121003,2,11650,11650,반포동,,전월세,201108,2011-08-22,26,25.7,75000,0,전세
래미안퍼스티지,11650-3559,2009,,,24,8,2011,"75,000",84.93,18,18-1,0,,,반포대로 275,0,00275,00000,2121003,2,11650,11650,반포동,,전월세,201108,2011-08-24,26,25.7,75000,0,전세
래미안퍼스티지,11650-3559,2009,,,26,8,2011,"160,000",222.76,13,18-1,0,,,반포대로 275,0,00275,00000,2121003,2,11650,11650,반포동,,전월세,201108,2011-08-26,67,67.4,160000,0,전세
래미안퍼스티지,11650-3559,2009,,,26,8,2011,"50,000",59.98,15,18-1,0,,,반포대로 275,0,00275,00000,2121003,2,11650,11650,반포동,,전월세,201108,2011-08-26,18,18.1,50000,0,전세
래미안퍼스티지,11650-3559,2009,,,27,8,2011,"125,000",135.92,22,18-1,0,,,반포대로 275,0,00275,00000,2121003,2,11650,11650,반포동,,전월세,201108,2011-08-27,41,41.1,125000,0,전세
래미안퍼스티지,11650-3559,2009,,,27,8,2011,"80,000",84.93,22,18-1,0,,,반포대로 275,0,00275,00000,2121003,2,11650,11650,반포동,,전월세,201108,2011-08-27,26,25.7,80000,0,전세
래미안퍼스티지,11650-3559,2009,,,29,8,2011,"50,000",59.96,30,18-1,0,,,반포대로 275,0,00275,00000,2121003,2,11650,11650,반포동,,전월세,201108,2011-08-29,18,18.1,50000,0,전세
래미안퍼스티지,11650-3559,2009,,,30,8,2011,"80,000",84.85,22,18-1,0,,,반포대로 275,0,00275,00000,2121003,2,11650,11650,반포동,,전월세,201108,2011-08-30,26,25.7,80000,0,전세
래미안퍼스티지,11650-3559,2009,,,31,8,2011,"140,000",198.04,9,18-1,0,,,반포대로 275,0,00275,00000,2121003,2,11650,11650,반포동,,전월세,201108,2011-08-31,60,59.9,140000,0,전세
래미안퍼스티지,11650-3559,2009,,,1,9,2011,"70,000",115.65,7,18-1,0,,,반포대로 275,0,00275,00000,2121003,2,11650,11650,반포동,,전월세,201109,2011-09-01,35,35.0,70000,0,전세
래미안퍼스티지,11650-3559,2009,,,1,9,2011,"75,000",84.93,16,18-1,0,,,반포대로 275,0,00275,00000,2121003,2,11650,11650,반포동,,전월세,201109,2011-09-01,26,25.7,75000,0,전세
래미안퍼스티지,11650-3559,2009,,,2,9,2011,"165,000",222.76,11,18-1,0,,,반포대로 275,0,00275,00000,2121003,2,11650,11650,반포동,,전월세,201109,2011-09-02,67,67.4,165000,0,전세
래미안퍼스티지,11650-3559,2009,,,5,9,2011,"120,000",135.92,19,18-1,0,,,반포대로 275,0,00275,00000,2121003,2,11650,11650,반포동,,전월세,201109,2011-09-05,41,41.1,120000,0,전세
래미안퍼스티지,11650-3559,2009,,,5,9,2011,"75,000",84.93,3,18-1,0,,,반포대로 275,0,00275,00000,2121003,2,11650,11650,반포동,,전월세,201109,2011-09-05,26,25.7,75000,0,전세
래미안퍼스티지,11650-3559,2009,,,5,9,2011,"80,000",84.93,30,18-1,0,,,반포대로 275,0,00275,00000,2121003,2,11650,11650,반포동,,전월세,201109,2011-09-05,26,25.7,80000,0,전세
래미안퍼스티지,11650-3559,2009,,,8,9,2011,"130,000",169.31,24,18-1,0,,,반포대로 275,0,00275,00000,2121003,2,11650,11650,반포동,,전월세,201109,2011-09-08,51,51.2,130000,0,전세
래미안퍼스티지,11650-3559,2009,,,8,9,2011,"140,000",198.22,15,18-1,0,,,반포대로 275,0,00275,00000,2121003,2,11650,11650,반포동,,전월세,201109,2011-09-08,60,60.0,140000,0,전세
래미안퍼스티지,11650-3559,2009,,,8,9,2011,"80,000",84.93,8,18-1,0,,,반포대로 275,0,00275,00000,2121003,2,11650,11650,반포동,,전월세,201109,2011-09-08,26,25.7,80000,0,전세
래미안퍼스티지,11650-3559,2009,,,8,9,2011,"70,000",84.93,1,18-1,0,,,반포대로 275,0,00275,00000,2121003,2,11650,11650,반포동,,전월세,201109,2011-09-08,26,25.7,70000,0,전세
래미안퍼스티지,11650-3559,2009,,,10,9,2011,"58,000",59.96,11,18-1,0,,,반포대로 275,0,00275,00000,2121003,2,11650,11650,반포동,,전월세,201109,2011-09-10,18,18.1,58000,0,전세
래미안퍼스티지,11650-3559,2009,,,14,9,2011,"56,000",59.89,13,18-1,0,,,반포대로 275,0,00275,00000,2121003,2,11650,11650,반포동,,전월세,201109,2011-09-14,18,18.1,56000,0,전세
래미안퍼스티지,11650-3559,2009,,,14,9,2011,"69,000",84.93,15,18-1,0,,,반포대로 275,0,00275,00000,2121003,2,11650,11650,반포동,,전월세,201109,2011-09-14,26,25.7,69000,0,전세
래미안퍼스티지,11650-3559,2009,11.11~13.11,갱신,16,9,2011,"123,000",135.92,6,18-1,0,"92,000",,반포대로 275,0,00275,00000,2121003,2,11650,11650,반포동,,전월세,201109,2011-09-16,41,41.1,123000,0,전세
래미안퍼스티지,11650-3559,2009,,,16,9,2011,"50,000",59.89,26,18-1,0,,,반포대로 275,0,00275,00000,2121003,2,11650,11650,반포동,,전월세,201109,2011-09-16,18,18.1,50000,0,전세
래미안퍼스티지,11650-3559,2009,,,16,9,2011,"75,000",84.93,20,18-1,0,,,반포대로 275,0,00275,00000,2121003,2,11650,11650,반포동,,전월세,201109,2011-09-16,26,25.7,75000,0,전세
래미안퍼스티지,11650-3559,2009,,,19,9,2011,"160,000",222.76,24,18-1,0,,,반포대로 275,0,00275,00000,2121003,2,11650,11650,반포동,,전월세,201109,2011-09-19,67,67.4,160000,0,전세
래미안퍼스티지,11650-3559,2009,,,19,9,2011,"160,000",222.76,20,18-1,0,,,반포대로 275,0,00275,00000,2121003,2,11650,11650,반포동,,전월세,201109,2011-09-19,67,67.4,160000,0,전세
래미안퍼스티지,11650-3559,2009,,,20,9,2011,"160,000",222.76,14,18-1,0,,,반포대로 275,0,00275,00000,2121003,2,11650,11650,반포동,,전월세,201109,2011-09-20,67,67.4,160000,0,전세
래미안퍼스티지,11650-3559,2009,,,22,9,2011,"75,000",84.93,26,18-1,0,,,반포대로 275,0,00275,00000,2121003,2,11650,11650,반포동,,전월세,201109,2011-09-22,26,25.7,75000,0,전세
래미안퍼스티지,11650-3559,2009,,,23,9,2011,"120,000",117.12,25,18-1,0,,,반포대로 275,0,00275,00000,2121003,2,11650,11650,반포동,,전월세,201109,2011-09-23,35,35.4,120000,0,전세
래미안퍼스티지,11650-3559,2009,,,23,9,2011,"145,000",198.04,12,18-1,0,,,반포대로 275,0,00275,00000,2121003,2,11650,11650,반포동,,전월세,201109,2011-09-23,60,59.9,145000,0,전세
래미안퍼스티지,11650-3559,2009,,,23,9,2011,"74,000",84.93,22,18-1,0,,,반포대로 275,0,00275,00000,2121003,2,11650,11650,반포동,,전월세,201109,2011-09-23,26,25.7,74000,0,전세
래미안퍼스티지,11650-3559,2009,,,24,9,2011,"130,000",198.04,13,18-1,0,,,반포대로 275,0,00275,00000,2121003,2,11650,11650,반포동,,전월세,201109,2011-09-24,60,59.9,130000,0,전세
래미안퍼스티지,11650-3559,2009,,,26,9,2011,"90,000",198.04,9,18-1,0,,,반포대로 275,0,00275,00000,2121003,2,11650,11650,반포동,,전월세,201109,2011-09-26,60,59.9,90000,0,전세
래미안퍼스티지,11650-3559,2009,,,26,9,2011,"165,000",222.76,22,18-1,0,,,반포대로 275,0,00275,00000,2121003,2,11650,11650,반포동,,전월세,201109,2011-09-26,67,67.4,165000,0,전세
래미안퍼스티지,11650-3559,2009,,,28,9,2011,"76,000",84.93,1,18-1,0,,,반포대로 275,0,00275,00000,2121003,2,11650,11650,반포동,,전월세,201109,2011-09-28,26,25.7,76000,0,전세
래미안퍼스티지,11650-3559,2009,,,29,9,2011,"120,000",135.92,26,18-1,0,,,반포대로 275,0,00275,00000,2121003,2,11650,11650,반포동,,전월세,201109,2011-09-29,41,41.1,120000,0,전세
래미안퍼스티지,11650-3559,2009,,,30,9,2011,"100,000",117.12,4,18-1,0,,,반포대로 275,0,00275,00000,2121003,2,11650,11650,반포동,,전월세,201109,2011-09-30,35,35.4,100000,0,전세
래미안퍼스티지,11650-3559,2009,,,30,9,2011,"130,000",198.04,10,18-1,0,,,반포대로 275,0,00275,00000,2121003,2,11650,11650,반포동,,전월세,201109,2011-09-30,60,59.9,130000,0,전세
래미안퍼스티지,11650-3559,2009,,,3,10,2011,"130,000",222.76,10,18-1,0,,,반포대로 275,0,00275,00000,2121003,2,11650,11650,반포동,,전월세,201110,2011-10-03,67,67.4,130000,0,전세
래미안퍼스티지,11650-3559,2009,,,5,10,2011,"80,000",84.93,9,18-1,0,,,반포대로 275,0,00275,00000,2121003,2,11650,11650,반포동,,전월세,201110,2011-10-05,26,25.7,80000,0,전세
래미안퍼스티지,11650-3559,2009,,,10,10,2011,"137,500",222.76,4,18-1,0,,,반포대로 275,0,00275,00000,2121003,2,11650,11650,반포동,,전월세,201110,2011-10-10,67,67.4,137500,0,전세
래미안퍼스티지,11650-3559,2009,,,10,10,2011,"63,000",59.89,20,18-1,0,,,반포대로 275,0,00275,00000,2121003,2,11650,11650,반포동,,전월세,201110,2011-10-10,18,18.1,63000,0,전세
래미안퍼스티지,11650-3559,2009,,,14,10,2011,"55,000",59.89,16,18-1,0,,,반포대로 275,0,00275,00000,2121003,2,11650,11650,반포동,,전월세,201110,2011-10-14,18,18.1,55000,0,전세
래미안퍼스티지,11650-3559,2009,,,14,10,2011,"80,500",84.93,5,18-1,0,,,반포대로 275,0,00275,00000,2121003,2,11650,11650,반포동,,전월세,201110,2011-10-14,26,25.7,80500,0,전세
래미안퍼스티지,11650-3559,2009,,,19,10,2011,"125,000",136.65,15,18-1,0,,,반포대로 275,0,00275,00000,2121003,2,11650,11650,반포동,,전월세,201110,2011-10-19,41,41.3,125000,0,전세
래미안퍼스티지,11650-3559,2009,,,20,10,2011,"120,000",135.92,28,18-1,0,,,반포대로 275,0,00275,00000,2121003,2,11650,11650,반포동,,전월세,201110,2011-10-20,41,41.1,120000,0,전세
래미안퍼스티지,11650-3559,2009,,,26,10,2011,"154,000",222.76,19,18-1,0,,,반포대로 275,0,00275,00000,2121003,2,11650,11650,반포동,,전월세,201110,2011-10-26,67,67.4,154000,0,전세
래미안퍼스티지,11650-3559,2009,,,26,10,2011,"24,602",59.89,27,18-1,0,,,반포대로 275,0,00275,00000,2121003,2,11650,11650,반포동,,전월세,201110,2011-10-26,18,18.1,24602,0,전세
래미안퍼스티지,11650-3559,2009,,,28,10,2011,"63,000",59.96,28,18-1,0,,,반포대로 275,0,00275,00000,2121003,2,11650,11650,반포동,,전월세,201110,2011-10-28,18,18.1,63000,0,전세
래미안퍼스티지,11650-3559,2009,,,1,11,2011,"24,602",59.89,25,18-1,0,,,반포대로 275,0,00275,00000,2121003,2,11650,11650,반포동,,전월세,201111,2011-11-01,18,18.1,24602,0,전세
래미안퍼스티지,11650-3559,2009,,,1,11,2011,"24,602",59.89,29,18-1,0,,,반포대로 275,0,00275,00000,2121003,2,11650,11650,반포동,,전월세,201111,2011-11-01,18,18.1,24602,0,전세
래미안퍼스티지,11650-3559,2009,,,1,11,2011,"24,602",59.89,10,18-1,0,,,반포대로 275,0,00275,00000,2121003,2,11650,11650,반포동,,전월세,201111,2011-11-01,18,18.1,24602,0,전세
래미안퍼스티지,11650-3559,2009,,,1,11,2011,"24,602",59.89,29,18-1,0,,,반포대로 275,0,00275,00000,2121003,2,11650,11650,반포동,,전월세,201111,2011-11-01,18,18.1,24602,0,전세
래미안퍼스티지,11650-3559,2009,,,1,11,2011,"24,602",59.89,20,18-1,0,,,반포대로 275,0,00275,00000,2121003,2,11650,11650,반포동,,전월세,201111,2011-11-01,18,18.1,24602,0,전세
래미안퍼스티지,11650-3559,2009,,,1,11,2011,"24,602",59.89,21,18-1,0,,,반포대로 275,0,00275,00000,2121003,2,11650,11650,반포동,,전월세,201111,2011-11-01,18,18.1,24602,0,전세
래미안퍼스티지,11650-3559,2009,,,1,11,2011,"24,602",59.89,3,18-1,0,,,반포대로 275,0,00275,00000,2121003,2,11650,11650,반포동,,전월세,201111,2011-11-01,18,18.1,24602,0,전세
래미안퍼스티지,11650-3559,2009,,,1,11,2011,"24,602",59.96,4,18-1,0,,,반포대로 275,0,00275,00000,2121003,2,11650,11650,반포동,,전월세,201111,2011-11-01,18,18.1,24602,0,전세
래미안퍼스티지,11650-3559,2009,,,1,11,2011,"33,000",84.85,26,18-1,0,,,반포대로 275,0,00275,00000,2121003,2,11650,11650,반포동,,전월세,201111,2011-11-01,26,25.7,33000,0,전세
래미안퍼스티지,11650-3559,2009,,,1,11,2011,"33,000",84.93,2,18-1,0,,,반포대로 275,0,00275,00000,2121003,2,11650,11650,반포동,,전월세,201111,2011-11-01,26,25.7,33000,0,전세
래미안퍼스티지,11650-3559,2009,,,2,11,2011,"24,602",59.96,17,18-1,0,,,반포대로 275,0,00275,00000,2121003,2,11650,11650,반포동,,전월세,201111,2011-11-02,18,18.1,24602,0,전세
래미안퍼스티지,11650-3559,2009,,,2,11,2011,"24,602",59.96,6,18-1,0,,,반포대로 275,0,00275,00000,2121003,2,11650,11650,반포동,,전월세,201111,2011-11-02,18,18.1,24602,0,전세
래미안퍼스티지,11650-3559,2009,,,2,11,2011,"24,602",59.98,2,18-1,0,,,반포대로 275,0,00275,00000,2121003,2,11650,11650,반포동,,전월세,201111,2011-11-02,18,18.1,24602,0,전세
래미안퍼스티지,11650-3559,2009,,,3,11,2011,"90,000",84.93,17,18-1,0,,,반포대로 275,0,00275,00000,2121003,2,11650,11650,반포동,,전월세,201111,2011-11-03,26,25.7,90000,0,전세
래미안퍼스티지,11650-3559,2009,,,7,11,2011,"147,000",198.04,20,18-1,0,,,반포대로 275,0,00275,00000,2121003,2,11650,11650,반포동,,전월세,201111,2011-11-07,60,59.9,147000,0,전세
래미안퍼스티지,11650-3559,2009,,,14,11,2011,"160,000",222.76,26,18-1,0,,,반포대로 275,0,00275,00000,2121003,2,11650,11650,반포동,,전월세,201111,2011-11-14,67,67.4,160000,0,전세
래미안퍼스티지,11650-3559,2009,11.12~13.12,신규,18,11,2011,"60,000",59.89,26,18-1,0,,,반포대로 275,0,00275,00000,2121003,2,11650,11650,반포동,,전월세,201111,2011-11-18,18,18.1,60000,0,전세
래미안퍼스티지,11650-3559,2009,,,28,11,2011,"30,000",84.93,13,18-1,0,,,반포대로 275,0,00275,00000,2121003,2,11650,11650,반포동,,전월세,201111,2011-11-28,26,25.7,30000,0,전세
래미안퍼스티지,11650-3559,2009,,,6,12,2011,"50,000",59.89,3,18-1,0,,,반포대로 275,0,00275,00000,2121003,2,11650,11650,반포동,,전월세,201112,2011-12-06,18,18.1,50000,0,전세
래미안퍼스티지,11650-3559,2009,,,9,12,2011,"135,000",222.15,27,18-1,0,,,반포대로 275,0,00275,00000,2121003,2,11650,11650,반포동,,전월세,201112,2011-12-09,67,67.2,135000,0,전세
래미안퍼스티지,11650-3559,2009,,,10,12,2011,"62,000",84.85,19,18-1,0,,,반포대로 275,0,00275,00000,2121003,2,11650,11650,반포동,,전월세,201112,2011-12-10,26,25.7,62000,0,전세
래미안퍼스티지,11650-3559,2009,12.02~14.02,신규,10,12,2011,"75,000",84.93,24,18-1,0,,,반포대로 275,0,00275,00000,2121003,2,11650,11650,반포동,,전월세,201112,2011-12-10,26,25.7,75000,0,전세
래미안퍼스티지,11650-3559,2009,,,14,12,2011,"117,000",136.65,3,18-1,0,,,반포대로 275,0,00275,00000,2121003,2,11650,11650,반포동,,전월세,201112,2011-12-14,41,41.3,117000,0,전세
래미안퍼스티지,11650-3559,2009,,,19,12,2011,"75,000",84.93,9,18-1,0,,,반포대로 275,0,00275,00000,2121003,2,11650,11650,반포동,,전월세,201112,2011-12-19,26,25.7,75000,0,전세
래미안퍼스티지,11650-3559,2009,,,20,12,2011,"150,000",222.76,26,18-1,0,,,반포대로 275,0,00275,00000,2121003,2,11650,11650,반포동,,전월세,201112,2011-12-20,67,67.4,150000,0,전세
래미안퍼스티지,11650-3559,2009,,,21,12,2011,"125,000",169.31,3,18-1,0,,,반포대로 275,0,00275,00000,2121003,2,11650,11650,반포동,,전월세,201112,2011-12-21,51,51.2,125000,0,전세
래미안퍼스티지,11650-3559,2009,,,21,12,2011,"76,000",84.93,7,18-1,0,,,반포대로 275,0,00275,00000,2121003,2,11650,11650,반포동,,전월세,201112,2011-12-21,26,25.7,76000,0,전세
래미안퍼스티지,11650-3559,2009,,,22,12,2011,"75,000",84.93,2,18-1,0,,,반포대로 275,0,00275,00000,2121003,2,11650,11650,반포동,,전월세,201112,2011-12-22,26,25.7,75000,0,전세
래미안퍼스티지,11650-3559,2009,,,24,12,2011,"130,000",222.76,17,18-1,0,,,반포대로 275,0,00275,00000,2121003,2,11650,11650,반포동,,전월세,201112,2011-12-24,67,67.4,130000,0,전세
래미안퍼스티지,11650-3559,2009,,,28,12,2011,"24,602",59.89,13,18-1,0,,,반포대로 275,0,00275,00000,2121003,2,11650,11650,반포동,,전월세,201112,2011-12-28,18,18.1,24602,0,전세
래미안퍼스티지,11650-3559,2009,,,30,12,2011,"80,000",84.93,30,18-1,0,,,반포대로 275,0,00275,00000,2121003,2,11650,11650,반포동,,전월세,201112,2011-12-30,26,25.7,80000,0,전세
래미안퍼스티지,11650-3559,2009,,,9,1,2012,"65,000",59.96,24,18-1,0,,,반포대로 275,0,00275,00000,2121003,2,11650,11650,반포동,,전월세,201201,2012-01-09,18,18.1,65000,0,전세
래미안퍼스티지,11650-3559,2009,,,13,1,2012,"92,500",115.65,23,18-1,0,,,반포대로 275,0,00275,00000,2121003,2,11650,11650,반포동,,전월세,201201,2012-01-13,35,35.0,92500,0,전세
래미안퍼스티지,11650-3559,2009,,,13,1,2012,"145,000",222.76,11,18-1,0,,,반포대로 275,0,00275,00000,2121003,2,11650,11650,반포동,,전월세,201201,2012-01-13,67,67.4,145000,0,전세
래미안퍼스티지,11650-3559,2009,,,30,1,2012,"73,000",84.93,24,18-1,0,,,반포대로 275,0,00275,00000,2121003,2,11650,11650,반포동,,전월세,201201,2012-01-30,26,25.7,73000,0,전세
래미안퍼스티지,11650-3559,2009,,,5,2,2012,"82,000",84.93,31,18-1,0,,,반포대로 275,0,00275,00000,2121003,2,11650,11650,반포동,,전월세,201202,2012-02-05,26,25.7,82000,0,전세
래미안퍼스티지,11650-3559,2009,,,22,2,2012,"57,000",84.93,22,18-1,0,,,반포대로 275,0,00275,00000,2121003,2,11650,11650,반포동,,전월세,201202,2012-02-22,26,25.7,57000,0,전세
래미안퍼스티지,11650-3559,2009,,,20,3,2012,"150,000",222.76,23,18-1,0,,,반포대로 275,0,00275,00000,2121003,2,11650,11650,반포동,,전월세,201203,2012-03-20,67,67.4,150000,0,전세
래미안퍼스티지,11650-3559,2009,,,27,3,2012,"85,000",84.93,32,18-1,0,,,반포대로 275,0,00275,00000,2121003,2,11650,11650,반포동,,전월세,201203,2012-03-27,26,25.7,85000,0,전세
래미안퍼스티지,11650-3559,2009,,,25,4,2012,"75,000",84.93,12,18-1,0,,,반포대로 275,0,00275,00000,2121003,2,11650,11650,반포동,,전월세,201204,2012-04-25,26,25.7,75000,0,전세
래미안퍼스티지,11650-3559,2009,,,3,5,2012,"150,000",222.76,12,18-1,0,,,반포대로 275,0,00275,00000,2121003,2,11650,11650,반포동,,전월세,201205,2012-05-03,67,67.4,150000,0,전세
래미안퍼스티지,11650-3559,2009,,,30,5,2012,"140,000",222.76,12,18-1,0,,,반포대로 275,0,00275,00000,2121003,2,11650,11650,반포동,,전월세,201205,2012-05-30,67,67.4,140000,0,전세
래미안퍼스티지,11650-3559,2009,,,5,6,2012,"80,000",84.93,17,18-1,0,,,반포대로 275,0,00275,00000,2121003,2,11650,11650,반포동,,전월세,201206,2012-06-05,26,25.7,80000,0,전세
래미안퍼스티지,11650-3559,2009,,,6,6,2012,"150,000",222.76,9,18-1,0,,,반포대로 275,0,00275,00000,2121003,2,11650,11650,반포동,,전월세,201206,2012-06-06,67,67.4,150000,0,전세
래미안퍼스티지,11650-3559,2009,,,19,6,2012,"135,000",169.31,9,18-1,0,,,반포대로 275,0,00275,00000,2121003,2,11650,11650,반포동,,전월세,201206,2012-06-19,51,51.2,135000,0,전세
래미안퍼스티지,11650-3559,2009,,,21,6,2012,"75,000",84.93,18,18-1,0,,,반포대로 275,0,00275,00000,2121003,2,11650,11650,반포동,,전월세,201206,2012-06-21,26,25.7,75000,0,전세
래미안퍼스티지,11650-3559,2009,,,27,6,2012,"140,000",222.15,18,18-1,0,,,반포대로 275,0,00275,00000,2121003,2,11650,11650,반포동,,전월세,201206,2012-06-27,67,67.2,140000,0,전세
래미안퍼스티지,11650-3559,2009,,,14,7,2012,"80,000",84.93,23,18-1,0,,,반포대로 275,0,00275,00000,2121003,2,11650,11650,반포동,,전월세,201207,2012-07-14,26,25.7,80000,0,전세
래미안퍼스티지,11650-3559,2009,,,20,7,2012,"60,000",59.96,12,18-1,0,,,반포대로 275,0,00275,00000,2121003,2,11650,11650,반포동,,전월세,201207,2012-07-20,18,18.1,60000,0,전세
래미안퍼스티지,11650-3559,2009,,,23,7,2012,"80,000",84.93,25,18-1,0,,,반포대로 275,0,00275,00000,2121003,2,11650,11650,반포동,,전월세,201207,2012-07-23,26,25.7,80000,0,전세
래미안퍼스티지,11650-3559,2009,,,25,7,2012,"140,000",168.65,12,18-1,0,,,반포대로 275,0,00275,00000,2121003,2,11650,11650,반포동,,전월세,201207,2012-07-25,51,51.0,140000,0,전세
래미안퍼스티지,11650-3559,2009,,,1,8,2012,"140,000",168.65,26,18-1,0,,,반포대로 275,0,00275,00000,2121003,2,11650,11650,반포동,,전월세,201208,2012-08-01,51,51.0,140000,0,전세
래미안퍼스티지,11650-3559,2009,,,3,8,2012,"70,000",84.93,18,18-1,0,,,반포대로 275,0,00275,00000,2121003,2,11650,11650,반포동,,전월세,201208,2012-08-03,26,25.7,70000,0,전세
래미안퍼스티지,11650-3559,2009,,,6,8,2012,"100,000",115.65,24,18-1,0,,,반포대로 275,0,00275,00000,2121003,2,11650,11650,반포동,,전월세,201208,2012-08-06,35,35.0,100000,0,전세
래미안퍼스티지,11650-3559,2009,,,17,8,2012,"80,000",84.93,10,18-1,0,,,반포대로 275,0,00275,00000,2121003,2,11650,11650,반포동,,전월세,201208,2012-08-17,26,25.7,80000,0,전세
래미안퍼스티지,11650-3559,2009,,,1,9,2012,"60,000",59.96,29,18-1,0,,,반포대로 275,0,00275,00000,2121003,2,11650,11650,반포동,,전월세,201209,2012-09-01,18,18.1,60000,0,전세
래미안퍼스티지,11650-3559,2009,,,14,9,2012,"85,000",84.93,18,18-1,0,,,반포대로 275,0,00275,00000,2121003,2,11650,11650,반포동,,전월세,201209,2012-09-14,26,25.7,85000,0,전세
래미안퍼스티지,11650-3559,2009,,,17,9,2012,"170,000",198.04,10,18-1,0,,,반포대로 275,0,00275,00000,2121003,2,11650,11650,반포동,,전월세,201209,2012-09-17,60,59.9,170000,0,전세
래미안퍼스티지,11650-3559,2009,,,20,9,2012,"80,000",84.93,1,18-1,0,,,반포대로 275,0,00275,00000,2121003,2,11650,11650,반포동,,전월세,201209,2012-09-20,26,25.7,80000,0,전세
래미안퍼스티지,11650-3559,2009,,,24,9,2012,"80,000",84.93,3,18-1,0,,,반포대로 275,0,00275,00000,2121003,2,11650,11650,반포동,,전월세,201209,2012-09-24,26,25.7,80000,0,전세
래미안퍼스티지,11650-3559,2009,,,6,10,2012,"65,000",59.96,26,18-1,0,,,반포대로 275,0,00275,00000,2121003,2,11650,11650,반포동,,전월세,201210,2012-10-06,18,18.1,65000,0,전세
래미안퍼스티지,11650-3559,2009,,,8,10,2012,"119,000",117.12,6,18-1,0,,,반포대로 275,0,00275,00000,2121003,2,11650,11650,반포동,,전월세,201210,2012-10-08,35,35.4,119000,0,전세
래미안퍼스티지,11650-3559,2009,,,10,10,2012,"82,000",84.93,10,18-1,0,,,반포대로 275,0,00275,00000,2121003,2,11650,11650,반포동,,전월세,201210,2012-10-10,26,25.7,82000,0,전세
래미안퍼스티지,11650-3559,2009,,,13,10,2012,"160,000",222.76,24,18-1,0,,,반포대로 275,0,00275,00000,2121003,2,11650,11650,반포동,,전월세,201210,2012-10-13,67,67.4,160000,0,전세
래미안퍼스티지,11650-3559,2009,,,16,10,2012,"160,000",198.22,6,18-1,0,,,반포대로 275,0,00275,00000,2121003,2,11650,11650,반포동,,전월세,201210,2012-10-16,60,60.0,160000,0,전세
래미안퍼스티지,11650-3559,2009,,,19,10,2012,"145,000",198.22,23,18-1,0,,,반포대로 275,0,00275,00000,2121003,2,11650,11650,반포동,,전월세,201210,2012-10-19,60,60.0,145000,0,전세
래미안퍼스티지,11650-3559,2009,,,13,11,2012,"160,000",222.76,13,18-1,0,,,반포대로 275,0,00275,00000,2121003,2,11650,11650,반포동,,전월세,201211,2012-11-13,67,67.4,160000,0,전세
래미안퍼스티지,11650-3559,2009,,,20,11,2012,"67,000",59.96,22,18-1,0,,,반포대로 275,0,00275,00000,2121003,2,11650,11650,반포동,,전월세,201211,2012-11-20,18,18.1,67000,0,전세
래미안퍼스티지,11650-3559,2009,,,24,11,2012,"85,000",84.76,23,18-1,0,,,반포대로 275,0,00275,00000,2121003,2,11650,11650,반포동,,전월세,201211,2012-11-24,26,25.6,85000,0,전세
래미안퍼스티지,11650-3559,2009,,,5,12,2012,"50,000",59.96,6,18-1,0,,,반포대로 275,0,00275,00000,2121003,2,11650,11650,반포동,,전월세,201212,2012-12-05,18,18.1,50000,0,전세
래미안퍼스티지,11650-3559,2009,,,15,12,2012,"46,000",59.89,4,18-1,0,,,반포대로 275,0,00275,00000,2121003,2,11650,11650,반포동,,전월세,201212,2012-12-15,18,18.1,46000,0,전세
래미안퍼스티지,11650-3559,2009,,,17,12,2012,"62,000",59.96,10,18-1,0,,,반포대로 275,0,00275,00000,2121003,2,11650,11650,반포동,,전월세,201212,2012-12-17,18,18.1,62000,0,전세
래미안퍼스티지,11650-3559,2009,,,18,12,2012,"104,500",222.76,8,18-1,0,,,반포대로 275,0,00275,00000,2121003,2,11650,11650,반포동,,전월세,201212,2012-12-18,67,67.4,104500,0,전세
래미안퍼스티지,11650-3559,2009,,,25,12,2012,"90,000",84.93,6,18-1,0,,,반포대로 275,0,00275,00000,2121003,2,11650,11650,반포동,,전월세,201212,2012-12-25,26,25.7,90000,0,전세
래미안퍼스티지,11650-3559,2009,,,26,12,2012,"65,000",59.98,15,18-1,0,,,반포대로 275,0,00275,00000,2121003,2,11650,11650,반포동,,전월세,201212,2012-12-26,18,18.1,65000,0,전세
래미안퍼스티지,11650-3559,2009,,,11,1,2013,"70,000",59.96,20,18-1,0,,,반포대로 275,0,00275,00000,2121003,2,11650,11650,반포동,,전월세,201301,2013-01-11,18,18.1,70000,0,전세
래미안퍼스티지,11650-3559,2009,,,12,1,2013,"70,000",59.96,23,18-1,0,,,반포대로 275,0,00275,00000,2121003,2,11650,11650,반포동,,전월세,201301,2013-01-12,18,18.1,70000,0,전세
래미안퍼스티지,11650-3559,2009,,,12,1,2013,"68,000",59.96,9,18-1,0,,,반포대로 275,0,00275,00000,2121003,2,11650,11650,반포동,,전월세,201301,2013-01-12,18,18.1,68000,0,전세
래미안퍼스티지,11650-3559,2009,,,17,1,2013,"142,000",169.31,22,18-1,0,,,반포대로 275,0,00275,00000,2121003,2,11650,11650,반포동,,전월세,201301,2013-01-17,51,51.2,142000,0,전세
래미안퍼스티지,11650-3559,2009,,,17,1,2013,"150,000",198.22,10,18-1,0,,,반포대로 275,0,00275,00000,2121003,2,11650,11650,반포동,,전월세,201301,2013-01-17,60,60.0,150000,0,전세
래미안퍼스티지,11650-3559,2009,,,19,1,2013,"90,000",84.93,28,18-1,0,,,반포대로 275,0,00275,00000,2121003,2,11650,11650,반포동,,전월세,201301,2013-01-19,26,25.7,90000,0,전세
래미안퍼스티지,11650-3559,2009,,,21,1,2013,"70,000",59.96,8,18-1,0,,,반포대로 275,0,00275,00000,2121003,2,11650,11650,반포동,,전월세,201301,2013-01-21,18,18.1,70000,0,전세
래미안퍼스티지,11650-3559,2009,,,29,1,2013,"130,000",169.31,2,18-1,0,,,반포대로 275,0,00275,00000,2121003,2,11650,11650,반포동,,전월세,201301,2013-01-29,51,51.2,130000,0,전세
래미안퍼스티지,11650-3559,2009,,,29,1,2013,"148,000",169.31,29,18-1,0,,,반포대로 275,0,00275,00000,2121003,2,11650,11650,반포동,,전월세,201301,2013-01-29,51,51.2,148000,0,전세
래미안퍼스티지,11650-3559,2009,,,30,1,2013,"68,000",59.89,29,18-1,0,,,반포대로 275,0,00275,00000,2121003,2,11650,11650,반포동,,전월세,201301,2013-01-30,18,18.1,68000,0,전세
래미안퍼스티지,11650-3559,2009,,,4,2,2013,"140,000",168.65,16,18-1,0,,,반포대로 275,0,00275,00000,2121003,2,11650,11650,반포동,,전월세,201302,2013-02-04,51,51.0,140000,0,전세
래미안퍼스티지,11650-3559,2009,,,7,2,2013,"88,500",84.93,4,18-1,0,,,반포대로 275,0,00275,00000,2121003,2,11650,11650,반포동,,전월세,201302,2013-02-07,26,25.7,88500,0,전세
래미안퍼스티지,11650-3559,2009,,,12,2,2013,"90,000",84.93,27,18-1,0,,,반포대로 275,0,00275,00000,2121003,2,11650,11650,반포동,,전월세,201302,2013-02-12,26,25.7,90000,0,전세
래미안퍼스티지,11650-3559,2009,,,15,2,2013,"90,000",84.93,12,18-1,0,,,반포대로 275,0,00275,00000,2121003,2,11650,11650,반포동,,전월세,201302,2013-02-15,26,25.7,90000,0,전세
래미안퍼스티지,11650-3559,2009,,,26,2,2013,"115,000",169.31,4,18-1,0,,,반포대로 275,0,00275,00000,2121003,2,11650,11650,반포동,,전월세,201302,2013-02-26,51,51.2,115000,0,전세
래미안퍼스티지,11650-3559,2009,,,26,2,2013,"70,000",59.96,20,18-1,0,,,반포대로 275,0,00275,00000,2121003,2,11650,11650,반포동,,전월세,201302,2013-02-26,18,18.1,70000,0,전세
래미안퍼스티지,11650-3559,2009,,,5,3,2013,"73,000",84.93,12,18-1,0,,,반포대로 275,0,00275,00000,2121003,2,11650,11650,반포동,,전월세,201303,2013-03-05,26,25.7,73000,0,전세
래미안퍼스티지,11650-3559,2009,,,6,3,2013,"150,000",198.04,15,18-1,0,,,반포대로 275,0,00275,00000,2121003,2,11650,11650,반포동,,전월세,201303,2013-03-06,60,59.9,150000,0,전세
래미안퍼스티지,11650-3559,2009,,,7,3,2013,"90,000",84.93,3,18-1,0,,,반포대로 275,0,00275,00000,2121003,2,11650,11650,반포동,,전월세,201303,2013-03-07,26,25.7,90000,0,전세
래미안퍼스티지,11650-3559,2009,,,8,3,2013,"115,000",169.31,4,18-1,0,,,반포대로 275,0,00275,00000,2121003,2,11650,11650,반포동,,전월세,201303,2013-03-08,51,51.2,115000,0,전세
래미안퍼스티지,11650-3559,2009,,,13,3,2013,"85,000",84.93,26,18-1,0,,,반포대로 275,0,00275,00000,2121003,2,11650,11650,반포동,,전월세,201303,2013-03-13,26,25.7,85000,0,전세
래미안퍼스티지,11650-3559,2009,,,14,3,2013,"90,000",84.93,12,18-1,0,,,반포대로 275,0,00275,00000,2121003,2,11650,11650,반포동,,전월세,201303,2013-03-14,26,25.7,90000,0,전세
래미안퍼스티지,11650-3559,2009,,,21,3,2013,"155,000",198.22,17,18-1,0,,,반포대로 275,0,00275,00000,2121003,2,11650,11650,반포동,,전월세,201303,2013-03-21,60,60.0,155000,0,전세
래미안퍼스티지,11650-3559,2009,,,21,3,2013,"65,000",59.96,16,18-1,0,,,반포대로 275,0,00275,00000,2121003,2,11650,11650,반포동,,전월세,201303,2013-03-21,18,18.1,65000,0,전세
래미안퍼스티지,11650-3559,2009,,,28,3,2013,"150,000",198.22,9,18-1,0,,,반포대로 275,0,00275,00000,2121003,2,11650,11650,반포동,,전월세,201303,2013-03-28,60,60.0,150000,0,전세
래미안퍼스티지,11650-3559,2009,,,5,4,2013,"85,000",84.93,7,18-1,0,,,반포대로 275,0,00275,00000,2121003,2,11650,11650,반포동,,전월세,201304,2013-04-05,26,25.7,85000,0,전세
래미안퍼스티지,11650-3559,2009,,,6,4,2013,"85,000",84.93,19,18-1,0,,,반포대로 275,0,00275,00000,2121003,2,11650,11650,반포동,,전월세,201304,2013-04-06,26,25.7,85000,0,전세
래미안퍼스티지,11650-3559,2009,,,10,4,2013,"84,000",84.93,27,18-1,0,,,반포대로 275,0,00275,00000,2121003,2,11650,11650,반포동,,전월세,201304,2013-04-10,26,25.7,84000,0,전세
래미안퍼스티지,11650-3559,2009,,,13,4,2013,"87,000",84.93,8,18-1,0,,,반포대로 275,0,00275,00000,2121003,2,11650,11650,반포동,,전월세,201304,2013-04-13,26,25.7,87000,0,전세
래미안퍼스티지,11650-3559,2009,,,19,4,2013,"155,000",198.04,17,18-1,0,,,반포대로 275,0,00275,00000,2121003,2,11650,11650,반포동,,전월세,201304,2013-04-19,60,59.9,155000,0,전세
래미안퍼스티지,11650-3559,2009,,,25,4,2013,"165,000",222.76,11,18-1,0,,,반포대로 275,0,00275,00000,2121003,2,11650,11650,반포동,,전월세,201304,2013-04-25,67,67.4,165000,0,전세
래미안퍼스티지,11650-3559,2009,,,29,4,2013,"115,000",115.65,16,18-1,0,,,반포대로 275,0,00275,00000,2121003,2,11650,11650,반포동,,전월세,201304,2013-04-29,35,35.0,115000,0,전세
래미안퍼스티지,11650-3559,2009,,,29,4,2013,"90,000",84.93,2,18-1,0,,,반포대로 275,0,00275,00000,2121003,2,11650,11650,반포동,,전월세,201304,2013-04-29,26,25.7,90000,0,전세
래미안퍼스티지,11650-3559,2009,,,30,4,2013,"65,000",59.96,23,18-1,0,,,반포대로 275,0,00275,00000,2121003,2,11650,11650,반포동,,전월세,201304,2013-04-30,18,18.1,65000,0,전세
래미안퍼스티지,11650-3559,2009,,,2,5,2013,"117,000",135.92,1,18-1,0,,,반포대로 275,0,00275,00000,2121003,2,11650,11650,반포동,,전월세,201305,2013-05-02,41,41.1,117000,0,전세
래미안퍼스티지,11650-3559,2009,,,6,5,2013,"65,000",59.96,10,18-1,0,,,반포대로 275,0,00275,00000,2121003,2,11650,11650,반포동,,전월세,201305,2013-05-06,18,18.1,65000,0,전세
래미안퍼스티지,11650-3559,2009,,,10,5,2013,"67,000",59.96,26,18-1,0,,,반포대로 275,0,00275,00000,2121003,2,11650,11650,반포동,,전월세,201305,2013-05-10,18,18.1,67000,0,전세
래미안퍼스티지,11650-3559,2009,,,13,5,2013,"37,500",59.89,9,18-1,0,,,반포대로 275,0,00275,00000,2121003,2,11650,11650,반포동,,전월세,201305,2013-05-13,18,18.1,37500,0,전세
래미안퍼스티지,11650-3559,2009,,,13,5,2013,"37,500",59.98,2,18-1,0,,,반포대로 275,0,00275,00000,2121003,2,11650,11650,반포동,,전월세,201305,2013-05-13,18,18.1,37500,0,전세
래미안퍼스티지,11650-3559,2009,,,14,5,2013,"140,000",135.92,24,18-1,0,,,반포대로 275,0,00275,00000,2121003,2,11650,11650,반포동,,전월세,201305,2013-05-14,41,41.1,140000,0,전세
래미안퍼스티지,11650-3559,2009,,,14,5,2013,"87,000",84.93,22,18-1,0,,,반포대로 275,0,00275,00000,2121003,2,11650,11650,반포동,,전월세,201305,2013-05-14,26,25.7,87000,0,전세
래미안퍼스티지,11650-3559,2009,,,15,5,2013,"37,500",59.98,2,18-1,0,,,반포대로 275,0,00275,00000,2121003,2,11650,11650,반포동,,전월세,201305,2013-05-15,18,18.1,37500,0,전세
래미안퍼스티지,11650-3559,2009,,,20,5,2013,"127,000",135.92,1,18-1,0,,,반포대로 275,0,00275,00000,2121003,2,11650,11650,반포동,,전월세,201305,2013-05-20,41,41.1,127000,0,전세
래미안퍼스티지,11650-3559,2009,,,20,5,2013,"70,000",59.89,28,18-1,0,,,반포대로 275,0,00275,00000,2121003,2,11650,11650,반포동,,전월세,201305,2013-05-20,18,18.1,70000,0,전세
래미안퍼스티지,11650-3559,2009,,,20,5,2013,"85,000",84.93,6,18-1,0,,,반포대로 275,0,00275,00000,2121003,2,11650,11650,반포동,,전월세,201305,2013-05-20,26,25.7,85000,0,전세
래미안퍼스티지,11650-3559,2009,,,25,5,2013,"65,000",59.98,23,18-1,0,,,반포대로 275,0,00275,00000,2121003,2,11650,11650,반포동,,전월세,201305,2013-05-25,18,18.1,65000,0,전세
래미안퍼스티지,11650-3559,2009,,,27,5,2013,"130,000",169.31,8,18-1,0,,,반포대로 275,0,00275,00000,2121003,2,11650,11650,반포동,,전월세,201305,2013-05-27,51,51.2,130000,0,전세
래미안퍼스티지,11650-3559,2009,,,27,5,2013,"93,000",84.93,7,18-1,0,,,반포대로 275,0,00275,00000,2121003,2,11650,11650,반포동,,전월세,201305,2013-05-27,26,25.7,93000,0,전세
래미안퍼스티지,11650-3559,2009,,,30,5,2013,"70,000",59.96,19,18-1,0,,,반포대로 275,0,00275,00000,2121003,2,11650,11650,반포동,,전월세,201305,2013-05-30,18,18.1,70000,0,전세
래미안퍼스티지,11650-3559,2009,,,31,5,2013,"110,000",115.65,7,18-1,0,,,반포대로 275,0,00275,00000,2121003,2,11650,11650,반포동,,전월세,201305,2013-05-31,35,35.0,110000,0,전세
래미안퍼스티지,11650-3559,2009,,,31,5,2013,"70,000",59.96,22,18-1,0,,,반포대로 275,0,00275,00000,2121003,2,11650,11650,반포동,,전월세,201305,2013-05-31,18,18.1,70000,0,전세
래미안퍼스티지,11650-3559,2009,,,3,6,2013,"130,000",135.92,18,18-1,0,,,반포대로 275,0,00275,00000,2121003,2,11650,11650,반포동,,전월세,201306,2013-06-03,41,41.1,130000,0,전세
래미안퍼스티지,11650-3559,2009,,,3,6,2013,"70,000",59.89,21,18-1,0,,,반포대로 275,0,00275,00000,2121003,2,11650,11650,반포동,,전월세,201306,2013-06-03,18,18.1,70000,0,전세
래미안퍼스티지,11650-3559,2009,,,3,6,2013,"87,000",84.93,22,18-1,0,,,반포대로 275,0,00275,00000,2121003,2,11650,11650,반포동,,전월세,201306,2013-06-03,26,25.7,87000,0,전세
래미안퍼스티지,11650-3559,2009,,,4,6,2013,"108,000",198.22,12,18-1,0,,,반포대로 275,0,00275,00000,2121003,2,11650,11650,반포동,,전월세,201306,2013-06-04,60,60.0,108000,0,전세
래미안퍼스티지,11650-3559,2009,,,4,6,2013,"88,000",84.93,7,18-1,0,,,반포대로 275,0,00275,00000,2121003,2,11650,11650,반포동,,전월세,201306,2013-06-04,26,25.7,88000,0,전세
래미안퍼스티지,11650-3559,2009,,,7,6,2013,"60,000",59.89,25,18-1,0,,,반포대로 275,0,00275,00000,2121003,2,11650,11650,반포동,,전월세,201306,2013-06-07,18,18.1,60000,0,전세
래미안퍼스티지,11650-3559,2009,,,8,6,2013,"158,000",198.04,9,18-1,0,,,반포대로 275,0,00275,00000,2121003,2,11650,11650,반포동,,전월세,201306,2013-06-08,60,59.9,158000,0,전세
래미안퍼스티지,11650-3559,2009,,,10,6,2013,"60,000",84.93,8,18-1,0,,,반포대로 275,0,00275,00000,2121003,2,11650,11650,반포동,,전월세,201306,2013-06-10,26,25.7,60000,0,전세
래미안퍼스티지,11650-3559,2009,,,11,6,2013,"37,500",59.96,24,18-1,0,,,반포대로 275,0,00275,00000,2121003,2,11650,11650,반포동,,전월세,201306,2013-06-11,18,18.1,37500,0,전세
래미안퍼스티지,11650-3559,2009,,,11,6,2013,"70,000",84.85,6,18-1,0,,,반포대로 275,0,00275,00000,2121003,2,11650,11650,반포동,,전월세,201306,2013-06-11,26,25.7,70000,0,전세
래미안퍼스티지,11650-3559,2009,,,12,6,2013,"120,000",135.92,1,18-1,0,,,반포대로 275,0,00275,00000,2121003,2,11650,11650,반포동,,전월세,201306,2013-06-12,41,41.1,120000,0,전세
래미안퍼스티지,11650-3559,2009,,,13,6,2013,"70,000",59.96,9,18-1,0,,,반포대로 275,0,00275,00000,2121003,2,11650,11650,반포동,,전월세,201306,2013-06-13,18,18.1,70000,0,전세
래미안퍼스티지,11650-3559,2009,,,14,6,2013,"130,000",115.65,17,18-1,0,,,반포대로 275,0,00275,00000,2121003,2,11650,11650,반포동,,전월세,201306,2013-06-14,35,35.0,130000,0,전세
래미안퍼스티지,11650-3559,2009,,,14,6,2013,"66,000",59.96,8,18-1,0,,,반포대로 275,0,00275,00000,2121003,2,11650,11650,반포동,,전월세,201306,2013-06-14,18,18.1,66000,0,전세
래미안퍼스티지,11650-3559,2009,,,15,6,2013,"63,000",59.89,9,18-1,0,,,반포대로 275,0,00275,00000,2121003,2,11650,11650,반포동,,전월세,201306,2013-06-15,18,18.1,63000,0,전세
래미안퍼스티지,11650-3559,2009,,,17,6,2013,"150,000",222.15,21,18-1,0,,,반포대로 275,0,00275,00000,2121003,2,11650,11650,반포동,,전월세,201306,2013-06-17,67,67.2,150000,0,전세
래미안퍼스티지,11650-3559,2009,,,17,6,2013,"180,000",222.76,12,18-1,0,,,반포대로 275,0,00275,00000,2121003,2,11650,11650,반포동,,전월세,201306,2013-06-17,67,67.4,180000,0,전세
래미안퍼스티지,11650-3559,2009,,,20,6,2013,"129,000",169.31,7,18-1,0,,,반포대로 275,0,00275,00000,2121003,2,11650,11650,반포동,,전월세,201306,2013-06-20,51,51.2,129000,0,전세
래미안퍼스티지,11650-3559,2009,,,21,6,2013,"67,000",59.96,12,18-1,0,,,반포대로 275,0,00275,00000,2121003,2,11650,11650,반포동,,전월세,201306,2013-06-21,18,18.1,67000,0,전세
래미안퍼스티지,11650-3559,2009,,,22,6,2013,"155,000",198.04,11,18-1,0,,,반포대로 275,0,00275,00000,2121003,2,11650,11650,반포동,,전월세,201306,2013-06-22,60,59.9,155000,0,전세
래미안퍼스티지,11650-3559,2009,,,23,6,2013,"90,000",84.93,5,18-1,0,,,반포대로 275,0,00275,00000,2121003,2,11650,11650,반포동,,전월세,201306,2013-06-23,26,25.7,90000,0,전세
래미안퍼스티지,11650-3559,2009,,,25,6,2013,"130,000",136.65,9,18-1,0,,,반포대로 275,0,00275,00000,2121003,2,11650,11650,반포동,,전월세,201306,2013-06-25,41,41.3,130000,0,전세
래미안퍼스티지,11650-3559,2009,,,25,6,2013,"88,000",84.93,5,18-1,0,,,반포대로 275,0,00275,00000,2121003,2,11650,11650,반포동,,전월세,201306,2013-06-25,26,25.7,88000,0,전세
래미안퍼스티지,11650-3559,2009,,,26,6,2013,"68,000",59.89,27,18-1,0,,,반포대로 275,0,00275,00000,2121003,2,11650,11650,반포동,,전월세,201306,2013-06-26,18,18.1,68000,0,전세
래미안퍼스티지,11650-3559,2009,,,26,6,2013,"48,000",59.89,6,18-1,0,,,반포대로 275,0,00275,00000,2121003,2,11650,11650,반포동,,전월세,201306,2013-06-26,18,18.1,48000,0,전세
래미안퍼스티지,11650-3559,2009,,,26,6,2013,"82,500",84.93,7,18-1,0,,,반포대로 275,0,00275,00000,2121003,2,11650,11650,반포동,,전월세,201306,2013-06-26,26,25.7,82500,0,전세
래미안퍼스티지,11650-3559,2009,,,26,6,2013,"95,000",84.93,14,18-1,0,,,반포대로 275,0,00275,00000,2121003,2,11650,11650,반포동,,전월세,201306,2013-06-26,26,25.7,95000,0,전세
래미안퍼스티지,11650-3559,2009,,,28,6,2013,"144,000",169.31,31,18-1,0,,,반포대로 275,0,00275,00000,2121003,2,11650,11650,반포동,,전월세,201306,2013-06-28,51,51.2,144000,0,전세
래미안퍼스티지,11650-3559,2009,13.06~15.02,신규,28,6,2013,"65,000",59.98,18,18-1,0,,,반포대로 275,0,00275,00000,2121003,2,11650,11650,반포동,,전월세,201306,2013-06-28,18,18.1,65000,0,전세
래미안퍼스티지,11650-3559,2009,,,30,6,2013,"55,000",59.96,5,18-1,0,,,반포대로 275,0,00275,00000,2121003,2,11650,11650,반포동,,전월세,201306,2013-06-30,18,18.1,55000,0,전세
래미안퍼스티지,11650-3559,2009,,,1,7,2013,"66,000",59.89,19,18-1,0,,,반포대로 275,0,00275,00000,2121003,2,11650,11650,반포동,,전월세,201307,2013-07-01,18,18.1,66000,0,전세
래미안퍼스티지,11650-3559,2009,,,3,7,2013,"160,000",168.65,8,18-1,0,,,반포대로 275,0,00275,00000,2121003,2,11650,11650,반포동,,전월세,201307,2013-07-03,51,51.0,160000,0,전세
래미안퍼스티지,11650-3559,2009,,,8,7,2013,"140,000",135.92,12,18-1,0,,,반포대로 275,0,00275,00000,2121003,2,11650,11650,반포동,,전월세,201307,2013-07-08,41,41.1,140000,0,전세
래미안퍼스티지,11650-3559,2009,,,8,7,2013,"67,000",59.96,29,18-1,0,,,반포대로 275,0,00275,00000,2121003,2,11650,11650,반포동,,전월세,201307,2013-07-08,18,18.1,67000,0,전세
래미안퍼스티지,11650-3559,2009,,,8,7,2013,"92,000",84.93,3,18-1,0,,,반포대로 275,0,00275,00000,2121003,2,11650,11650,반포동,,전월세,201307,2013-07-08,26,25.7,92000,0,전세
래미안퍼스티지,11650-3559,2009,,,10,7,2013,"90,000",84.93,4,18-1,0,,,반포대로 275,0,00275,00000,2121003,2,11650,11650,반포동,,전월세,201307,2013-07-10,26,25.7,90000,0,전세
래미안퍼스티지,11650-3559,2009,,,11,7,2013,"150,000",168.65,16,18-1,0,,,반포대로 275,0,00275,00000,2121003,2,11650,11650,반포동,,전월세,201307,2013-07-11,51,51.0,150000,0,전세
래미안퍼스티지,11650-3559,2009,,,11,7,2013,"150,000",169.31,23,18-1,0,,,반포대로 275,0,00275,00000,2121003,2,11650,11650,반포동,,전월세,201307,2013-07-11,51,51.2,150000,0,전세
래미안퍼스티지,11650-3559,2009,,,12,7,2013,"65,000",59.89,3,18-1,0,,,반포대로 275,0,00275,00000,2121003,2,11650,11650,반포동,,전월세,201307,2013-07-12,18,18.1,65000,0,전세
래미안퍼스티지,11650-3559,2009,,,13,7,2013,"130,000",136.65,9,18-1,0,,,반포대로 275,0,00275,00000,2121003,2,11650,11650,반포동,,전월세,201307,2013-07-13,41,41.3,130000,0,전세
래미안퍼스티지,11650-3559,2009,,,13,7,2013,"145,000",198.04,10,18-1,0,,,반포대로 275,0,00275,00000,2121003,2,11650,11650,반포동,,전월세,201307,2013-07-13,60,59.9,145000,0,전세
래미안퍼스티지,11650-3559,2009,,,13,7,2013,"88,000",84.93,3,18-1,0,,,반포대로 275,0,00275,00000,2121003,2,11650,11650,반포동,,전월세,201307,2013-07-13,26,25.7,88000,0,전세
래미안퍼스티지,11650-3559,2009,,,15,7,2013,"135,000",168.65,28,18-1,0,,,반포대로 275,0,00275,00000,2121003,2,11650,11650,반포동,,전월세,201307,2013-07-15,51,51.0,135000,0,전세
래미안퍼스티지,11650-3559,2009,,,15,7,2013,"145,000",169.31,13,18-1,0,,,반포대로 275,0,00275,00000,2121003,2,11650,11650,반포동,,전월세,201307,2013-07-15,51,51.2,145000,0,전세
래미안퍼스티지,11650-3559,2009,,,15,7,2013,"50,000",84.93,16,18-1,0,,,반포대로 275,0,00275,00000,2121003,2,11650,11650,반포동,,전월세,201307,2013-07-15,26,25.7,50000,0,전세
래미안퍼스티지,11650-3559,2009,,,17,7,2013,"86,000",84.85,26,18-1,0,,,반포대로 275,0,00275,00000,2121003,2,11650,11650,반포동,,전월세,201307,2013-07-17,26,25.7,86000,0,전세
래미안퍼스티지,11650-3559,2009,,,18,7,2013,"90,000",84.93,30,18-1,0,,,반포대로 275,0,00275,00000,2121003,2,11650,11650,반포동,,전월세,201307,2013-07-18,26,25.7,90000,0,전세
래미안퍼스티지,11650-3559,2009,,,19,7,2013,"110,000",115.65,7,18-1,0,,,반포대로 275,0,00275,00000,2121003,2,11650,11650,반포동,,전월세,201307,2013-07-19,35,35.0,110000,0,전세
래미안퍼스티지,11650-3559,2009,,,19,7,2013,"130,000",117.12,23,18-1,0,,,반포대로 275,0,00275,00000,2121003,2,11650,11650,반포동,,전월세,201307,2013-07-19,35,35.4,130000,0,전세
래미안퍼스티지,11650-3559,2009,,,20,7,2013,"60,000",59.98,9,18-1,0,,,반포대로 275,0,00275,00000,2121003,2,11650,11650,반포동,,전월세,201307,2013-07-20,18,18.1,60000,0,전세
래미안퍼스티지,11650-3559,2009,,,20,7,2013,"85,000",84.93,24,18-1,0,,,반포대로 275,0,00275,00000,2121003,2,11650,11650,반포동,,전월세,201307,2013-07-20,26,25.7,85000,0,전세
래미안퍼스티지,11650-3559,2009,,,22,7,2013,"80,000",135.92,2,18-1,0,,,반포대로 275,0,00275,00000,2121003,2,11650,11650,반포동,,전월세,201307,2013-07-22,41,41.1,80000,0,전세
래미안퍼스티지,11650-3559,2009,,,22,7,2013,"90,000",84.76,23,18-1,0,,,반포대로 275,0,00275,00000,2121003,2,11650,11650,반포동,,전월세,201307,2013-07-22,26,25.6,90000,0,전세
래미안퍼스티지,11650-3559,2009,,,24,7,2013,"145,000",169.31,27,18-1,0,,,반포대로 275,0,00275,00000,2121003,2,11650,11650,반포동,,전월세,201307,2013-07-24,51,51.2,145000,0,전세
래미안퍼스티지,11650-3559,2009,,,24,7,2013,"170,000",222.76,25,18-1,0,,,반포대로 275,0,00275,00000,2121003,2,11650,11650,반포동,,전월세,201307,2013-07-24,67,67.4,170000,0,전세
래미안퍼스티지,11650-3559,2009,,,24,7,2013,"70,000",59.89,5,18-1,0,,,반포대로 275,0,00275,00000,2121003,2,11650,11650,반포동,,전월세,201307,2013-07-24,18,18.1,70000,0,전세
래미안퍼스티지,11650-3559,2009,,,24,7,2013,"95,000",84.93,13,18-1,0,,,반포대로 275,0,00275,00000,2121003,2,11650,11650,반포동,,전월세,201307,2013-07-24,26,25.7,95000,0,전세
래미안퍼스티지,11650-3559,2009,,,25,7,2013,"110,000",117.12,14,18-1,0,,,반포대로 275,0,00275,00000,2121003,2,11650,11650,반포동,,전월세,201307,2013-07-25,35,35.4,110000,0,전세
래미안퍼스티지,11650-3559,2009,,,25,7,2013,"175,000",222.76,23,18-1,0,,,반포대로 275,0,00275,00000,2121003,2,11650,11650,반포동,,전월세,201307,2013-07-25,67,67.4,175000,0,전세
래미안퍼스티지,11650-3559,2009,,,25,7,2013,"91,000",84.93,16,18-1,0,,,반포대로 275,0,00275,00000,2121003,2,11650,11650,반포동,,전월세,201307,2013-07-25,26,25.7,91000,0,전세
래미안퍼스티지,11650-3559,2009,,,27,7,2013,"89,000",84.93,31,18-1,0,,,반포대로 275,0,00275,00000,2121003,2,11650,11650,반포동,,전월세,201307,2013-07-27,26,25.7,89000,0,전세
래미안퍼스티지,11650-3559,2009,13.07~15.07,신규,29,7,2013,"125,000",169.31,29,18-1,0,,,반포대로 275,0,00275,00000,2121003,2,11650,11650,반포동,,전월세,201307,2013-07-29,51,51.2,125000,0,전세
래미안퍼스티지,11650-3559,2009,,,29,7,2013,"87,000",84.93,14,18-1,0,,,반포대로 275,0,00275,00000,2121003,2,11650,11650,반포동,,전월세,201307,2013-07-29,26,25.7,87000,0,전세
래미안퍼스티지,11650-3559,2009,,,30,7,2013,"120,000",198.04,20,18-1,0,,,반포대로 275,0,00275,00000,2121003,2,11650,11650,반포동,,전월세,201307,2013-07-30,60,59.9,120000,0,전세
래미안퍼스티지,11650-3559,2009,,,30,7,2013,"62,000",84.93,24,18-1,0,,,반포대로 275,0,00275,00000,2121003,2,11650,11650,반포동,,전월세,201307,2013-07-30,26,25.7,62000,0,전세
래미안퍼스티지,11650-3559,2009,,,30,7,2013,"88,000",84.93,31,18-1,0,,,반포대로 275,0,00275,00000,2121003,2,11650,11650,반포동,,전월세,201307,2013-07-30,26,25.7,88000,0,전세
래미안퍼스티지,11650-3559,2009,,,1,8,2013,"87,000",84.93,27,18-1,0,,,반포대로 275,0,00275,00000,2121003,2,11650,11650,반포동,,전월세,201308,2013-08-01,26,25.7,87000,0,전세
래미안퍼스티지,11650-3559,2009,,,2,8,2013,"70,000",59.89,5,18-1,0,,,반포대로 275,0,00275,00000,2121003,2,11650,11650,반포동,,전월세,201308,2013-08-02,18,18.1,70000,0,전세
래미안퍼스티지,11650-3559,2009,,,3,8,2013,"85,000",84.93,26,18-1,0,,,반포대로 275,0,00275,00000,2121003,2,11650,11650,반포동,,전월세,201308,2013-08-03,26,25.7,85000,0,전세
래미안퍼스티지,11650-3559,2009,,,3,8,2013,"87,000",84.93,27,18-1,0,,,반포대로 275,0,00275,00000,2121003,2,11650,11650,반포동,,전월세,201308,2013-08-03,26,25.7,87000,0,전세
래미안퍼스티지,11650-3559,2009,13.08~15.08,신규,5,8,2013,"125,000",135.92,13,18-1,0,,,반포대로 275,0,00275,00000,2121003,2,11650,11650,반포동,,전월세,201308,2013-08-05,41,41.1,125000,0,전세
래미안퍼스티지,11650-3559,2009,,,7,8,2013,"93,000",84.93,30,18-1,0,,,반포대로 275,0,00275,00000,2121003,2,11650,11650,반포동,,전월세,201308,2013-08-07,26,25.7,93000,0,전세
래미안퍼스티지,11650-3559,2009,,,7,8,2013,"88,000",84.93,19,18-1,0,,,반포대로 275,0,00275,00000,2121003,2,11650,11650,반포동,,전월세,201308,2013-08-07,26,25.7,88000,0,전세
래미안퍼스티지,11650-3559,2009,,,8,8,2013,"160,000",169.31,4,18-1,0,,,반포대로 275,0,00275,00000,2121003,2,11650,11650,반포동,,전월세,201308,2013-08-08,51,51.2,160000,0,전세
래미안퍼스티지,11650-3559,2009,,,8,8,2013,"90,000",84.93,11,18-1,0,,,반포대로 275,0,00275,00000,2121003,2,11650,11650,반포동,,전월세,201308,2013-08-08,26,25.7,90000,0,전세
래미안퍼스티지,11650-3559,2009,,,9,8,2013,"125,000",136.65,6,18-1,0,,,반포대로 275,0,00275,00000,2121003,2,11650,11650,반포동,,전월세,201308,2013-08-09,41,41.3,125000,0,전세
래미안퍼스티지,11650-3559,2009,,,10,8,2013,"85,000",84.93,16,18-1,0,,,반포대로 275,0,00275,00000,2121003,2,11650,11650,반포동,,전월세,201308,2013-08-10,26,25.7,85000,0,전세
래미안퍼스티지,11650-3559,2009,,,13,8,2013,"65,000",59.89,11,18-1,0,,,반포대로 275,0,00275,00000,2121003,2,11650,11650,반포동,,전월세,201308,2013-08-13,18,18.1,65000,0,전세
래미안퍼스티지,11650-3559,2009,,,13,8,2013,"90,000",84.93,9,18-1,0,,,반포대로 275,0,00275,00000,2121003,2,11650,11650,반포동,,전월세,201308,2013-08-13,26,25.7,90000,0,전세
래미안퍼스티지,11650-3559,2009,,,14,8,2013,"69,000",59.96,4,18-1,0,,,반포대로 275,0,00275,00000,2121003,2,11650,11650,반포동,,전월세,201308,2013-08-14,18,18.1,69000,0,전세
래미안퍼스티지,11650-3559,2009,,,15,8,2013,"130,000",135.92,5,18-1,0,,,반포대로 275,0,00275,00000,2121003,2,11650,11650,반포동,,전월세,201308,2013-08-15,41,41.1,130000,0,전세
래미안퍼스티지,11650-3559,2009,,,17,8,2013,"135,000",135.92,22,18-1,0,,,반포대로 275,0,00275,00000,2121003,2,11650,11650,반포동,,전월세,201308,2013-08-17,41,41.1,135000,0,전세
래미안퍼스티지,11650-3559,2009,,,17,8,2013,"75,000",84.85,25,18-1,0,,,반포대로 275,0,00275,00000,2121003,2,11650,11650,반포동,,전월세,201308,2013-08-17,26,25.7,75000,0,전세
래미안퍼스티지,11650-3559,2009,,,19,8,2013,"69,000",59.96,25,18-1,0,,,반포대로 275,0,00275,00000,2121003,2,11650,11650,반포동,,전월세,201308,2013-08-19,18,18.1,69000,0,전세
래미안퍼스티지,11650-3559,2009,,,21,8,2013,"68,000",59.89,4,18-1,0,,,반포대로 275,0,00275,00000,2121003,2,11650,11650,반포동,,전월세,201308,2013-08-21,18,18.1,68000,0,전세
래미안퍼스티지,11650-3559,2009,,,22,8,2013,"140,000",135.92,14,18-1,0,,,반포대로 275,0,00275,00000,2121003,2,11650,11650,반포동,,전월세,201308,2013-08-22,41,41.1,140000,0,전세
래미안퍼스티지,11650-3559,2009,,,22,8,2013,"95,000",84.93,12,18-1,0,,,반포대로 275,0,00275,00000,2121003,2,11650,11650,반포동,,전월세,201308,2013-08-22,26,25.7,95000,0,전세
래미안퍼스티지,11650-3559,2009,,,23,8,2013,"67,000",59.96,8,18-1,0,,,반포대로 275,0,00275,00000,2121003,2,11650,11650,반포동,,전월세,201308,2013-08-23,18,18.1,67000,0,전세
래미안퍼스티지,11650-3559,2009,,,24,8,2013,"120,000",115.65,6,18-1,0,,,반포대로 275,0,00275,00000,2121003,2,11650,11650,반포동,,전월세,201308,2013-08-24,35,35.0,120000,0,전세
래미안퍼스티지,11650-3559,2009,,,24,8,2013,"115,000",117.12,11,18-1,0,,,반포대로 275,0,00275,00000,2121003,2,11650,11650,반포동,,전월세,201308,2013-08-24,35,35.4,115000,0,전세
래미안퍼스티지,11650-3559,2009,,,27,8,2013,"85,000",84.93,22,18-1,0,,,반포대로 275,0,00275,00000,2121003,2,11650,11650,반포동,,전월세,201308,2013-08-27,26,25.7,85000,0,전세
래미안퍼스티지,11650-3559,2009,,,28,8,2013,"65,000",59.96,18,18-1,0,,,반포대로 275,0,00275,00000,2121003,2,11650,11650,반포동,,전월세,201308,2013-08-28,18,18.1,65000,0,전세
래미안퍼스티지,11650-3559,2009,,,29,8,2013,"153,000",169.31,21,18-1,0,,,반포대로 275,0,00275,00000,2121003,2,11650,11650,반포동,,전월세,201308,2013-08-29,51,51.2,153000,0,전세
래미안퍼스티지,11650-3559,2009,,,31,8,2013,"150,000",222.76,26,18-1,0,,,반포대로 275,0,00275,00000,2121003,2,11650,11650,반포동,,전월세,201308,2013-08-31,67,67.4,150000,0,전세
래미안퍼스티지,11650-3559,2009,,,31,8,2013,"65,000",59.96,25,18-1,0,,,반포대로 275,0,00275,00000,2121003,2,11650,11650,반포동,,전월세,201308,2013-08-31,18,18.1,65000,0,전세
래미안퍼스티지,11650-3559,2009,,,4,9,2013,"125,000",115.65,9,18-1,0,,,반포대로 275,0,00275,00000,2121003,2,11650,11650,반포동,,전월세,201309,2013-09-04,35,35.0,125000,0,전세
래미안퍼스티지,11650-3559,2009,13.08~15.08,갱신,4,9,2013,"85,000",84.93,29,18-1,0,"75,000",,반포대로 275,0,00275,00000,2121003,2,11650,11650,반포동,,전월세,201309,2013-09-04,26,25.7,85000,0,전세
래미안퍼스티지,11650-3559,2009,,,5,9,2013,"135,000",135.92,27,18-1,0,,,반포대로 275,0,00275,00000,2121003,2,11650,11650,반포동,,전월세,201309,2013-09-05,41,41.1,135000,0,전세
래미안퍼스티지,11650-3559,2009,,,9,9,2013,"68,000",59.89,2,18-1,0,,,반포대로 275,0,00275,00000,2121003,2,11650,11650,반포동,,전월세,201309,2013-09-09,18,18.1,68000,0,전세
래미안퍼스티지,11650-3559,2009,,,10,9,2013,"165,000",222.76,5,18-1,0,,,반포대로 275,0,00275,00000,2121003,2,11650,11650,반포동,,전월세,201309,2013-09-10,67,67.4,165000,0,전세
래미안퍼스티지,11650-3559,2009,,,13,9,2013,"80,000",84.93,15,18-1,0,,,반포대로 275,0,00275,00000,2121003,2,11650,11650,반포동,,전월세,201309,2013-09-13,26,25.7,80000,0,전세
래미안퍼스티지,11650-3559,2009,,,14,9,2013,"74,000",59.96,6,18-1,0,,,반포대로 275,0,00275,00000,2121003,2,11650,11650,반포동,,전월세,201309,2013-09-14,18,18.1,74000,0,전세
래미안퍼스티지,11650-3559,2009,13.11~15.10,신규,23,9,2013,"140,000",135.92,6,18-1,0,,,반포대로 275,0,00275,00000,2121003,2,11650,11650,반포동,,전월세,201309,2013-09-23,41,41.1,140000,0,전세
래미안퍼스티지,11650-3559,2009,13.10~15.10,신규,26,9,2013,"148,000",135.92,29,18-1,0,,,반포대로 275,0,00275,00000,2121003,2,11650,11650,반포동,,전월세,201309,2013-09-26,41,41.1,148000,0,전세
래미안퍼스티지,11650-3559,2009,,,29,9,2013,"130,000",117.12,4,18-1,0,,,반포대로 275,0,00275,00000,2121003,2,11650,11650,반포동,,전월세,201309,2013-09-29,35,35.4,130000,0,전세
래미안퍼스티지,11650-3559,2009,,,1,10,2013,"149,000",136.65,29,18-1,0,,,반포대로 275,0,00275,00000,2121003,2,11650,11650,반포동,,전월세,201310,2013-10-01,41,41.3,149000,0,전세
래미안퍼스티지,11650-3559,2009,,,2,10,2013,"95,000",84.93,19,18-1,0,,,반포대로 275,0,00275,00000,2121003,2,11650,11650,반포동,,전월세,201310,2013-10-02,26,25.7,95000,0,전세
래미안퍼스티지,11650-3559,2009,,,4,10,2013,"93,000",84.93,18,18-1,0,,,반포대로 275,0,00275,00000,2121003,2,11650,11650,반포동,,전월세,201310,2013-10-04,26,25.7,93000,0,전세
래미안퍼스티지,11650-3559,2009,,,9,10,2013,"80,000",84.93,22,18-1,0,,,반포대로 275,0,00275,00000,2121003,2,11650,11650,반포동,,전월세,201310,2013-10-09,26,25.7,80000,0,전세
래미안퍼스티지,11650-3559,2009,,,11,10,2013,"160,000",222.76,18,18-1,0,,,반포대로 275,0,00275,00000,2121003,2,11650,11650,반포동,,전월세,201310,2013-10-11,67,67.4,160000,0,전세
래미안퍼스티지,11650-3559,2009,,,11,10,2013,"65,000",59.89,26,18-1,0,,,반포대로 275,0,00275,00000,2121003,2,11650,11650,반포동,,전월세,201310,2013-10-11,18,18.1,65000,0,전세
래미안퍼스티지,11650-3559,2009,,,14,10,2013,"68,000",59.89,1,18-1,0,,,반포대로 275,0,00275,00000,2121003,2,11650,11650,반포동,,전월세,201310,2013-10-14,18,18.1,68000,0,전세
래미안퍼스티지,11650-3559,2009,,,15,10,2013,"70,000",59.96,6,18-1,0,,,반포대로 275,0,00275,00000,2121003,2,11650,11650,반포동,,전월세,201310,2013-10-15,18,18.1,70000,0,전세
래미안퍼스티지,11650-3559,2009,,,18,10,2013,"140,000",198.04,13,18-1,0,,,반포대로 275,0,00275,00000,2121003,2,11650,11650,반포동,,전월세,201310,2013-10-18,60,59.9,140000,0,전세
래미안퍼스티지,11650-3559,2009,,,20,10,2013,"72,000",59.89,27,18-1,0,,,반포대로 275,0,00275,00000,2121003,2,11650,11650,반포동,,전월세,201310,2013-10-20,18,18.1,72000,0,전세
래미안퍼스티지,11650-3559,2009,,,22,10,2013,"170,000",222.76,19,18-1,0,,,반포대로 275,0,00275,00000,2121003,2,11650,11650,반포동,,전월세,201310,2013-10-22,67,67.4,170000,0,전세
래미안퍼스티지,11650-3559,2009,,,22,10,2013,"75,000",59.89,22,18-1,0,,,반포대로 275,0,00275,00000,2121003,2,11650,11650,반포동,,전월세,201310,2013-10-22,18,18.1,75000,0,전세
래미안퍼스티지,11650-3559,2009,,,22,10,2013,"73,000",59.96,28,18-1,0,,,반포대로 275,0,00275,00000,2121003,2,11650,11650,반포동,,전월세,201310,2013-10-22,18,18.1,73000,0,전세
래미안퍼스티지,11650-3559,2009,,,28,10,2013,"97,000",84.93,5,18-1,0,,,반포대로 275,0,00275,00000,2121003,2,11650,11650,반포동,,전월세,201310,2013-10-28,26,25.7,97000,0,전세
래미안퍼스티지,11650-3559,2009,,,1,11,2013,"170,000",222.76,17,18-1,0,,,반포대로 275,0,00275,00000,2121003,2,11650,11650,반포동,,전월세,201311,2013-11-01,67,67.4,170000,0,전세
래미안퍼스티지,11650-3559,2009,,,5,11,2013,"155,000",222.76,4,18-1,0,,,반포대로 275,0,00275,00000,2121003,2,11650,11650,반포동,,전월세,201311,2013-11-05,67,67.4,155000,0,전세
래미안퍼스티지,11650-3559,2009,,,5,11,2013,"67,000",84.93,22,18-1,0,,,반포대로 275,0,00275,00000,2121003,2,11650,11650,반포동,,전월세,201311,2013-11-05,26,25.7,67000,0,전세
래미안퍼스티지,11650-3559,2009,,,6,11,2013,"37,500",59.96,18,18-1,0,,,반포대로 275,0,00275,00000,2121003,2,11650,11650,반포동,,전월세,201311,2013-11-06,18,18.1,37500,0,전세
래미안퍼스티지,11650-3559,2009,,,9,11,2013,"160,000",222.76,17,18-1,0,,,반포대로 275,0,00275,00000,2121003,2,11650,11650,반포동,,전월세,201311,2013-11-09,67,67.4,160000,0,전세
래미안퍼스티지,11650-3559,2009,,,13,11,2013,"93,000",84.93,15,18-1,0,,,반포대로 275,0,00275,00000,2121003,2,11650,11650,반포동,,전월세,201311,2013-11-13,26,25.7,93000,0,전세
래미안퍼스티지,11650-3559,2009,,,25,11,2013,"160,000",168.65,15,18-1,0,,,반포대로 275,0,00275,00000,2121003,2,11650,11650,반포동,,전월세,201311,2013-11-25,51,51.0,160000,0,전세
래미안퍼스티지,11650-3559,2009,,,27,11,2013,"170,000",198.22,26,18-1,0,,,반포대로 275,0,00275,00000,2121003,2,11650,11650,반포동,,전월세,201311,2013-11-27,60,60.0,170000,0,전세
래미안퍼스티지,11650-3559,2009,,,4,12,2013,"95,000",84.76,21,18-1,0,,,반포대로 275,0,00275,00000,2121003,2,11650,11650,반포동,,전월세,201312,2013-12-04,26,25.6,95000,0,전세
래미안퍼스티지,11650-3559,2009,,,6,12,2013,"170,000",222.76,4,18-1,0,,,반포대로 275,0,00275,00000,2121003,2,11650,11650,반포동,,전월세,201312,2013-12-06,67,67.4,170000,0,전세
래미안퍼스티지,11650-3559,2009,,,9,12,2013,"95,000",84.93,31,18-1,0,,,반포대로 275,0,00275,00000,2121003,2,11650,11650,반포동,,전월세,201312,2013-12-09,26,25.7,95000,0,전세
래미안퍼스티지,11650-3559,2009,,,12,12,2013,"90,000",84.93,17,18-1,0,,,반포대로 275,0,00275,00000,2121003,2,11650,11650,반포동,,전월세,201312,2013-12-12,26,25.7,90000,0,전세
래미안퍼스티지,11650-3559,2009,,,20,12,2013,"78,000",84.93,1,18-1,0,,,반포대로 275,0,00275,00000,2121003,2,11650,11650,반포동,,전월세,201312,2013-12-20,26,25.7,78000,0,전세
래미안퍼스티지,11650-3559,2009,,,23,12,2013,"70,000",59.96,6,18-1,0,,,반포대로 275,0,00275,00000,2121003,2,11650,11650,반포동,,전월세,201312,2013-12-23,18,18.1,70000,0,전세
래미안퍼스티지,11650-3559,2009,,,23,12,2013,"91,000",84.93,27,18-1,0,,,반포대로 275,0,00275,00000,2121003,2,11650,11650,반포동,,전월세,201312,2013-12-23,26,25.7,91000,0,전세
래미안퍼스티지,11650-3559,2009,,,23,12,2013,"87,000",84.93,3,18-1,0,,,반포대로 275,0,00275,00000,2121003,2,11650,11650,반포동,,전월세,201312,2013-12-23,26,25.7,87000,0,전세
래미안퍼스티지,11650-3559,2009,,,31,12,2013,"45,612",84.76,8,18-1,0,,,반포대로 275,0,00275,00000,2121003,2,11650,11650,반포동,,전월세,201312,2013-12-31,26,25.6,45612,0,전세
래미안퍼스티지,11650-3559,2009,,,31,12,2013,"90,000",84.93,10,18-1,0,,,반포대로 275,0,00275,00000,2121003,2,11650,11650,반포동,,전월세,201312,2013-12-31,26,25.7,90000,0,전세
래미안퍼스티지,11650-3559,2009,,,2,1,2014,"89,000",84.93,2,18-1,0,,,반포대로 275,0,00275,00000,2121003,2,11650,11650,반포동,,전월세,201401,2014-01-02,26,25.7,89000,0,전세
래미안퍼스티지,11650-3559,2009,,,6,1,2014,"72,500",59.96,1,18-1,0,,,반포대로 275,0,00275,00000,2121003,2,11650,11650,반포동,,전월세,201401,2014-01-06,18,18.1,72500,0,전세
래미안퍼스티지,11650-3559,2009,,,6,1,2014,"96,500",84.93,18,18-1,0,,,반포대로 275,0,00275,00000,2121003,2,11650,11650,반포동,,전월세,201401,2014-01-06,26,25.7,96500,0,전세
래미안퍼스티지,11650-3559,2009,,,7,1,2014,"95,000",84.76,20,18-1,0,,,반포대로 275,0,00275,00000,2121003,2,11650,11650,반포동,,전월세,201401,2014-01-07,26,25.6,95000,0,전세
래미안퍼스티지,11650-3559,2009,,,8,1,2014,"175,000",222.15,27,18-1,0,,,반포대로 275,0,00275,00000,2121003,2,11650,11650,반포동,,전월세,201401,2014-01-08,67,67.2,175000,0,전세
래미안퍼스티지,11650-3559,2009,,,9,1,2014,"75,000",84.93,9,18-1,0,,,반포대로 275,0,00275,00000,2121003,2,11650,11650,반포동,,전월세,201401,2014-01-09,26,25.7,75000,0,전세
래미안퍼스티지,11650-3559,2009,,,14,1,2014,"90,000",84.93,28,18-1,0,,,반포대로 275,0,00275,00000,2121003,2,11650,11650,반포동,,전월세,201401,2014-01-14,26,25.7,90000,0,전세
래미안퍼스티지,11650-3559,2009,14.02~16.02,신규,16,1,2014,"72,000",59.96,4,18-1,0,,,반포대로 275,0,00275,00000,2121003,2,11650,11650,반포동,,전월세,201401,2014-01-16,18,18.1,72000,0,전세
래미안퍼스티지,11650-3559,2009,,,17,1,2014,"93,000",84.93,1,18-1,0,,,반포대로 275,0,00275,00000,2121003,2,11650,11650,반포동,,전월세,201401,2014-01-17,26,25.7,93000,0,전세
래미안퍼스티지,11650-3559,2009,,,18,1,2014,"95,000",84.93,24,18-1,0,,,반포대로 275,0,00275,00000,2121003,2,11650,11650,반포동,,전월세,201401,2014-01-18,26,25.7,95000,0,전세
래미안퍼스티지,11650-3559,2009,,,20,1,2014,"130,000",115.65,8,18-1,0,,,반포대로 275,0,00275,00000,2121003,2,11650,11650,반포동,,전월세,201401,2014-01-20,35,35.0,130000,0,전세
래미안퍼스티지,11650-3559,2009,,,24,1,2014,"93,000",84.85,24,18-1,0,,,반포대로 275,0,00275,00000,2121003,2,11650,11650,반포동,,전월세,201401,2014-01-24,26,25.7,93000,0,전세
래미안퍼스티지,11650-3559,2009,,,25,1,2014,"93,000",84.85,22,18-1,0,,,반포대로 275,0,00275,00000,2121003,2,11650,11650,반포동,,전월세,201401,2014-01-25,26,25.7,93000,0,전세
래미안퍼스티지,11650-3559,2009,,,28,1,2014,"150,000",168.65,26,18-1,0,,,반포대로 275,0,00275,00000,2121003,2,11650,11650,반포동,,전월세,201401,2014-01-28,51,51.0,150000,0,전세
래미안퍼스티지,11650-3559,2009,,,4,2,2014,"70,000",59.96,25,18-1,0,,,반포대로 275,0,00275,00000,2121003,2,11650,11650,반포동,,전월세,201402,2014-02-04,18,18.1,70000,0,전세
래미안퍼스티지,11650-3559,2009,,,4,2,2014,"72,500",59.96,1,18-1,0,,,반포대로 275,0,00275,00000,2121003,2,11650,11650,반포동,,전월세,201402,2014-02-04,18,18.1,72500,0,전세
래미안퍼스티지,11650-3559,2009,,,5,2,2014,"88,000",84.93,7,18-1,0,,,반포대로 275,0,00275,00000,2121003,2,11650,11650,반포동,,전월세,201402,2014-02-05,26,25.7,88000,0,전세
래미안퍼스티지,11650-3559,2009,,,7,2,2014,"96,000",84.76,13,18-1,0,,,반포대로 275,0,00275,00000,2121003,2,11650,11650,반포동,,전월세,201402,2014-02-07,26,25.6,96000,0,전세
래미안퍼스티지,11650-3559,2009,,,10,2,2014,"97,000",84.93,18,18-1,0,,,반포대로 275,0,00275,00000,2121003,2,11650,11650,반포동,,전월세,201402,2014-02-10,26,25.7,97000,0,전세
래미안퍼스티지,11650-3559,2009,,,11,2,2014,"75,000",59.89,28,18-1,0,,,반포대로 275,0,00275,00000,2121003,2,11650,11650,반포동,,전월세,201402,2014-02-11,18,18.1,75000,0,전세
래미안퍼스티지,11650-3559,2009,,,12,2,2014,"93,000",84.93,5,18-1,0,,,반포대로 275,0,00275,00000,2121003,2,11650,11650,반포동,,전월세,201402,2014-02-12,26,25.7,93000,0,전세
래미안퍼스티지,11650-3559,2009,,,13,2,2014,"78,000",59.89,17,18-1,0,,,반포대로 275,0,00275,00000,2121003,2,11650,11650,반포동,,전월세,201402,2014-02-13,18,18.1,78000,0,전세
래미안퍼스티지,11650-3559,2009,,,16,2,2014,"74,000",59.96,29,18-1,0,,,반포대로 275,0,00275,00000,2121003,2,11650,11650,반포동,,전월세,201402,2014-02-16,18,18.1,74000,0,전세
래미안퍼스티지,11650-3559,2009,,,21,2,2014,"95,000",84.93,22,18-1,0,,,반포대로 275,0,00275,00000,2121003,2,11650,11650,반포동,,전월세,201402,2014-02-21,26,25.7,95000,0,전세
래미안퍼스티지,11650-3559,2009,,,26,2,2014,"72,000",59.98,19,18-1,0,,,반포대로 275,0,00275,00000,2121003,2,11650,11650,반포동,,전월세,201402,2014-02-26,18,18.1,72000,0,전세
래미안퍼스티지,11650-3559,2009,,,27,2,2014,"95,000",84.76,21,18-1,0,,,반포대로 275,0,00275,00000,2121003,2,11650,11650,반포동,,전월세,201402,2014-02-27,26,25.6,95000,0,전세
래미안퍼스티지,11650-3559,2009,,,28,2,2014,"73,000",59.96,3,18-1,0,,,반포대로 275,0,00275,00000,2121003,2,11650,11650,반포동,,전월세,201402,2014-02-28,18,18.1,73000,0,전세
래미안퍼스티지,11650-3559,2009,,,11,3,2014,"155,000",169.31,9,18-1,0,,,반포대로 275,0,00275,00000,2121003,2,11650,11650,반포동,,전월세,201403,2014-03-11,51,51.2,155000,0,전세
래미안퍼스티지,11650-3559,2009,,,11,3,2014,"72,000",59.96,29,18-1,0,,,반포대로 275,0,00275,00000,2121003,2,11650,11650,반포동,,전월세,201403,2014-03-11,18,18.1,72000,0,전세
래미안퍼스티지,11650-3559,2009,,,11,3,2014,"90,000",84.85,4,18-1,0,,,반포대로 275,0,00275,00000,2121003,2,11650,11650,반포동,,전월세,201403,2014-03-11,26,25.7,90000,0,전세
래미안퍼스티지,11650-3559,2009,,,21,3,2014,"200,000",222.76,20,18-1,0,,,반포대로 275,0,00275,00000,2121003,2,11650,11650,반포동,,전월세,201403,2014-03-21,67,67.4,200000,0,전세
래미안퍼스티지,11650-3559,2009,,,28,3,2014,"25,832",59.89,17,18-1,0,,,반포대로 275,0,00275,00000,2121003,2,11650,11650,반포동,,전월세,201403,2014-03-28,18,18.1,25832,0,전세
래미안퍼스티지,11650-3559,2009,,,29,3,2014,"170,000",198.22,18,18-1,0,,,반포대로 275,0,00275,00000,2121003,2,11650,11650,반포동,,전월세,201403,2014-03-29,60,60.0,170000,0,전세
래미안퍼스티지,11650-3559,2009,,,15,4,2014,"135,000",115.65,1,18-1,0,,,반포대로 275,0,00275,00000,2121003,2,11650,11650,반포동,,전월세,201404,2014-04-15,35,35.0,135000,0,전세
래미안퍼스티지,11650-3559,2009,,,18,4,2014,"170,000",169.31,15,18-1,0,,,반포대로 275,0,00275,00000,2121003,2,11650,11650,반포동,,전월세,201404,2014-04-18,51,51.2,170000,0,전세
래미안퍼스티지,11650-3559,2009,,,23,4,2014,"95,000",84.93,24,18-1,0,,,반포대로 275,0,00275,00000,2121003,2,11650,11650,반포동,,전월세,201404,2014-04-23,26,25.7,95000,0,전세
래미안퍼스티지,11650-3559,2009,,,26,4,2014,"100,000",84.93,32,18-1,0,,,반포대로 275,0,00275,00000,2121003,2,11650,11650,반포동,,전월세,201404,2014-04-26,26,25.7,100000,0,전세
래미안퍼스티지,11650-3559,2009,,,6,5,2014,"77,000",59.89,28,18-1,0,,,반포대로 275,0,00275,00000,2121003,2,11650,11650,반포동,,전월세,201405,2014-05-06,18,18.1,77000,0,전세
래미안퍼스티지,11650-3559,2009,,,13,5,2014,"160,000",168.65,9,18-1,0,,,반포대로 275,0,00275,00000,2121003,2,11650,11650,반포동,,전월세,201405,2014-05-13,51,51.0,160000,0,전세
래미안퍼스티지,11650-3559,2009,,,15,5,2014,"55,000",59.89,3,18-1,0,,,반포대로 275,0,00275,00000,2121003,2,11650,11650,반포동,,전월세,201405,2014-05-15,18,18.1,55000,0,전세
래미안퍼스티지,11650-3559,2009,,,19,5,2014,"80,000",84.93,3,18-1,0,,,반포대로 275,0,00275,00000,2121003,2,11650,11650,반포동,,전월세,201405,2014-05-19,26,25.7,80000,0,전세
래미안퍼스티지,11650-3559,2009,,,19,5,2014,"95,000",84.93,15,18-1,0,,,반포대로 275,0,00275,00000,2121003,2,11650,11650,반포동,,전월세,201405,2014-05-19,26,25.7,95000,0,전세
래미안퍼스티지,11650-3559,2009,,,20,5,2014,"187,000",198.04,21,18-1,0,,,반포대로 275,0,00275,00000,2121003,2,11650,11650,반포동,,전월세,201405,2014-05-20,60,59.9,187000,0,전세
래미안퍼스티지,11650-3559,2009,,,20,5,2014,"180,000",222.76,15,18-1,0,,,반포대로 275,0,00275,00000,2121003,2,11650,11650,반포동,,전월세,201405,2014-05-20,67,67.4,180000,0,전세
래미안퍼스티지,11650-3559,2009,,,21,5,2014,"155,000",168.65,24,18-1,0,,,반포대로 275,0,00275,00000,2121003,2,11650,11650,반포동,,전월세,201405,2014-05-21,51,51.0,155000,0,전세
래미안퍼스티지,11650-3559,2009,,,23,5,2014,"77,000",59.89,21,18-1,0,,,반포대로 275,0,00275,00000,2121003,2,11650,11650,반포동,,전월세,201405,2014-05-23,18,18.1,77000,0,전세
래미안퍼스티지,11650-3559,2009,,,26,5,2014,"159,000",168.65,9,18-1,0,,,반포대로 275,0,00275,00000,2121003,2,11650,11650,반포동,,전월세,201405,2014-05-26,51,51.0,159000,0,전세
래미안퍼스티지,11650-3559,2009,,,28,5,2014,"90,000",84.85,3,18-1,0,,,반포대로 275,0,00275,00000,2121003,2,11650,11650,반포동,,전월세,201405,2014-05-28,26,25.7,90000,0,전세
래미안퍼스티지,11650-3559,2009,,,30,5,2014,"93,000",84.93,10,18-1,0,,,반포대로 275,0,00275,00000,2121003,2,11650,11650,반포동,,전월세,201405,2014-05-30,26,25.7,93000,0,전세
래미안퍼스티지,11650-3559,2009,,,10,6,2014,"160,000",168.65,26,18-1,0,,,반포대로 275,0,00275,00000,2121003,2,11650,11650,반포동,,전월세,201406,2014-06-10,51,51.0,160000,0,전세
래미안퍼스티지,11650-3559,2009,,,12,6,2014,"89,500",84.93,29,18-1,0,,,반포대로 275,0,00275,00000,2121003,2,11650,11650,반포동,,전월세,201406,2014-06-12,26,25.7,89500,0,전세
래미안퍼스티지,11650-3559,2009,,,14,6,2014,"75,000",59.89,17,18-1,0,,,반포대로 275,0,00275,00000,2121003,2,11650,11650,반포동,,전월세,201406,2014-06-14,18,18.1,75000,0,전세
래미안퍼스티지,11650-3559,2009,,,19,6,2014,"172,000",222.76,12,18-1,0,,,반포대로 275,0,00275,00000,2121003,2,11650,11650,반포동,,전월세,201406,2014-06-19,67,67.4,172000,0,전세
래미안퍼스티지,11650-3559,2009,,,21,6,2014,"100,000",84.93,17,18-1,0,,,반포대로 275,0,00275,00000,2121003,2,11650,11650,반포동,,전월세,201406,2014-06-21,26,25.7,100000,0,전세
래미안퍼스티지,11650-3559,2009,,,21,6,2014,"98,000",84.93,18,18-1,0,,,반포대로 275,0,00275,00000,2121003,2,11650,11650,반포동,,전월세,201406,2014-06-21,26,25.7,98000,0,전세
래미안퍼스티지,11650-3559,2009,,,24,6,2014,"160,000",169.31,26,18-1,0,,,반포대로 275,0,00275,00000,2121003,2,11650,11650,반포동,,전월세,201406,2014-06-24,51,51.2,160000,0,전세
래미안퍼스티지,11650-3559,2009,,,26,6,2014,"165,000",198.04,11,18-1,0,,,반포대로 275,0,00275,00000,2121003,2,11650,11650,반포동,,전월세,201406,2014-06-26,60,59.9,165000,0,전세
래미안퍼스티지,11650-3559,2009,,,28,6,2014,"80,000",84.93,17,18-1,0,,,반포대로 275,0,00275,00000,2121003,2,11650,11650,반포동,,전월세,201406,2014-06-28,26,25.7,80000,0,전세
래미안퍼스티지,11650-3559,2009,,,7,7,2014,"190,000",222.76,12,18-1,0,,,반포대로 275,0,00275,00000,2121003,2,11650,11650,반포동,,전월세,201407,2014-07-07,67,67.4,190000,0,전세
래미안퍼스티지,11650-3559,2009,,,7,7,2014,"93,000",84.85,22,18-1,0,,,반포대로 275,0,00275,00000,2121003,2,11650,11650,반포동,,전월세,201407,2014-07-07,26,25.7,93000,0,전세
래미안퍼스티지,11650-3559,2009,,,11,7,2014,"94,000",84.93,10,18-1,0,,,반포대로 275,0,00275,00000,2121003,2,11650,11650,반포동,,전월세,201407,2014-07-11,26,25.7,94000,0,전세
래미안퍼스티지,11650-3559,2009,,,12,7,2014,"100,000",84.93,7,18-1,0,,,반포대로 275,0,00275,00000,2121003,2,11650,11650,반포동,,전월세,201407,2014-07-12,26,25.7,100000,0,전세
래미안퍼스티지,11650-3559,2009,,,14,7,2014,"46,060",59.89,18,18-1,0,,,반포대로 275,0,00275,00000,2121003,2,11650,11650,반포동,,전월세,201407,2014-07-14,18,18.1,46060,0,전세
래미안퍼스티지,11650-3559,2009,,,15,7,2014,"46,060",59.89,29,18-1,0,,,반포대로 275,0,00275,00000,2121003,2,11650,11650,반포동,,전월세,201407,2014-07-15,18,18.1,46060,0,전세
래미안퍼스티지,11650-3559,2009,,,16,7,2014,"78,000",59.96,30,18-1,0,,,반포대로 275,0,00275,00000,2121003,2,11650,11650,반포동,,전월세,201407,2014-07-16,18,18.1,78000,0,전세
래미안퍼스티지,11650-3559,2009,,,17,7,2014,"190,000",222.15,20,18-1,0,,,반포대로 275,0,00275,00000,2121003,2,11650,11650,반포동,,전월세,201407,2014-07-17,67,67.2,190000,0,전세
래미안퍼스티지,11650-3559,2009,,,25,7,2014,"170,000",198.04,7,18-1,0,,,반포대로 275,0,00275,00000,2121003,2,11650,11650,반포동,,전월세,201407,2014-07-25,60,59.9,170000,0,전세
래미안퍼스티지,11650-3559,2009,,,29,7,2014,"65,000",59.98,9,18-1,0,,,반포대로 275,0,00275,00000,2121003,2,11650,11650,반포동,,전월세,201407,2014-07-29,18,18.1,65000,0,전세
래미안퍼스티지,11650-3559,2009,,,1,8,2014,"73,000",59.96,23,18-1,0,,,반포대로 275,0,00275,00000,2121003,2,11650,11650,반포동,,전월세,201408,2014-08-01,18,18.1,73000,0,전세
래미안퍼스티지,11650-3559,2009,,,12,8,2014,"76,000",59.89,13,18-1,0,,,반포대로 275,0,00275,00000,2121003,2,11650,11650,반포동,,전월세,201408,2014-08-12,18,18.1,76000,0,전세
래미안퍼스티지,11650-3559,2009,,,12,8,2014,"80,000",84.93,14,18-1,0,,,반포대로 275,0,00275,00000,2121003,2,11650,11650,반포동,,전월세,201408,2014-08-12,26,25.7,80000,0,전세
래미안퍼스티지,11650-3559,2009,,,14,8,2014,"170,000",168.65,26,18-1,0,,,반포대로 275,0,00275,00000,2121003,2,11650,11650,반포동,,전월세,201408,2014-08-14,51,51.0,170000,0,전세
래미안퍼스티지,11650-3559,2009,,,19,8,2014,"175,000",169.31,19,18-1,0,,,반포대로 275,0,00275,00000,2121003,2,11650,11650,반포동,,전월세,201408,2014-08-19,51,51.2,175000,0,전세
래미안퍼스티지,11650-3559,2009,,,20,8,2014,"89,900",84.93,14,18-1,0,,,반포대로 275,0,00275,00000,2121003,2,11650,11650,반포동,,전월세,201408,2014-08-20,26,25.7,89900,0,전세
래미안퍼스티지,11650-3559,2009,14.10~16.10,신규,23,8,2014,"190,000",222.15,18,18-1,0,,,반포대로 275,0,00275,00000,2121003,2,11650,11650,반포동,,전월세,201408,2014-08-23,67,67.2,190000,0,전세
래미안퍼스티지,11650-3559,2009,,,27,8,2014,"46,060",59.96,15,18-1,0,,,반포대로 275,0,00275,00000,2121003,2,11650,11650,반포동,,전월세,201408,2014-08-27,18,18.1,46060,0,전세
래미안퍼스티지,11650-3559,2009,,,28,8,2014,"73,000",59.96,4,18-1,0,,,반포대로 275,0,00275,00000,2121003,2,11650,11650,반포동,,전월세,201408,2014-08-28,18,18.1,73000,0,전세
래미안퍼스티지,11650-3559,2009,,,3,9,2014,"75,000",59.89,8,18-1,0,,,반포대로 275,0,00275,00000,2121003,2,11650,11650,반포동,,전월세,201409,2014-09-03,18,18.1,75000,0,전세
래미안퍼스티지,11650-3559,2009,,,12,9,2014,"200,000",198.04,21,18-1,0,,,반포대로 275,0,00275,00000,2121003,2,11650,11650,반포동,,전월세,201409,2014-09-12,60,59.9,200000,0,전세
래미안퍼스티지,11650-3559,2009,,,13,9,2014,"77,000",59.89,7,18-1,0,,,반포대로 275,0,00275,00000,2121003,2,11650,11650,반포동,,전월세,201409,2014-09-13,18,18.1,77000,0,전세
래미안퍼스티지,11650-3559,2009,,,22,9,2014,"170,000",198.22,15,18-1,0,,,반포대로 275,0,00275,00000,2121003,2,11650,11650,반포동,,전월세,201409,2014-09-22,60,60.0,170000,0,전세
래미안퍼스티지,11650-3559,2009,,,30,9,2014,"100,000",84.85,4,18-1,0,,,반포대로 275,0,00275,00000,2121003,2,11650,11650,반포동,,전월세,201409,2014-09-30,26,25.7,100000,0,전세
래미안퍼스티지,11650-3559,2009,,,30,9,2014,"65,000",84.93,31,18-1,0,,,반포대로 275,0,00275,00000,2121003,2,11650,11650,반포동,,전월세,201409,2014-09-30,26,25.7,65000,0,전세
래미안퍼스티지,11650-3559,2009,,,16,10,2014,"150,000",169.31,1,18-1,0,,,반포대로 275,0,00275,00000,2121003,2,11650,11650,반포동,,전월세,201410,2014-10-16,51,51.2,150000,0,전세
래미안퍼스티지,11650-3559,2009,,,22,10,2014,"200,000",168.65,9,18-1,0,,,반포대로 275,0,00275,00000,2121003,2,11650,11650,반포동,,전월세,201410,2014-10-22,51,51.0,200000,0,전세
래미안퍼스티지,11650-3559,2009,,,24,10,2014,"100,000",84.93,17,18-1,0,,,반포대로 275,0,00275,00000,2121003,2,11650,11650,반포동,,전월세,201410,2014-10-24,26,25.7,100000,0,전세
래미안퍼스티지,11650-3559,2009,,,29,10,2014,"139,000",117.12,6,18-1,0,,,반포대로 275,0,00275,00000,2121003,2,11650,11650,반포동,,전월세,201410,2014-10-29,35,35.4,139000,0,전세
래미안퍼스티지,11650-3559,2009,,,31,10,2014,"79,000",59.96,26,18-1,0,,,반포대로 275,0,00275,00000,2121003,2,11650,11650,반포동,,전월세,201410,2014-10-31,18,18.1,79000,0,전세
래미안퍼스티지,11650-3559,2009,,,3,11,2014,"80,000",59.96,22,18-1,0,,,반포대로 275,0,00275,00000,2121003,2,11650,11650,반포동,,전월세,201411,2014-11-03,18,18.1,80000,0,전세
래미안퍼스티지,11650-3559,2009,,,18,11,2014,"110,000",84.93,27,18-1,0,,,반포대로 275,0,00275,00000,2121003,2,11650,11650,반포동,,전월세,201411,2014-11-18,26,25.7,110000,0,전세
래미안퍼스티지,11650-3559,2009,,,28,11,2014,"75,000",59.89,28,18-1,0,,,반포대로 275,0,00275,00000,2121003,2,11650,11650,반포동,,전월세,201411,2014-11-28,18,18.1,75000,0,전세
래미안퍼스티지,11650-3559,2009,,,1,12,2014,"145,000",117.12,4,18-1,0,,,반포대로 275,0,00275,00000,2121003,2,11650,11650,반포동,,전월세,201412,2014-12-01,35,35.4,145000,0,전세
래미안퍼스티지,11650-3559,2009,,,6,12,2014,"160,000",198.04,22,18-1,0,,,반포대로 275,0,00275,00000,2121003,2,11650,11650,반포동,,전월세,201412,2014-12-06,60,59.9,160000,0,전세
래미안퍼스티지,11650-3559,2009,,,18,12,2014,"237,500",198.22,13,18-1,0,,,반포대로 275,0,00275,00000,2121003,2,11650,11650,반포동,,전월세,201412,2014-12-18,60,60.0,237500,0,전세
래미안퍼스티지,11650-3559,2009,,,26,12,2014,"75,000",59.96,8,18-1,0,,,반포대로 275,0,00275,00000,2121003,2,11650,11650,반포동,,전월세,201412,2014-12-26,18,18.1,75000,0,전세
래미안퍼스티지,11650-3559,2009,,,27,12,2014,"150,000",115.65,24,18-1,0,,,반포대로 275,0,00275,00000,2121003,2,11650,11650,반포동,,전월세,201412,2014-12-27,35,35.0,150000,0,전세
래미안퍼스티지,11650-3559,2009,,,30,12,2014,"190,000",169.31,22,18-1,0,,,반포대로 275,0,00275,00000,2121003,2,11650,11650,반포동,,전월세,201412,2014-12-30,51,51.2,190000,0,전세
래미안퍼스티지,11650-3559,2009,,,5,1,2015,"160,000",135.92,21,18-1,0,,,반포대로 275,0,00275,00000,2121003,2,11650,11650,반포동,,전월세,201501,2015-01-05,41,41.1,160000,0,전세
래미안퍼스티지,11650-3559,2009,,,10,1,2015,"100,000",84.76,23,18-1,0,,,반포대로 275,0,00275,00000,2121003,2,11650,11650,반포동,,전월세,201501,2015-01-10,26,25.6,100000,0,전세
래미안퍼스티지,11650-3559,2009,,,19,1,2015,"75,000",59.89,24,18-1,0,,,반포대로 275,0,00275,00000,2121003,2,11650,11650,반포동,,전월세,201501,2015-01-19,18,18.1,75000,0,전세
래미안퍼스티지,11650-3559,2009,,,21,1,2015,"73,000",59.96,6,18-1,0,,,반포대로 275,0,00275,00000,2121003,2,11650,11650,반포동,,전월세,201501,2015-01-21,18,18.1,73000,0,전세
래미안퍼스티지,11650-3559,2009,,,21,1,2015,"83,000",84.93,12,18-1,0,,,반포대로 275,0,00275,00000,2121003,2,11650,11650,반포동,,전월세,201501,2015-01-21,26,25.7,83000,0,전세
래미안퍼스티지,11650-3559,2009,,,27,1,2015,"85,000",59.98,17,18-1,0,,,반포대로 275,0,00275,00000,2121003,2,11650,11650,반포동,,전월세,201501,2015-01-27,18,18.1,85000,0,전세
래미안퍼스티지,11650-3559,2009,,,6,2,2015,"103,000",84.93,18,18-1,0,,,반포대로 275,0,00275,00000,2121003,2,11650,11650,반포동,,전월세,201502,2015-02-06,26,25.7,103000,0,전세
래미안퍼스티지,11650-3559,2009,,,23,2,2015,"100,000",84.93,6,18-1,0,,,반포대로 275,0,00275,00000,2121003,2,11650,11650,반포동,,전월세,201502,2015-02-23,26,25.7,100000,0,전세
래미안퍼스티지,11650-3559,2009,,,25,2,2015,"115,000",84.76,6,18-1,0,,,반포대로 275,0,00275,00000,2121003,2,11650,11650,반포동,,전월세,201502,2015-02-25,26,25.6,115000,0,전세
래미안퍼스티지,11650-3559,2009,,,28,2,2015,"210,000",198.04,4,18-1,0,,,반포대로 275,0,00275,00000,2121003,2,11650,11650,반포동,,전월세,201502,2015-02-28,60,59.9,210000,0,전세
래미안퍼스티지,11650-3559,2009,,,3,3,2015,"190,000",169.31,18,18-1,0,,,반포대로 275,0,00275,00000,2121003,2,11650,11650,반포동,,전월세,201503,2015-03-03,51,51.2,190000,0,전세
래미안퍼스티지,11650-3559,2009,,,7,3,2015,"85,000",59.98,23,18-1,0,,,반포대로 275,0,00275,00000,2121003,2,11650,11650,반포동,,전월세,201503,2015-03-07,18,18.1,85000,0,전세
래미안퍼스티지,11650-3559,2009,,,7,3,2015,"110,000",84.93,30,18-1,0,,,반포대로 275,0,00275,00000,2121003,2,11650,11650,반포동,,전월세,201503,2015-03-07,26,25.7,110000,0,전세
래미안퍼스티지,11650-3559,2009,,,10,3,2015,"120,000",84.93,22,18-1,0,,,반포대로 275,0,00275,00000,2121003,2,11650,11650,반포동,,전월세,201503,2015-03-10,26,25.7,120000,0,전세
래미안퍼스티지,11650-3559,2009,,,11,3,2015,"140,000",117.12,4,18-1,0,,,반포대로 275,0,00275,00000,2121003,2,11650,11650,반포동,,전월세,201503,2015-03-11,35,35.4,140000,0,전세
래미안퍼스티지,11650-3559,2009,,,18,3,2015,"110,000",84.93,25,18-1,0,,,반포대로 275,0,00275,00000,2121003,2,11650,11650,반포동,,전월세,201503,2015-03-18,26,25.7,110000,0,전세
래미안퍼스티지,11650-3559,2009,,,30,3,2015,"157,000",136.65,4,18-1,0,,,반포대로 275,0,00275,00000,2121003,2,11650,11650,반포동,,전월세,201503,2015-03-30,41,41.3,157000,0,전세
래미안퍼스티지,11650-3559,2009,,,30,3,2015,"58,520",84.93,6,18-1,0,,,반포대로 275,0,00275,00000,2121003,2,11650,11650,반포동,,전월세,201503,2015-03-30,26,25.7,58520,0,전세
래미안퍼스티지,11650-3559,2009,,,4,4,2015,"173,000",135.92,1,18-1,0,,,반포대로 275,0,00275,00000,2121003,2,11650,11650,반포동,,전월세,201504,2015-04-04,41,41.1,173000,0,전세
래미안퍼스티지,11650-3559,2009,,,6,4,2015,"120,000",84.93,19,18-1,0,,,반포대로 275,0,00275,00000,2121003,2,11650,11650,반포동,,전월세,201504,2015-04-06,26,25.7,120000,0,전세
래미안퍼스티지,11650-3559,2009,,,17,4,2015,"85,000",59.89,27,18-1,0,,,반포대로 275,0,00275,00000,2121003,2,11650,11650,반포동,,전월세,201504,2015-04-17,18,18.1,85000,0,전세
래미안퍼스티지,11650-3559,2009,,,28,4,2015,"210,000",169.31,15,18-1,0,,,반포대로 275,0,00275,00000,2121003,2,11650,11650,반포동,,전월세,201504,2015-04-28,51,51.2,210000,0,전세
래미안퍼스티지,11650-3559,2009,,,28,4,2015,"195,000",198.04,9,18-1,0,,,반포대로 275,0,00275,00000,2121003,2,11650,11650,반포동,,전월세,201504,2015-04-28,60,59.9,195000,0,전세
래미안퍼스티지,11650-3559,2009,,,2,5,2015,"115,000",84.93,29,18-1,0,,,반포대로 275,0,00275,00000,2121003,2,11650,11650,반포동,,전월세,201505,2015-05-02,26,25.7,115000,0,전세
래미안퍼스티지,11650-3559,2009,,,2,5,2015,"120,000",84.93,7,18-1,0,,,반포대로 275,0,00275,00000,2121003,2,11650,11650,반포동,,전월세,201505,2015-05-02,26,25.7,120000,0,전세
래미안퍼스티지,11650-3559,2009,,,15,5,2015,"117,000",84.93,16,18-1,0,,,반포대로 275,0,00275,00000,2121003,2,11650,11650,반포동,,전월세,201505,2015-05-15,26,25.7,117000,0,전세
래미안퍼스티지,11650-3559,2009,,,15,5,2015,"108,000",84.93,7,18-1,0,,,반포대로 275,0,00275,00000,2121003,2,11650,11650,반포동,,전월세,201505,2015-05-15,26,25.7,108000,0,전세
래미안퍼스티지,11650-3559,2009,,,16,5,2015,"110,000",135.92,12,18-1,0,,,반포대로 275,0,00275,00000,2121003,2,11650,11650,반포동,,전월세,201505,2015-05-16,41,41.1,110000,0,전세
래미안퍼스티지,11650-3559,2009,,,16,5,2015,"93,000",84.93,15,18-1,0,,,반포대로 275,0,00275,00000,2121003,2,11650,11650,반포동,,전월세,201505,2015-05-16,26,25.7,93000,0,전세
래미안퍼스티지,11650-3559,2009,,,18,5,2015,"200,000",169.31,8,18-1,0,,,반포대로 275,0,00275,00000,2121003,2,11650,11650,반포동,,전월세,201505,2015-05-18,51,51.2,200000,0,전세
래미안퍼스티지,11650-3559,2009,,,22,5,2015,"130,000",84.93,22,18-1,0,,,반포대로 275,0,00275,00000,2121003,2,11650,11650,반포동,,전월세,201505,2015-05-22,26,25.7,130000,0,전세
래미안퍼스티지,11650-3559,2009,,,22,5,2015,"128,000",84.93,13,18-1,0,,,반포대로 275,0,00275,00000,2121003,2,11650,11650,반포동,,전월세,201505,2015-05-22,26,25.7,128000,0,전세
래미안퍼스티지,11650-3559,2009,,,23,5,2015,"130,000",84.93,26,18-1,0,,,반포대로 275,0,00275,00000,2121003,2,11650,11650,반포동,,전월세,201505,2015-05-23,26,25.7,130000,0,전세
래미안퍼스티지,11650-3559,2009,,,26,5,2015,"130,000",198.22,12,18-1,0,,,반포대로 275,0,00275,00000,2121003,2,11650,11650,반포동,,전월세,201505,2015-05-26,60,60.0,130000,0,전세
래미안퍼스티지,11650-3559,2009,,,28,5,2015,"110,000",84.93,20,18-1,0,,,반포대로 275,0,00275,00000,2121003,2,11650,11650,반포동,,전월세,201505,2015-05-28,26,25.7,110000,0,전세
래미안퍼스티지,11650-3559,2009,,,30,5,2015,"90,000",59.96,18,18-1,0,,,반포대로 275,0,00275,00000,2121003,2,11650,11650,반포동,,전월세,201505,2015-05-30,18,18.1,90000,0,전세
래미안퍼스티지,11650-3559,2009,,,31,5,2015,"210,000",222.76,15,18-1,0,,,반포대로 275,0,00275,00000,2121003,2,11650,11650,반포동,,전월세,201505,2015-05-31,67,67.4,210000,0,전세
래미안퍼스티지,11650-3559,2009,,,3,6,2015,"200,000",169.31,10,18-1,0,,,반포대로 275,0,00275,00000,2121003,2,11650,11650,반포동,,전월세,201506,2015-06-03,51,51.2,200000,0,전세
래미안퍼스티지,11650-3559,2009,,,3,6,2015,"93,000",59.96,28,18-1,0,,,반포대로 275,0,00275,00000,2121003,2,11650,11650,반포동,,전월세,201506,2015-06-03,18,18.1,93000,0,전세
래미안퍼스티지,11650-3559,2009,,,4,6,2015,"220,000",198.04,26,18-1,0,,,반포대로 275,0,00275,00000,2121003,2,11650,11650,반포동,,전월세,201506,2015-06-04,60,59.9,220000,0,전세
래미안퍼스티지,11650-3559,2009,,,8,6,2015,"180,000",169.31,25,18-1,0,,,반포대로 275,0,00275,00000,2121003,2,11650,11650,반포동,,전월세,201506,2015-06-08,51,51.2,180000,0,전세
래미안퍼스티지,11650-3559,2009,,,12,6,2015,"190,000",169.31,18,18-1,0,,,반포대로 275,0,00275,00000,2121003,2,11650,11650,반포동,,전월세,201506,2015-06-12,51,51.2,190000,0,전세
래미안퍼스티지,11650-3559,2009,,,12,6,2015,"115,000",84.93,27,18-1,0,,,반포대로 275,0,00275,00000,2121003,2,11650,11650,반포동,,전월세,201506,2015-06-12,26,25.7,115000,0,전세
래미안퍼스티지,11650-3559,2009,,,15,6,2015,"110,000",84.93,17,18-1,0,,,반포대로 275,0,00275,00000,2121003,2,11650,11650,반포동,,전월세,201506,2015-06-15,26,25.7,110000,0,전세
래미안퍼스티지,11650-3559,2009,,,20,6,2015,"90,000",59.89,13,18-1,0,,,반포대로 275,0,00275,00000,2121003,2,11650,11650,반포동,,전월세,201506,2015-06-20,18,18.1,90000,0,전세
래미안퍼스티지,11650-3559,2009,,,3,7,2015,"84,000",59.96,22,18-1,0,,,반포대로 275,0,00275,00000,2121003,2,11650,11650,반포동,,전월세,201507,2015-07-03,18,18.1,84000,0,전세
래미안퍼스티지,11650-3559,2009,,,3,7,2015,"105,000",84.93,7,18-1,0,,,반포대로 275,0,00275,00000,2121003,2,11650,11650,반포동,,전월세,201507,2015-07-03,26,25.7,105000,0,전세
래미안퍼스티지,11650-3559,2009,,,6,7,2015,"87,000",59.96,12,18-1,0,,,반포대로 275,0,00275,00000,2121003,2,11650,11650,반포동,,전월세,201507,2015-07-06,18,18.1,87000,0,전세
래미안퍼스티지,11650-3559,2009,,,7,7,2015,"180,000",135.92,14,18-1,0,,,반포대로 275,0,00275,00000,2121003,2,11650,11650,반포동,,전월세,201507,2015-07-07,41,41.1,180000,0,전세
래미안퍼스티지,11650-3559,2009,15.08~18.02,갱신,9,7,2015,"230,000",222.15,21,18-1,0,"150,000",,반포대로 275,0,00275,00000,2121003,2,11650,11650,반포동,,전월세,201507,2015-07-09,67,67.2,230000,0,전세
래미안퍼스티지,11650-3559,2009,,,9,7,2015,"130,000",84.93,6,18-1,0,,,반포대로 275,0,00275,00000,2121003,2,11650,11650,반포동,,전월세,201507,2015-07-09,26,25.7,130000,0,전세
래미안퍼스티지,11650-3559,2009,,,11,7,2015,"160,000",115.65,6,18-1,0,,,반포대로 275,0,00275,00000,2121003,2,11650,11650,반포동,,전월세,201507,2015-07-11,35,35.0,160000,0,전세
래미안퍼스티지,11650-3559,2009,,,11,7,2015,"190,000",169.31,13,18-1,0,,,반포대로 275,0,00275,00000,2121003,2,11650,11650,반포동,,전월세,201507,2015-07-11,51,51.2,190000,0,전세
래미안퍼스티지,11650-3559,2009,,,15,7,2015,"190,000",168.65,15,18-1,0,,,반포대로 275,0,00275,00000,2121003,2,11650,11650,반포동,,전월세,201507,2015-07-15,51,51.0,190000,0,전세
래미안퍼스티지,11650-3559,2009,,,15,7,2015,"95,000",59.89,5,18-1,0,,,반포대로 275,0,00275,00000,2121003,2,11650,11650,반포동,,전월세,201507,2015-07-15,18,18.1,95000,0,전세
래미안퍼스티지,11650-3559,2009,,,15,7,2015,"120,000",84.93,7,18-1,0,,,반포대로 275,0,00275,00000,2121003,2,11650,11650,반포동,,전월세,201507,2015-07-15,26,25.7,120000,0,전세
래미안퍼스티지,11650-3559,2009,,,16,7,2015,"125,000",84.93,22,18-1,0,,,반포대로 275,0,00275,00000,2121003,2,11650,11650,반포동,,전월세,201507,2015-07-16,26,25.7,125000,0,전세
래미안퍼스티지,11650-3559,2009,,,18,7,2015,"120,000",84.93,3,18-1,0,,,반포대로 275,0,00275,00000,2121003,2,11650,11650,반포동,,전월세,201507,2015-07-18,26,25.7,120000,0,전세
래미안퍼스티지,11650-3559,2009,,,21,7,2015,"92,000",59.89,18,18-1,0,,,반포대로 275,0,00275,00000,2121003,2,11650,11650,반포동,,전월세,201507,2015-07-21,18,18.1,92000,0,전세
래미안퍼스티지,11650-3559,2009,,,26,7,2015,"67,000",84.93,24,18-1,0,,,반포대로 275,0,00275,00000,2121003,2,11650,11650,반포동,,전월세,201507,2015-07-26,26,25.7,67000,0,전세
래미안퍼스티지,11650-3559,2009,,,27,7,2015,"200,000",169.31,29,18-1,0,,,반포대로 275,0,00275,00000,2121003,2,11650,11650,반포동,,전월세,201507,2015-07-27,51,51.2,200000,0,전세
래미안퍼스티지,11650-3559,2009,,,27,7,2015,"41,343",59.96,25,18-1,0,,,반포대로 275,0,00275,00000,2121003,2,11650,11650,반포동,,전월세,201507,2015-07-27,18,18.1,41343,0,전세
래미안퍼스티지,11650-3559,2009,,,28,7,2015,"160,000",115.65,11,18-1,0,,,반포대로 275,0,00275,00000,2121003,2,11650,11650,반포동,,전월세,201507,2015-07-28,35,35.0,160000,0,전세
래미안퍼스티지,11650-3559,2009,,,30,7,2015,"115,000",84.93,31,18-1,0,,,반포대로 275,0,00275,00000,2121003,2,11650,11650,반포동,,전월세,201507,2015-07-30,26,25.7,115000,0,전세
래미안퍼스티지,11650-3559,2009,,,3,8,2015,"122,000",84.93,4,18-1,0,,,반포대로 275,0,00275,00000,2121003,2,11650,11650,반포동,,전월세,201508,2015-08-03,26,25.7,122000,0,전세
래미안퍼스티지,11650-3559,2009,,,6,8,2015,"110,000",84.93,5,18-1,0,,,반포대로 275,0,00275,00000,2121003,2,11650,11650,반포동,,전월세,201508,2015-08-06,26,25.7,110000,0,전세
래미안퍼스티지,11650-3559,2009,,,7,8,2015,"180,000",169.31,22,18-1,0,,,반포대로 275,0,00275,00000,2121003,2,11650,11650,반포동,,전월세,201508,2015-08-07,51,51.2,180000,0,전세
래미안퍼스티지,11650-3559,2009,,,9,8,2015,"95,000",59.96,29,18-1,0,,,반포대로 275,0,00275,00000,2121003,2,11650,11650,반포동,,전월세,201508,2015-08-09,18,18.1,95000,0,전세
래미안퍼스티지,11650-3559,2009,,,11,8,2015,"120,000",84.93,24,18-1,0,,,반포대로 275,0,00275,00000,2121003,2,11650,11650,반포동,,전월세,201508,2015-08-11,26,25.7,120000,0,전세
래미안퍼스티지,11650-3559,2009,,,11,8,2015,"115,000",84.93,23,18-1,0,,,반포대로 275,0,00275,00000,2121003,2,11650,11650,반포동,,전월세,201508,2015-08-11,26,25.7,115000,0,전세
래미안퍼스티지,11650-3559,2009,,,12,8,2015,"120,000",84.93,31,18-1,0,,,반포대로 275,0,00275,00000,2121003,2,11650,11650,반포동,,전월세,201508,2015-08-12,26,25.7,120000,0,전세
래미안퍼스티지,11650-3559,2009,,,13,8,2015,"130,000",84.93,22,18-1,0,,,반포대로 275,0,00275,00000,2121003,2,11650,11650,반포동,,전월세,201508,2015-08-13,26,25.7,130000,0,전세
래미안퍼스티지,11650-3559,2009,,,17,8,2015,"220,000",198.04,3,18-1,0,,,반포대로 275,0,00275,00000,2121003,2,11650,11650,반포동,,전월세,201508,2015-08-17,60,59.9,220000,0,전세
래미안퍼스티지,11650-3559,2009,,,18,8,2015,"190,000",168.65,25,18-1,0,,,반포대로 275,0,00275,00000,2121003,2,11650,11650,반포동,,전월세,201508,2015-08-18,51,51.0,190000,0,전세
래미안퍼스티지,11650-3559,2009,,,20,8,2015,"230,000",222.76,22,18-1,0,,,반포대로 275,0,00275,00000,2121003,2,11650,11650,반포동,,전월세,201508,2015-08-20,67,67.4,230000,0,전세
래미안퍼스티지,11650-3559,2009,,,21,8,2015,"93,000",59.96,11,18-1,0,,,반포대로 275,0,00275,00000,2121003,2,11650,11650,반포동,,전월세,201508,2015-08-21,18,18.1,93000,0,전세
래미안퍼스티지,11650-3559,2009,,,22,8,2015,"205,000",168.65,20,18-1,0,,,반포대로 275,0,00275,00000,2121003,2,11650,11650,반포동,,전월세,201508,2015-08-22,51,51.0,205000,0,전세
래미안퍼스티지,11650-3559,2009,,,25,8,2015,"125,000",84.93,12,18-1,0,,,반포대로 275,0,00275,00000,2121003,2,11650,11650,반포동,,전월세,201508,2015-08-25,26,25.7,125000,0,전세
래미안퍼스티지,11650-3559,2009,,,31,8,2015,"175,000",135.92,27,18-1,0,,,반포대로 275,0,00275,00000,2121003,2,11650,11650,반포동,,전월세,201508,2015-08-31,41,41.1,175000,0,전세
래미안퍼스티지,11650-3559,2009,,,1,9,2015,"110,000",84.93,9,18-1,0,,,반포대로 275,0,00275,00000,2121003,2,11650,11650,반포동,,전월세,201509,2015-09-01,26,25.7,110000,0,전세
래미안퍼스티지,11650-3559,2009,,,1,9,2015,"120,000",84.93,29,18-1,0,,,반포대로 275,0,00275,00000,2121003,2,11650,11650,반포동,,전월세,201509,2015-09-01,26,25.7,120000,0,전세
래미안퍼스티지,11650-3559,2009,,,2,9,2015,"115,000",84.93,28,18-1,0,,,반포대로 275,0,00275,00000,2121003,2,11650,11650,반포동,,전월세,201509,2015-09-02,26,25.7,115000,0,전세
래미안퍼스티지,11650-3559,2009,,,3,9,2015,"230,000",222.15,9,18-1,0,,,반포대로 275,0,00275,00000,2121003,2,11650,11650,반포동,,전월세,201509,2015-09-03,67,67.2,230000,0,전세
래미안퍼스티지,11650-3559,2009,,,4,9,2015,"86,000",59.89,26,18-1,0,,,반포대로 275,0,00275,00000,2121003,2,11650,11650,반포동,,전월세,201509,2015-09-04,18,18.1,86000,0,전세
래미안퍼스티지,11650-3559,2009,,,7,9,2015,"123,000",84.93,27,18-1,0,,,반포대로 275,0,00275,00000,2121003,2,11650,11650,반포동,,전월세,201509,2015-09-07,26,25.7,123000,0,전세
래미안퍼스티지,11650-3559,2009,,,10,9,2015,"110,000",84.76,23,18-1,0,,,반포대로 275,0,00275,00000,2121003,2,11650,11650,반포동,,전월세,201509,2015-09-10,26,25.6,110000,0,전세
래미안퍼스티지,11650-3559,2009,,,14,9,2015,"127,000",117.12,22,18-1,0,,,반포대로 275,0,00275,00000,2121003,2,11650,11650,반포동,,전월세,201509,2015-09-14,35,35.4,127000,0,전세
래미안퍼스티지,11650-3559,2009,,,15,9,2015,"215,000",198.04,9,18-1,0,,,반포대로 275,0,00275,00000,2121003,2,11650,11650,반포동,,전월세,201509,2015-09-15,60,59.9,215000,0,전세
래미안퍼스티지,11650-3559,2009,,,19,10,2015,"93,000",59.89,22,18-1,0,,,반포대로 275,0,00275,00000,2121003,2,11650,11650,반포동,,전월세,201510,2015-10-19,18,18.1,93000,0,전세
래미안퍼스티지,11650-3559,2009,,,20,10,2015,"130,000",84.93,26,18-1,0,,,반포대로 275,0,00275,00000,2121003,2,11650,11650,반포동,,전월세,201510,2015-10-20,26,25.7,130000,0,전세
래미안퍼스티지,11650-3559,2009,,,27,10,2015,"28,415",59.89,25,18-1,0,,,반포대로 275,0,00275,00000,2121003,2,11650,11650,반포동,,전월세,201510,2015-10-27,18,18.1,28415,0,전세
래미안퍼스티지,11650-3559,2009,,,27,10,2015,"100,000",84.93,18,18-1,0,,,반포대로 275,0,00275,00000,2121003,2,11650,11650,반포동,,전월세,201510,2015-10-27,26,25.7,100000,0,전세
래미안퍼스티지,11650-3559,2009,,,30,10,2015,"240,000",198.22,7,18-1,0,,,반포대로 275,0,00275,00000,2121003,2,11650,11650,반포동,,전월세,201510,2015-10-30,60,60.0,240000,0,전세
래미안퍼스티지,11650-3559,2009,,,2,11,2015,"190,000",135.92,29,18-1,0,,,반포대로 275,0,00275,00000,2121003,2,11650,11650,반포동,,전월세,201511,2015-11-02,41,41.1,190000,0,전세
래미안퍼스티지,11650-3559,2009,,,5,11,2015,"230,000",222.76,17,18-1,0,,,반포대로 275,0,00275,00000,2121003,2,11650,11650,반포동,,전월세,201511,2015-11-05,67,67.4,230000,0,전세
래미안퍼스티지,11650-3559,2009,,,9,11,2015,"95,000",59.89,24,18-1,0,,,반포대로 275,0,00275,00000,2121003,2,11650,11650,반포동,,전월세,201511,2015-11-09,18,18.1,95000,0,전세
래미안퍼스티지,11650-3559,2009,,,10,11,2015,"38,115",84.93,3,18-1,0,,,반포대로 275,0,00275,00000,2121003,2,11650,11650,반포동,,전월세,201511,2015-11-10,26,25.7,38115,0,전세
래미안퍼스티지,11650-3559,2009,,,13,11,2015,"200,000",169.31,5,18-1,0,,,반포대로 275,0,00275,00000,2121003,2,11650,11650,반포동,,전월세,201511,2015-11-13,51,51.2,200000,0,전세
래미안퍼스티지,11650-3559,2009,,,13,11,2015,"230,000",198.22,25,18-1,0,,,반포대로 275,0,00275,00000,2121003,2,11650,11650,반포동,,전월세,201511,2015-11-13,60,60.0,230000,0,전세
래미안퍼스티지,11650-3559,2009,,,14,11,2015,"190,000",136.65,3,18-1,0,,,반포대로 275,0,00275,00000,2121003,2,11650,11650,반포동,,전월세,201511,2015-11-14,41,41.3,190000,0,전세
래미안퍼스티지,11650-3559,2009,,,15,11,2015,"123,000",84.93,5,18-1,0,,,반포대로 275,0,00275,00000,2121003,2,11650,11650,반포동,,전월세,201511,2015-11-15,26,25.7,123000,0,전세
래미안퍼스티지,11650-3559,2009,,,19,11,2015,"28,415",59.89,12,18-1,0,,,반포대로 275,0,00275,00000,2121003,2,11650,11650,반포동,,전월세,201511,2015-11-19,18,18.1,28415,0,전세
래미안퍼스티지,11650-3559,2009,,,21,11,2015,"110,000",84.93,8,18-1,0,,,반포대로 275,0,00275,00000,2121003,2,11650,11650,반포동,,전월세,201511,2015-11-21,26,25.7,110000,0,전세
래미안퍼스티지,11650-3559,2009,,,24,11,2015,"185,000",135.92,26,18-1,0,,,반포대로 275,0,00275,00000,2121003,2,11650,11650,반포동,,전월세,201511,2015-11-24,41,41.1,185000,0,전세
래미안퍼스티지,11650-3559,2009,,,9,12,2015,"130,000",84.93,26,18-1,0,,,반포대로 275,0,00275,00000,2121003,2,11650,11650,반포동,,전월세,201512,2015-12-09,26,25.7,130000,0,전세
래미안퍼스티지,11650-3559,2009,,,11,12,2015,"85,000",59.89,1,18-1,0,,,반포대로 275,0,00275,00000,2121003,2,11650,11650,반포동,,전월세,201512,2015-12-11,18,18.1,85000,0,전세
래미안퍼스티지,11650-3559,2009,,,14,12,2015,"27,123",59.98,13,18-1,0,,,반포대로 275,0,00275,00000,2121003,2,11650,11650,반포동,,전월세,201512,2015-12-14,18,18.1,27123,0,전세
래미안퍼스티지,11650-3559,2009,,,15,12,2015,"210,000",198.04,5,18-1,0,,,반포대로 275,0,00275,00000,2121003,2,11650,11650,반포동,,전월세,201512,2015-12-15,60,59.9,210000,0,전세
래미안퍼스티지,11650-3559,2009,,,29,12,2015,"190,000",135.92,6,18-1,0,,,반포대로 275,0,00275,00000,2121003,2,11650,11650,반포동,,전월세,201512,2015-12-29,41,41.1,190000,0,전세
래미안퍼스티지,11650-3559,2009,,,29,12,2015,"27,123",59.96,17,18-1,0,,,반포대로 275,0,00275,00000,2121003,2,11650,11650,반포동,,전월세,201512,2015-12-29,18,18.1,27123,0,전세
래미안퍼스티지,11650-3559,2009,,,30,12,2015,"220,000",198.04,8,18-1,0,,,반포대로 275,0,00275,00000,2121003,2,11650,11650,반포동,,전월세,201512,2015-12-30,60,59.9,220000,0,전세
래미안퍼스티지,11650-3559,2009,,,30,12,2015,"220,000",222.76,4,18-1,0,,,반포대로 275,0,00275,00000,2121003,2,11650,11650,반포동,,전월세,201512,2015-12-30,67,67.4,220000,0,전세
래미안퍼스티지,11650-3559,2009,,,30,12,2015,"47,892",84.76,8,18-1,0,,,반포대로 275,0,00275,00000,2121003,2,11650,11650,반포동,,전월세,201512,2015-12-30,26,25.6,47892,0,전세
래미안퍼스티지,11650-3559,2009,,,11,1,2016,"120,000",84.93,5,18-1,0,,,반포대로 275,0,00275,00000,2121003,2,11650,11650,반포동,,전월세,201601,2016-01-11,26,25.7,120000,0,전세
래미안퍼스티지,11650-3559,2009,,,14,1,2016,"90,000",59.89,27,18-1,0,,,반포대로 275,0,00275,00000,2121003,2,11650,11650,반포동,,전월세,201601,2016-01-14,18,18.1,90000,0,전세
래미안퍼스티지,11650-3559,2009,,,16,1,2016,"93,000",59.98,17,18-1,0,,,반포대로 275,0,00275,00000,2121003,2,11650,11650,반포동,,전월세,201601,2016-01-16,18,18.1,93000,0,전세
래미안퍼스티지,11650-3559,2009,,,23,1,2016,"230,000",198.22,10,18-1,0,,,반포대로 275,0,00275,00000,2121003,2,11650,11650,반포동,,전월세,201601,2016-01-23,60,60.0,230000,0,전세
래미안퍼스티지,11650-3559,2009,,,2,2,2016,"106,000",135.92,26,18-1,0,,,반포대로 275,0,00275,00000,2121003,2,11650,11650,반포동,,전월세,201602,2016-02-02,41,41.1,106000,0,전세
래미안퍼스티지,11650-3559,2009,,,11,2,2016,"90,000",59.96,6,18-1,0,,,반포대로 275,0,00275,00000,2121003,2,11650,11650,반포동,,전월세,201602,2016-02-11,18,18.1,90000,0,전세
래미안퍼스티지,11650-3559,2009,,,12,2,2016,"128,000",84.76,24,18-1,0,,,반포대로 275,0,00275,00000,2121003,2,11650,11650,반포동,,전월세,201602,2016-02-12,26,25.6,128000,0,전세
래미안퍼스티지,11650-3559,2009,,,12,2,2016,"130,000",84.93,11,18-1,0,,,반포대로 275,0,00275,00000,2121003,2,11650,11650,반포동,,전월세,201602,2016-02-12,26,25.7,130000,0,전세
래미안퍼스티지,11650-3559,2009,,,16,2,2016,"88,000",59.89,17,18-1,0,,,반포대로 275,0,00275,00000,2121003,2,11650,11650,반포동,,전월세,201602,2016-02-16,18,18.1,88000,0,전세
래미안퍼스티지,11650-3559,2009,,,17,2,2016,"130,000",84.93,22,18-1,0,,,반포대로 275,0,00275,00000,2121003,2,11650,11650,반포동,,전월세,201602,2016-02-17,26,25.7,130000,0,전세
래미안퍼스티지,11650-3559,2009,,,19,2,2016,"183,000",135.92,29,18-1,0,,,반포대로 275,0,00275,00000,2121003,2,11650,11650,반포동,,전월세,201602,2016-02-19,41,41.1,183000,0,전세
래미안퍼스티지,11650-3559,2009,,,19,2,2016,"129,000",84.85,22,18-1,0,,,반포대로 275,0,00275,00000,2121003,2,11650,11650,반포동,,전월세,201602,2016-02-19,26,25.7,129000,0,전세
래미안퍼스티지,11650-3559,2009,,,4,3,2016,"200,000",168.65,9,18-1,0,,,반포대로 275,0,00275,00000,2121003,2,11650,11650,반포동,,전월세,201603,2016-03-04,51,51.0,200000,0,전세
래미안퍼스티지,11650-3559,2009,,,6,3,2016,"240,000",222.76,20,18-1,0,,,반포대로 275,0,00275,00000,2121003,2,11650,11650,반포동,,전월세,201603,2016-03-06,67,67.4,240000,0,전세
래미안퍼스티지,11650-3559,2009,,,12,3,2016,"200,000",222.15,27,18-1,0,,,반포대로 275,0,00275,00000,2121003,2,11650,11650,반포동,,전월세,201603,2016-03-12,67,67.2,200000,0,전세
래미안퍼스티지,11650-3559,2009,,,14,3,2016,"126,000",84.93,22,18-1,0,,,반포대로 275,0,00275,00000,2121003,2,11650,11650,반포동,,전월세,201603,2016-03-14,26,25.7,126000,0,전세
래미안퍼스티지,11650-3559,2009,,,15,3,2016,"220,000",198.04,8,18-1,0,,,반포대로 275,0,00275,00000,2121003,2,11650,11650,반포동,,전월세,201603,2016-03-15,60,59.9,220000,0,전세
래미안퍼스티지,11650-3559,2009,,,16,3,2016,"80,000",84.93,25,18-1,0,,,반포대로 275,0,00275,00000,2121003,2,11650,11650,반포동,,전월세,201603,2016-03-16,26,25.7,80000,0,전세
래미안퍼스티지,11650-3559,2009,,,17,3,2016,"175,000",169.31,9,18-1,0,,,반포대로 275,0,00275,00000,2121003,2,11650,11650,반포동,,전월세,201603,2016-03-17,51,51.2,175000,0,전세
래미안퍼스티지,11650-3559,2009,,,5,4,2016,"130,000",84.93,15,18-1,0,,,반포대로 275,0,00275,00000,2121003,2,11650,11650,반포동,,전월세,201604,2016-04-05,26,25.7,130000,0,전세
래미안퍼스티지,11650-3559,2009,,,6,4,2016,"195,000",198.04,7,18-1,0,,,반포대로 275,0,00275,00000,2121003,2,11650,11650,반포동,,전월세,201604,2016-04-06,60,59.9,195000,0,전세
래미안퍼스티지,11650-3559,2009,,,9,4,2016,"132,000",115.65,1,18-1,0,,,반포대로 275,0,00275,00000,2121003,2,11650,11650,반포동,,전월세,201604,2016-04-09,35,35.0,132000,0,전세
래미안퍼스티지,11650-3559,2009,,,23,4,2016,"91,000",59.96,13,18-1,0,,,반포대로 275,0,00275,00000,2121003,2,11650,11650,반포동,,전월세,201604,2016-04-23,18,18.1,91000,0,전세
래미안퍼스티지,11650-3559,2009,,,23,4,2016,"130,000",84.93,29,18-1,0,,,반포대로 275,0,00275,00000,2121003,2,11650,11650,반포동,,전월세,201604,2016-04-23,26,25.7,130000,0,전세
래미안퍼스티지,11650-3559,2009,,,13,5,2016,"240,000",222.15,5,18-1,0,,,반포대로 275,0,00275,00000,2121003,2,11650,11650,반포동,,전월세,201605,2016-05-13,67,67.2,240000,0,전세
래미안퍼스티지,11650-3559,2009,,,13,5,2016,"130,000",84.93,22,18-1,0,,,반포대로 275,0,00275,00000,2121003,2,11650,11650,반포동,,전월세,201605,2016-05-13,26,25.7,130000,0,전세
래미안퍼스티지,11650-3559,2009,,,1,6,2016,"230,000",198.04,21,18-1,0,,,반포대로 275,0,00275,00000,2121003,2,11650,11650,반포동,,전월세,201606,2016-06-01,60,59.9,230000,0,전세
래미안퍼스티지,11650-3559,2009,,,8,6,2016,"59,325",59.96,19,18-1,0,,,반포대로 275,0,00275,00000,2121003,2,11650,11650,반포동,,전월세,201606,2016-06-08,18,18.1,59325,0,전세
래미안퍼스티지,11650-3559,2009,,,8,6,2016,"135,000",84.93,30,18-1,0,,,반포대로 275,0,00275,00000,2121003,2,11650,11650,반포동,,전월세,201606,2016-06-08,26,25.7,135000,0,전세
래미안퍼스티지,11650-3559,2009,,,9,6,2016,"90,000",59.96,30,18-1,0,,,반포대로 275,0,00275,00000,2121003,2,11650,11650,반포동,,전월세,201606,2016-06-09,18,18.1,90000,0,전세
래미안퍼스티지,11650-3559,2009,,,25,6,2016,"130,000",84.93,17,18-1,0,,,반포대로 275,0,00275,00000,2121003,2,11650,11650,반포동,,전월세,201606,2016-06-25,26,25.7,130000,0,전세
래미안퍼스티지,11650-3559,2009,,,2,7,2016,"130,000",84.93,23,18-1,0,,,반포대로 275,0,00275,00000,2121003,2,11650,11650,반포동,,전월세,201607,2016-07-02,26,25.7,130000,0,전세
래미안퍼스티지,11650-3559,2009,,,6,7,2016,"265,000",222.76,19,18-1,0,,,반포대로 275,0,00275,00000,2121003,2,11650,11650,반포동,,전월세,201607,2016-07-06,67,67.4,265000,0,전세
래미안퍼스티지,11650-3559,2009,,,16,7,2016,"120,000",84.93,14,18-1,0,,,반포대로 275,0,00275,00000,2121003,2,11650,11650,반포동,,전월세,201607,2016-07-16,26,25.7,120000,0,전세
래미안퍼스티지,11650-3559,2009,,,19,7,2016,"132,000",84.93,19,18-1,0,,,반포대로 275,0,00275,00000,2121003,2,11650,11650,반포동,,전월세,201607,2016-07-19,26,25.7,132000,0,전세
래미안퍼스티지,11650-3559,2009,,,30,7,2016,"85,000",59.98,9,18-1,0,,,반포대로 275,0,00275,00000,2121003,2,11650,11650,반포동,,전월세,201607,2016-07-30,18,18.1,85000,0,전세
래미안퍼스티지,11650-3559,2009,,,3,8,2016,"128,000",84.93,21,18-1,0,,,반포대로 275,0,00275,00000,2121003,2,11650,11650,반포동,,전월세,201608,2016-08-03,26,25.7,128000,0,전세
래미안퍼스티지,11650-3559,2009,,,4,8,2016,"135,000",115.65,1,18-1,0,,,반포대로 275,0,00275,00000,2121003,2,11650,11650,반포동,,전월세,201608,2016-08-04,35,35.0,135000,0,전세
래미안퍼스티지,11650-3559,2009,,,5,8,2016,"120,000",169.31,19,18-1,0,,,반포대로 275,0,00275,00000,2121003,2,11650,11650,반포동,,전월세,201608,2016-08-05,51,51.2,120000,0,전세
래미안퍼스티지,11650-3559,2009,,,13,8,2016,"91,000",59.96,5,18-1,0,,,반포대로 275,0,00275,00000,2121003,2,11650,11650,반포동,,전월세,201608,2016-08-13,18,18.1,91000,0,전세
래미안퍼스티지,11650-3559,2009,,,17,8,2016,"250,000",222.15,26,18-1,0,,,반포대로 275,0,00275,00000,2121003,2,11650,11650,반포동,,전월세,201608,2016-08-17,67,67.2,250000,0,전세
래미안퍼스티지,11650-3559,2009,,,18,8,2016,"85,000",59.96,23,18-1,0,,,반포대로 275,0,00275,00000,2121003,2,11650,11650,반포동,,전월세,201608,2016-08-18,18,18.1,85000,0,전세
래미안퍼스티지,11650-3559,2009,,,19,8,2016,"95,000",59.89,13,18-1,0,,,반포대로 275,0,00275,00000,2121003,2,11650,11650,반포동,,전월세,201608,2016-08-19,18,18.1,95000,0,전세
래미안퍼스티지,11650-3559,2009,,,21,8,2016,"200,000",135.92,15,18-1,0,,,반포대로 275,0,00275,00000,2121003,2,11650,11650,반포동,,전월세,201608,2016-08-21,41,41.1,200000,0,전세
래미안퍼스티지,11650-3559,2009,,,27,8,2016,"215,000",169.31,6,18-1,0,,,반포대로 275,0,00275,00000,2121003,2,11650,11650,반포동,,전월세,201608,2016-08-27,51,51.2,215000,0,전세
래미안퍼스티지,11650-3559,2009,16.10~18.10,신규,30,8,2016,"96,000",59.96,23,18-1,0,,,반포대로 275,0,00275,00000,2121003,2,11650,11650,반포동,,전월세,201608,2016-08-30,18,18.1,96000,0,전세
래미안퍼스티지,11650-3559,2009,,,3,9,2016,"190,000",135.92,18,18-1,0,,,반포대로 275,0,00275,00000,2121003,2,11650,11650,반포동,,전월세,201609,2016-09-03,41,41.1,190000,0,전세
래미안퍼스티지,11650-3559,2009,,,6,9,2016,"95,000",59.89,13,18-1,0,,,반포대로 275,0,00275,00000,2121003,2,11650,11650,반포동,,전월세,201609,2016-09-06,18,18.1,95000,0,전세
래미안퍼스티지,11650-3559,2009,,,9,9,2016,"215,000",169.31,12,18-1,0,,,반포대로 275,0,00275,00000,2121003,2,11650,11650,반포동,,전월세,201609,2016-09-09,51,51.2,215000,0,전세
래미안퍼스티지,11650-3559,2009,,,12,9,2016,"94,000",59.96,16,18-1,0,,,반포대로 275,0,00275,00000,2121003,2,11650,11650,반포동,,전월세,201609,2016-09-12,18,18.1,94000,0,전세
래미안퍼스티지,11650-3559,2009,,,12,9,2016,"120,000",84.93,27,18-1,0,,,반포대로 275,0,00275,00000,2121003,2,11650,11650,반포동,,전월세,201609,2016-09-12,26,25.7,120000,0,전세
래미안퍼스티지,11650-3559,2009,,,26,9,2016,"205,000",169.31,19,18-1,0,,,반포대로 275,0,00275,00000,2121003,2,11650,11650,반포동,,전월세,201609,2016-09-26,51,51.2,205000,0,전세
래미안퍼스티지,11650-3559,2009,,,26,9,2016,"95,000",59.89,13,18-1,0,,,반포대로 275,0,00275,00000,2121003,2,11650,11650,반포동,,전월세,201609,2016-09-26,18,18.1,95000,0,전세
래미안퍼스티지,11650-3559,2009,,,28,9,2016,"245,000",198.04,12,18-1,0,,,반포대로 275,0,00275,00000,2121003,2,11650,11650,반포동,,전월세,201609,2016-09-28,60,59.9,245000,0,전세
래미안퍼스티지,11650-3559,2009,,,28,9,2016,"120,000",84.85,20,18-1,0,,,반포대로 275,0,00275,00000,2121003,2,11650,11650,반포동,,전월세,201609,2016-09-28,26,25.7,120000,0,전세
래미안퍼스티지,11650-3559,2009,,,28,9,2016,"130,000",84.93,29,18-1,0,,,반포대로 275,0,00275,00000,2121003,2,11650,11650,반포동,,전월세,201609,2016-09-28,26,25.7,130000,0,전세
래미안퍼스티지,11650-3559,2009,,,1,10,2016,"120,000",84.93,11,18-1,0,,,반포대로 275,0,00275,00000,2121003,2,11650,11650,반포동,,전월세,201610,2016-10-01,26,25.7,120000,0,전세
래미안퍼스티지,11650-3559,2009,,,1,10,2016,"120,000",84.93,22,18-1,0,,,반포대로 275,0,00275,00000,2121003,2,11650,11650,반포동,,전월세,201610,2016-10-01,26,25.7,120000,0,전세
래미안퍼스티지,11650-3559,2009,,,4,10,2016,"115,000",84.85,4,18-1,0,,,반포대로 275,0,00275,00000,2121003,2,11650,11650,반포동,,전월세,201610,2016-10-04,26,25.7,115000,0,전세
래미안퍼스티지,11650-3559,2009,16.02~18.02,갱신,8,10,2016,"128,000",84.76,24,18-1,0,"128,000",,반포대로 275,0,00275,00000,2121003,2,11650,11650,반포동,,전월세,201610,2016-10-08,26,25.6,128000,0,전세
래미안퍼스티지,11650-3559,2009,,,14,10,2016,"120,000",84.93,26,18-1,0,,,반포대로 275,0,00275,00000,2121003,2,11650,11650,반포동,,전월세,201610,2016-10-14,26,25.7,120000,0,전세
래미안퍼스티지,11650-3559,2009,,,15,10,2016,"140,000",117.12,6,18-1,0,,,반포대로 275,0,00275,00000,2121003,2,11650,11650,반포동,,전월세,201610,2016-10-15,35,35.4,140000,0,전세
래미안퍼스티지,11650-3559,2009,,,21,10,2016,"125,000",84.76,13,18-1,0,,,반포대로 275,0,00275,00000,2121003,2,11650,11650,반포동,,전월세,201610,2016-10-21,26,25.6,125000,0,전세
래미안퍼스티지,11650-3559,2009,,,26,10,2016,"245,000",222.15,18,18-1,0,,,반포대로 275,0,00275,00000,2121003,2,11650,11650,반포동,,전월세,201610,2016-10-26,67,67.2,245000,0,전세
래미안퍼스티지,11650-3559,2009,,,26,10,2016,"50,781",59.96,15,18-1,0,,,반포대로 275,0,00275,00000,2121003,2,11650,11650,반포동,,전월세,201610,2016-10-26,18,18.1,50781,0,전세
래미안퍼스티지,11650-3559,2009,,,28,10,2016,"190,000",135.92,25,18-1,0,,,반포대로 275,0,00275,00000,2121003,2,11650,11650,반포동,,전월세,201610,2016-10-28,41,41.1,190000,0,전세
래미안퍼스티지,11650-3559,2009,,,29,10,2016,"110,000",84.93,3,18-1,0,,,반포대로 275,0,00275,00000,2121003,2,11650,11650,반포동,,전월세,201610,2016-10-29,26,25.7,110000,0,전세
래미안퍼스티지,11650-3559,2009,,,1,11,2016,"170,000",222.76,3,18-1,0,,,반포대로 275,0,00275,00000,2121003,2,11650,11650,반포동,,전월세,201611,2016-11-01,67,67.4,170000,0,전세
래미안퍼스티지,11650-3559,2009,,,3,11,2016,"75,000",59.89,28,18-1,0,,,반포대로 275,0,00275,00000,2121003,2,11650,11650,반포동,,전월세,201611,2016-11-03,18,18.1,75000,0,전세
래미안퍼스티지,11650-3559,2009,,,4,11,2016,"130,000",84.85,20,18-1,0,,,반포대로 275,0,00275,00000,2121003,2,11650,11650,반포동,,전월세,201611,2016-11-04,26,25.7,130000,0,전세
래미안퍼스티지,11650-3559,2009,,,4,11,2016,"107,500",84.93,14,18-1,0,,,반포대로 275,0,00275,00000,2121003,2,11650,11650,반포동,,전월세,201611,2016-11-04,26,25.7,107500,0,전세
래미안퍼스티지,11650-3559,2009,,,8,11,2016,"85,000",59.96,21,18-1,0,,,반포대로 275,0,00275,00000,2121003,2,11650,11650,반포동,,전월세,201611,2016-11-08,18,18.1,85000,0,전세
래미안퍼스티지,11650-3559,2009,,,11,11,2016,"280,000",222.76,16,18-1,0,,,반포대로 275,0,00275,00000,2121003,2,11650,11650,반포동,,전월세,201611,2016-11-11,67,67.4,280000,0,전세
래미안퍼스티지,11650-3559,2009,,,14,11,2016,"180,000",169.31,1,18-1,0,,,반포대로 275,0,00275,00000,2121003,2,11650,11650,반포동,,전월세,201611,2016-11-14,51,51.2,180000,0,전세
래미안퍼스티지,11650-3559,2009,,,15,11,2016,"120,000",84.93,26,18-1,0,,,반포대로 275,0,00275,00000,2121003,2,11650,11650,반포동,,전월세,201611,2016-11-15,26,25.7,120000,0,전세
래미안퍼스티지,11650-3559,2009,,,17,11,2016,"123,000",84.93,28,18-1,0,,,반포대로 275,0,00275,00000,2121003,2,11650,11650,반포동,,전월세,201611,2016-11-17,26,25.7,123000,0,전세
래미안퍼스티지,11650-3559,2009,,,21,11,2016,"70,000",84.93,1,18-1,0,,,반포대로 275,0,00275,00000,2121003,2,11650,11650,반포동,,전월세,201611,2016-11-21,26,25.7,70000,0,전세
래미안퍼스티지,11650-3559,2009,,,22,11,2016,"125,000",84.93,13,18-1,0,,,반포대로 275,0,00275,00000,2121003,2,11650,11650,반포동,,전월세,201611,2016-11-22,26,25.7,125000,0,전세
래미안퍼스티지,11650-3559,2009,,,24,11,2016,"92,000",59.96,26,18-1,0,,,반포대로 275,0,00275,00000,2121003,2,11650,11650,반포동,,전월세,201611,2016-11-24,18,18.1,92000,0,전세
래미안퍼스티지,11650-3559,2009,,,25,11,2016,"235,000",198.22,17,18-1,0,,,반포대로 275,0,00275,00000,2121003,2,11650,11650,반포동,,전월세,201611,2016-11-25,60,60.0,235000,0,전세
래미안퍼스티지,11650-3559,2009,,,26,11,2016,"85,000",59.96,26,18-1,0,,,반포대로 275,0,00275,00000,2121003,2,11650,11650,반포동,,전월세,201611,2016-11-26,18,18.1,85000,0,전세
래미안퍼스티지,11650-3559,2009,,,30,11,2016,"130,000",84.93,1,18-1,0,,,반포대로 275,0,00275,00000,2121003,2,11650,11650,반포동,,전월세,201611,2016-11-30,26,25.7,130000,0,전세
래미안퍼스티지,11650-3559,2009,,,1,12,2016,"260,000",222.76,14,18-1,0,,,반포대로 275,0,00275,00000,2121003,2,11650,11650,반포동,,전월세,201612,2016-12-01,67,67.4,260000,0,전세
래미안퍼스티지,11650-3559,2009,,,10,12,2016,"130,000",84.93,23,18-1,0,,,반포대로 275,0,00275,00000,2121003,2,11650,11650,반포동,,전월세,201612,2016-12-10,26,25.7,130000,0,전세
래미안퍼스티지,11650-3559,2009,,,12,12,2016,"220,000",169.31,25,18-1,0,,,반포대로 275,0,00275,00000,2121003,2,11650,11650,반포동,,전월세,201612,2016-12-12,51,51.2,220000,0,전세
래미안퍼스티지,11650-3559,2009,,,13,12,2016,"80,000",59.89,21,18-1,0,,,반포대로 275,0,00275,00000,2121003,2,11650,11650,반포동,,전월세,201612,2016-12-13,18,18.1,80000,0,전세
래미안퍼스티지,11650-3559,2009,,,13,12,2016,"96,000",59.96,19,18-1,0,,,반포대로 275,0,00275,00000,2121003,2,11650,11650,반포동,,전월세,201612,2016-12-13,18,18.1,96000,0,전세
래미안퍼스티지,11650-3559,2009,,,13,12,2016,"90,000",59.96,16,18-1,0,,,반포대로 275,0,00275,00000,2121003,2,11650,11650,반포동,,전월세,201612,2016-12-13,18,18.1,90000,0,전세
래미안퍼스티지,11650-3559,2009,,,14,12,2016,"240,000",222.15,13,18-1,0,,,반포대로 275,0,00275,00000,2121003,2,11650,11650,반포동,,전월세,201612,2016-12-14,67,67.2,240000,0,전세
래미안퍼스티지,11650-3559,2009,,,17,12,2016,"92,000",59.89,4,18-1,0,,,반포대로 275,0,00275,00000,2121003,2,11650,11650,반포동,,전월세,201612,2016-12-17,18,18.1,92000,0,전세
래미안퍼스티지,11650-3559,2009,,,23,12,2016,"195,000",168.65,16,18-1,0,,,반포대로 275,0,00275,00000,2121003,2,11650,11650,반포동,,전월세,201612,2016-12-23,51,51.0,195000,0,전세
래미안퍼스티지,11650-3559,2009,,,24,12,2016,"130,000",84.93,7,18-1,0,,,반포대로 275,0,00275,00000,2121003,2,11650,11650,반포동,,전월세,201612,2016-12-24,26,25.7,130000,0,전세
래미안퍼스티지,11650-3559,2009,,,27,12,2016,"90,000",59.96,1,18-1,0,,,반포대로 275,0,00275,00000,2121003,2,11650,11650,반포동,,전월세,201612,2016-12-27,18,18.1,90000,0,전세
래미안퍼스티지,11650-3559,2009,,,28,12,2016,"205,000",135.92,14,18-1,0,,,반포대로 275,0,00275,00000,2121003,2,11650,11650,반포동,,전월세,201612,2016-12-28,41,41.1,205000,0,전세
래미안퍼스티지,11650-3559,2009,,,3,1,2017,"84,000",59.96,22,18-1,0,,,반포대로 275,0,00275,00000,2121003,2,11650,11650,반포동,,전월세,201701,2017-01-03,18,18.1,84000,0,전세
래미안퍼스티지,11650-3559,2009,,,3,1,2017,"123,000",84.93,31,18-1,0,,,반포대로 275,0,00275,00000,2121003,2,11650,11650,반포동,,전월세,201701,2017-01-03,26,25.7,123000,0,전세
래미안퍼스티지,11650-3559,2009,,,20,1,2017,"130,000",84.93,31,18-1,0,,,반포대로 275,0,00275,00000,2121003,2,11650,11650,반포동,,전월세,201701,2017-01-20,26,25.7,130000,0,전세
래미안퍼스티지,11650-3559,2009,,,20,1,2017,"110,000",84.93,18,18-1,0,,,반포대로 275,0,00275,00000,2121003,2,11650,11650,반포동,,전월세,201701,2017-01-20,26,25.7,110000,0,전세
래미안퍼스티지,11650-3559,2009,,,24,1,2017,"130,000",84.93,15,18-1,0,,,반포대로 275,0,00275,00000,2121003,2,11650,11650,반포동,,전월세,201701,2017-01-24,26,25.7,130000,0,전세
래미안퍼스티지,11650-3559,2009,17.04~19.04,갱신,25,1,2017,"130,000",84.93,30,18-1,0,"110,000",,반포대로 275,0,00275,00000,2121003,2,11650,11650,반포동,,전월세,201701,2017-01-25,26,25.7,130000,0,전세
래미안퍼스티지,11650-3559,2009,,,3,3,2017,"125,000",84.93,1,18-1,0,,,반포대로 275,0,00275,00000,2121003,2,11650,11650,반포동,,전월세,201703,2017-03-03,26,25.7,125000,0,전세
래미안퍼스티지,11650-3559,2009,,,4,3,2017,"125,000",84.93,20,18-1,0,,,반포대로 275,0,00275,00000,2121003,2,11650,11650,반포동,,전월세,201703,2017-03-04,26,25.7,125000,0,전세
래미안퍼스티지,11650-3559,2009,,,9,3,2017,"130,000",84.93,25,18-1,0,,,반포대로 275,0,00275,00000,2121003,2,11650,11650,반포동,,전월세,201703,2017-03-09,26,25.7,130000,0,전세
래미안퍼스티지,11650-3559,2009,,,14,3,2017,"255,000",198.04,13,18-1,0,,,반포대로 275,0,00275,00000,2121003,2,11650,11650,반포동,,전월세,201703,2017-03-14,60,59.9,255000,0,전세
래미안퍼스티지,11650-3559,2009,,,17,3,2017,"180,000",135.92,31,18-1,0,,,반포대로 275,0,00275,00000,2121003,2,11650,11650,반포동,,전월세,201703,2017-03-17,41,41.1,180000,0,전세
래미안퍼스티지,11650-3559,2009,,,21,3,2017,"59,325",59.89,30,18-1,0,,,반포대로 275,0,00275,00000,2121003,2,11650,11650,반포동,,전월세,201703,2017-03-21,18,18.1,59325,0,전세
래미안퍼스티지,11650-3559,2009,,,22,3,2017,"185,000",135.92,21,18-1,0,,,반포대로 275,0,00275,00000,2121003,2,11650,11650,반포동,,전월세,201703,2017-03-22,41,41.1,185000,0,전세
래미안퍼스티지,11650-3559,2009,,,24,3,2017,"73,500",84.93,4,18-1,0,,,반포대로 275,0,00275,00000,2121003,2,11650,11650,반포동,,전월세,201703,2017-03-24,26,25.7,73500,0,전세
래미안퍼스티지,11650-3559,2009,,,25,3,2017,"123,000",84.93,10,18-1,0,,,반포대로 275,0,00275,00000,2121003,2,11650,11650,반포동,,전월세,201703,2017-03-25,26,25.7,123000,0,전세
래미안퍼스티지,11650-3559,2009,,,8,4,2017,"92,000",59.98,21,18-1,0,,,반포대로 275,0,00275,00000,2121003,2,11650,11650,반포동,,전월세,201704,2017-04-08,18,18.1,92000,0,전세
래미안퍼스티지,11650-3559,2009,,,12,4,2017,"130,000",84.93,16,18-1,0,,,반포대로 275,0,00275,00000,2121003,2,11650,11650,반포동,,전월세,201704,2017-04-12,26,25.7,130000,0,전세
래미안퍼스티지,11650-3559,2009,,,17,4,2017,"195,000",135.92,1,18-1,0,,,반포대로 275,0,00275,00000,2121003,2,11650,11650,반포동,,전월세,201704,2017-04-17,41,41.1,195000,0,전세
래미안퍼스티지,11650-3559,2009,,,20,4,2017,"220,000",169.31,28,18-1,0,,,반포대로 275,0,00275,00000,2121003,2,11650,11650,반포동,,전월세,201704,2017-04-20,51,51.2,220000,0,전세
래미안퍼스티지,11650-3559,2009,,,26,4,2017,"128,000",84.93,9,18-1,0,,,반포대로 275,0,00275,00000,2121003,2,11650,11650,반포동,,전월세,201704,2017-04-26,26,25.7,128000,0,전세
래미안퍼스티지,11650-3559,2009,,,27,4,2017,"125,000",84.93,26,18-1,0,,,반포대로 275,0,00275,00000,2121003,2,11650,11650,반포동,,전월세,201704,2017-04-27,26,25.7,125000,0,전세
래미안퍼스티지,11650-3559,2009,,,28,4,2017,"127,000",84.93,16,18-1,0,,,반포대로 275,0,00275,00000,2121003,2,11650,11650,반포동,,전월세,201704,2017-04-28,26,25.7,127000,0,전세
래미안퍼스티지,11650-3559,2009,,,29,4,2017,"90,000",59.89,27,18-1,0,,,반포대로 275,0,00275,00000,2121003,2,11650,11650,반포동,,전월세,201704,2017-04-29,18,18.1,90000,0,전세
래미안퍼스티지,11650-3559,2009,,,17,5,2017,"130,000",84.93,4,18-1,0,,,반포대로 275,0,00275,00000,2121003,2,11650,11650,반포동,,전월세,201705,2017-05-17,26,25.7,130000,0,전세
래미안퍼스티지,11650-3559,2009,,,19,5,2017,"225,000",169.31,13,18-1,0,,,반포대로 275,0,00275,00000,2121003,2,11650,11650,반포동,,전월세,201705,2017-05-19,51,51.2,225000,0,전세
래미안퍼스티지,11650-3559,2009,,,19,5,2017,"135,000",84.93,13,18-1,0,,,반포대로 275,0,00275,00000,2121003,2,11650,11650,반포동,,전월세,201705,2017-05-19,26,25.7,135000,0,전세
래미안퍼스티지,11650-3559,2009,,,22,5,2017,"95,000",59.89,23,18-1,0,,,반포대로 275,0,00275,00000,2121003,2,11650,11650,반포동,,전월세,201705,2017-05-22,18,18.1,95000,0,전세
래미안퍼스티지,11650-3559,2009,,,23,5,2017,"250,000",222.15,24,18-1,0,,,반포대로 275,0,00275,00000,2121003,2,11650,11650,반포동,,전월세,201705,2017-05-23,67,67.2,250000,0,전세
래미안퍼스티지,11650-3559,2009,,,27,5,2017,"140,000",84.93,15,18-1,0,,,반포대로 275,0,00275,00000,2121003,2,11650,11650,반포동,,전월세,201705,2017-05-27,26,25.7,140000,0,전세
래미안퍼스티지,11650-3559,2009,,,30,5,2017,"125,000",84.93,9,18-1,0,,,반포대로 275,0,00275,00000,2121003,2,11650,11650,반포동,,전월세,201705,2017-05-30,26,25.7,125000,0,전세
래미안퍼스티지,11650-3559,2009,,,3,6,2017,"235,000",169.31,15,18-1,0,,,반포대로 275,0,00275,00000,2121003,2,11650,11650,반포동,,전월세,201706,2017-06-03,51,51.2,235000,0,전세
래미안퍼스티지,11650-3559,2009,,,7,6,2017,"97,000",59.96,17,18-1,0,,,반포대로 275,0,00275,00000,2121003,2,11650,11650,반포동,,전월세,201706,2017-06-07,18,18.1,97000,0,전세
래미안퍼스티지,11650-3559,2009,,,8,6,2017,"140,000",84.93,19,18-1,0,,,반포대로 275,0,00275,00000,2121003,2,11650,11650,반포동,,전월세,201706,2017-06-08,26,25.7,140000,0,전세
래미안퍼스티지,11650-3559,2009,,,9,6,2017,"93,000",59.89,26,18-1,0,,,반포대로 275,0,00275,00000,2121003,2,11650,11650,반포동,,전월세,201706,2017-06-09,18,18.1,93000,0,전세
래미안퍼스티지,11650-3559,2009,,,10,6,2017,"130,000",84.93,4,18-1,0,,,반포대로 275,0,00275,00000,2121003,2,11650,11650,반포동,,전월세,201706,2017-06-10,26,25.7,130000,0,전세
래미안퍼스티지,11650-3559,2009,,,15,6,2017,"91,000",59.89,7,18-1,0,,,반포대로 275,0,00275,00000,2121003,2,11650,11650,반포동,,전월세,201706,2017-06-15,18,18.1,91000,0,전세
래미안퍼스티지,11650-3559,2009,,,15,6,2017,"135,000",84.93,22,18-1,0,,,반포대로 275,0,00275,00000,2121003,2,11650,11650,반포동,,전월세,201706,2017-06-15,26,25.7,135000,0,전세
래미안퍼스티지,11650-3559,2009,,,17,6,2017,"95,000",59.89,5,18-1,0,,,반포대로 275,0,00275,00000,2121003,2,11650,11650,반포동,,전월세,201706,2017-06-17,18,18.1,95000,0,전세
래미안퍼스티지,11650-3559,2009,,,17,6,2017,"122,000",84.93,23,18-1,0,,,반포대로 275,0,00275,00000,2121003,2,11650,11650,반포동,,전월세,201706,2017-06-17,26,25.7,122000,0,전세
래미안퍼스티지,11650-3559,2009,,,19,6,2017,"130,000",84.93,20,18-1,0,,,반포대로 275,0,00275,00000,2121003,2,11650,11650,반포동,,전월세,201706,2017-06-19,26,25.7,130000,0,전세
래미안퍼스티지,11650-3559,2009,,,28,6,2017,"210,000",169.31,10,18-1,0,,,반포대로 275,0,00275,00000,2121003,2,11650,11650,반포동,,전월세,201706,2017-06-28,51,51.2,210000,0,전세
래미안퍼스티지,11650-3559,2009,,,5,7,2017,"89,000",59.96,29,18-1,0,,,반포대로 275,0,00275,00000,2121003,2,11650,11650,반포동,,전월세,201707,2017-07-05,18,18.1,89000,0,전세
래미안퍼스티지,11650-3559,2009,,,5,7,2017,"97,000",59.96,18,18-1,0,,,반포대로 275,0,00275,00000,2121003,2,11650,11650,반포동,,전월세,201707,2017-07-05,18,18.1,97000,0,전세
래미안퍼스티지,11650-3559,2009,,,8,7,2017,"90,000",59.89,13,18-1,0,,,반포대로 275,0,00275,00000,2121003,2,11650,11650,반포동,,전월세,201707,2017-07-08,18,18.1,90000,0,전세
래미안퍼스티지,11650-3559,2009,,,8,7,2017,"130,000",84.93,3,18-1,0,,,반포대로 275,0,00275,00000,2121003,2,11650,11650,반포동,,전월세,201707,2017-07-08,26,25.7,130000,0,전세
래미안퍼스티지,11650-3559,2009,,,14,7,2017,"210,000",198.04,9,18-1,0,,,반포대로 275,0,00275,00000,2121003,2,11650,11650,반포동,,전월세,201707,2017-07-14,60,59.9,210000,0,전세
래미안퍼스티지,11650-3559,2009,,,14,7,2017,"133,000",84.93,22,18-1,0,,,반포대로 275,0,00275,00000,2121003,2,11650,11650,반포동,,전월세,201707,2017-07-14,26,25.7,133000,0,전세
래미안퍼스티지,11650-3559,2009,,,15,7,2017,"96,000",59.89,18,18-1,0,,,반포대로 275,0,00275,00000,2121003,2,11650,11650,반포동,,전월세,201707,2017-07-15,18,18.1,96000,0,전세
래미안퍼스티지,11650-3559,2009,,,20,7,2017,"130,000",84.93,24,18-1,0,,,반포대로 275,0,00275,00000,2121003,2,11650,11650,반포동,,전월세,201707,2017-07-20,26,25.7,130000,0,전세
래미안퍼스티지,11650-3559,2009,,,21,7,2017,"125,000",84.93,22,18-1,0,,,반포대로 275,0,00275,00000,2121003,2,11650,11650,반포동,,전월세,201707,2017-07-21,26,25.7,125000,0,전세
래미안퍼스티지,11650-3559,2009,,,21,7,2017,"130,000",84.93,22,18-1,0,,,반포대로 275,0,00275,00000,2121003,2,11650,11650,반포동,,전월세,201707,2017-07-21,26,25.7,130000,0,전세
래미안퍼스티지,11650-3559,2009,,,25,7,2017,"99,000",84.93,30,18-1,0,,,반포대로 275,0,00275,00000,2121003,2,11650,11650,반포동,,전월세,201707,2017-07-25,26,25.7,99000,0,전세
래미안퍼스티지,11650-3559,2009,,,27,7,2017,"135,000",84.93,26,18-1,0,,,반포대로 275,0,00275,00000,2121003,2,11650,11650,반포동,,전월세,201707,2017-07-27,26,25.7,135000,0,전세
래미안퍼스티지,11650-3559,2009,,,28,7,2017,"41,343",59.98,2,18-1,0,,,반포대로 275,0,00275,00000,2121003,2,11650,11650,반포동,,전월세,201707,2017-07-28,18,18.1,41343,0,전세
래미안퍼스티지,11650-3559,2009,,,31,7,2017,"45,477",59.96,25,18-1,0,,,반포대로 275,0,00275,00000,2121003,2,11650,11650,반포동,,전월세,201707,2017-07-31,18,18.1,45477,0,전세
래미안퍼스티지,11650-3559,2009,,,1,8,2017,"200,000",222.76,20,18-1,0,,,반포대로 275,0,00275,00000,2121003,2,11650,11650,반포동,,전월세,201708,2017-08-01,67,67.4,200000,0,전세
래미안퍼스티지,11650-3559,2009,,,3,8,2017,"200,000",135.92,21,18-1,0,,,반포대로 275,0,00275,00000,2121003,2,11650,11650,반포동,,전월세,201708,2017-08-03,41,41.1,200000,0,전세
래미안퍼스티지,11650-3559,2009,,,4,8,2017,"95,000",59.96,29,18-1,0,,,반포대로 275,0,00275,00000,2121003,2,11650,11650,반포동,,전월세,201708,2017-08-04,18,18.1,95000,0,전세
래미안퍼스티지,11650-3559,2009,,,5,8,2017,"125,000",84.93,29,18-1,0,,,반포대로 275,0,00275,00000,2121003,2,11650,11650,반포동,,전월세,201708,2017-08-05,26,25.7,125000,0,전세
래미안퍼스티지,11650-3559,2009,,,7,8,2017,"125,000",84.93,7,18-1,0,,,반포대로 275,0,00275,00000,2121003,2,11650,11650,반포동,,전월세,201708,2017-08-07,26,25.7,125000,0,전세
래미안퍼스티지,11650-3559,2009,,,9,8,2017,"240,000",198.22,12,18-1,0,,,반포대로 275,0,00275,00000,2121003,2,11650,11650,반포동,,전월세,201708,2017-08-09,60,60.0,240000,0,전세
래미안퍼스티지,11650-3559,2009,,,9,8,2017,"122,000",84.93,31,18-1,0,,,반포대로 275,0,00275,00000,2121003,2,11650,11650,반포동,,전월세,201708,2017-08-09,26,25.7,122000,0,전세
래미안퍼스티지,11650-3559,2009,,,11,8,2017,"195,000",135.92,27,18-1,0,,,반포대로 275,0,00275,00000,2121003,2,11650,11650,반포동,,전월세,201708,2017-08-11,41,41.1,195000,0,전세
래미안퍼스티지,11650-3559,2009,,,11,8,2017,"128,000",84.93,7,18-1,0,,,반포대로 275,0,00275,00000,2121003,2,11650,11650,반포동,,전월세,201708,2017-08-11,26,25.7,128000,0,전세
래미안퍼스티지,11650-3559,2009,,,12,8,2017,"130,000",84.93,23,18-1,0,,,반포대로 275,0,00275,00000,2121003,2,11650,11650,반포동,,전월세,201708,2017-08-12,26,25.7,130000,0,전세
래미안퍼스티지,11650-3559,2009,,,13,8,2017,"130,000",84.93,24,18-1,0,,,반포대로 275,0,00275,00000,2121003,2,11650,11650,반포동,,전월세,201708,2017-08-13,26,25.7,130000,0,전세
래미안퍼스티지,11650-3559,2009,,,14,8,2017,"245,000",198.04,3,18-1,0,,,반포대로 275,0,00275,00000,2121003,2,11650,11650,반포동,,전월세,201708,2017-08-14,60,59.9,245000,0,전세
래미안퍼스티지,11650-3559,2009,,,19,8,2017,"250,000",198.04,26,18-1,0,,,반포대로 275,0,00275,00000,2121003,2,11650,11650,반포동,,전월세,201708,2017-08-19,60,59.9,250000,0,전세
래미안퍼스티지,11650-3559,2009,,,19,8,2017,"250,000",198.04,26,18-1,0,,,반포대로 275,0,00275,00000,2121003,2,11650,11650,반포동,,전월세,201708,2017-08-19,60,59.9,250000,0,전세
래미안퍼스티지,11650-3559,2009,,,22,8,2017,"99,000",59.96,20,18-1,0,,,반포대로 275,0,00275,00000,2121003,2,11650,11650,반포동,,전월세,201708,2017-08-22,18,18.1,99000,0,전세
래미안퍼스티지,11650-3559,2009,,,22,8,2017,"125,000",84.93,29,18-1,0,,,반포대로 275,0,00275,00000,2121003,2,11650,11650,반포동,,전월세,201708,2017-08-22,26,25.7,125000,0,전세
래미안퍼스티지,11650-3559,2009,,,24,8,2017,"230,000",222.76,22,18-1,0,,,반포대로 275,0,00275,00000,2121003,2,11650,11650,반포동,,전월세,201708,2017-08-24,67,67.4,230000,0,전세
래미안퍼스티지,11650-3559,2009,,,26,8,2017,"128,000",84.93,29,18-1,0,,,반포대로 275,0,00275,00000,2121003,2,11650,11650,반포동,,전월세,201708,2017-08-26,26,25.7,128000,0,전세
래미안퍼스티지,11650-3559,2009,,,28,8,2017,"41,343",59.96,24,18-1,0,,,반포대로 275,0,00275,00000,2121003,2,11650,11650,반포동,,전월세,201708,2017-08-28,18,18.1,41343,0,전세
래미안퍼스티지,11650-3559,2009,,,1,9,2017,"130,000",84.93,10,18-1,0,,,반포대로 275,0,00275,00000,2121003,2,11650,11650,반포동,,전월세,201709,2017-09-01,26,25.7,130000,0,전세
래미안퍼스티지,11650-3559,2009,,,4,9,2017,"170,000",115.65,6,18-1,0,,,반포대로 275,0,00275,00000,2121003,2,11650,11650,반포동,,전월세,201709,2017-09-04,35,35.0,170000,0,전세
래미안퍼스티지,11650-3559,2009,,,4,9,2017,"260,000",222.76,15,18-1,0,,,반포대로 275,0,00275,00000,2121003,2,11650,11650,반포동,,전월세,201709,2017-09-04,67,67.4,260000,0,전세
래미안퍼스티지,11650-3559,2009,,,6,9,2017,"93,000",59.98,20,18-1,0,,,반포대로 275,0,00275,00000,2121003,2,11650,11650,반포동,,전월세,201709,2017-09-06,18,18.1,93000,0,전세
래미안퍼스티지,11650-3559,2009,,,8,9,2017,"96,000",59.96,4,18-1,0,,,반포대로 275,0,00275,00000,2121003,2,11650,11650,반포동,,전월세,201709,2017-09-08,18,18.1,96000,0,전세
래미안퍼스티지,11650-3559,2009,,,9,9,2017,"136,000",84.93,27,18-1,0,,,반포대로 275,0,00275,00000,2121003,2,11650,11650,반포동,,전월세,201709,2017-09-09,26,25.7,136000,0,전세
래미안퍼스티지,11650-3559,2009,,,11,9,2017,"125,000",84.93,15,18-1,0,,,반포대로 275,0,00275,00000,2121003,2,11650,11650,반포동,,전월세,201709,2017-09-11,26,25.7,125000,0,전세
래미안퍼스티지,11650-3559,2009,,,17,9,2017,"135,000",84.93,27,18-1,0,,,반포대로 275,0,00275,00000,2121003,2,11650,11650,반포동,,전월세,201709,2017-09-17,26,25.7,135000,0,전세
래미안퍼스티지,11650-3559,2009,,,20,9,2017,"210,000",169.31,22,18-1,0,,,반포대로 275,0,00275,00000,2121003,2,11650,11650,반포동,,전월세,201709,2017-09-20,51,51.2,210000,0,전세
래미안퍼스티지,11650-3559,2009,,,23,9,2017,"200,000",136.65,29,18-1,0,,,반포대로 275,0,00275,00000,2121003,2,11650,11650,반포동,,전월세,201709,2017-09-23,41,41.3,200000,0,전세
래미안퍼스티지,11650-3559,2009,,,23,9,2017,"135,000",84.93,15,18-1,0,,,반포대로 275,0,00275,00000,2121003,2,11650,11650,반포동,,전월세,201709,2017-09-23,26,25.7,135000,0,전세
래미안퍼스티지,11650-3559,2009,,,28,9,2017,"130,000",84.93,24,18-1,0,,,반포대로 275,0,00275,00000,2121003,2,11650,11650,반포동,,전월세,201709,2017-09-28,26,25.7,130000,0,전세
래미안퍼스티지,11650-3559,2009,,,29,9,2017,"220,000",135.92,14,18-1,0,,,반포대로 275,0,00275,00000,2121003,2,11650,11650,반포동,,전월세,201709,2017-09-29,41,41.1,220000,0,전세
래미안퍼스티지,11650-3559,2009,,,29,9,2017,"120,000",84.93,5,18-1,0,,,반포대로 275,0,00275,00000,2121003,2,11650,11650,반포동,,전월세,201709,2017-09-29,26,25.7,120000,0,전세
래미안퍼스티지,11650-3559,2009,,,30,9,2017,"260,000",222.76,14,18-1,0,,,반포대로 275,0,00275,00000,2121003,2,11650,11650,반포동,,전월세,201709,2017-09-30,67,67.4,260000,0,전세
래미안퍼스티지,11650-3559,2009,,,30,9,2017,"98,000",59.89,22,18-1,0,,,반포대로 275,0,00275,00000,2121003,2,11650,11650,반포동,,전월세,201709,2017-09-30,18,18.1,98000,0,전세
래미안퍼스티지,11650-3559,2009,,,14,10,2017,"99,000",59.96,20,18-1,0,,,반포대로 275,0,00275,00000,2121003,2,11650,11650,반포동,,전월세,201710,2017-10-14,18,18.1,99000,0,전세
래미안퍼스티지,11650-3559,2009,,,16,10,2017,"240,000",198.22,13,18-1,0,,,반포대로 275,0,00275,00000,2121003,2,11650,11650,반포동,,전월세,201710,2017-10-16,60,60.0,240000,0,전세
래미안퍼스티지,11650-3559,2009,,,16,10,2017,"99,000",59.89,24,18-1,0,,,반포대로 275,0,00275,00000,2121003,2,11650,11650,반포동,,전월세,201710,2017-10-16,18,18.1,99000,0,전세
래미안퍼스티지,11650-3559,2009,,,17,10,2017,"29,835",59.96,6,18-1,0,,,반포대로 275,0,00275,00000,2121003,2,11650,11650,반포동,,전월세,201710,2017-10-17,18,18.1,29835,0,전세
래미안퍼스티지,11650-3559,2009,,,18,10,2017,"29,835",59.89,4,18-1,0,,,반포대로 275,0,00275,00000,2121003,2,11650,11650,반포동,,전월세,201710,2017-10-18,18,18.1,29835,0,전세
래미안퍼스티지,11650-3559,2009,,,20,10,2017,"220,000",168.65,25,18-1,0,,,반포대로 275,0,00275,00000,2121003,2,11650,11650,반포동,,전월세,201710,2017-10-20,51,51.0,220000,0,전세
래미안퍼스티지,11650-3559,2009,,,20,10,2017,"40,020",84.93,1,18-1,0,,,반포대로 275,0,00275,00000,2121003,2,11650,11650,반포동,,전월세,201710,2017-10-20,26,25.7,40020,0,전세
래미안퍼스티지,11650-3559,2009,,,23,10,2017,"260,000",222.76,19,18-1,0,,,반포대로 275,0,00275,00000,2121003,2,11650,11650,반포동,,전월세,201710,2017-10-23,67,67.4,260000,0,전세
래미안퍼스티지,11650-3559,2009,,,23,10,2017,"29,835",59.89,10,18-1,0,,,반포대로 275,0,00275,00000,2121003,2,11650,11650,반포동,,전월세,201710,2017-10-23,18,18.1,29835,0,전세
래미안퍼스티지,11650-3559,2009,,,23,10,2017,"135,000",84.93,8,18-1,0,,,반포대로 275,0,00275,00000,2121003,2,11650,11650,반포동,,전월세,201710,2017-10-23,26,25.7,135000,0,전세
래미안퍼스티지,11650-3559,2009,,,24,10,2017,"29,835",59.89,25,18-1,0,,,반포대로 275,0,00275,00000,2121003,2,11650,11650,반포동,,전월세,201710,2017-10-24,18,18.1,29835,0,전세
래미안퍼스티지,11650-3559,2009,,,25,10,2017,"40,020",84.85,7,18-1,0,,,반포대로 275,0,00275,00000,2121003,2,11650,11650,반포동,,전월세,201710,2017-10-25,26,25.7,40020,0,전세
래미안퍼스티지,11650-3559,2009,,,27,10,2017,"29,835",59.89,7,18-1,0,,,반포대로 275,0,00275,00000,2121003,2,11650,11650,반포동,,전월세,201710,2017-10-27,18,18.1,29835,0,전세
래미안퍼스티지,11650-3559,2009,,,27,10,2017,"29,835",59.89,17,18-1,0,,,반포대로 275,0,00275,00000,2121003,2,11650,11650,반포동,,전월세,201710,2017-10-27,18,18.1,29835,0,전세
래미안퍼스티지,11650-3559,2009,,,27,10,2017,"29,835",59.89,27,18-1,0,,,반포대로 275,0,00275,00000,2121003,2,11650,11650,반포동,,전월세,201710,2017-10-27,18,18.1,29835,0,전세
래미안퍼스티지,11650-3559,2009,,,27,10,2017,"29,835",59.89,21,18-1,0,,,반포대로 275,0,00275,00000,2121003,2,11650,11650,반포동,,전월세,201710,2017-10-27,18,18.1,29835,0,전세
래미안퍼스티지,11650-3559,2009,,,27,10,2017,"29,835",59.96,8,18-1,0,,,반포대로 275,0,00275,00000,2121003,2,11650,11650,반포동,,전월세,201710,2017-10-27,18,18.1,29835,0,전세
래미안퍼스티지,11650-3559,2009,,,27,10,2017,"29,835",59.96,4,18-1,0,,,반포대로 275,0,00275,00000,2121003,2,11650,11650,반포동,,전월세,201710,2017-10-27,18,18.1,29835,0,전세
래미안퍼스티지,11650-3559,2009,,,27,10,2017,"40,020",84.76,3,18-1,0,,,반포대로 275,0,00275,00000,2121003,2,11650,11650,반포동,,전월세,201710,2017-10-27,26,25.6,40020,0,전세
래미안퍼스티지,11650-3559,2009,,,27,10,2017,"40,020",84.85,10,18-1,0,,,반포대로 275,0,00275,00000,2121003,2,11650,11650,반포동,,전월세,201710,2017-10-27,26,25.7,40020,0,전세
래미안퍼스티지,11650-3559,2009,,,27,10,2017,"128,000",84.93,29,18-1,0,,,반포대로 275,0,00275,00000,2121003,2,11650,11650,반포동,,전월세,201710,2017-10-27,26,25.7,128000,0,전세
래미안퍼스티지,11650-3559,2009,,,30,10,2017,"29,835",59.89,26,18-1,0,,,반포대로 275,0,00275,00000,2121003,2,11650,11650,반포동,,전월세,201710,2017-10-30,18,18.1,29835,0,전세
래미안퍼스티지,11650-3559,2009,,,30,10,2017,"29,835",59.89,6,18-1,0,,,반포대로 275,0,00275,00000,2121003,2,11650,11650,반포동,,전월세,201710,2017-10-30,18,18.1,29835,0,전세
래미안퍼스티지,11650-3559,2009,,,30,10,2017,"28,983",59.96,17,18-1,0,,,반포대로 275,0,00275,00000,2121003,2,11650,11650,반포동,,전월세,201710,2017-10-30,18,18.1,28983,0,전세
래미안퍼스티지,11650-3559,2009,,,30,10,2017,"29,835",59.96,27,18-1,0,,,반포대로 275,0,00275,00000,2121003,2,11650,11650,반포동,,전월세,201710,2017-10-30,18,18.1,29835,0,전세
래미안퍼스티지,11650-3559,2009,,,30,10,2017,"29,835",59.96,11,18-1,0,,,반포대로 275,0,00275,00000,2121003,2,11650,11650,반포동,,전월세,201710,2017-10-30,18,18.1,29835,0,전세
래미안퍼스티지,11650-3559,2009,,,30,10,2017,"93,000",59.98,20,18-1,0,,,반포대로 275,0,00275,00000,2121003,2,11650,11650,반포동,,전월세,201710,2017-10-30,18,18.1,93000,0,전세
래미안퍼스티지,11650-3559,2009,,,30,10,2017,"28,983",59.98,5,18-1,0,,,반포대로 275,0,00275,00000,2121003,2,11650,11650,반포동,,전월세,201710,2017-10-30,18,18.1,28983,0,전세
래미안퍼스티지,11650-3559,2009,,,30,10,2017,"40,020",84.85,26,18-1,0,,,반포대로 275,0,00275,00000,2121003,2,11650,11650,반포동,,전월세,201710,2017-10-30,26,25.7,40020,0,전세
래미안퍼스티지,11650-3559,2009,,,30,10,2017,"40,020",84.93,3,18-1,0,,,반포대로 275,0,00275,00000,2121003,2,11650,11650,반포동,,전월세,201710,2017-10-30,26,25.7,40020,0,전세
래미안퍼스티지,11650-3559,2009,,,30,10,2017,"40,020",84.93,2,18-1,0,,,반포대로 275,0,00275,00000,2121003,2,11650,11650,반포동,,전월세,201710,2017-10-30,26,25.7,40020,0,전세
래미안퍼스티지,11650-3559,2009,,,31,10,2017,"29,835",59.89,28,18-1,0,,,반포대로 275,0,00275,00000,2121003,2,11650,11650,반포동,,전월세,201710,2017-10-31,18,18.1,29835,0,전세
래미안퍼스티지,11650-3559,2009,,,31,10,2017,"29,835",59.89,27,18-1,0,,,반포대로 275,0,00275,00000,2121003,2,11650,11650,반포동,,전월세,201710,2017-10-31,18,18.1,29835,0,전세
래미안퍼스티지,11650-3559,2009,,,31,10,2017,"29,835",59.96,12,18-1,0,,,반포대로 275,0,00275,00000,2121003,2,11650,11650,반포동,,전월세,201710,2017-10-31,18,18.1,29835,0,전세
래미안퍼스티지,11650-3559,2009,,,31,10,2017,"29,835",59.96,14,18-1,0,,,반포대로 275,0,00275,00000,2121003,2,11650,11650,반포동,,전월세,201710,2017-10-31,18,18.1,29835,0,전세
래미안퍼스티지,11650-3559,2009,,,31,10,2017,"29,835",59.98,12,18-1,0,,,반포대로 275,0,00275,00000,2121003,2,11650,11650,반포동,,전월세,201710,2017-10-31,18,18.1,29835,0,전세
래미안퍼스티지,11650-3559,2009,,,31,10,2017,"29,835",59.98,18,18-1,0,,,반포대로 275,0,00275,00000,2121003,2,11650,11650,반포동,,전월세,201710,2017-10-31,18,18.1,29835,0,전세
래미안퍼스티지,11650-3559,2009,18.02~20.02,신규,31,10,2017,"140,000",84.93,10,18-1,0,,,반포대로 275,0,00275,00000,2121003,2,11650,11650,반포동,,전월세,201710,2017-10-31,26,25.7,140000,0,전세
래미안퍼스티지,11650-3559,2009,,,31,10,2017,"140,000",84.93,9,18-1,0,,,반포대로 275,0,00275,00000,2121003,2,11650,11650,반포동,,전월세,201710,2017-10-31,26,25.7,140000,0,전세
래미안퍼스티지,11650-3559,2009,,,1,11,2017,"120,000",84.93,20,18-1,0,,,반포대로 275,0,00275,00000,2121003,2,11650,11650,반포동,,전월세,201711,2017-11-01,26,25.7,120000,0,전세
래미안퍼스티지,11650-3559,2009,,,7,11,2017,"103,000",59.98,17,18-1,0,,,반포대로 275,0,00275,00000,2121003,2,11650,11650,반포동,,전월세,201711,2017-11-07,18,18.1,103000,0,전세
래미안퍼스티지,11650-3559,2009,,,9,11,2017,"200,000",222.76,19,18-1,0,,,반포대로 275,0,00275,00000,2121003,2,11650,11650,반포동,,전월세,201711,2017-11-09,67,67.4,200000,0,전세
래미안퍼스티지,11650-3559,2009,,,12,11,2017,"60,550",59.96,28,18-1,0,,,반포대로 275,0,00275,00000,2121003,2,11650,11650,반포동,,전월세,201711,2017-11-12,18,18.1,60550,0,전세
래미안퍼스티지,11650-3559,2009,,,13,11,2017,"20,000",84.93,17,18-1,0,,,반포대로 275,0,00275,00000,2121003,2,11650,11650,반포동,,전월세,201711,2017-11-13,26,25.7,20000,0,전세
래미안퍼스티지,11650-3559,2009,,,16,11,2017,"240,000",222.15,24,18-1,0,,,반포대로 275,0,00275,00000,2121003,2,11650,11650,반포동,,전월세,201711,2017-11-16,67,67.2,240000,0,전세
래미안퍼스티지,11650-3559,2009,,,17,11,2017,"140,000",84.93,14,18-1,0,,,반포대로 275,0,00275,00000,2121003,2,11650,11650,반포동,,전월세,201711,2017-11-17,26,25.7,140000,0,전세
래미안퍼스티지,11650-3559,2009,,,21,11,2017,"130,000",84.93,17,18-1,0,,,반포대로 275,0,00275,00000,2121003,2,11650,11650,반포동,,전월세,201711,2017-11-21,26,25.7,130000,0,전세
래미안퍼스티지,11650-3559,2009,,,25,11,2017,"95,000",59.96,18,18-1,0,,,반포대로 275,0,00275,00000,2121003,2,11650,11650,반포동,,전월세,201711,2017-11-25,18,18.1,95000,0,전세
래미안퍼스티지,11650-3559,2009,,,30,11,2017,"135,000",84.93,26,18-1,0,,,반포대로 275,0,00275,00000,2121003,2,11650,11650,반포동,,전월세,201711,2017-11-30,26,25.7,135000,0,전세
래미안퍼스티지,11650-3559,2009,,,30,11,2017,"90,000",84.93,30,18-1,0,,,반포대로 275,0,00275,00000,2121003,2,11650,11650,반포동,,전월세,201711,2017-11-30,26,25.7,90000,0,전세
래미안퍼스티지,11650-3559,2009,,,4,12,2017,"210,000",136.65,3,18-1,0,,,반포대로 275,0,00275,00000,2121003,2,11650,11650,반포동,,전월세,201712,2017-12-04,41,41.3,210000,0,전세
래미안퍼스티지,11650-3559,2009,,,5,12,2017,"260,000",198.22,7,18-1,0,,,반포대로 275,0,00275,00000,2121003,2,11650,11650,반포동,,전월세,201712,2017-12-05,60,60.0,260000,0,전세
래미안퍼스티지,11650-3559,2009,,,6,12,2017,"190,000",135.92,29,18-1,0,,,반포대로 275,0,00275,00000,2121003,2,11650,11650,반포동,,전월세,201712,2017-12-06,41,41.1,190000,0,전세
래미안퍼스티지,11650-3559,2009,,,6,12,2017,"260,000",222.15,19,18-1,0,,,반포대로 275,0,00275,00000,2121003,2,11650,11650,반포동,,전월세,201712,2017-12-06,67,67.2,260000,0,전세
래미안퍼스티지,11650-3559,2009,,,8,12,2017,"250,000",198.04,4,18-1,0,,,반포대로 275,0,00275,00000,2121003,2,11650,11650,반포동,,전월세,201712,2017-12-08,60,59.9,250000,0,전세
래미안퍼스티지,11650-3559,2009,,,12,12,2017,"140,000",84.93,4,18-1,0,,,반포대로 275,0,00275,00000,2121003,2,11650,11650,반포동,,전월세,201712,2017-12-12,26,25.7,140000,0,전세
래미안퍼스티지,11650-3559,2009,,,14,12,2017,"150,000",84.93,14,18-1,0,,,반포대로 275,0,00275,00000,2121003,2,11650,11650,반포동,,전월세,201712,2017-12-14,26,25.7,150000,0,전세
래미안퍼스티지,11650-3559,2009,,,22,12,2017,"97,000",59.96,10,18-1,0,,,반포대로 275,0,00275,00000,2121003,2,11650,11650,반포동,,전월세,201712,2017-12-22,18,18.1,97000,0,전세
래미안퍼스티지,11650-3559,2009,,,23,12,2017,"240,000",198.04,5,18-1,0,,,반포대로 275,0,00275,00000,2121003,2,11650,11650,반포동,,전월세,201712,2017-12-23,60,59.9,240000,0,전세
래미안퍼스티지,11650-3559,2009,,,23,12,2017,"250,000",198.22,25,18-1,0,,,반포대로 275,0,00275,00000,2121003,2,11650,11650,반포동,,전월세,201712,2017-12-23,60,60.0,250000,0,전세
래미안퍼스티지,11650-3559,2009,,,27,12,2017,"240,000",198.22,25,18-1,0,,,반포대로 275,0,00275,00000,2121003,2,11650,11650,반포동,,전월세,201712,2017-12-27,60,60.0,240000,0,전세
래미안퍼스티지,11650-3559,2009,,,27,12,2017,"28,479",59.96,12,18-1,0,,,반포대로 275,0,00275,00000,2121003,2,11650,11650,반포동,,전월세,201712,2017-12-27,18,18.1,28479,0,전세
래미안퍼스티지,11650-3559,2009,,,27,12,2017,"28,479",59.96,14,18-1,0,,,반포대로 275,0,00275,00000,2121003,2,11650,11650,반포동,,전월세,201712,2017-12-27,18,18.1,28479,0,전세
래미안퍼스티지,11650-3559,2009,,,27,12,2017,"28,479",59.96,21,18-1,0,,,반포대로 275,0,00275,00000,2121003,2,11650,11650,반포동,,전월세,201712,2017-12-27,18,18.1,28479,0,전세
래미안퍼스티지,11650-3559,2009,,,27,12,2017,"50,286",84.76,8,18-1,0,,,반포대로 275,0,00275,00000,2121003,2,11650,11650,반포동,,전월세,201712,2017-12-27,26,25.6,50286,0,전세
래미안퍼스티지,11650-3559,2009,,,27,12,2017,"145,000",84.93,26,18-1,0,,,반포대로 275,0,00275,00000,2121003,2,11650,11650,반포동,,전월세,201712,2017-12-27,26,25.7,145000,0,전세
래미안퍼스티지,11650-3559,2009,,,28,12,2017,"230,000",135.92,23,18-1,0,,,반포대로 275,0,00275,00000,2121003,2,11650,11650,반포동,,전월세,201712,2017-12-28,41,41.1,230000,0,전세
래미안퍼스티지,11650-3559,2009,,,28,12,2017,"220,000",198.04,19,18-1,0,,,반포대로 275,0,00275,00000,2121003,2,11650,11650,반포동,,전월세,201712,2017-12-28,60,59.9,220000,0,전세
래미안퍼스티지,11650-3559,2009,,,28,12,2017,"28,479",59.89,22,18-1,0,,,반포대로 275,0,00275,00000,2121003,2,11650,11650,반포동,,전월세,201712,2017-12-28,18,18.1,28479,0,전세
래미안퍼스티지,11650-3559,2009,,,28,12,2017,"28,479",59.96,27,18-1,0,,,반포대로 275,0,00275,00000,2121003,2,11650,11650,반포동,,전월세,201712,2017-12-28,18,18.1,28479,0,전세
래미안퍼스티지,11650-3559,2009,,,28,12,2017,"28,479",59.96,1,18-1,0,,,반포대로 275,0,00275,00000,2121003,2,11650,11650,반포동,,전월세,201712,2017-12-28,18,18.1,28479,0,전세
래미안퍼스티지,11650-3559,2009,,,28,12,2017,"38,201",84.85,14,18-1,0,,,반포대로 275,0,00275,00000,2121003,2,11650,11650,반포동,,전월세,201712,2017-12-28,26,25.7,38201,0,전세
래미안퍼스티지,11650-3559,2009,,,28,12,2017,"38,201",84.93,1,18-1,0,,,반포대로 275,0,00275,00000,2121003,2,11650,11650,반포동,,전월세,201712,2017-12-28,26,25.7,38201,0,전세
래미안퍼스티지,11650-3559,2009,,,29,12,2017,"28,479",59.89,28,18-1,0,,,반포대로 275,0,00275,00000,2121003,2,11650,11650,반포동,,전월세,201712,2017-12-29,18,18.1,28479,0,전세
래미안퍼스티지,11650-3559,2009,,,29,12,2017,"28,479",59.96,17,18-1,0,,,반포대로 275,0,00275,00000,2121003,2,11650,11650,반포동,,전월세,201712,2017-12-29,18,18.1,28479,0,전세
래미안퍼스티지,11650-3559,2009,,,29,12,2017,"105,000",59.96,18,18-1,0,,,반포대로 275,0,00275,00000,2121003,2,11650,11650,반포동,,전월세,201712,2017-12-29,18,18.1,105000,0,전세
래미안퍼스티지,11650-3559,2009,,,2,1,2018,"70,000",59.89,23,18-1,0,,,반포대로 275,0,00275,00000,2121003,2,11650,11650,반포동,,전월세,201801,2018-01-02,18,18.1,70000,0,전세
래미안퍼스티지,11650-3559,2009,,,4,1,2018,"95,000",59.96,6,18-1,0,,,반포대로 275,0,00275,00000,2121003,2,11650,11650,반포동,,전월세,201801,2018-01-04,18,18.1,95000,0,전세
래미안퍼스티지,11650-3559,2009,,,6,1,2018,"100,000",59.96,25,18-1,0,,,반포대로 275,0,00275,00000,2121003,2,11650,11650,반포동,,전월세,201801,2018-01-06,18,18.1,100000,0,전세
래미안퍼스티지,11650-3559,2009,,,6,1,2018,"143,000",84.93,11,18-1,0,,,반포대로 275,0,00275,00000,2121003,2,11650,11650,반포동,,전월세,201801,2018-01-06,26,25.7,143000,0,전세
래미안퍼스티지,11650-3559,2009,,,8,1,2018,"240,000",168.65,13,18-1,0,,,반포대로 275,0,00275,00000,2121003,2,11650,11650,반포동,,전월세,201801,2018-01-08,51,51.0,240000,0,전세
래미안퍼스티지,11650-3559,2009,,,11,1,2018,"125,000",84.93,29,18-1,0,,,반포대로 275,0,00275,00000,2121003,2,11650,11650,반포동,,전월세,201801,2018-01-11,26,25.7,125000,0,전세
래미안퍼스티지,11650-3559,2009,,,15,1,2018,"108,000",59.89,6,18-1,0,,,반포대로 275,0,00275,00000,2121003,2,11650,11650,반포동,,전월세,201801,2018-01-15,18,18.1,108000,0,전세
래미안퍼스티지,11650-3559,2009,,,20,1,2018,"250,000",169.31,6,18-1,0,,,반포대로 275,0,00275,00000,2121003,2,11650,11650,반포동,,전월세,201801,2018-01-20,51,51.2,250000,0,전세
래미안퍼스티지,11650-3559,2009,,,22,1,2018,"41,343",59.98,10,18-1,0,,,반포대로 275,0,00275,00000,2121003,2,11650,11650,반포동,,전월세,201801,2018-01-22,18,18.1,41343,0,전세
래미안퍼스티지,11650-3559,2009,,,25,1,2018,"103,000",59.98,21,18-1,0,,,반포대로 275,0,00275,00000,2121003,2,11650,11650,반포동,,전월세,201801,2018-01-25,18,18.1,103000,0,전세
래미안퍼스티지,11650-3559,2009,18.02~20.02,갱신,26,1,2018,"265,000",222.15,21,18-1,0,"230,000",,반포대로 275,0,00275,00000,2121003,2,11650,11650,반포동,,전월세,201801,2018-01-26,67,67.2,265000,0,전세
래미안퍼스티지,11650-3559,2009,,,29,1,2018,"28,479",59.96,13,18-1,0,,,반포대로 275,0,00275,00000,2121003,2,11650,11650,반포동,,전월세,201801,2018-01-29,18,18.1,28479,0,전세
래미안퍼스티지,11650-3559,2009,,,31,1,2018,"220,000",222.15,28,18-1,0,,,반포대로 275,0,00275,00000,2121003,2,11650,11650,반포동,,전월세,201801,2018-01-31,67,67.2,220000,0,전세
래미안퍼스티지,11650-3559,2009,,,31,1,2018,"105,000",59.89,11,18-1,0,,,반포대로 275,0,00275,00000,2121003,2,11650,11650,반포동,,전월세,201801,2018-01-31,18,18.1,105000,0,전세
래미안퍼스티지,11650-3559,2009,,,3,2,2018,"230,000",135.92,2,18-1,0,,,반포대로 275,0,00275,00000,2121003,2,11650,11650,반포동,,전월세,201802,2018-02-03,41,41.1,230000,0,전세
래미안퍼스티지,11650-3559,2009,,,3,2,2018,"140,000",84.93,11,18-1,0,,,반포대로 275,0,00275,00000,2121003,2,11650,11650,반포동,,전월세,201802,2018-02-03,26,25.7,140000,0,전세
래미안퍼스티지,11650-3559,2009,,,20,2,2018,"153,000",84.93,26,18-1,0,,,반포대로 275,0,00275,00000,2121003,2,11650,11650,반포동,,전월세,201802,2018-02-20,26,25.7,153000,0,전세
래미안퍼스티지,11650-3559,2009,,,26,2,2018,"28,479",59.89,23,18-1,0,,,반포대로 275,0,00275,00000,2121003,2,11650,11650,반포동,,전월세,201802,2018-02-26,18,18.1,28479,0,전세
래미안퍼스티지,11650-3559,2009,,,27,2,2018,"257,000",198.04,16,18-1,0,,,반포대로 275,0,00275,00000,2121003,2,11650,11650,반포동,,전월세,201802,2018-02-27,60,59.9,257000,0,전세
래미안퍼스티지,11650-3559,2009,,,28,2,2018,"102,000",59.89,5,18-1,0,,,반포대로 275,0,00275,00000,2121003,2,11650,11650,반포동,,전월세,201802,2018-02-28,18,18.1,102000,0,전세
래미안퍼스티지,11650-3559,2009,,,28,2,2018,"100,000",84.93,28,18-1,0,,,반포대로 275,0,00275,00000,2121003,2,11650,11650,반포동,,전월세,201802,2018-02-28,26,25.7,100000,0,전세
래미안퍼스티지,11650-3559,2009,,,2,3,2018,"230,000",135.92,10,18-1,0,,,반포대로 275,0,00275,00000,2121003,2,11650,11650,반포동,,전월세,201803,2018-03-02,41,41.1,230000,0,전세
래미안퍼스티지,11650-3559,2009,,,2,3,2018,"150,000",84.93,11,18-1,0,,,반포대로 275,0,00275,00000,2121003,2,11650,11650,반포동,,전월세,201803,2018-03-02,26,25.7,150000,0,전세
래미안퍼스티지,11650-3559,2009,,,5,3,2018,"250,000",198.22,10,18-1,0,,,반포대로 275,0,00275,00000,2121003,2,11650,11650,반포동,,전월세,201803,2018-03-05,60,60.0,250000,0,전세
래미안퍼스티지,11650-3559,2009,,,6,3,2018,"38,201",84.93,2,18-1,0,,,반포대로 275,0,00275,00000,2121003,2,11650,11650,반포동,,전월세,201803,2018-03-06,26,25.7,38201,0,전세
래미안퍼스티지,11650-3559,2009,,,9,3,2018,"140,000",84.93,11,18-1,0,,,반포대로 275,0,00275,00000,2121003,2,11650,11650,반포동,,전월세,201803,2018-03-09,26,25.7,140000,0,전세
래미안퍼스티지,11650-3559,2009,,,11,3,2018,"270,000",222.76,20,18-1,0,,,반포대로 275,0,00275,00000,2121003,2,11650,11650,반포동,,전월세,201803,2018-03-11,67,67.4,270000,0,전세
래미안퍼스티지,11650-3559,2009,,,16,3,2018,"230,000",135.92,2,18-1,0,,,반포대로 275,0,00275,00000,2121003,2,11650,11650,반포동,,전월세,201803,2018-03-16,41,41.1,230000,0,전세
래미안퍼스티지,11650-3559,2009,,,20,3,2018,"240,000",222.76,5,18-1,0,,,반포대로 275,0,00275,00000,2121003,2,11650,11650,반포동,,전월세,201803,2018-03-20,67,67.4,240000,0,전세
래미안퍼스티지,11650-3559,2009,,,22,3,2018,"135,000",84.93,28,18-1,0,,,반포대로 275,0,00275,00000,2121003,2,11650,11650,반포동,,전월세,201803,2018-03-22,26,25.7,135000,0,전세
래미안퍼스티지,11650-3559,2009,,,26,3,2018,"200,000",169.31,14,18-1,0,,,반포대로 275,0,00275,00000,2121003,2,11650,11650,반포동,,전월세,201803,2018-03-26,51,51.2,200000,0,전세
래미안퍼스티지,11650-3559,2009,,,26,3,2018,"250,000",198.22,22,18-1,0,,,반포대로 275,0,00275,00000,2121003,2,11650,11650,반포동,,전월세,201803,2018-03-26,60,60.0,250000,0,전세
래미안퍼스티지,11650-3559,2009,,,6,4,2018,"270,000",222.15,5,18-1,0,,,반포대로 275,0,00275,00000,2121003,2,11650,11650,반포동,,전월세,201804,2018-04-06,67,67.2,270000,0,전세
래미안퍼스티지,11650-3559,2009,,,11,4,2018,"195,000",198.04,7,18-1,0,,,반포대로 275,0,00275,00000,2121003,2,11650,11650,반포동,,전월세,201804,2018-04-11,60,59.9,195000,0,전세
래미안퍼스티지,11650-3559,2009,,,18,4,2018,"40,000",84.93,30,18-1,0,,,반포대로 275,0,00275,00000,2121003,2,11650,11650,반포동,,전월세,201804,2018-04-18,26,25.7,40000,0,전세
래미안퍼스티지,11650-3559,2009,,,19,4,2018,"180,000",115.65,28,18-1,0,,,반포대로 275,0,00275,00000,2121003,2,11650,11650,반포동,,전월세,201804,2018-04-19,35,35.0,180000,0,전세
래미안퍼스티지,11650-3559,2009,,,19,4,2018,"125,000",84.93,31,18-1,0,,,반포대로 275,0,00275,00000,2121003,2,11650,11650,반포동,,전월세,201804,2018-04-19,26,25.7,125000,0,전세
래미안퍼스티지,11650-3559,2009,,,27,4,2018,"127,000",84.93,27,18-1,0,,,반포대로 275,0,00275,00000,2121003,2,11650,11650,반포동,,전월세,201804,2018-04-27,26,25.7,127000,0,전세
래미안퍼스티지,11650-3559,2009,,,10,5,2018,"145,000",84.93,20,18-1,0,,,반포대로 275,0,00275,00000,2121003,2,11650,11650,반포동,,전월세,201805,2018-05-10,26,25.7,145000,0,전세
래미안퍼스티지,11650-3559,2009,,,15,5,2018,"200,000",135.92,21,18-1,0,,,반포대로 275,0,00275,00000,2121003,2,11650,11650,반포동,,전월세,201805,2018-05-15,41,41.1,200000,0,전세
래미안퍼스티지,11650-3559,2009,,,18,5,2018,"135,000",84.93,8,18-1,0,,,반포대로 275,0,00275,00000,2121003,2,11650,11650,반포동,,전월세,201805,2018-05-18,26,25.7,135000,0,전세
래미안퍼스티지,11650-3559,2009,,,25,5,2018,"210,000",135.92,6,18-1,0,,,반포대로 275,0,00275,00000,2121003,2,11650,11650,반포동,,전월세,201805,2018-05-25,41,41.1,210000,0,전세
래미안퍼스티지,11650-3559,2009,,,25,5,2018,"230,000",198.04,15,18-1,0,,,반포대로 275,0,00275,00000,2121003,2,11650,11650,반포동,,전월세,201805,2018-05-25,60,59.9,230000,0,전세
래미안퍼스티지,11650-3559,2009,,,28,5,2018,"127,000",84.93,11,18-1,0,,,반포대로 275,0,00275,00000,2121003,2,11650,11650,반포동,,전월세,201805,2018-05-28,26,25.7,127000,0,전세
래미안퍼스티지,11650-3559,2009,,,30,5,2018,"230,000",169.31,2,18-1,0,,,반포대로 275,0,00275,00000,2121003,2,11650,11650,반포동,,전월세,201805,2018-05-30,51,51.2,230000,0,전세
래미안퍼스티지,11650-3559,2009,,,3,6,2018,"101,000",59.96,13,18-1,0,,,반포대로 275,0,00275,00000,2121003,2,11650,11650,반포동,,전월세,201806,2018-06-03,18,18.1,101000,0,전세
래미안퍼스티지,11650-3559,2009,,,17,6,2018,"20,000",59.96,1,18-1,0,,,반포대로 275,0,00275,00000,2121003,2,11650,11650,반포동,,전월세,201806,2018-06-17,18,18.1,20000,0,전세
래미안퍼스티지,11650-3559,2009,,,22,6,2018,"220,000",168.65,26,18-1,0,,,반포대로 275,0,00275,00000,2121003,2,11650,11650,반포동,,전월세,201806,2018-06-22,51,51.0,220000,0,전세
래미안퍼스티지,11650-3559,2009,,,25,6,2018,"125,000",84.85,16,18-1,0,,,반포대로 275,0,00275,00000,2121003,2,11650,11650,반포동,,전월세,201806,2018-06-25,26,25.7,125000,0,전세
래미안퍼스티지,11650-3559,2009,,,28,6,2018,"100,000",59.89,17,18-1,0,,,반포대로 275,0,00275,00000,2121003,2,11650,11650,반포동,,전월세,201806,2018-06-28,18,18.1,100000,0,전세
래미안퍼스티지,11650-3559,2009,,,29,6,2018,"200,000",135.92,10,18-1,0,,,반포대로 275,0,00275,00000,2121003,2,11650,11650,반포동,,전월세,201806,2018-06-29,41,41.1,200000,0,전세
래미안퍼스티지,11650-3559,2009,,,2,7,2018,"250,000",168.65,8,18-1,0,,,반포대로 275,0,00275,00000,2121003,2,11650,11650,반포동,,전월세,201807,2018-07-02,51,51.0,250000,0,전세
래미안퍼스티지,11650-3559,2009,,,7,7,2018,"270,000",198.04,21,18-1,0,,,반포대로 275,0,00275,00000,2121003,2,11650,11650,반포동,,전월세,201807,2018-07-07,60,59.9,270000,0,전세
래미안퍼스티지,11650-3559,2009,,,11,7,2018,"145,000",84.93,10,18-1,0,,,반포대로 275,0,00275,00000,2121003,2,11650,11650,반포동,,전월세,201807,2018-07-11,26,25.7,145000,0,전세
래미안퍼스티지,11650-3559,2009,,,14,7,2018,"120,000",84.93,18,18-1,0,,,반포대로 275,0,00275,00000,2121003,2,11650,11650,반포동,,전월세,201807,2018-07-14,26,25.7,120000,0,전세
래미안퍼스티지,11650-3559,2009,,,17,7,2018,"100,000",59.96,30,18-1,0,,,반포대로 275,0,00275,00000,2121003,2,11650,11650,반포동,,전월세,201807,2018-07-17,18,18.1,100000,0,전세
래미안퍼스티지,11650-3559,2009,,,18,7,2018,"205,000",136.65,16,18-1,0,,,반포대로 275,0,00275,00000,2121003,2,11650,11650,반포동,,전월세,201807,2018-07-18,41,41.3,205000,0,전세
래미안퍼스티지,11650-3559,2009,,,30,7,2018,"255,000",198.22,15,18-1,0,,,반포대로 275,0,00275,00000,2121003,2,11650,11650,반포동,,전월세,201807,2018-07-30,60,60.0,255000,0,전세
래미안퍼스티지,11650-3559,2009,,,31,7,2018,"210,000",136.65,23,18-1,0,,,반포대로 275,0,00275,00000,2121003,2,11650,11650,반포동,,전월세,201807,2018-07-31,41,41.3,210000,0,전세
래미안퍼스티지,11650-3559,2009,,,3,8,2018,"138,000",84.93,21,18-1,0,,,반포대로 275,0,00275,00000,2121003,2,11650,11650,반포동,,전월세,201808,2018-08-03,26,25.7,138000,0,전세
래미안퍼스티지,11650-3559,2009,,,3,8,2018,"150,000",84.93,5,18-1,0,,,반포대로 275,0,00275,00000,2121003,2,11650,11650,반포동,,전월세,201808,2018-08-03,26,25.7,150000,0,전세
래미안퍼스티지,11650-3559,2009,,,3,8,2018,"138,000",84.93,21,18-1,0,,,반포대로 275,0,00275,00000,2121003,2,11650,11650,반포동,,전월세,201808,2018-08-03,26,25.7,138000,0,전세
래미안퍼스티지,11650-3559,2009,,,10,8,2018,"207,000",135.92,18,18-1,0,,,반포대로 275,0,00275,00000,2121003,2,11650,11650,반포동,,전월세,201808,2018-08-10,41,41.1,207000,0,전세
래미안퍼스티지,11650-3559,2009,,,10,8,2018,"135,000",84.93,23,18-1,0,,,반포대로 275,0,00275,00000,2121003,2,11650,11650,반포동,,전월세,201808,2018-08-10,26,25.7,135000,0,전세
래미안퍼스티지,11650-3559,2009,,,11,8,2018,"247,000",198.04,5,18-1,0,,,반포대로 275,0,00275,00000,2121003,2,11650,11650,반포동,,전월세,201808,2018-08-11,60,59.9,247000,0,전세
래미안퍼스티지,11650-3559,2009,,,11,8,2018,"110,000",59.89,13,18-1,0,,,반포대로 275,0,00275,00000,2121003,2,11650,11650,반포동,,전월세,201808,2018-08-11,18,18.1,110000,0,전세
래미안퍼스티지,11650-3559,2009,,,14,8,2018,"165,000",84.93,11,18-1,0,,,반포대로 275,0,00275,00000,2121003,2,11650,11650,반포동,,전월세,201808,2018-08-14,26,25.7,165000,0,전세
래미안퍼스티지,11650-3559,2009,,,21,8,2018,"210,000",168.65,8,18-1,0,,,반포대로 275,0,00275,00000,2121003,2,11650,11650,반포동,,전월세,201808,2018-08-21,51,51.0,210000,0,전세
래미안퍼스티지,11650-3559,2009,,,29,8,2018,"135,000",84.93,31,18-1,0,,,반포대로 275,0,00275,00000,2121003,2,11650,11650,반포동,,전월세,201808,2018-08-29,26,25.7,135000,0,전세
래미안퍼스티지,11650-3559,2009,,,30,8,2018,"260,000",222.76,5,18-1,0,,,반포대로 275,0,00275,00000,2121003,2,11650,11650,반포동,,전월세,201808,2018-08-30,67,67.4,260000,0,전세
래미안퍼스티지,11650-3559,2009,,,30,8,2018,"165,000",84.93,30,18-1,0,,,반포대로 275,0,00275,00000,2121003,2,11650,11650,반포동,,전월세,201808,2018-08-30,26,25.7,165000,0,전세
래미안퍼스티지,11650-3559,2009,,,31,8,2018,"185,000",115.65,6,18-1,0,,,반포대로 275,0,00275,00000,2121003,2,11650,11650,반포동,,전월세,201808,2018-08-31,35,35.0,185000,0,전세
래미안퍼스티지,11650-3559,2009,,,1,9,2018,"145,000",84.93,29,18-1,0,,,반포대로 275,0,00275,00000,2121003,2,11650,11650,반포동,,전월세,201809,2018-09-01,26,25.7,145000,0,전세
래미안퍼스티지,11650-3559,2009,,,1,9,2018,"140,000",84.93,11,18-1,0,,,반포대로 275,0,00275,00000,2121003,2,11650,11650,반포동,,전월세,201809,2018-09-01,26,25.7,140000,0,전세
래미안퍼스티지,11650-3559,2009,,,4,9,2018,"110,000",59.96,8,18-1,0,,,반포대로 275,0,00275,00000,2121003,2,11650,11650,반포동,,전월세,201809,2018-09-04,18,18.1,110000,0,전세
래미안퍼스티지,11650-3559,2009,,,4,9,2018,"135,000",84.93,23,18-1,0,,,반포대로 275,0,00275,00000,2121003,2,11650,11650,반포동,,전월세,201809,2018-09-04,26,25.7,135000,0,전세
래미안퍼스티지,11650-3559,2009,,,7,9,2018,"130,000",84.93,15,18-1,0,,,반포대로 275,0,00275,00000,2121003,2,11650,11650,반포동,,전월세,201809,2018-09-07,26,25.7,130000,0,전세
래미안퍼스티지,11650-3559,2009,,,11,9,2018,"135,000",84.93,23,18-1,0,,,반포대로 275,0,00275,00000,2121003,2,11650,11650,반포동,,전월세,201809,2018-09-11,26,25.7,135000,0,전세
래미안퍼스티지,11650-3559,2009,,,13,9,2018,"140,000",84.93,21,18-1,0,,,반포대로 275,0,00275,00000,2121003,2,11650,11650,반포동,,전월세,201809,2018-09-13,26,25.7,140000,0,전세
래미안퍼스티지,11650-3559,2009,,,18,9,2018,"245,000",198.22,12,18-1,0,,,반포대로 275,0,00275,00000,2121003,2,11650,11650,반포동,,전월세,201809,2018-09-18,60,60.0,245000,0,전세
래미안퍼스티지,11650-3559,2009,,,18,9,2018,"105,000",84.76,6,18-1,0,,,반포대로 275,0,00275,00000,2121003,2,11650,11650,반포동,,전월세,201809,2018-09-18,26,25.6,105000,0,전세
래미안퍼스티지,11650-3559,2009,,,18,9,2018,"94,000",84.76,6,18-1,0,,,반포대로 275,0,00275,00000,2121003,2,11650,11650,반포동,,전월세,201809,2018-09-18,26,25.6,94000,0,전세
래미안퍼스티지,11650-3559,2009,,,20,9,2018,"145,000",84.93,25,18-1,0,,,반포대로 275,0,00275,00000,2121003,2,11650,11650,반포동,,전월세,201809,2018-09-20,26,25.7,145000,0,전세
래미안퍼스티지,11650-3559,2009,,,5,10,2018,"250,000",198.22,17,18-1,0,,,반포대로 275,0,00275,00000,2121003,2,11650,11650,반포동,,전월세,201810,2018-10-05,60,60.0,250000,0,전세
래미안퍼스티지,11650-3559,2009,,,6,10,2018,"102,000",59.89,9,18-1,0,,,반포대로 275,0,00275,00000,2121003,2,11650,11650,반포동,,전월세,201810,2018-10-06,18,18.1,102000,0,전세
래미안퍼스티지,11650-3559,2009,,,8,10,2018,"105,000",59.96,21,18-1,0,,,반포대로 275,0,00275,00000,2121003,2,11650,11650,반포동,,전월세,201810,2018-10-08,18,18.1,105000,0,전세
래미안퍼스티지,11650-3559,2009,,,19,10,2018,"105,000",59.89,13,18-1,0,,,반포대로 275,0,00275,00000,2121003,2,11650,11650,반포동,,전월세,201810,2018-10-19,18,18.1,105000,0,전세
래미안퍼스티지,11650-3559,2009,,,21,10,2018,"130,000",84.76,13,18-1,0,,,반포대로 275,0,00275,00000,2121003,2,11650,11650,반포동,,전월세,201810,2018-10-21,26,25.6,130000,0,전세
래미안퍼스티지,11650-3559,2009,,,22,10,2018,"220,000",168.65,16,18-1,0,,,반포대로 275,0,00275,00000,2121003,2,11650,11650,반포동,,전월세,201810,2018-10-22,51,51.0,220000,0,전세
래미안퍼스티지,11650-3559,2009,,,25,10,2018,"280,000",222.15,16,18-1,0,,,반포대로 275,0,00275,00000,2121003,2,11650,11650,반포동,,전월세,201810,2018-10-25,67,67.2,280000,0,전세
래미안퍼스티지,11650-3559,2009,,,29,10,2018,"52,715",59.96,15,18-1,0,,,반포대로 275,0,00275,00000,2121003,2,11650,11650,반포동,,전월세,201810,2018-10-29,18,18.1,52715,0,전세
래미안퍼스티지,11650-3559,2009,,,30,10,2018,"140,000",84.85,4,18-1,0,,,반포대로 275,0,00275,00000,2121003,2,11650,11650,반포동,,전월세,201810,2018-10-30,26,25.7,140000,0,전세
래미안퍼스티지,11650-3559,2009,,,31,10,2018,"199,000",115.65,5,18-1,0,,,반포대로 275,0,00275,00000,2121003,2,11650,11650,반포동,,전월세,201810,2018-10-31,35,35.0,199000,0,전세
래미안퍼스티지,11650-3559,2009,,,1,11,2018,"100,000",135.92,21,18-1,0,,,반포대로 275,0,00275,00000,2121003,2,11650,11650,반포동,,전월세,201811,2018-11-01,41,41.1,100000,0,전세
래미안퍼스티지,11650-3559,2009,,,3,11,2018,"225,000",135.92,13,18-1,0,,,반포대로 275,0,00275,00000,2121003,2,11650,11650,반포동,,전월세,201811,2018-11-03,41,41.1,225000,0,전세
래미안퍼스티지,11650-3559,2009,,,3,11,2018,"210,000",169.31,1,18-1,0,,,반포대로 275,0,00275,00000,2121003,2,11650,11650,반포동,,전월세,201811,2018-11-03,51,51.2,210000,0,전세
래미안퍼스티지,11650-3559,2009,,,5,11,2018,"149,000",84.93,30,18-1,0,,,반포대로 275,0,00275,00000,2121003,2,11650,11650,반포동,,전월세,201811,2018-11-05,26,25.7,149000,0,전세
래미안퍼스티지,11650-3559,2009,,,6,11,2018,"260,000",222.76,5,18-1,0,,,반포대로 275,0,00275,00000,2121003,2,11650,11650,반포동,,전월세,201811,2018-11-06,67,67.4,260000,0,전세
래미안퍼스티지,11650-3559,2009,,,8,11,2018,"130,000",198.04,20,18-1,0,,,반포대로 275,0,00275,00000,2121003,2,11650,11650,반포동,,전월세,201811,2018-11-08,60,59.9,130000,0,전세
래미안퍼스티지,11650-3559,2009,,,9,11,2018,"125,000",84.93,5,18-1,0,,,반포대로 275,0,00275,00000,2121003,2,11650,11650,반포동,,전월세,201811,2018-11-09,26,25.7,125000,0,전세
래미안퍼스티지,11650-3559,2009,,,13,11,2018,"235,000",169.31,19,18-1,0,,,반포대로 275,0,00275,00000,2121003,2,11650,11650,반포동,,전월세,201811,2018-11-13,51,51.2,235000,0,전세
래미안퍼스티지,11650-3559,2009,,,17,11,2018,"116,000",59.96,16,18-1,0,,,반포대로 275,0,00275,00000,2121003,2,11650,11650,반포동,,전월세,201811,2018-11-17,18,18.1,116000,0,전세
래미안퍼스티지,11650-3559,2009,,,19,11,2018,"135,000",84.93,20,18-1,0,,,반포대로 275,0,00275,00000,2121003,2,11650,11650,반포동,,전월세,201811,2018-11-19,26,25.7,135000,0,전세
래미안퍼스티지,11650-3559,2009,,,24,11,2018,"130,000",84.93,28,18-1,0,,,반포대로 275,0,00275,00000,2121003,2,11650,11650,반포동,,전월세,201811,2018-11-24,26,25.7,130000,0,전세
래미안퍼스티지,11650-3559,2009,,,26,11,2018,"190,000",117.12,26,18-1,0,,,반포대로 275,0,00275,00000,2121003,2,11650,11650,반포동,,전월세,201811,2018-11-26,35,35.4,190000,0,전세
래미안퍼스티지,11650-3559,2009,,,26,11,2018,"100,000",169.31,20,18-1,0,,,반포대로 275,0,00275,00000,2121003,2,11650,11650,반포동,,전월세,201811,2018-11-26,51,51.2,100000,0,전세
래미안퍼스티지,11650-3559,2009,,,29,11,2018,"220,000",135.92,10,18-1,0,,,반포대로 275,0,00275,00000,2121003,2,11650,11650,반포동,,전월세,201811,2018-11-29,41,41.1,220000,0,전세
래미안퍼스티지,11650-3559,2009,,,29,11,2018,"205,000",135.92,14,18-1,0,,,반포대로 275,0,00275,00000,2121003,2,11650,11650,반포동,,전월세,201811,2018-11-29,41,41.1,205000,0,전세
래미안퍼스티지,11650-3559,2009,,,30,11,2018,"60,760",59.89,7,18-1,0,,,반포대로 275,0,00275,00000,2121003,2,11650,11650,반포동,,전월세,201811,2018-11-30,18,18.1,60760,0,전세
래미안퍼스티지,11650-3559,2009,,,30,11,2018,"165,000",84.93,30,18-1,0,,,반포대로 275,0,00275,00000,2121003,2,11650,11650,반포동,,전월세,201811,2018-11-30,26,25.7,165000,0,전세
래미안퍼스티지,11650-3559,2009,,,3,12,2018,"60,760",59.98,13,18-1,0,,,반포대로 275,0,00275,00000,2121003,2,11650,11650,반포동,,전월세,201812,2018-12-03,18,18.1,60760,0,전세
래미안퍼스티지,11650-3559,2009,,,5,12,2018,"130,000",84.76,13,18-1,0,,,반포대로 275,0,00275,00000,2121003,2,11650,11650,반포동,,전월세,201812,2018-12-05,26,25.6,130000,0,전세
래미안퍼스티지,11650-3559,2009,,,7,12,2018,"60,760",59.89,20,18-1,0,,,반포대로 275,0,00275,00000,2121003,2,11650,11650,반포동,,전월세,201812,2018-12-07,18,18.1,60760,0,전세
래미안퍼스티지,11650-3559,2009,,,8,12,2018,"130,000",84.93,21,18-1,0,,,반포대로 275,0,00275,00000,2121003,2,11650,11650,반포동,,전월세,201812,2018-12-08,26,25.7,130000,0,전세
래미안퍼스티지,11650-3559,2009,,,8,12,2018,"130,000",84.93,31,18-1,0,,,반포대로 275,0,00275,00000,2121003,2,11650,11650,반포동,,전월세,201812,2018-12-08,26,25.7,130000,0,전세
래미안퍼스티지,11650-3559,2009,,,10,12,2018,"225,000",168.65,15,18-1,0,,,반포대로 275,0,00275,00000,2121003,2,11650,11650,반포동,,전월세,201812,2018-12-10,51,51.0,225000,0,전세
래미안퍼스티지,11650-3559,2009,,,12,12,2018,"190,000",135.92,31,18-1,0,,,반포대로 275,0,00275,00000,2121003,2,11650,11650,반포동,,전월세,201812,2018-12-12,41,41.1,190000,0,전세
래미안퍼스티지,11650-3559,2009,,,13,12,2018,"80,000",59.89,21,18-1,0,,,반포대로 275,0,00275,00000,2121003,2,11650,11650,반포동,,전월세,201812,2018-12-13,18,18.1,80000,0,전세
래미안퍼스티지,11650-3559,2009,,,14,12,2018,"193,000",135.92,29,18-1,0,,,반포대로 275,0,00275,00000,2121003,2,11650,11650,반포동,,전월세,201812,2018-12-14,41,41.1,193000,0,전세
래미안퍼스티지,11650-3559,2009,,,14,12,2018,"280,000",222.76,15,18-1,0,,,반포대로 275,0,00275,00000,2121003,2,11650,11650,반포동,,전월세,201812,2018-12-14,67,67.4,280000,0,전세
래미안퍼스티지,11650-3559,2009,,,15,12,2018,"215,000",135.92,22,18-1,0,,,반포대로 275,0,00275,00000,2121003,2,11650,11650,반포동,,전월세,201812,2018-12-15,41,41.1,215000,0,전세
래미안퍼스티지,11650-3559,2009,,,15,12,2018,"90,000",59.96,8,18-1,0,,,반포대로 275,0,00275,00000,2121003,2,11650,11650,반포동,,전월세,201812,2018-12-15,18,18.1,90000,0,전세
래미안퍼스티지,11650-3559,2009,,,15,12,2018,"134,000",84.93,13,18-1,0,,,반포대로 275,0,00275,00000,2121003,2,11650,11650,반포동,,전월세,201812,2018-12-15,26,25.7,134000,0,전세
래미안퍼스티지,11650-3559,2009,,,18,12,2018,"145,000",84.93,16,18-1,0,,,반포대로 275,0,00275,00000,2121003,2,11650,11650,반포동,,전월세,201812,2018-12-18,26,25.7,145000,0,전세
래미안퍼스티지,11650-3559,2009,,,18,12,2018,"145,000",84.93,16,18-1,0,,,반포대로 275,0,00275,00000,2121003,2,11650,11650,반포동,,전월세,201812,2018-12-18,26,25.7,145000,0,전세
래미안퍼스티지,11650-3559,2009,,,19,12,2018,"190,000",117.12,22,18-1,0,,,반포대로 275,0,00275,00000,2121003,2,11650,11650,반포동,,전월세,201812,2018-12-19,35,35.4,190000,0,전세
래미안퍼스티지,11650-3559,2009,,,19,12,2018,"100,000",59.96,19,18-1,0,,,반포대로 275,0,00275,00000,2121003,2,11650,11650,반포동,,전월세,201812,2018-12-19,18,18.1,100000,0,전세
래미안퍼스티지,11650-3559,2009,,,20,12,2018,"90,000",59.96,22,18-1,0,,,반포대로 275,0,00275,00000,2121003,2,11650,11650,반포동,,전월세,201812,2018-12-20,18,18.1,90000,0,전세
래미안퍼스티지,11650-3559,2009,,,20,12,2018,"132,000",84.76,18,18-1,0,,,반포대로 275,0,00275,00000,2121003,2,11650,11650,반포동,,전월세,201812,2018-12-20,26,25.6,132000,0,전세
래미안퍼스티지,11650-3559,2009,,,24,12,2018,"105,000",59.89,30,18-1,0,,,반포대로 275,0,00275,00000,2121003,2,11650,11650,반포동,,전월세,201812,2018-12-24,18,18.1,105000,0,전세
래미안퍼스티지,11650-3559,2009,,,26,12,2018,"245,000",222.15,13,18-1,0,,,반포대로 275,0,00275,00000,2121003,2,11650,11650,반포동,,전월세,201812,2018-12-26,67,67.2,245000,0,전세
래미안퍼스티지,11650-3559,2009,,,26,12,2018,"120,000",84.93,29,18-1,0,,,반포대로 275,0,00275,00000,2121003,2,11650,11650,반포동,,전월세,201812,2018-12-26,26,25.7,120000,0,전세
래미안퍼스티지,11650-3559,2009,,,31,12,2018,"96,000",84.93,9,18-1,0,,,반포대로 275,0,00275,00000,2121003,2,11650,11650,반포동,,전월세,201812,2018-12-31,26,25.7,96000,0,전세
래미안퍼스티지,11650-3559,2009,,,5,1,2019,"90,000",59.96,2,18-1,0,,,반포대로 275,0,00275,00000,2121003,2,11650,11650,반포동,,전월세,201901,2019-01-05,18,18.1,90000,0,전세
래미안퍼스티지,11650-3559,2009,,,10,1,2019,"190,000",135.92,29,18-1,0,,,반포대로 275,0,00275,00000,2121003,2,11650,11650,반포동,,전월세,201901,2019-01-10,41,41.1,190000,0,전세
래미안퍼스티지,11650-3559,2009,,,10,1,2019,"120,000",84.93,28,18-1,0,,,반포대로 275,0,00275,00000,2121003,2,11650,11650,반포동,,전월세,201901,2019-01-10,26,25.7,120000,0,전세
래미안퍼스티지,11650-3559,2009,,,12,1,2019,"123,000",84.93,7,18-1,0,,,반포대로 275,0,00275,00000,2121003,2,11650,11650,반포동,,전월세,201901,2019-01-12,26,25.7,123000,0,전세
래미안퍼스티지,11650-3559,2009,,,17,1,2019,"120,000",84.93,12,18-1,0,,,반포대로 275,0,00275,00000,2121003,2,11650,11650,반포동,,전월세,201901,2019-01-17,26,25.7,120000,0,전세
래미안퍼스티지,11650-3559,2009,,,17,1,2019,"120,000",84.93,4,18-1,0,,,반포대로 275,0,00275,00000,2121003,2,11650,11650,반포동,,전월세,201901,2019-01-17,26,25.7,120000,0,전세
래미안퍼스티지,11650-3559,2009,,,25,1,2019,"95,000",59.96,20,18-1,0,,,반포대로 275,0,00275,00000,2121003,2,11650,11650,반포동,,전월세,201901,2019-01-25,18,18.1,95000,0,전세
래미안퍼스티지,11650-3559,2009,,,26,1,2019,"143,000",84.93,13,18-1,0,,,반포대로 275,0,00275,00000,2121003,2,11650,11650,반포동,,전월세,201901,2019-01-26,26,25.7,143000,0,전세
래미안퍼스티지,11650-3559,2009,,,9,2,2019,"230,000",169.31,25,18-1,0,,,반포대로 275,0,00275,00000,2121003,2,11650,11650,반포동,,전월세,201902,2019-02-09,51,51.2,230000,0,전세
래미안퍼스티지,11650-3559,2009,,,14,2,2019,"125,000",84.93,22,18-1,0,,,반포대로 275,0,00275,00000,2121003,2,11650,11650,반포동,,전월세,201902,2019-02-14,26,25.7,125000,0,전세
래미안퍼스티지,11650-3559,2009,,,15,2,2019,"220,000",168.65,3,18-1,0,,,반포대로 275,0,00275,00000,2121003,2,11650,11650,반포동,,전월세,201902,2019-02-15,51,51.0,220000,0,전세
래미안퍼스티지,11650-3559,2009,,,18,2,2019,"98,000",59.89,17,18-1,0,,,반포대로 275,0,00275,00000,2121003,2,11650,11650,반포동,,전월세,201902,2019-02-18,18,18.1,98000,0,전세
래미안퍼스티지,11650-3559,2009,,,18,2,2019,"95,000",59.96,2,18-1,0,,,반포대로 275,0,00275,00000,2121003,2,11650,11650,반포동,,전월세,201902,2019-02-18,18,18.1,95000,0,전세
래미안퍼스티지,11650-3559,2009,,,23,2,2019,"138,000",84.93,25,18-1,0,,,반포대로 275,0,00275,00000,2121003,2,11650,11650,반포동,,전월세,201902,2019-02-23,26,25.7,138000,0,전세
래미안퍼스티지,11650-3559,2009,,,23,2,2019,"130,000",84.93,31,18-1,0,,,반포대로 275,0,00275,00000,2121003,2,11650,11650,반포동,,전월세,201902,2019-02-23,26,25.7,130000,0,전세
래미안퍼스티지,11650-3559,2009,,,5,3,2019,"280,000",222.76,2,18-1,0,,,반포대로 275,0,00275,00000,2121003,2,11650,11650,반포동,,전월세,201903,2019-03-05,67,67.4,280000,0,전세
래미안퍼스티지,11650-3559,2009,,,6,3,2019,"185,000",115.65,22,18-1,0,,,반포대로 275,0,00275,00000,2121003,2,11650,11650,반포동,,전월세,201903,2019-03-06,35,35.0,185000,0,전세
래미안퍼스티지,11650-3559,2009,,,6,3,2019,"90,000",59.96,4,18-1,0,,,반포대로 275,0,00275,00000,2121003,2,11650,11650,반포동,,전월세,201903,2019-03-06,18,18.1,90000,0,전세
래미안퍼스티지,11650-3559,2009,,,12,3,2019,"120,000",84.76,10,18-1,0,,,반포대로 275,0,00275,00000,2121003,2,11650,11650,반포동,,전월세,201903,2019-03-12,26,25.6,120000,0,전세
래미안퍼스티지,11650-3559,2009,,,14,3,2019,"230,000",169.31,15,18-1,0,,,반포대로 275,0,00275,00000,2121003,2,11650,11650,반포동,,전월세,201903,2019-03-14,51,51.2,230000,0,전세
래미안퍼스티지,11650-3559,2009,,,16,3,2019,"130,000",84.93,19,18-1,0,,,반포대로 275,0,00275,00000,2121003,2,11650,11650,반포동,,전월세,201903,2019-03-16,26,25.7,130000,0,전세
래미안퍼스티지,11650-3559,2009,,,16,3,2019,"120,000",84.93,30,18-1,0,,,반포대로 275,0,00275,00000,2121003,2,11650,11650,반포동,,전월세,201903,2019-03-16,26,25.7,120000,0,전세
래미안퍼스티지,11650-3559,2009,,,19,3,2019,"119,000",84.93,29,18-1,0,,,반포대로 275,0,00275,00000,2121003,2,11650,11650,반포동,,전월세,201903,2019-03-19,26,25.7,119000,0,전세
래미안퍼스티지,11650-3559,2009,,,22,3,2019,"60,000",84.93,7,18-1,0,,,반포대로 275,0,00275,00000,2121003,2,11650,11650,반포동,,전월세,201903,2019-03-22,26,25.7,60000,0,전세
래미안퍼스티지,11650-3559,2009,,,27,3,2019,"101,000",59.96,26,18-1,0,,,반포대로 275,0,00275,00000,2121003,2,11650,11650,반포동,,전월세,201903,2019-03-27,18,18.1,101000,0,전세
래미안퍼스티지,11650-3559,2009,,,29,3,2019,"210,000",135.92,7,18-1,0,,,반포대로 275,0,00275,00000,2121003,2,11650,11650,반포동,,전월세,201903,2019-03-29,41,41.1,210000,0,전세
래미안퍼스티지,11650-3559,2009,,,3,4,2019,"60,000",59.96,11,18-1,0,,,반포대로 275,0,00275,00000,2121003,2,11650,11650,반포동,,전월세,201904,2019-04-03,18,18.1,60000,0,전세
래미안퍼스티지,11650-3559,2009,,,11,4,2019,"85,000",59.96,23,18-1,0,,,반포대로 275,0,00275,00000,2121003,2,11650,11650,반포동,,전월세,201904,2019-04-11,18,18.1,85000,0,전세
래미안퍼스티지,11650-3559,2009,,,12,4,2019,"80,000",59.96,5,18-1,0,,,반포대로 275,0,00275,00000,2121003,2,11650,11650,반포동,,전월세,201904,2019-04-12,18,18.1,80000,0,전세
래미안퍼스티지,11650-3559,2009,,,13,4,2019,"185,000",135.92,12,18-1,0,,,반포대로 275,0,00275,00000,2121003,2,11650,11650,반포동,,전월세,201904,2019-04-13,41,41.1,185000,0,전세
래미안퍼스티지,11650-3559,2009,,,18,4,2019,"99,000",59.89,28,18-1,0,,,반포대로 275,0,00275,00000,2121003,2,11650,11650,반포동,,전월세,201904,2019-04-18,18,18.1,99000,0,전세
래미안퍼스티지,11650-3559,2009,,,24,4,2019,"125,000",84.93,21,18-1,0,,,반포대로 275,0,00275,00000,2121003,2,11650,11650,반포동,,전월세,201904,2019-04-24,26,25.7,125000,0,전세
래미안퍼스티지,11650-3559,2009,,,26,4,2019,"90,000",59.96,23,18-1,0,,,반포대로 275,0,00275,00000,2121003,2,11650,11650,반포동,,전월세,201904,2019-04-26,18,18.1,90000,0,전세
래미안퍼스티지,11650-3559,2009,,,28,4,2019,"88,000",59.89,18,18-1,0,,,반포대로 275,0,00275,00000,2121003,2,11650,11650,반포동,,전월세,201904,2019-04-28,18,18.1,88000,0,전세
래미안퍼스티지,11650-3559,2009,,,1,5,2019,"123,000",84.93,10,18-1,0,,,반포대로 275,0,00275,00000,2121003,2,11650,11650,반포동,,전월세,201905,2019-05-01,26,25.7,123000,0,전세
래미안퍼스티지,11650-3559,2009,,,8,5,2019,"260,000",198.04,8,18-1,0,,,반포대로 275,0,00275,00000,2121003,2,11650,11650,반포동,,전월세,201905,2019-05-08,60,59.9,260000,0,전세
래미안퍼스티지,11650-3559,2009,,,11,5,2019,"190,000",135.92,1,18-1,0,,,반포대로 275,0,00275,00000,2121003,2,11650,11650,반포동,,전월세,201905,2019-05-11,41,41.1,190000,0,전세
래미안퍼스티지,11650-3559,2009,,,14,5,2019,"129,000",84.93,20,18-1,0,,,반포대로 275,0,00275,00000,2121003,2,11650,11650,반포동,,전월세,201905,2019-05-14,26,25.7,129000,0,전세
래미안퍼스티지,11650-3559,2009,,,14,5,2019,"125,000",84.93,26,18-1,0,,,반포대로 275,0,00275,00000,2121003,2,11650,11650,반포동,,전월세,201905,2019-05-14,26,25.7,125000,0,전세
래미안퍼스티지,11650-3559,2009,,,16,5,2019,"100,000",59.89,13,18-1,0,,,반포대로 275,0,00275,00000,2121003,2,11650,11650,반포동,,전월세,201905,2019-05-16,18,18.1,100000,0,전세
래미안퍼스티지,11650-3559,2009,,,25,5,2019,"143,000",84.93,13,18-1,0,,,반포대로 275,0,00275,00000,2121003,2,11650,11650,반포동,,전월세,201905,2019-05-25,26,25.7,143000,0,전세
래미안퍼스티지,11650-3559,2009,,,27,5,2019,"190,000",117.12,14,18-1,0,,,반포대로 275,0,00275,00000,2121003,2,11650,11650,반포동,,전월세,201905,2019-05-27,35,35.4,190000,0,전세
래미안퍼스티지,11650-3559,2009,,,28,5,2019,"60,926",59.89,30,18-1,0,,,반포대로 275,0,00275,00000,2121003,2,11650,11650,반포동,,전월세,201905,2019-05-28,18,18.1,60926,0,전세
래미안퍼스티지,11650-3559,2009,,,30,5,2019,"185,000",117.12,24,18-1,0,,,반포대로 275,0,00275,00000,2121003,2,11650,11650,반포동,,전월세,201905,2019-05-30,35,35.4,185000,0,전세
래미안퍼스티지,11650-3559,2009,,,1,6,2019,"127,000",84.93,9,18-1,0,,,반포대로 275,0,00275,00000,2121003,2,11650,11650,반포동,,전월세,201906,2019-06-01,26,25.7,127000,0,전세
래미안퍼스티지,11650-3559,2009,,,6,6,2019,"110,000",59.98,17,18-1,0,,,반포대로 275,0,00275,00000,2121003,2,11650,11650,반포동,,전월세,201906,2019-06-06,18,18.1,110000,0,전세
래미안퍼스티지,11650-3559,2009,,,7,6,2019,"120,000",84.93,6,18-1,0,,,반포대로 275,0,00275,00000,2121003,2,11650,11650,반포동,,전월세,201906,2019-06-07,26,25.7,120000,0,전세
래미안퍼스티지,11650-3559,2009,,,9,6,2019,"122,000",84.93,23,18-1,0,,,반포대로 275,0,00275,00000,2121003,2,11650,11650,반포동,,전월세,201906,2019-06-09,26,25.7,122000,0,전세
래미안퍼스티지,11650-3559,2009,,,11,6,2019,"70,000",84.93,4,18-1,0,,,반포대로 275,0,00275,00000,2121003,2,11650,11650,반포동,,전월세,201906,2019-06-11,26,25.7,70000,0,전세
래미안퍼스티지,11650-3559,2009,,,11,6,2019,"70,000",84.93,4,18-1,0,,,반포대로 275,0,00275,00000,2121003,2,11650,11650,반포동,,전월세,201906,2019-06-11,26,25.7,70000,0,전세
래미안퍼스티지,11650-3559,2009,,,11,6,2019,"115,000",84.93,3,18-1,0,,,반포대로 275,0,00275,00000,2121003,2,11650,11650,반포동,,전월세,201906,2019-06-11,26,25.7,115000,0,전세
래미안퍼스티지,11650-3559,2009,,,15,6,2019,"90,000",59.89,16,18-1,0,,,반포대로 275,0,00275,00000,2121003,2,11650,11650,반포동,,전월세,201906,2019-06-15,18,18.1,90000,0,전세
래미안퍼스티지,11650-3559,2009,,,18,6,2019,"240,000",169.31,16,18-1,0,,,반포대로 275,0,00275,00000,2121003,2,11650,11650,반포동,,전월세,201906,2019-06-18,51,51.2,240000,0,전세
래미안퍼스티지,11650-3559,2009,,,20,6,2019,"100,000",135.92,2,18-1,0,,,반포대로 275,0,00275,00000,2121003,2,11650,11650,반포동,,전월세,201906,2019-06-20,41,41.1,100000,0,전세
래미안퍼스티지,11650-3559,2009,,,22,6,2019,"128,000",84.93,31,18-1,0,,,반포대로 275,0,00275,00000,2121003,2,11650,11650,반포동,,전월세,201906,2019-06-22,26,25.7,128000,0,전세
래미안퍼스티지,11650-3559,2009,,,22,6,2019,"128,000",84.93,31,18-1,0,,,반포대로 275,0,00275,00000,2121003,2,11650,11650,반포동,,전월세,201906,2019-06-22,26,25.7,128000,0,전세
래미안퍼스티지,11650-3559,2009,,,28,6,2019,"210,000",136.65,29,18-1,0,,,반포대로 275,0,00275,00000,2121003,2,11650,11650,반포동,,전월세,201906,2019-06-28,41,41.3,210000,0,전세
래미안퍼스티지,11650-3559,2009,,,28,6,2019,"210,000",136.65,29,18-1,0,,,반포대로 275,0,00275,00000,2121003,2,11650,11650,반포동,,전월세,201906,2019-06-28,41,41.3,210000,0,전세
래미안퍼스티지,11650-3559,2009,,,29,6,2019,"215,000",135.92,21,18-1,0,,,반포대로 275,0,00275,00000,2121003,2,11650,11650,반포동,,전월세,201906,2019-06-29,41,41.1,215000,0,전세
래미안퍼스티지,11650-3559,2009,,,29,6,2019,"96,000",59.96,4,18-1,0,,,반포대로 275,0,00275,00000,2121003,2,11650,11650,반포동,,전월세,201906,2019-06-29,18,18.1,96000,0,전세
래미안퍼스티지,11650-3559,2009,,,29,6,2019,"75,000",84.93,25,18-1,0,,,반포대로 275,0,00275,00000,2121003,2,11650,11650,반포동,,전월세,201906,2019-06-29,26,25.7,75000,0,전세
래미안퍼스티지,11650-3559,2009,,,29,6,2019,"125,000",84.93,18,18-1,0,,,반포대로 275,0,00275,00000,2121003,2,11650,11650,반포동,,전월세,201906,2019-06-29,26,25.7,125000,0,전세
래미안퍼스티지,11650-3559,2009,,,4,7,2019,"110,000",59.89,4,18-1,0,,,반포대로 275,0,00275,00000,2121003,2,11650,11650,반포동,,전월세,201907,2019-07-04,18,18.1,110000,0,전세
래미안퍼스티지,11650-3559,2009,,,4,7,2019,"110,000",59.89,4,18-1,0,,,반포대로 275,0,00275,00000,2121003,2,11650,11650,반포동,,전월세,201907,2019-07-04,18,18.1,110000,0,전세
래미안퍼스티지,11650-3559,2009,,,9,7,2019,"120,000",84.93,21,18-1,0,,,반포대로 275,0,00275,00000,2121003,2,11650,11650,반포동,,전월세,201907,2019-07-09,26,25.7,120000,0,전세
래미안퍼스티지,11650-3559,2009,,,10,7,2019,"110,000",59.96,27,18-1,0,,,반포대로 275,0,00275,00000,2121003,2,11650,11650,반포동,,전월세,201907,2019-07-10,18,18.1,110000,0,전세
래미안퍼스티지,11650-3559,2009,,,11,7,2019,"129,000",84.93,30,18-1,0,,,반포대로 275,0,00275,00000,2121003,2,11650,11650,반포동,,전월세,201907,2019-07-11,26,25.7,129000,0,전세
래미안퍼스티지,11650-3559,2009,,,12,7,2019,"110,000",84.93,6,18-1,0,,,반포대로 275,0,00275,00000,2121003,2,11650,11650,반포동,,전월세,201907,2019-07-12,26,25.7,110000,0,전세
래미안퍼스티지,11650-3559,2009,,,18,7,2019,"80,000",84.93,9,18-1,0,,,반포대로 275,0,00275,00000,2121003,2,11650,11650,반포동,,전월세,201907,2019-07-18,26,25.7,80000,0,전세
래미안퍼스티지,11650-3559,2009,,,19,7,2019,"230,000",169.31,30,18-1,0,,,반포대로 275,0,00275,00000,2121003,2,11650,11650,반포동,,전월세,201907,2019-07-19,51,51.2,230000,0,전세
래미안퍼스티지,11650-3559,2009,,,22,7,2019,"140,000",84.93,8,18-1,0,,,반포대로 275,0,00275,00000,2121003,2,11650,11650,반포동,,전월세,201907,2019-07-22,26,25.7,140000,0,전세
래미안퍼스티지,11650-3559,2009,,,25,7,2019,"90,000",59.89,16,18-1,0,,,반포대로 275,0,00275,00000,2121003,2,11650,11650,반포동,,전월세,201907,2019-07-25,18,18.1,90000,0,전세
래미안퍼스티지,11650-3559,2009,,,25,7,2019,"42,417",59.98,2,18-1,0,,,반포대로 275,0,00275,00000,2121003,2,11650,11650,반포동,,전월세,201907,2019-07-25,18,18.1,42417,0,전세
래미안퍼스티지,11650-3559,2009,,,25,7,2019,"130,000",84.93,20,18-1,0,,,반포대로 275,0,00275,00000,2121003,2,11650,11650,반포동,,전월세,201907,2019-07-25,26,25.7,130000,0,전세
래미안퍼스티지,11650-3559,2009,,,29,7,2019,"120,000",84.93,27,18-1,0,,,반포대로 275,0,00275,00000,2121003,2,11650,11650,반포동,,전월세,201907,2019-07-29,26,25.7,120000,0,전세
래미안퍼스티지,11650-3559,2009,,,30,7,2019,"42,417",59.96,25,18-1,0,,,반포대로 275,0,00275,00000,2121003,2,11650,11650,반포동,,전월세,201907,2019-07-30,18,18.1,42417,0,전세
래미안퍼스티지,11650-3559,2009,,,30,7,2019,"128,000",84.93,13,18-1,0,,,반포대로 275,0,00275,00000,2121003,2,11650,11650,반포동,,전월세,201907,2019-07-30,26,25.7,128000,0,전세
래미안퍼스티지,11650-3559,2009,,,3,8,2019,"240,000",168.65,21,18-1,0,,,반포대로 275,0,00275,00000,2121003,2,11650,11650,반포동,,전월세,201908,2019-08-03,51,51.0,240000,0,전세
래미안퍼스티지,11650-3559,2009,,,3,8,2019,"135,000",84.93,26,18-1,0,,,반포대로 275,0,00275,00000,2121003,2,11650,11650,반포동,,전월세,201908,2019-08-03,26,25.7,135000,0,전세
래미안퍼스티지,11650-3559,2009,,,5,8,2019,"205,000",135.92,15,18-1,0,,,반포대로 275,0,00275,00000,2121003,2,11650,11650,반포동,,전월세,201908,2019-08-05,41,41.1,205000,0,전세
래미안퍼스티지,11650-3559,2009,,,13,8,2019,"190,000",135.92,14,18-1,0,,,반포대로 275,0,00275,00000,2121003,2,11650,11650,반포동,,전월세,201908,2019-08-13,41,41.1,190000,0,전세
래미안퍼스티지,11650-3559,2009,,,14,8,2019,"135,000",84.93,22,18-1,0,,,반포대로 275,0,00275,00000,2121003,2,11650,11650,반포동,,전월세,201908,2019-08-14,26,25.7,135000,0,전세
래미안퍼스티지,11650-3559,2009,,,14,8,2019,"133,000",84.93,6,18-1,0,,,반포대로 275,0,00275,00000,2121003,2,11650,11650,반포동,,전월세,201908,2019-08-14,26,25.7,133000,0,전세
래미안퍼스티지,11650-3559,2009,,,14,8,2019,"131,000",84.93,7,18-1,0,,,반포대로 275,0,00275,00000,2121003,2,11650,11650,반포동,,전월세,201908,2019-08-14,26,25.7,131000,0,전세
래미안퍼스티지,11650-3559,2009,,,15,8,2019,"140,000",84.85,17,18-1,0,,,반포대로 275,0,00275,00000,2121003,2,11650,11650,반포동,,전월세,201908,2019-08-15,26,25.7,140000,0,전세
래미안퍼스티지,11650-3559,2009,,,17,8,2019,"240,000",198.22,15,18-1,0,,,반포대로 275,0,00275,00000,2121003,2,11650,11650,반포동,,전월세,201908,2019-08-17,60,60.0,240000,0,전세
래미안퍼스티지,11650-3559,2009,,,17,8,2019,"285,000",222.76,17,18-1,0,,,반포대로 275,0,00275,00000,2121003,2,11650,11650,반포동,,전월세,201908,2019-08-17,67,67.4,285000,0,전세
래미안퍼스티지,11650-3559,2009,,,19,8,2019,"135,000",84.93,22,18-1,0,,,반포대로 275,0,00275,00000,2121003,2,11650,11650,반포동,,전월세,201908,2019-08-19,26,25.7,135000,0,전세
래미안퍼스티지,11650-3559,2009,,,22,8,2019,"210,000",117.12,21,18-1,0,,,반포대로 275,0,00275,00000,2121003,2,11650,11650,반포동,,전월세,201908,2019-08-22,35,35.4,210000,0,전세
래미안퍼스티지,11650-3559,2009,,,22,8,2019,"120,000",84.93,29,18-1,0,,,반포대로 275,0,00275,00000,2121003,2,11650,11650,반포동,,전월세,201908,2019-08-22,26,25.7,120000,0,전세
래미안퍼스티지,11650-3559,2009,,,22,8,2019,"125,000",84.93,24,18-1,0,,,반포대로 275,0,00275,00000,2121003,2,11650,11650,반포동,,전월세,201908,2019-08-22,26,25.7,125000,0,전세
래미안퍼스티지,11650-3559,2009,,,24,8,2019,"130,000",84.93,24,18-1,0,,,반포대로 275,0,00275,00000,2121003,2,11650,11650,반포동,,전월세,201908,2019-08-24,26,25.7,130000,0,전세
래미안퍼스티지,11650-3559,2009,,,26,8,2019,"113,000",59.96,20,18-1,0,,,반포대로 275,0,00275,00000,2121003,2,11650,11650,반포동,,전월세,201908,2019-08-26,18,18.1,113000,0,전세
래미안퍼스티지,11650-3559,2009,,,28,8,2019,"260,000",222.15,10,18-1,0,,,반포대로 275,0,00275,00000,2121003,2,11650,11650,반포동,,전월세,201908,2019-08-28,67,67.2,260000,0,전세
래미안퍼스티지,11650-3559,2009,,,28,8,2019,"42,417",59.96,24,18-1,0,,,반포대로 275,0,00275,00000,2121003,2,11650,11650,반포동,,전월세,201908,2019-08-28,18,18.1,42417,0,전세
래미안퍼스티지,11650-3559,2009,,,29,8,2019,"258,000",198.22,18,18-1,0,,,반포대로 275,0,00275,00000,2121003,2,11650,11650,반포동,,전월세,201908,2019-08-29,60,60.0,258000,0,전세
래미안퍼스티지,11650-3559,2009,,,29,8,2019,"145,000",84.93,24,18-1,0,,,반포대로 275,0,00275,00000,2121003,2,11650,11650,반포동,,전월세,201908,2019-08-29,26,25.7,145000,0,전세
래미안퍼스티지,11650-3559,2009,,,30,8,2019,"205,000",135.92,14,18-1,0,,,반포대로 275,0,00275,00000,2121003,2,11650,11650,반포동,,전월세,201908,2019-08-30,41,41.1,205000,0,전세
래미안퍼스티지,11650-3559,2009,,,30,8,2019,"100,000",59.96,3,18-1,0,,,반포대로 275,0,00275,00000,2121003,2,11650,11650,반포동,,전월세,201908,2019-08-30,18,18.1,100000,0,전세
래미안퍼스티지,11650-3559,2009,,,31,8,2019,"250,000",222.15,23,18-1,0,,,반포대로 275,0,00275,00000,2121003,2,11650,11650,반포동,,전월세,201908,2019-08-31,67,67.2,250000,0,전세
래미안퍼스티지,11650-3559,2009,,,1,9,2019,"130,000",84.93,10,18-1,0,,,반포대로 275,0,00275,00000,2121003,2,11650,11650,반포동,,전월세,201909,2019-09-01,26,25.7,130000,0,전세
래미안퍼스티지,11650-3559,2009,,,2,9,2019,"100,000",59.89,18,18-1,0,,,반포대로 275,0,00275,00000,2121003,2,11650,11650,반포동,,전월세,201909,2019-09-02,18,18.1,100000,0,전세
래미안퍼스티지,11650-3559,2009,,,5,9,2019,"320,000",222.76,8,18-1,0,,,반포대로 275,0,00275,00000,2121003,2,11650,11650,반포동,,전월세,201909,2019-09-05,67,67.4,320000,0,전세
래미안퍼스티지,11650-3559,2009,,,7,9,2019,"135,000",84.76,16,18-1,0,,,반포대로 275,0,00275,00000,2121003,2,11650,11650,반포동,,전월세,201909,2019-09-07,26,25.6,135000,0,전세
래미안퍼스티지,11650-3559,2009,,,7,9,2019,"140,000",84.93,8,18-1,0,,,반포대로 275,0,00275,00000,2121003,2,11650,11650,반포동,,전월세,201909,2019-09-07,26,25.7,140000,0,전세
래미안퍼스티지,11650-3559,2009,,,10,9,2019,"220,000",169.31,10,18-1,0,,,반포대로 275,0,00275,00000,2121003,2,11650,11650,반포동,,전월세,201909,2019-09-10,51,51.2,220000,0,전세
래미안퍼스티지,11650-3559,2009,,,16,9,2019,"132,000",84.93,2,18-1,0,,,반포대로 275,0,00275,00000,2121003,2,11650,11650,반포동,,전월세,201909,2019-09-16,26,25.7,132000,0,전세
래미안퍼스티지,11650-3559,2009,,,18,9,2019,"132,000",84.93,29,18-1,0,,,반포대로 275,0,00275,00000,2121003,2,11650,11650,반포동,,전월세,201909,2019-09-18,26,25.7,132000,0,전세
래미안퍼스티지,11650-3559,2009,,,21,9,2019,"135,000",84.93,7,18-1,0,,,반포대로 275,0,00275,00000,2121003,2,11650,11650,반포동,,전월세,201909,2019-09-21,26,25.7,135000,0,전세
래미안퍼스티지,11650-3559,2009,,,21,9,2019,"135,000",84.93,7,18-1,0,,,반포대로 275,0,00275,00000,2121003,2,11650,11650,반포동,,전월세,201909,2019-09-21,26,25.7,135000,0,전세
래미안퍼스티지,11650-3559,2009,,,26,9,2019,"200,000",198.04,22,18-1,0,,,반포대로 275,0,00275,00000,2121003,2,11650,11650,반포동,,전월세,201909,2019-09-26,60,59.9,200000,0,전세
래미안퍼스티지,11650-3559,2009,,,30,9,2019,"220,000",136.65,3,18-1,0,,,반포대로 275,0,00275,00000,2121003,2,11650,11650,반포동,,전월세,201909,2019-09-30,41,41.3,220000,0,전세
래미안퍼스티지,11650-3559,2009,,,1,10,2019,"260,000",198.22,13,18-1,0,,,반포대로 275,0,00275,00000,2121003,2,11650,11650,반포동,,전월세,201910,2019-10-01,60,60.0,260000,0,전세
래미안퍼스티지,11650-3559,2009,,,5,10,2019,"115,000",59.89,13,18-1,0,,,반포대로 275,0,00275,00000,2121003,2,11650,11650,반포동,,전월세,201910,2019-10-05,18,18.1,115000,0,전세
래미안퍼스티지,11650-3559,2009,,,8,10,2019,"150,000",84.93,11,18-1,0,,,반포대로 275,0,00275,00000,2121003,2,11650,11650,반포동,,전월세,201910,2019-10-08,26,25.7,150000,0,전세
래미안퍼스티지,11650-3559,2009,,,14,10,2019,"30,431",59.89,10,18-1,0,,,반포대로 275,0,00275,00000,2121003,2,11650,11650,반포동,,전월세,201910,2019-10-14,18,18.1,30431,0,전세
래미안퍼스티지,11650-3559,2009,,,15,10,2019,"200,000",115.65,18,18-1,0,,,반포대로 275,0,00275,00000,2121003,2,11650,11650,반포동,,전월세,201910,2019-10-15,35,35.0,200000,0,전세
래미안퍼스티지,11650-3559,2009,,,15,10,2019,"109,900",59.96,26,18-1,0,,,반포대로 275,0,00275,00000,2121003,2,11650,11650,반포동,,전월세,201910,2019-10-15,18,18.1,109900,0,전세
래미안퍼스티지,11650-3559,2009,,,16,10,2019,"30,431",59.96,4,18-1,0,,,반포대로 275,0,00275,00000,2121003,2,11650,11650,반포동,,전월세,201910,2019-10-16,18,18.1,30431,0,전세
래미안퍼스티지,11650-3559,2009,,,17,10,2019,"40,820",84.85,7,18-1,0,,,반포대로 275,0,00275,00000,2121003,2,11650,11650,반포동,,전월세,201910,2019-10-17,26,25.7,40820,0,전세
래미안퍼스티지,11650-3559,2009,,,18,10,2019,"30,431",59.96,11,18-1,0,,,반포대로 275,0,00275,00000,2121003,2,11650,11650,반포동,,전월세,201910,2019-10-18,18,18.1,30431,0,전세
래미안퍼스티지,11650-3559,2009,,,18,10,2019,"40,820",84.93,2,18-1,0,,,반포대로 275,0,00275,00000,2121003,2,11650,11650,반포동,,전월세,201910,2019-10-18,26,25.7,40820,0,전세
래미안퍼스티지,11650-3559,2009,,,21,10,2019,"30,431",59.89,29,18-1,0,,,반포대로 275,0,00275,00000,2121003,2,11650,11650,반포동,,전월세,201910,2019-10-21,18,18.1,30431,0,전세
래미안퍼스티지,11650-3559,2009,,,21,10,2019,"30,431",59.89,21,18-1,0,,,반포대로 275,0,00275,00000,2121003,2,11650,11650,반포동,,전월세,201910,2019-10-21,18,18.1,30431,0,전세
래미안퍼스티지,11650-3559,2009,,,21,10,2019,"30,431",59.89,6,18-1,0,,,반포대로 275,0,00275,00000,2121003,2,11650,11650,반포동,,전월세,201910,2019-10-21,18,18.1,30431,0,전세
래미안퍼스티지,11650-3559,2009,,,21,10,2019,"30,431",59.96,14,18-1,0,,,반포대로 275,0,00275,00000,2121003,2,11650,11650,반포동,,전월세,201910,2019-10-21,18,18.1,30431,0,전세
래미안퍼스티지,11650-3559,2009,,,21,10,2019,"40,820",84.85,26,18-1,0,,,반포대로 275,0,00275,00000,2121003,2,11650,11650,반포동,,전월세,201910,2019-10-21,26,25.7,40820,0,전세
래미안퍼스티지,11650-3559,2009,,,21,10,2019,"40,820",84.85,10,18-1,0,,,반포대로 275,0,00275,00000,2121003,2,11650,11650,반포동,,전월세,201910,2019-10-21,26,25.7,40820,0,전세
래미안퍼스티지,11650-3559,2009,,,22,10,2019,"30,431",59.98,12,18-1,0,,,반포대로 275,0,00275,00000,2121003,2,11650,11650,반포동,,전월세,201910,2019-10-22,18,18.1,30431,0,전세
래미안퍼스티지,11650-3559,2009,,,22,10,2019,"140,000",84.93,20,18-1,0,,,반포대로 275,0,00275,00000,2121003,2,11650,11650,반포동,,전월세,201910,2019-10-22,26,25.7,140000,0,전세
래미안퍼스티지,11650-3559,2009,,,23,10,2019,"30,431",59.96,12,18-1,0,,,반포대로 275,0,00275,00000,2121003,2,11650,11650,반포동,,전월세,201910,2019-10-23,18,18.1,30431,0,전세
래미안퍼스티지,11650-3559,2009,,,23,10,2019,"40,820",84.76,3,18-1,0,,,반포대로 275,0,00275,00000,2121003,2,11650,11650,반포동,,전월세,201910,2019-10-23,26,25.6,40820,0,전세
래미안퍼스티지,11650-3559,2009,,,24,10,2019,"30,431",59.89,25,18-1,0,,,반포대로 275,0,00275,00000,2121003,2,11650,11650,반포동,,전월세,201910,2019-10-24,18,18.1,30431,0,전세
래미안퍼스티지,11650-3559,2009,,,25,10,2019,"30,431",59.89,10,18-1,0,,,반포대로 275,0,00275,00000,2121003,2,11650,11650,반포동,,전월세,201910,2019-10-25,18,18.1,30431,0,전세
래미안퍼스티지,11650-3559,2009,,,25,10,2019,"30,431",59.89,4,18-1,0,,,반포대로 275,0,00275,00000,2121003,2,11650,11650,반포동,,전월세,201910,2019-10-25,18,18.1,30431,0,전세
래미안퍼스티지,11650-3559,2009,,,25,10,2019,"30,431",59.98,5,18-1,0,,,반포대로 275,0,00275,00000,2121003,2,11650,11650,반포동,,전월세,201910,2019-10-25,18,18.1,30431,0,전세
래미안퍼스티지,11650-3559,2009,,,28,10,2019,"30,431",59.89,27,18-1,0,,,반포대로 275,0,00275,00000,2121003,2,11650,11650,반포동,,전월세,201910,2019-10-28,18,18.1,30431,0,전세
래미안퍼스티지,11650-3559,2009,,,28,10,2019,"30,431",59.96,27,18-1,0,,,반포대로 275,0,00275,00000,2121003,2,11650,11650,반포동,,전월세,201910,2019-10-28,18,18.1,30431,0,전세
래미안퍼스티지,11650-3559,2009,,,29,10,2019,"30,431",59.89,16,18-1,0,,,반포대로 275,0,00275,00000,2121003,2,11650,11650,반포동,,전월세,201910,2019-10-29,18,18.1,30431,0,전세
래미안퍼스티지,11650-3559,2009,,,30,10,2019,"30,431",59.89,28,18-1,0,,,반포대로 275,0,00275,00000,2121003,2,11650,11650,반포동,,전월세,201910,2019-10-30,18,18.1,30431,0,전세
래미안퍼스티지,11650-3559,2009,,,30,10,2019,"30,431",59.98,18,18-1,0,,,반포대로 275,0,00275,00000,2121003,2,11650,11650,반포동,,전월세,201910,2019-10-30,18,18.1,30431,0,전세
래미안퍼스티지,11650-3559,2009,,,31,10,2019,"215,000",135.92,6,18-1,0,,,반포대로 275,0,00275,00000,2121003,2,11650,11650,반포동,,전월세,201910,2019-10-31,41,41.1,215000,0,전세
래미안퍼스티지,11650-3559,2009,,,31,10,2019,"120,000",59.89,7,18-1,0,,,반포대로 275,0,00275,00000,2121003,2,11650,11650,반포동,,전월세,201910,2019-10-31,18,18.1,120000,0,전세
래미안퍼스티지,11650-3559,2009,,,1,11,2019,"250,000",222.15,24,18-1,0,,,반포대로 275,0,00275,00000,2121003,2,11650,11650,반포동,,전월세,201911,2019-11-01,67,67.2,250000,0,전세
래미안퍼스티지,11650-3559,2009,,,1,11,2019,"143,000",84.93,16,18-1,0,,,반포대로 275,0,00275,00000,2121003,2,11650,11650,반포동,,전월세,201911,2019-11-01,26,25.7,143000,0,전세
래미안퍼스티지,11650-3559,2009,,,1,11,2019,"132,000",84.93,2,18-1,0,,,반포대로 275,0,00275,00000,2121003,2,11650,11650,반포동,,전월세,201911,2019-11-01,26,25.7,132000,0,전세
래미안퍼스티지,11650-3559,2009,,,2,11,2019,"280,000",198.22,7,18-1,0,,,반포대로 275,0,00275,00000,2121003,2,11650,11650,반포동,,전월세,201911,2019-11-02,60,60.0,280000,0,전세
래미안퍼스티지,11650-3559,2009,,,2,11,2019,"148,000",84.93,23,18-1,0,,,반포대로 275,0,00275,00000,2121003,2,11650,11650,반포동,,전월세,201911,2019-11-02,26,25.7,148000,0,전세
래미안퍼스티지,11650-3559,2009,,,3,11,2019,"145,000",84.93,4,18-1,0,,,반포대로 275,0,00275,00000,2121003,2,11650,11650,반포동,,전월세,201911,2019-11-03,26,25.7,145000,0,전세
래미안퍼스티지,11650-3559,2009,,,3,11,2019,"145,000",84.93,29,18-1,0,,,반포대로 275,0,00275,00000,2121003,2,11650,11650,반포동,,전월세,201911,2019-11-03,26,25.7,145000,0,전세
래미안퍼스티지,11650-3559,2009,,,3,11,2019,"140,000",84.93,27,18-1,0,,,반포대로 275,0,00275,00000,2121003,2,11650,11650,반포동,,전월세,201911,2019-11-03,26,25.7,140000,0,전세
래미안퍼스티지,11650-3559,2009,,,7,11,2019,"270,000",198.04,26,18-1,0,,,반포대로 275,0,00275,00000,2121003,2,11650,11650,반포동,,전월세,201911,2019-11-07,60,59.9,270000,0,전세
래미안퍼스티지,11650-3559,2009,,,9,11,2019,"120,000",59.96,17,18-1,0,,,반포대로 275,0,00275,00000,2121003,2,11650,11650,반포동,,전월세,201911,2019-11-09,18,18.1,120000,0,전세
래미안퍼스티지,11650-3559,2009,,,9,11,2019,"120,000",59.96,17,18-1,0,,,반포대로 275,0,00275,00000,2121003,2,11650,11650,반포동,,전월세,201911,2019-11-09,18,18.1,120000,0,전세
래미안퍼스티지,11650-3559,2009,,,14,11,2019,"325,000",222.76,20,18-1,0,,,반포대로 275,0,00275,00000,2121003,2,11650,11650,반포동,,전월세,201911,2019-11-14,67,67.4,325000,0,전세
래미안퍼스티지,11650-3559,2009,,,16,11,2019,"135,000",84.93,15,18-1,0,,,반포대로 275,0,00275,00000,2121003,2,11650,11650,반포동,,전월세,201911,2019-11-16,26,25.7,135000,0,전세
래미안퍼스티지,11650-3559,2009,,,20,11,2019,"110,000",59.96,18,18-1,0,,,반포대로 275,0,00275,00000,2121003,2,11650,11650,반포동,,전월세,201911,2019-11-20,18,18.1,110000,0,전세
래미안퍼스티지,11650-3559,2009,,,21,11,2019,"235,000",168.65,22,18-1,0,,,반포대로 275,0,00275,00000,2121003,2,11650,11650,반포동,,전월세,201911,2019-11-21,51,51.0,235000,0,전세
래미안퍼스티지,11650-3559,2009,,,21,11,2019,"240,000",198.22,9,18-1,0,,,반포대로 275,0,00275,00000,2121003,2,11650,11650,반포동,,전월세,201911,2019-11-21,60,60.0,240000,0,전세
래미안퍼스티지,11650-3559,2009,,,26,11,2019,"120,000",59.89,24,18-1,0,,,반포대로 275,0,00275,00000,2121003,2,11650,11650,반포동,,전월세,201911,2019-11-26,18,18.1,120000,0,전세
래미안퍼스티지,11650-3559,2009,,,3,12,2019,"150,000",84.93,8,18-1,0,,,반포대로 275,0,00275,00000,2121003,2,11650,11650,반포동,,전월세,201912,2019-12-03,26,25.7,150000,0,전세
래미안퍼스티지,11650-3559,2009,,,5,12,2019,"125,000",59.89,23,18-1,0,,,반포대로 275,0,00275,00000,2121003,2,11650,11650,반포동,,전월세,201912,2019-12-05,18,18.1,125000,0,전세
래미안퍼스티지,11650-3559,2009,20.02~22.02,신규,5,12,2019,"162,000",84.93,11,18-1,0,,,반포대로 275,0,00275,00000,2121003,2,11650,11650,반포동,,전월세,201912,2019-12-05,26,25.7,162000,0,전세
래미안퍼스티지,11650-3559,2009,,,9,12,2019,"240,000",135.92,23,18-1,0,,,반포대로 275,0,00275,00000,2121003,2,11650,11650,반포동,,전월세,201912,2019-12-09,41,41.1,240000,0,전세
래미안퍼스티지,11650-3559,2009,,,10,12,2019,"305,000",222.15,21,18-1,0,,,반포대로 275,0,00275,00000,2121003,2,11650,11650,반포동,,전월세,201912,2019-12-10,67,67.2,305000,0,전세
래미안퍼스티지,11650-3559,2009,,,14,12,2019,"118,000",59.89,22,18-1,0,,,반포대로 275,0,00275,00000,2121003,2,11650,11650,반포동,,전월세,201912,2019-12-14,18,18.1,118000,0,전세
래미안퍼스티지,11650-3559,2009,,,16,12,2019,"38,965",84.85,14,18-1,0,,,반포대로 275,0,00275,00000,2121003,2,11650,11650,반포동,,전월세,201912,2019-12-16,26,25.7,38965,0,전세
래미안퍼스티지,11650-3559,2009,,,18,12,2019,"230,000",169.31,30,18-1,0,,,반포대로 275,0,00275,00000,2121003,2,11650,11650,반포동,,전월세,201912,2019-12-18,51,51.2,230000,0,전세
래미안퍼스티지,11650-3559,2009,,,18,12,2019,"275,000",222.15,19,18-1,0,,,반포대로 275,0,00275,00000,2121003,2,11650,11650,반포동,,전월세,201912,2019-12-18,67,67.2,275000,0,전세
래미안퍼스티지,11650-3559,2009,,,18,12,2019,"29,048",59.96,14,18-1,0,,,반포대로 275,0,00275,00000,2121003,2,11650,11650,반포동,,전월세,201912,2019-12-18,18,18.1,29048,0,전세
래미안퍼스티지,11650-3559,2009,,,20,12,2019,"125,000",59.89,28,18-1,0,,,반포대로 275,0,00275,00000,2121003,2,11650,11650,반포동,,전월세,201912,2019-12-20,18,18.1,125000,0,전세
래미안퍼스티지,11650-3559,2009,,,23,12,2019,"120,000",59.89,22,18-1,0,,,반포대로 275,0,00275,00000,2121003,2,11650,11650,반포동,,전월세,201912,2019-12-23,18,18.1,120000,0,전세
래미안퍼스티지,11650-3559,2009,,,23,12,2019,"29,048",59.89,22,18-1,0,,,반포대로 275,0,00275,00000,2121003,2,11650,11650,반포동,,전월세,201912,2019-12-23,18,18.1,29048,0,전세
래미안퍼스티지,11650-3559,2009,,,23,12,2019,"60,760",59.96,2,18-1,0,,,반포대로 275,0,00275,00000,2121003,2,11650,11650,반포동,,전월세,201912,2019-12-23,18,18.1,60760,0,전세
래미안퍼스티지,11650-3559,2009,,,23,12,2019,"29,048",59.96,17,18-1,0,,,반포대로 275,0,00275,00000,2121003,2,11650,11650,반포동,,전월세,201912,2019-12-23,18,18.1,29048,0,전세
래미안퍼스티지,11650-3559,2009,,,23,12,2019,"29,048",59.96,1,18-1,0,,,반포대로 275,0,00275,00000,2121003,2,11650,11650,반포동,,전월세,201912,2019-12-23,18,18.1,29048,0,전세
래미안퍼스티지,11650-3559,2009,,,23,12,2019,"78,120",84.76,12,18-1,0,,,반포대로 275,0,00275,00000,2121003,2,11650,11650,반포동,,전월세,201912,2019-12-23,26,25.6,78120,0,전세
래미안퍼스티지,11650-3559,2009,,,24,12,2019,"60,760",59.89,28,18-1,0,,,반포대로 275,0,00275,00000,2121003,2,11650,11650,반포동,,전월세,201912,2019-12-24,18,18.1,60760,0,전세
래미안퍼스티지,11650-3559,2009,,,26,12,2019,"60,760",59.89,29,18-1,0,,,반포대로 275,0,00275,00000,2121003,2,11650,11650,반포동,,전월세,201912,2019-12-26,18,18.1,60760,0,전세
래미안퍼스티지,11650-3559,2009,,,26,12,2019,"60,760",59.96,15,18-1,0,,,반포대로 275,0,00275,00000,2121003,2,11650,11650,반포동,,전월세,201912,2019-12-26,18,18.1,60760,0,전세
래미안퍼스티지,11650-3559,2009,,,27,12,2019,"38,965",84.93,2,18-1,0,,,반포대로 275,0,00275,00000,2121003,2,11650,11650,반포동,,전월세,201912,2019-12-27,26,25.7,38965,0,전세
래미안퍼스티지,11650-3559,2009,,,28,12,2019,"100,000",59.96,3,18-1,0,,,반포대로 275,0,00275,00000,2121003,2,11650,11650,반포동,,전월세,201912,2019-12-28,18,18.1,100000,0,전세
래미안퍼스티지,11650-3559,2009,,,30,12,2019,"29,048",59.89,28,18-1,0,,,반포대로 275,0,00275,00000,2121003,2,11650,11650,반포동,,전월세,201912,2019-12-30,18,18.1,29048,0,전세
래미안퍼스티지,11650-3559,2009,,,30,12,2019,"29,048",59.89,13,18-1,0,,,반포대로 275,0,00275,00000,2121003,2,11650,11650,반포동,,전월세,201912,2019-12-30,18,18.1,29048,0,전세
래미안퍼스티지,11650-3559,2009,,,30,12,2019,"60,760",59.89,9,18-1,0,,,반포대로 275,0,00275,00000,2121003,2,11650,11650,반포동,,전월세,201912,2019-12-30,18,18.1,60760,0,전세
래미안퍼스티지,11650-3559,2009,19.12~21.12,,30,12,2019,"29,048",59.96,21,18-1,0,,,반포대로 275,0,00275,00000,2121003,2,11650,11650,반포동,,전월세,201912,2019-12-30,18,18.1,29048,0,전세
래미안퍼스티지,11650-3559,2009,,,30,12,2019,"29,048",59.96,27,18-1,0,,,반포대로 275,0,00275,00000,2121003,2,11650,11650,반포동,,전월세,201912,2019-12-30,18,18.1,29048,0,전세
래미안퍼스티지,11650-3559,2009,,,30,12,2019,"161,000",84.93,10,18-1,0,,,반포대로 275,0,00275,00000,2121003,2,11650,11650,반포동,,전월세,201912,2019-12-30,26,25.7,161000,0,전세
래미안퍼스티지,11650-3559,2009,20.02~22.02,신규,30,12,2019,"161,000",84.93,10,18-1,0,,,반포대로 275,0,00275,00000,2121003,2,11650,11650,반포동,,전월세,201912,2019-12-30,26,25.7,161000,0,전세
래미안퍼스티지,11650-3559,2009,,,31,12,2019,"53,855",84.76,8,18-1,0,,,반포대로 275,0,00275,00000,2121003,2,11650,11650,반포동,,전월세,201912,2019-12-31,26,25.6,53855,0,전세
래미안퍼스티지,11650-3559,2009,,,5,1,2020,"110,000",59.89,6,18-1,0,,,반포대로 275,0,00275,00000,2121003,2,11650,11650,반포동,,전월세,202001,2020-01-05,18,18.1,110000,0,전세
래미안퍼스티지,11650-3559,2009,,,7,1,2020,"100,000",59.96,29,18-1,0,,,반포대로 275,0,00275,00000,2121003,2,11650,11650,반포동,,전월세,202001,2020-01-07,18,18.1,100000,0,전세
래미안퍼스티지,11650-3559,2009,,,8,1,2020,"150,000",84.93,14,18-1,0,,,반포대로 275,0,00275,00000,2121003,2,11650,11650,반포동,,전월세,202001,2020-01-08,26,25.7,150000,0,전세
래미안퍼스티지,11650-3559,2009,,,11,1,2020,"120,000",59.89,4,18-1,0,,,반포대로 275,0,00275,00000,2121003,2,11650,11650,반포동,,전월세,202001,2020-01-11,18,18.1,120000,0,전세
래미안퍼스티지,11650-3559,2009,,,13,1,2020,"120,000",59.89,22,18-1,0,,,반포대로 275,0,00275,00000,2121003,2,11650,11650,반포동,,전월세,202001,2020-01-13,18,18.1,120000,0,전세
래미안퍼스티지,11650-3559,2009,,,13,1,2020,"168,000",84.93,25,18-1,0,,,반포대로 275,0,00275,00000,2121003,2,11650,11650,반포동,,전월세,202001,2020-01-13,26,25.7,168000,0,전세
래미안퍼스티지,11650-3559,2009,,,16,1,2020,"290,000",198.04,21,18-1,0,,,반포대로 275,0,00275,00000,2121003,2,11650,11650,반포동,,전월세,202001,2020-01-16,60,59.9,290000,0,전세
래미안퍼스티지,11650-3559,2009,,,17,1,2020,"42,252",59.98,10,18-1,0,,,반포대로 275,0,00275,00000,2121003,2,11650,11650,반포동,,전월세,202001,2020-01-17,18,18.1,42252,0,전세
래미안퍼스티지,11650-3559,2009,,,28,1,2020,"134,200",84.93,8,18-1,0,,,반포대로 275,0,00275,00000,2121003,2,11650,11650,반포동,,전월세,202001,2020-01-28,26,25.7,134200,0,전세
래미안퍼스티지,11650-3559,2009,,,29,1,2020,"29,105",59.96,13,18-1,0,,,반포대로 275,0,00275,00000,2121003,2,11650,11650,반포동,,전월세,202001,2020-01-29,18,18.1,29105,0,전세
래미안퍼스티지,11650-3559,2009,,,30,1,2020,"60,000",59.96,12,18-1,0,,,반포대로 275,0,00275,00000,2121003,2,11650,11650,반포동,,전월세,202001,2020-01-30,18,18.1,60000,0,전세
래미안퍼스티지,11650-3559,2009,,,5,2,2020,"150,000",84.93,8,18-1,0,,,반포대로 275,0,00275,00000,2121003,2,11650,11650,반포동,,전월세,202002,2020-02-05,26,25.7,150000,0,전세
래미안퍼스티지,11650-3559,2009,,,6,2,2020,"108,000",59.96,10,18-1,0,,,반포대로 275,0,00275,00000,2121003,2,11650,11650,반포동,,전월세,202002,2020-02-06,18,18.1,108000,0,전세
래미안퍼스티지,11650-3559,2009,,,10,2,2020,"123,000",59.89,28,18-1,0,,,반포대로 275,0,00275,00000,2121003,2,11650,11650,반포동,,전월세,202002,2020-02-10,18,18.1,123000,0,전세
래미안퍼스티지,11650-3559,2009,,,14,2,2020,"60,760",59.89,25,18-1,0,,,반포대로 275,0,00275,00000,2121003,2,11650,11650,반포동,,전월세,202002,2020-02-14,18,18.1,60760,0,전세
래미안퍼스티지,11650-3559,2009,,,15,2,2020,"115,000",59.96,25,18-1,0,,,반포대로 275,0,00275,00000,2121003,2,11650,11650,반포동,,전월세,202002,2020-02-15,18,18.1,115000,0,전세
래미안퍼스티지,11650-3559,2009,,,17,2,2020,"305,000",222.76,20,18-1,0,,,반포대로 275,0,00275,00000,2121003,2,11650,11650,반포동,,전월세,202002,2020-02-17,67,67.4,305000,0,전세
래미안퍼스티지,11650-3559,2009,,,17,2,2020,"124,000",59.96,27,18-1,0,,,반포대로 275,0,00275,00000,2121003,2,11650,11650,반포동,,전월세,202002,2020-02-17,18,18.1,124000,0,전세
래미안퍼스티지,11650-3559,2009,,,18,2,2020,"290,000",198.04,7,18-1,0,,,반포대로 275,0,00275,00000,2121003,2,11650,11650,반포동,,전월세,202002,2020-02-18,60,59.9,290000,0,전세
래미안퍼스티지,11650-3559,2009,,,22,2,2020,"152,000",84.93,15,18-1,0,,,반포대로 275,0,00275,00000,2121003,2,11650,11650,반포동,,전월세,202002,2020-02-22,26,25.7,152000,0,전세
래미안퍼스티지,11650-3559,2009,,,26,2,2020,"110,000",59.89,11,18-1,0,,,반포대로 275,0,00275,00000,2121003,2,11650,11650,반포동,,전월세,202002,2020-02-26,18,18.1,110000,0,전세
래미안퍼스티지,11650-3559,2009,,,29,2,2020,"120,000",59.89,5,18-1,0,,,반포대로 275,0,00275,00000,2121003,2,11650,11650,반포동,,전월세,202002,2020-02-29,18,18.1,120000,0,전세
래미안퍼스티지,11650-3559,2009,,,29,2,2020,"140,000",84.93,28,18-1,0,,,반포대로 275,0,00275,00000,2121003,2,11650,11650,반포동,,전월세,202002,2020-02-29,26,25.7,140000,0,전세
래미안퍼스티지,11650-3559,2009,,,2,3,2020,"165,000",84.93,16,18-1,0,,,반포대로 275,0,00275,00000,2121003,2,11650,11650,반포동,,전월세,202003,2020-03-02,26,25.7,165000,0,전세
래미안퍼스티지,11650-3559,2009,,,2,3,2020,"39,041",84.93,2,18-1,0,,,반포대로 275,0,00275,00000,2121003,2,11650,11650,반포동,,전월세,202003,2020-03-02,26,25.7,39041,0,전세
래미안퍼스티지,11650-3559,2009,,,3,3,2020,"273,000",198.04,7,18-1,0,,,반포대로 275,0,00275,00000,2121003,2,11650,11650,반포동,,전월세,202003,2020-03-03,60,59.9,273000,0,전세
래미안퍼스티지,11650-3559,2009,,,5,3,2020,"260,000",198.22,10,18-1,0,,,반포대로 275,0,00275,00000,2121003,2,11650,11650,반포동,,전월세,202003,2020-03-05,60,60.0,260000,0,전세
래미안퍼스티지,11650-3559,2009,,,6,3,2020,"125,000",59.89,26,18-1,0,,,반포대로 275,0,00275,00000,2121003,2,11650,11650,반포동,,전월세,202003,2020-03-06,18,18.1,125000,0,전세
래미안퍼스티지,11650-3559,2009,,,31,3,2020,"29,105",59.89,17,18-1,0,,,반포대로 275,0,00275,00000,2121003,2,11650,11650,반포동,,전월세,202003,2020-03-31,18,18.1,29105,0,전세
래미안퍼스티지,11650-3559,2009,,,14,4,2020,"60,760",59.96,15,18-1,0,,,반포대로 275,0,00275,00000,2121003,2,11650,11650,반포동,,전월세,202004,2020-04-14,18,18.1,60760,0,전세
래미안퍼스티지,11650-3559,2009,,,15,4,2020,"140,000",84.93,30,18-1,0,,,반포대로 275,0,00275,00000,2121003,2,11650,11650,반포동,,전월세,202004,2020-04-15,26,25.7,140000,0,전세
래미안퍼스티지,11650-3559,2009,,,18,4,2020,"78,120",84.93,2,18-1,0,,,반포대로 275,0,00275,00000,2121003,2,11650,11650,반포동,,전월세,202004,2020-04-18,26,25.7,78120,0,전세
래미안퍼스티지,11650-3559,2009,,,23,4,2020,"60,760",59.98,21,18-1,0,,,반포대로 275,0,00275,00000,2121003,2,11650,11650,반포동,,전월세,202004,2020-04-23,18,18.1,60760,0,전세
래미안퍼스티지,11650-3559,2009,,,25,4,2020,"80,000",59.89,26,18-1,0,,,반포대로 275,0,00275,00000,2121003,2,11650,11650,반포동,,전월세,202004,2020-04-25,18,18.1,80000,0,전세
래미안퍼스티지,11650-3559,2009,,,1,5,2020,"100,000",59.96,29,18-1,0,,,반포대로 275,0,00275,00000,2121003,2,11650,11650,반포동,,전월세,202005,2020-05-01,18,18.1,100000,0,전세
래미안퍼스티지,11650-3559,2009,,,13,5,2020,"205,000",115.65,28,18-1,0,,,반포대로 275,0,00275,00000,2121003,2,11650,11650,반포동,,전월세,202005,2020-05-13,35,35.0,205000,0,전세
래미안퍼스티지,11650-3559,2009,,,14,5,2020,"126,000",59.96,11,18-1,0,,,반포대로 275,0,00275,00000,2121003,2,11650,11650,반포동,,전월세,202005,2020-05-14,18,18.1,126000,0,전세
래미안퍼스티지,11650-3559,2009,,,15,5,2020,"150,000",84.93,3,18-1,0,,,반포대로 275,0,00275,00000,2121003,2,11650,11650,반포동,,전월세,202005,2020-05-15,26,25.7,150000,0,전세
래미안퍼스티지,11650-3559,2009,,,18,5,2020,"148,000",84.93,15,18-1,0,,,반포대로 275,0,00275,00000,2121003,2,11650,11650,반포동,,전월세,202005,2020-05-18,26,25.7,148000,0,전세
래미안퍼스티지,11650-3559,2009,,,19,5,2020,"190,000",84.85,3,18-1,0,,,반포대로 275,0,00275,00000,2121003,2,11650,11650,반포동,,전월세,202005,2020-05-19,26,25.7,190000,0,전세
래미안퍼스티지,11650-3559,2009,,,23,5,2020,"80,000",59.89,26,18-1,0,,,반포대로 275,0,00275,00000,2121003,2,11650,11650,반포동,,전월세,202005,2020-05-23,18,18.1,80000,0,전세
래미안퍼스티지,11650-3559,2009,,,23,5,2020,"162,000",84.93,17,18-1,0,,,반포대로 275,0,00275,00000,2121003,2,11650,11650,반포동,,전월세,202005,2020-05-23,26,25.7,162000,0,전세
래미안퍼스티지,11650-3559,2009,,,27,5,2020,"115,000",59.89,23,18-1,0,,,반포대로 275,0,00275,00000,2121003,2,11650,11650,반포동,,전월세,202005,2020-05-27,18,18.1,115000,0,전세
래미안퍼스티지,11650-3559,2009,,,28,5,2020,"235,000",168.65,17,18-1,0,,,반포대로 275,0,00275,00000,2121003,2,11650,11650,반포동,,전월세,202005,2020-05-28,51,51.0,235000,0,전세
래미안퍼스티지,11650-3559,2009,,,28,5,2020,"290,000",222.76,18,18-1,0,,,반포대로 275,0,00275,00000,2121003,2,11650,11650,반포동,,전월세,202005,2020-05-28,67,67.4,290000,0,전세
래미안퍼스티지,11650-3559,2009,,,16,6,2020,"210,000",117.12,21,18-1,0,,,반포대로 275,0,00275,00000,2121003,2,11650,11650,반포동,,전월세,202006,2020-06-16,35,35.4,210000,0,전세
래미안퍼스티지,11650-3559,2009,,,17,6,2020,"230,000",222.76,12,18-1,0,,,반포대로 275,0,00275,00000,2121003,2,11650,11650,반포동,,전월세,202006,2020-06-17,67,67.4,230000,0,전세
래미안퍼스티지,11650-3559,2009,,,22,6,2020,"140,000",84.93,18,18-1,0,,,반포대로 275,0,00275,00000,2121003,2,11650,11650,반포동,,전월세,202006,2020-06-22,26,25.7,140000,0,전세
래미안퍼스티지,11650-3559,2009,,,23,6,2020,"205,000",136.65,20,18-1,0,,,반포대로 275,0,00275,00000,2121003,2,11650,11650,반포동,,전월세,202006,2020-06-23,41,41.3,205000,0,전세
래미안퍼스티지,11650-3559,2009,,,24,6,2020,"280,000",222.76,16,18-1,0,,,반포대로 275,0,00275,00000,2121003,2,11650,11650,반포동,,전월세,202006,2020-06-24,67,67.4,280000,0,전세
래미안퍼스티지,11650-3559,2009,,,25,6,2020,"105,000",59.96,12,18-1,0,,,반포대로 275,0,00275,00000,2121003,2,11650,11650,반포동,,전월세,202006,2020-06-25,18,18.1,105000,0,전세
래미안퍼스티지,11650-3559,2009,,,25,6,2020,"152,000",84.93,19,18-1,0,,,반포대로 275,0,00275,00000,2121003,2,11650,11650,반포동,,전월세,202006,2020-06-25,26,25.7,152000,0,전세
래미안퍼스티지,11650-3559,2009,,,30,6,2020,"269,000",135.92,7,18-1,0,,,반포대로 275,0,00275,00000,2121003,2,11650,11650,반포동,,전월세,202006,2020-06-30,41,41.1,269000,0,전세
래미안퍼스티지,11650-3559,2009,,,30,6,2020,"60,760",59.96,27,18-1,0,,,반포대로 275,0,00275,00000,2121003,2,11650,11650,반포동,,전월세,202006,2020-06-30,18,18.1,60760,0,전세
래미안퍼스티지,11650-3559,2009,,,30,6,2020,"60,760",59.96,27,18-1,0,,,반포대로 275,0,00275,00000,2121003,2,11650,11650,반포동,,전월세,202006,2020-06-30,18,18.1,60760,0,전세
래미안퍼스티지,11650-3559,2009,,,2,7,2020,"190,000",117.12,15,18-1,0,,,반포대로 275,0,00275,00000,2121003,2,11650,11650,반포동,,전월세,202007,2020-07-02,35,35.4,190000,0,전세
래미안퍼스티지,11650-3559,2009,,,3,7,2020,"120,000",59.96,25,18-1,0,,,반포대로 275,0,00275,00000,2121003,2,11650,11650,반포동,,전월세,202007,2020-07-03,18,18.1,120000,0,전세
래미안퍼스티지,11650-3559,2009,,,9,7,2020,"145,000",84.93,2,18-1,0,,,반포대로 275,0,00275,00000,2121003,2,11650,11650,반포동,,전월세,202007,2020-07-09,26,25.7,145000,0,전세
래미안퍼스티지,11650-3559,2009,,,10,7,2020,"105,000",59.98,9,18-1,0,,,반포대로 275,0,00275,00000,2121003,2,11650,11650,반포동,,전월세,202007,2020-07-10,18,18.1,105000,0,전세
래미안퍼스티지,11650-3559,2009,,,11,7,2020,"225,000",135.92,10,18-1,0,,,반포대로 275,0,00275,00000,2121003,2,11650,11650,반포동,,전월세,202007,2020-07-11,41,41.1,225000,0,전세
래미안퍼스티지,11650-3559,2009,,,14,7,2020,"230,000",222.15,27,18-1,0,,,반포대로 275,0,00275,00000,2121003,2,11650,11650,반포동,,전월세,202007,2020-07-14,67,67.2,230000,0,전세
래미안퍼스티지,11650-3559,2009,,,15,7,2020,"230,000",135.92,7,18-1,0,,,반포대로 275,0,00275,00000,2121003,2,11650,11650,반포동,,전월세,202007,2020-07-15,41,41.1,230000,0,전세
래미안퍼스티지,11650-3559,2009,,,15,7,2020,"170,000",84.93,26,18-1,0,,,반포대로 275,0,00275,00000,2121003,2,11650,11650,반포동,,전월세,202007,2020-07-15,26,25.7,170000,0,전세
래미안퍼스티지,11650-3559,2009,,,18,7,2020,"265,000",198.04,15,18-1,0,,,반포대로 275,0,00275,00000,2121003,2,11650,11650,반포동,,전월세,202007,2020-07-18,60,59.9,265000,0,전세
래미안퍼스티지,11650-3559,2009,,,21,7,2020,"156,000",84.93,16,18-1,0,,,반포대로 275,0,00275,00000,2121003,2,11650,11650,반포동,,전월세,202007,2020-07-21,26,25.7,156000,0,전세
래미안퍼스티지,11650-3559,2009,,,24,7,2020,"160,000",84.93,5,18-1,0,,,반포대로 275,0,00275,00000,2121003,2,11650,11650,반포동,,전월세,202007,2020-07-24,26,25.7,160000,0,전세
래미안퍼스티지,11650-3559,2009,,,28,7,2020,"230,000",136.65,16,18-1,0,,,반포대로 275,0,00275,00000,2121003,2,11650,11650,반포동,,전월세,202007,2020-07-28,41,41.3,230000,0,전세
래미안퍼스티지,11650-3559,2009,,,29,7,2020,"160,000",84.85,8,18-1,0,,,반포대로 275,0,00275,00000,2121003,2,11650,11650,반포동,,전월세,202007,2020-07-29,26,25.7,160000,0,전세
래미안퍼스티지,11650-3559,2009,,,29,7,2020,"140,000",84.93,21,18-1,0,,,반포대로 275,0,00275,00000,2121003,2,11650,11650,반포동,,전월세,202007,2020-07-29,26,25.7,140000,0,전세
래미안퍼스티지,11650-3559,2009,,,31,7,2020,"115,000",59.96,30,18-1,0,,,반포대로 275,0,00275,00000,2121003,2,11650,11650,반포동,,전월세,202007,2020-07-31,18,18.1,115000,0,전세
래미안퍼스티지,11650-3559,2009,,,3,8,2020,"105,000",59.98,10,18-1,0,,,반포대로 275,0,00275,00000,2121003,2,11650,11650,반포동,,전월세,202008,2020-08-03,18,18.1,105000,0,전세
래미안퍼스티지,11650-3559,2009,,,6,8,2020,"215,000",169.31,12,18-1,0,,,반포대로 275,0,00275,00000,2121003,2,11650,11650,반포동,,전월세,202008,2020-08-06,51,51.2,215000,0,전세
래미안퍼스티지,11650-3559,2009,,,7,8,2020,"155,000",84.93,6,18-1,0,,,반포대로 275,0,00275,00000,2121003,2,11650,11650,반포동,,전월세,202008,2020-08-07,26,25.7,155000,0,전세
래미안퍼스티지,11650-3559,2009,,,11,8,2020,"310,000",222.15,18,18-1,0,,,반포대로 275,0,00275,00000,2121003,2,11650,11650,반포동,,전월세,202008,2020-08-11,67,67.2,310000,0,전세
래미안퍼스티지,11650-3559,2009,,,12,8,2020,"165,000",84.93,25,18-1,0,,,반포대로 275,0,00275,00000,2121003,2,11650,11650,반포동,,전월세,202008,2020-08-12,26,25.7,165000,0,전세
래미안퍼스티지,11650-3559,2009,,,15,8,2020,"215,000",135.92,18,18-1,0,,,반포대로 275,0,00275,00000,2121003,2,11650,11650,반포동,,전월세,202008,2020-08-15,41,41.1,215000,0,전세
래미안퍼스티지,11650-3559,2009,,,15,8,2020,"150,000",84.93,11,18-1,0,,,반포대로 275,0,00275,00000,2121003,2,11650,11650,반포동,,전월세,202008,2020-08-15,26,25.7,150000,0,전세
래미안퍼스티지,11650-3559,2009,,,19,8,2020,"152,250",84.93,29,18-1,0,,,반포대로 275,0,00275,00000,2121003,2,11650,11650,반포동,,전월세,202008,2020-08-19,26,25.7,152250,0,전세
래미안퍼스티지,11650-3559,2009,,,22,8,2020,"247,000",198.04,5,18-1,0,,,반포대로 275,0,00275,00000,2121003,2,11650,11650,반포동,,전월세,202008,2020-08-22,60,59.9,247000,0,전세
래미안퍼스티지,11650-3559,2009,,,22,8,2020,"280,000",198.22,15,18-1,0,,,반포대로 275,0,00275,00000,2121003,2,11650,11650,반포동,,전월세,202008,2020-08-22,60,60.0,280000,0,전세
래미안퍼스티지,11650-3559,2009,,,22,8,2020,"160,000",84.93,25,18-1,0,,,반포대로 275,0,00275,00000,2121003,2,11650,11650,반포동,,전월세,202008,2020-08-22,26,25.7,160000,0,전세
래미안퍼스티지,11650-3559,2009,,,27,8,2020,"160,000",84.93,3,18-1,0,,,반포대로 275,0,00275,00000,2121003,2,11650,11650,반포동,,전월세,202008,2020-08-27,26,25.7,160000,0,전세
래미안퍼스티지,11650-3559,2009,,,27,8,2020,"160,000",84.93,3,18-1,0,,,반포대로 275,0,00275,00000,2121003,2,11650,11650,반포동,,전월세,202008,2020-08-27,26,25.7,160000,0,전세
래미안퍼스티지,11650-3559,2009,,,31,8,2020,"260,000",198.22,7,18-1,0,,,반포대로 275,0,00275,00000,2121003,2,11650,11650,반포동,,전월세,202008,2020-08-31,60,60.0,260000,0,전세
래미안퍼스티지,11650-3559,2009,,,1,9,2020,"185,000",115.65,6,18-1,0,,,반포대로 275,0,00275,00000,2121003,2,11650,11650,반포동,,전월세,202009,2020-09-01,35,35.0,185000,0,전세
래미안퍼스티지,11650-3559,2009,,,1,9,2020,"60,760",59.96,4,18-1,0,,,반포대로 275,0,00275,00000,2121003,2,11650,11650,반포동,,전월세,202009,2020-09-01,18,18.1,60760,0,전세
래미안퍼스티지,11650-3559,2009,,,2,9,2020,"240,000",136.65,23,18-1,0,,,반포대로 275,0,00275,00000,2121003,2,11650,11650,반포동,,전월세,202009,2020-09-02,41,41.3,240000,0,전세
래미안퍼스티지,11650-3559,2009,,,2,9,2020,"141,750",84.93,23,18-1,0,,,반포대로 275,0,00275,00000,2121003,2,11650,11650,반포동,,전월세,202009,2020-09-02,26,25.7,141750,0,전세
래미안퍼스티지,11650-3559,2009,,,2,9,2020,"160,000",84.93,21,18-1,0,,,반포대로 275,0,00275,00000,2121003,2,11650,11650,반포동,,전월세,202009,2020-09-02,26,25.7,160000,0,전세
래미안퍼스티지,11650-3559,2009,,,8,9,2020,"148,000",84.93,23,18-1,0,,,반포대로 275,0,00275,00000,2121003,2,11650,11650,반포동,,전월세,202009,2020-09-08,26,25.7,148000,0,전세
래미안퍼스티지,11650-3559,2009,,,11,9,2020,"170,000",84.93,14,18-1,0,,,반포대로 275,0,00275,00000,2121003,2,11650,11650,반포동,,전월세,202009,2020-09-11,26,25.7,170000,0,전세
래미안퍼스티지,11650-3559,2009,,,17,9,2020,"273,000",222.76,5,18-1,0,,,반포대로 275,0,00275,00000,2121003,2,11650,11650,반포동,,전월세,202009,2020-09-17,67,67.4,273000,0,전세
래미안퍼스티지,11650-3559,2009,,,17,9,2020,"170,000",84.93,26,18-1,0,,,반포대로 275,0,00275,00000,2121003,2,11650,11650,반포동,,전월세,202009,2020-09-17,26,25.7,170000,0,전세
래미안퍼스티지,11650-3559,2009,,,18,9,2020,"152,000",84.93,25,18-1,0,,,반포대로 275,0,00275,00000,2121003,2,11650,11650,반포동,,전월세,202009,2020-09-18,26,25.7,152000,0,전세
래미안퍼스티지,11650-3559,2009,,,18,9,2020,"160,000",84.93,12,18-1,0,,,반포대로 275,0,00275,00000,2121003,2,11650,11650,반포동,,전월세,202009,2020-09-18,26,25.7,160000,0,전세
래미안퍼스티지,11650-3559,2009,,,19,9,2020,"147,000",84.85,4,18-1,0,,,반포대로 275,0,00275,00000,2121003,2,11650,11650,반포동,,전월세,202009,2020-09-19,26,25.7,147000,0,전세
래미안퍼스티지,11650-3559,2009,,,21,9,2020,"140,000",84.93,31,18-1,0,,,반포대로 275,0,00275,00000,2121003,2,11650,11650,반포동,,전월세,202009,2020-09-21,26,25.7,140000,0,전세
래미안퍼스티지,11650-3559,2009,,,22,9,2020,"230,000",115.65,28,18-1,0,,,반포대로 275,0,00275,00000,2121003,2,11650,11650,반포동,,전월세,202009,2020-09-22,35,35.0,230000,0,전세
래미안퍼스티지,11650-3559,2009,,,24,9,2020,"65,426",84.85,4,18-1,0,,,반포대로 275,0,00275,00000,2121003,2,11650,11650,반포동,,전월세,202009,2020-09-24,26,25.7,65426,0,전세
래미안퍼스티지,11650-3559,2009,,,28,9,2020,"180,000",84.93,21,18-1,0,,,반포대로 275,0,00275,00000,2121003,2,11650,11650,반포동,,전월세,202009,2020-09-28,26,25.7,180000,0,전세
래미안퍼스티지,11650-3559,2009,,,7,10,2020,"240,000",135.92,29,18-1,0,,,반포대로 275,0,00275,00000,2121003,2,11650,11650,반포동,,전월세,202010,2020-10-07,41,41.1,240000,0,전세
래미안퍼스티지,11650-3559,2009,,,9,10,2020,"320,000",222.15,9,18-1,0,,,반포대로 275,0,00275,00000,2121003,2,11650,11650,반포동,,전월세,202010,2020-10-09,67,67.2,320000,0,전세
래미안퍼스티지,11650-3559,2009,,,11,10,2020,"170,000",84.93,30,18-1,0,,,반포대로 275,0,00275,00000,2121003,2,11650,11650,반포동,,전월세,202010,2020-10-11,26,25.7,170000,0,전세
래미안퍼스티지,11650-3559,2009,,,14,10,2020,"240,000",169.31,19,18-1,0,,,반포대로 275,0,00275,00000,2121003,2,11650,11650,반포동,,전월세,202010,2020-10-14,51,51.2,240000,0,전세
래미안퍼스티지,11650-3559,2009,,,14,10,2020,"260,000",198.22,17,18-1,0,,,반포대로 275,0,00275,00000,2121003,2,11650,11650,반포동,,전월세,202010,2020-10-14,60,60.0,260000,0,전세
래미안퍼스티지,11650-3559,2009,,,15,10,2020,"130,000",59.96,3,18-1,0,,,반포대로 275,0,00275,00000,2121003,2,11650,11650,반포동,,전월세,202010,2020-10-15,18,18.1,130000,0,전세
래미안퍼스티지,11650-3559,2009,,,15,10,2020,"130,000",59.96,3,18-1,0,,,반포대로 275,0,00275,00000,2121003,2,11650,11650,반포동,,전월세,202010,2020-10-15,18,18.1,130000,0,전세
래미안퍼스티지,11650-3559,2009,20.12~22.12,신규,18,10,2020,"172,000",84.93,6,18-1,0,,,반포대로 275,0,00275,00000,2121003,2,11650,11650,반포동,,전월세,202010,2020-10-18,26,25.7,172000,0,전세
래미안퍼스티지,11650-3559,2009,,,22,10,2020,"30,000",84.93,2,18-1,0,,,반포대로 275,0,00275,00000,2121003,2,11650,11650,반포동,,전월세,202010,2020-10-22,26,25.7,30000,0,전세
래미안퍼스티지,11650-3559,2009,,,24,10,2020,"310,000",222.76,18,18-1,0,,,반포대로 275,0,00275,00000,2121003,2,11650,11650,반포동,,전월세,202010,2020-10-24,67,67.4,310000,0,전세
래미안퍼스티지,11650-3559,2009,,,29,10,2020,"165,000",84.93,12,18-1,0,,,반포대로 275,0,00275,00000,2121003,2,11650,11650,반포동,,전월세,202010,2020-10-29,26,25.7,165000,0,전세
래미안퍼스티지,11650-3559,2009,,,3,11,2020,"270,000",168.65,6,18-1,0,,,반포대로 275,0,00275,00000,2121003,2,11650,11650,반포동,,전월세,202011,2020-11-03,51,51.0,270000,0,전세
래미안퍼스티지,11650-3559,2009,,,9,11,2020,"125,000",84.93,3,18-1,0,,,반포대로 275,0,00275,00000,2121003,2,11650,11650,반포동,,전월세,202011,2020-11-09,26,25.7,125000,0,전세
래미안퍼스티지,11650-3559,2009,,,14,11,2020,"236,000",135.92,13,18-1,0,,,반포대로 275,0,00275,00000,2121003,2,11650,11650,반포동,,전월세,202011,2020-11-14,41,41.1,236000,0,전세
래미안퍼스티지,11650-3559,2009,,,16,11,2020,"170,000",84.93,11,18-1,0,,,반포대로 275,0,00275,00000,2121003,2,11650,11650,반포동,,전월세,202011,2020-11-16,26,25.7,170000,0,전세
래미안퍼스티지,11650-3559,2009,,,19,11,2020,"220,000",169.31,1,18-1,0,,,반포대로 275,0,00275,00000,2121003,2,11650,11650,반포동,,전월세,202011,2020-11-19,51,51.2,220000,0,전세
래미안퍼스티지,11650-3559,2009,,,24,11,2020,"110,250",59.96,21,18-1,0,,,반포대로 275,0,00275,00000,2121003,2,11650,11650,반포동,,전월세,202011,2020-11-24,18,18.1,110250,0,전세
래미안퍼스티지,11650-3559,2009,,,27,11,2020,"270,000",115.65,14,18-1,0,,,반포대로 275,0,00275,00000,2121003,2,11650,11650,반포동,,전월세,202011,2020-11-27,35,35.0,270000,0,전세
래미안퍼스티지,11650-3559,2009,,,1,12,2020,"136,500",84.76,13,18-1,0,,,반포대로 275,0,00275,00000,2121003,2,11650,11650,반포동,,전월세,202012,2020-12-01,26,25.6,136500,0,전세
래미안퍼스티지,11650-3559,2009,,,2,12,2020,"170,000",84.93,16,18-1,0,,,반포대로 275,0,00275,00000,2121003,2,11650,11650,반포동,,전월세,202012,2020-12-02,26,25.7,170000,0,전세
래미안퍼스티지,11650-3559,2009,,,5,12,2020,"175,000",84.76,1,18-1,0,,,반포대로 275,0,00275,00000,2121003,2,11650,11650,반포동,,전월세,202012,2020-12-05,26,25.6,175000,0,전세
래미안퍼스티지,11650-3559,2009,,,11,12,2020,"231,000",168.65,16,18-1,0,,,반포대로 275,0,00275,00000,2121003,2,11650,11650,반포동,,전월세,202012,2020-12-11,51,51.0,231000,0,전세
래미안퍼스티지,11650-3559,2009,,,11,12,2020,"150,000",59.96,14,18-1,0,,,반포대로 275,0,00275,00000,2121003,2,11650,11650,반포동,,전월세,202012,2020-12-11,18,18.1,150000,0,전세
래미안퍼스티지,11650-3559,2009,,,11,12,2020,"140,000",84.93,28,18-1,0,,,반포대로 275,0,00275,00000,2121003,2,11650,11650,반포동,,전월세,202012,2020-12-11,26,25.7,140000,0,전세
래미안퍼스티지,11650-3559,2009,,,12,12,2020,"152,250",84.93,16,18-1,0,,,반포대로 275,0,00275,00000,2121003,2,11650,11650,반포동,,전월세,202012,2020-12-12,26,25.7,152250,0,전세
래미안퍼스티지,11650-3559,2009,,,13,12,2020,"340,000",222.76,17,18-1,0,,,반포대로 275,0,00275,00000,2121003,2,11650,11650,반포동,,전월세,202012,2020-12-13,67,67.4,340000,0,전세
래미안퍼스티지,11650-3559,2009,,,26,12,2020,"185,000",84.85,3,18-1,0,,,반포대로 275,0,00275,00000,2121003,2,11650,11650,반포동,,전월세,202012,2020-12-26,26,25.7,185000,0,전세
래미안퍼스티지,11650-3559,2009,,,28,12,2020,"175,000",84.93,17,18-1,0,,,반포대로 275,0,00275,00000,2121003,2,11650,11650,반포동,,전월세,202012,2020-12-28,26,25.7,175000,0,전세
래미안퍼스티지,11650-3559,2009,,,4,1,2021,"120,000",59.96,22,18-1,0,,,반포대로 275,0,00275,00000,2121003,2,11650,11650,반포동,,전월세,202101,2021-01-04,18,18.1,120000,0,전세
래미안퍼스티지,11650-3559,2009,,,10,1,2021,"140,000",59.96,15,18-1,0,,,반포대로 275,0,00275,00000,2121003,2,11650,11650,반포동,,전월세,202101,2021-01-10,18,18.1,140000,0,전세
래미안퍼스티지,11650-3559,2009,,,11,1,2021,"200,000",84.93,7,18-1,0,,,반포대로 275,0,00275,00000,2121003,2,11650,11650,반포동,,전월세,202101,2021-01-11,26,25.7,200000,0,전세
래미안퍼스티지,11650-3559,2009,,,12,1,2021,"340,000",222.15,16,18-1,0,,,반포대로 275,0,00275,00000,2121003,2,11650,11650,반포동,,전월세,202101,2021-01-12,67,67.2,340000,0,전세
래미안퍼스티지,11650-3559,2009,,,13,1,2021,"106,050",59.96,26,18-1,0,,,반포대로 275,0,00275,00000,2121003,2,11650,11650,반포동,,전월세,202101,2021-01-13,18,18.1,106050,0,전세
래미안퍼스티지,11650-3559,2009,,,13,1,2021,"138,600",84.76,18,18-1,0,,,반포대로 275,0,00275,00000,2121003,2,11650,11650,반포동,,전월세,202101,2021-01-13,26,25.6,138600,0,전세
래미안퍼스티지,11650-3559,2009,,,21,1,2021,"257,000",222.15,13,18-1,0,,,반포대로 275,0,00275,00000,2121003,2,11650,11650,반포동,,전월세,202101,2021-01-21,67,67.2,257000,0,전세
래미안퍼스티지,11650-3559,2009,,,23,1,2021,"190,000",84.93,17,18-1,0,,,반포대로 275,0,00275,00000,2121003,2,11650,11650,반포동,,전월세,202101,2021-01-23,26,25.7,190000,0,전세
래미안퍼스티지,11650-3559,2009,,,23,1,2021,"190,000",84.93,17,18-1,0,,,반포대로 275,0,00275,00000,2121003,2,11650,11650,반포동,,전월세,202101,2021-01-23,26,25.7,190000,0,전세
래미안퍼스티지,11650-3559,2009,,,23,1,2021,"195,000",84.93,21,18-1,0,,,반포대로 275,0,00275,00000,2121003,2,11650,11650,반포동,,전월세,202101,2021-01-23,26,25.7,195000,0,전세
래미안퍼스티지,11650-3559,2009,,,30,1,2021,"230,000",135.92,22,18-1,0,,,반포대로 275,0,00275,00000,2121003,2,11650,11650,반포동,,전월세,202101,2021-01-30,41,41.1,230000,0,전세
래미안퍼스티지,11650-3559,2009,,,6,2,2021,"195,000",84.93,8,18-1,0,,,반포대로 275,0,00275,00000,2121003,2,11650,11650,반포동,,전월세,202102,2021-02-06,26,25.7,195000,0,전세
래미안퍼스티지,11650-3559,2009,,,15,2,2021,"63,554",59.98,13,18-1,0,,,반포대로 275,0,00275,00000,2121003,2,11650,11650,반포동,,전월세,202102,2021-02-15,18,18.1,63554,0,전세
래미안퍼스티지,11650-3559,2009,,,16,2,2021,"136,500",84.93,15,18-1,0,,,반포대로 275,0,00275,00000,2121003,2,11650,11650,반포동,,전월세,202102,2021-02-16,26,25.7,136500,0,전세
래미안퍼스티지,11650-3559,2009,,,18,2,2021,"320,000",168.65,27,18-1,0,,,반포대로 275,0,00275,00000,2121003,2,11650,11650,반포동,,전월세,202102,2021-02-18,51,51.0,320000,0,전세
래미안퍼스티지,11650-3559,2009,,,18,2,2021,"130,000",59.96,4,18-1,0,,,반포대로 275,0,00275,00000,2121003,2,11650,11650,반포동,,전월세,202102,2021-02-18,18,18.1,130000,0,전세
래미안퍼스티지,11650-3559,2009,,,18,2,2021,"130,000",59.96,4,18-1,0,,,반포대로 275,0,00275,00000,2121003,2,11650,11650,반포동,,전월세,202102,2021-02-18,18,18.1,130000,0,전세
래미안퍼스티지,11650-3559,2009,21.07~23.07,,19,2,2021,"115,500",59.98,17,18-1,0,,,반포대로 275,0,00275,00000,2121003,2,11650,11650,반포동,,전월세,202102,2021-02-19,18,18.1,115500,0,전세
래미안퍼스티지,11650-3559,2009,,,20,2,2021,"94,500",59.96,8,18-1,0,,,반포대로 275,0,00275,00000,2121003,2,11650,11650,반포동,,전월세,202102,2021-02-20,18,18.1,94500,0,전세
래미안퍼스티지,11650-3559,2009,,,23,2,2021,"63,554",59.89,7,18-1,0,,,반포대로 275,0,00275,00000,2121003,2,11650,11650,반포동,,전월세,202102,2021-02-23,18,18.1,63554,0,전세
래미안퍼스티지,11650-3559,2009,,,24,2,2021,"150,000",59.96,21,18-1,0,,,반포대로 275,0,00275,00000,2121003,2,11650,11650,반포동,,전월세,202102,2021-02-24,18,18.1,150000,0,전세
래미안퍼스티지,11650-3559,2009,,,26,2,2021,"185,000",84.93,20,18-1,0,,,반포대로 275,0,00275,00000,2121003,2,11650,11650,반포동,,전월세,202102,2021-02-26,26,25.7,185000,0,전세
래미안퍼스티지,11650-3559,2009,,,27,2,2021,"150,000",84.93,11,18-1,0,,,반포대로 275,0,00275,00000,2121003,2,11650,11650,반포동,,전월세,202102,2021-02-27,26,25.7,150000,0,전세
래미안퍼스티지,11650-3559,2009,21.06~23.06,,3,3,2021,"280,000",115.65,20,18-1,0,,,반포대로 275,0,00275,00000,2121003,2,11650,11650,반포동,,전월세,202103,2021-03-03,35,35.0,280000,0,전세
래미안퍼스티지,11650-3559,2009,,,3,3,2021,"150,000",84.93,28,18-1,0,,,반포대로 275,0,00275,00000,2121003,2,11650,11650,반포동,,전월세,202103,2021-03-03,26,25.7,150000,0,전세
래미안퍼스티지,11650-3559,2009,,,9,3,2021,"194,250",115.65,22,18-1,0,,,반포대로 275,0,00275,00000,2121003,2,11650,11650,반포동,,전월세,202103,2021-03-09,35,35.0,194250,0,전세
래미안퍼스티지,11650-3559,2009,,,13,3,2021,"148,000",59.89,11,18-1,0,,,반포대로 275,0,00275,00000,2121003,2,11650,11650,반포동,,전월세,202103,2021-03-13,18,18.1,148000,0,전세
래미안퍼스티지,11650-3559,2009,,,15,3,2021,"340,000",222.15,26,18-1,0,,,반포대로 275,0,00275,00000,2121003,2,11650,11650,반포동,,전월세,202103,2021-03-15,67,67.2,340000,0,전세
래미안퍼스티지,11650-3559,2009,,,20,3,2021,"136,500",84.93,11,18-1,0,,,반포대로 275,0,00275,00000,2121003,2,11650,11650,반포동,,전월세,202103,2021-03-20,26,25.7,136500,0,전세
래미안퍼스티지,11650-3559,2009,,,25,3,2021,"110,000",84.93,20,18-1,0,,,반포대로 275,0,00275,00000,2121003,2,11650,11650,반포동,,전월세,202103,2021-03-25,26,25.7,110000,0,전세
래미안퍼스티지,11650-3559,2009,,,31,3,2021,"94,500",59.96,4,18-1,0,,,반포대로 275,0,00275,00000,2121003,2,11650,11650,반포동,,전월세,202103,2021-03-31,18,18.1,94500,0,전세
래미안퍼스티지,11650-3559,2009,21.06~23.06,,12,4,2021,"130,000",59.96,2,18-1,0,,,반포대로 275,0,00275,00000,2121003,2,11650,11650,반포동,,전월세,202104,2021-04-12,18,18.1,130000,0,전세
래미안퍼스티지,11650-3559,2009,21.08~23.08,,17,4,2021,"340,000",198.22,7,18-1,0,,,반포대로 275,0,00275,00000,2121003,2,11650,11650,반포동,,전월세,202104,2021-04-17,60,60.0,340000,0,전세
래미안퍼스티지,11650-3559,2009,21.07~23.07,,27,4,2021,"150,000",84.93,13,18-1,0,,,반포대로 275,0,00275,00000,2121003,2,11650,11650,반포동,,전월세,202104,2021-04-27,26,25.7,150000,0,전세
래미안퍼스티지,11650-3559,2009,21.07~23.07,,29,4,2021,"92,000",59.89,18,18-1,0,,,반포대로 275,0,00275,00000,2121003,2,11650,11650,반포동,,전월세,202104,2021-04-29,18,18.1,92000,0,전세
래미안퍼스티지,11650-3559,2009,,,30,4,2021,"140,000",59.96,15,18-1,0,,,반포대로 275,0,00275,00000,2121003,2,11650,11650,반포동,,전월세,202104,2021-04-30,18,18.1,140000,0,전세
래미안퍼스티지,11650-3559,2009,,,6,5,2021,"103,950",59.89,28,18-1,0,,,반포대로 275,0,00275,00000,2121003,2,11650,11650,반포동,,전월세,202105,2021-05-06,18,18.1,103950,0,전세
래미안퍼스티지,11650-3559,2009,,,8,5,2021,"80,500",59.96,2,18-1,0,,,반포대로 275,0,00275,00000,2121003,2,11650,11650,반포동,,전월세,202105,2021-05-08,18,18.1,80500,0,전세
래미안퍼스티지,11650-3559,2009,,,11,5,2021,"139,650",84.93,22,18-1,0,,,반포대로 275,0,00275,00000,2121003,2,11650,11650,반포동,,전월세,202105,2021-05-11,26,25.7,139650,0,전세
래미안퍼스티지,11650-3559,2009,,,13,5,2021,"241,500",169.31,15,18-1,0,,,반포대로 275,0,00275,00000,2121003,2,11650,11650,반포동,,전월세,202105,2021-05-13,51,51.2,241500,0,전세
래미안퍼스티지,11650-3559,2009,,,13,5,2021,"300,000",198.22,8,18-1,0,,,반포대로 275,0,00275,00000,2121003,2,11650,11650,반포동,,전월세,202105,2021-05-13,60,60.0,300000,0,전세
래미안퍼스티지,11650-3559,2009,21.07~23.07,,13,5,2021,"140,000",59.89,3,18-1,0,,,반포대로 275,0,00275,00000,2121003,2,11650,11650,반포동,,전월세,202105,2021-05-13,18,18.1,140000,0,전세
래미안퍼스티지,11650-3559,2009,,,13,5,2021,"94,500",59.96,23,18-1,0,,,반포대로 275,0,00275,00000,2121003,2,11650,11650,반포동,,전월세,202105,2021-05-13,18,18.1,94500,0,전세
래미안퍼스티지,11650-3559,2009,21.08~23.08,,13,5,2021,"210,000",84.93,29,18-1,0,,,반포대로 275,0,00275,00000,2121003,2,11650,11650,반포동,,전월세,202105,2021-05-13,26,25.7,210000,0,전세
래미안퍼스티지,11650-3559,2009,,,14,5,2021,"330,000",198.04,9,18-1,0,,,반포대로 275,0,00275,00000,2121003,2,11650,11650,반포동,,전월세,202105,2021-05-14,60,59.9,330000,0,전세
래미안퍼스티지,11650-3559,2009,,,14,5,2021,"200,000",84.93,2,18-1,0,,,반포대로 275,0,00275,00000,2121003,2,11650,11650,반포동,,전월세,202105,2021-05-14,26,25.7,200000,0,전세
래미안퍼스티지,11650-3559,2009,21.06~23.06,,19,5,2021,"210,000",84.93,18,18-1,0,,,반포대로 275,0,00275,00000,2121003,2,11650,11650,반포동,,전월세,202105,2021-05-19,26,25.7,210000,0,전세
래미안퍼스티지,11650-3559,2009,,,20,5,2021,"126,000",84.93,9,18-1,0,,,반포대로 275,0,00275,00000,2121003,2,11650,11650,반포동,,전월세,202105,2021-05-20,26,25.7,126000,0,전세
래미안퍼스티지,11650-3559,2009,21.06~23.06,갱신,22,5,2021,"84,000",59.96,5,18-1,0,"80,000",,반포대로 275,0,00275,00000,2121003,2,11650,11650,반포동,사용,전월세,202105,2021-05-22,18,18.1,84000,0,전세
래미안퍼스티지,11650-3559,2009,,,22,5,2021,"190,000",84.93,31,18-1,0,,,반포대로 275,0,00275,00000,2121003,2,11650,11650,반포동,,전월세,202105,2021-05-22,26,25.7,190000,0,전세
래미안퍼스티지,11650-3559,2009,21.08~23.08,,23,5,2021,"141,750",84.93,26,18-1,0,,,반포대로 275,0,00275,00000,2121003,2,11650,11650,반포동,,전월세,202105,2021-05-23,26,25.7,141750,0,전세
래미안퍼스티지,11650-3559,2009,,,25,5,2021,"63,972",59.89,30,18-1,0,,,반포대로 275,0,00275,00000,2121003,2,11650,11650,반포동,,전월세,202105,2021-05-25,18,18.1,63972,0,전세
래미안퍼스티지,11650-3559,2009,,,26,5,2021,"250,000",115.65,18,18-1,0,,,반포대로 275,0,00275,00000,2121003,2,11650,11650,반포동,,전월세,202105,2021-05-26,35,35.0,250000,0,전세
래미안퍼스티지,11650-3559,2009,21.07~23.07,,26,5,2021,"340,000",198.04,8,18-1,0,,,반포대로 275,0,00275,00000,2121003,2,11650,11650,반포동,,전월세,202105,2021-05-26,60,59.9,340000,0,전세
래미안퍼스티지,11650-3559,2009,,,26,5,2021,"250,000",198.04,24,18-1,0,,,반포대로 275,0,00275,00000,2121003,2,11650,11650,반포동,,전월세,202105,2021-05-26,60,59.9,250000,0,전세
래미안퍼스티지,11650-3559,2009,,,26,5,2021,"340,000",198.22,16,18-1,0,,,반포대로 275,0,00275,00000,2121003,2,11650,11650,반포동,,전월세,202105,2021-05-26,60,60.0,340000,0,전세
래미안퍼스티지,11650-3559,2009,21.07~23.07,,26,5,2021,"360,000",222.76,7,18-1,0,,,반포대로 275,0,00275,00000,2121003,2,11650,11650,반포동,,전월세,202105,2021-05-26,67,67.4,360000,0,전세
래미안퍼스티지,11650-3559,2009,21.07~23.07,,29,5,2021,"241,500",222.76,22,18-1,0,,,반포대로 275,0,00275,00000,2121003,2,11650,11650,반포동,,전월세,202105,2021-05-29,67,67.4,241500,0,전세
래미안퍼스티지,11650-3559,2009,,,29,5,2021,"180,000",84.93,31,18-1,0,,,반포대로 275,0,00275,00000,2121003,2,11650,11650,반포동,,전월세,202105,2021-05-29,26,25.7,180000,0,전세
래미안퍼스티지,11650-3559,2009,21.09~23.08,,30,5,2021,"105,000",59.89,18,18-1,0,,,반포대로 275,0,00275,00000,2121003,2,11650,11650,반포동,,전월세,202105,2021-05-30,18,18.1,105000,0,전세
래미안퍼스티지,11650-3559,2009,21.07~23.07,,11,6,2021,"330,000",135.92,13,18-1,0,,,반포대로 275,0,00275,00000,2121003,2,11650,11650,반포동,,전월세,202106,2021-06-11,41,41.1,330000,0,전세
래미안퍼스티지,11650-3559,2009,21.07~23.07,신규,11,6,2021,"330,000",135.92,13,18-1,0,,,반포대로 275,0,00275,00000,2121003,2,11650,11650,반포동,,전월세,202106,2021-06-11,41,41.1,330000,0,전세
래미안퍼스티지,11650-3559,2009,21.09~23.09,신규,19,6,2021,"330,000",169.31,7,18-1,0,,,반포대로 275,0,00275,00000,2121003,2,11650,11650,반포동,,전월세,202106,2021-06-19,51,51.2,330000,0,전세
래미안퍼스티지,11650-3559,2009,21.08~23.08,신규,19,6,2021,"350,000",222.76,16,18-1,0,,,반포대로 275,0,00275,00000,2121003,2,11650,11650,반포동,,전월세,202106,2021-06-19,67,67.4,350000,0,전세
래미안퍼스티지,11650-3559,2009,21.08~23.08,신규,21,6,2021,"168,000",59.89,6,18-1,0,,,반포대로 275,0,00275,00000,2121003,2,11650,11650,반포동,,전월세,202106,2021-06-21,18,18.1,168000,0,전세
래미안퍼스티지,11650-3559,2009,21.08~23.08,신규,21,6,2021,"168,000",59.89,6,18-1,0,,,반포대로 275,0,00275,00000,2121003,2,11650,11650,반포동,,전월세,202106,2021-06-21,18,18.1,168000,0,전세
래미안퍼스티지,11650-3559,2009,21.09~23.09,갱신,26,6,2021,"134,400",84.93,21,18-1,0,"128,000",,반포대로 275,0,00275,00000,2121003,2,11650,11650,반포동,사용,전월세,202106,2021-06-26,26,25.7,134400,0,전세
래미안퍼스티지,11650-3559,2009,21.08~23.08,갱신,26,6,2021,"131,250",84.93,18,18-1,0,"125,000",,반포대로 275,0,00275,00000,2121003,2,11650,11650,반포동,사용,전월세,202106,2021-06-26,26,25.7,131250,0,전세
래미안퍼스티지,11650-3559,2009,21.06~23.06,갱신,28,6,2021,"225,750",135.92,21,18-1,0,"215,000",,반포대로 275,0,00275,00000,2121003,2,11650,11650,반포동,사용,전월세,202106,2021-06-28,41,41.1,225750,0,전세
래미안퍼스티지,11650-3559,2009,21.07~23.07,갱신,3,7,2021,"136,500",84.93,24,18-1,0,"130,000",,반포대로 275,0,00275,00000,2121003,2,11650,11650,반포동,사용,전월세,202107,2021-07-03,26,25.7,136500,0,전세
래미안퍼스티지,11650-3559,2009,22.01~24.01,신규,7,7,2021,"320,000",135.92,14,18-1,0,,,반포대로 275,0,00275,00000,2121003,2,11650,11650,반포동,,전월세,202107,2021-07-07,41,41.1,320000,0,전세
래미안퍼스티지,11650-3559,2009,21.09~23.09,갱신,7,7,2021,"100,800",59.96,4,18-1,0,"96,000",,반포대로 275,0,00275,00000,2121003,2,11650,11650,반포동,사용,전월세,202107,2021-07-07,18,18.1,100800,0,전세
래미안퍼스티지,11650-3559,2009,21.07~23.07,갱신,9,7,2021,"199,500",117.12,14,18-1,0,"190,000",,반포대로 275,0,00275,00000,2121003,2,11650,11650,반포동,사용,전월세,202107,2021-07-09,35,35.4,199500,0,전세
래미안퍼스티지,11650-3559,2009,21.08~23.08,신규,9,7,2021,"210,000",84.93,11,18-1,0,,,반포대로 275,0,00275,00000,2121003,2,11650,11650,반포동,,전월세,202107,2021-07-09,26,25.7,210000,0,전세
래미안퍼스티지,11650-3559,2009,21.07~22.10,,14,7,2021,"180,000",84.93,21,18-1,0,,,반포대로 275,0,00275,00000,2121003,2,11650,11650,반포동,,전월세,202107,2021-07-14,26,25.7,180000,0,전세
래미안퍼스티지,11650-3559,2009,21.09~23.09,신규,20,7,2021,"200,000",84.93,10,18-1,0,,,반포대로 275,0,00275,00000,2121003,2,11650,11650,반포동,,전월세,202107,2021-07-20,26,25.7,200000,0,전세
래미안퍼스티지,11650-3559,2009,21.08~23.08,갱신,21,7,2021,"141,750",84.93,22,18-1,0,"135,000",,반포대로 275,0,00275,00000,2121003,2,11650,11650,반포동,사용,전월세,202107,2021-07-21,26,25.7,141750,0,전세
래미안퍼스티지,11650-3559,2009,21.10~23.10,신규,23,7,2021,"300,000",135.92,16,18-1,0,,,반포대로 275,0,00275,00000,2121003,2,11650,11650,반포동,,전월세,202107,2021-07-23,41,41.1,300000,0,전세
래미안퍼스티지,11650-3559,2009,,신규,24,7,2021,"236,250",135.92,12,18-1,0,,,반포대로 275,0,00275,00000,2121003,2,11650,11650,반포동,,전월세,202107,2021-07-24,41,41.1,236250,0,전세
래미안퍼스티지,11650-3559,2009,21.08~23.07,갱신,28,7,2021,"147,000",84.93,17,18-1,0,"140,000",,반포대로 275,0,00275,00000,2121003,2,11650,11650,반포동,사용,전월세,202107,2021-07-28,26,25.7,147000,0,전세
래미안퍼스티지,11650-3559,2009,21.07~23.07,,29,7,2021,"46,763",59.96,25,18-1,0,,,반포대로 275,0,00275,00000,2121003,2,11650,11650,반포동,,전월세,202107,2021-07-29,18,18.1,46763,0,전세
래미안퍼스티지,11650-3559,2009,21.09~23.09,신규,30,7,2021,"220,000",84.93,27,18-1,0,,,반포대로 275,0,00275,00000,2121003,2,11650,11650,반포동,,전월세,202107,2021-07-30,26,25.7,220000,0,전세
래미안퍼스티지,11650-3559,2009,21.08~23.07,,2,8,2021,"44,537",59.98,2,18-1,0,,,반포대로 275,0,00275,00000,2121003,2,11650,11650,반포동,,전월세,202108,2021-08-02,18,18.1,44537,0,전세
래미안퍼스티지,11650-3559,2009,21.08~23.08,갱신,3,8,2021,"252,000",168.65,21,18-1,0,"240,000",,반포대로 275,0,00275,00000,2121003,2,11650,11650,반포동,사용,전월세,202108,2021-08-03,51,51.0,252000,0,전세
래미안퍼스티지,11650-3559,2009,21.08~21.09,신규,10,8,2021,"178,000",135.92,29,18-1,0,,,반포대로 275,0,00275,00000,2121003,2,11650,11650,반포동,,전월세,202108,2021-08-10,41,41.1,178000,0,전세
래미안퍼스티지,11650-3559,2009,21.08~23.08,갱신,10,8,2021,"137,550",84.93,7,18-1,0,"131,000",,반포대로 275,0,00275,00000,2121003,2,11650,11650,반포동,사용,전월세,202108,2021-08-10,26,25.7,137550,0,전세
래미안퍼스티지,11650-3559,2009,21.09~23.09,갱신,13,8,2021,"118,650",59.96,20,18-1,0,"113,000",,반포대로 275,0,00275,00000,2121003,2,11650,11650,반포동,사용,전월세,202108,2021-08-13,18,18.1,118650,0,전세
래미안퍼스티지,11650-3559,2009,21.11~23.11,신규,14,8,2021,"285,000",168.65,4,18-1,0,,,반포대로 275,0,00275,00000,2121003,2,11650,11650,반포동,,전월세,202108,2021-08-14,51,51.0,285000,0,전세
래미안퍼스티지,11650-3559,2009,21.11~23.12,신규,18,8,2021,"290,000",135.92,29,18-1,0,,,반포대로 275,0,00275,00000,2121003,2,11650,11650,반포동,,전월세,202108,2021-08-18,41,41.1,290000,0,전세
래미안퍼스티지,11650-3559,2009,21.08~23.08,갱신,18,8,2021,"131,250",84.93,29,18-1,0,"125,000",,반포대로 275,0,00275,00000,2121003,2,11650,11650,반포동,사용,전월세,202108,2021-08-18,26,25.7,131250,0,전세
래미안퍼스티지,11650-3559,2009,21.08~23.12,갱신,30,8,2021,"273,000",222.15,10,18-1,0,"260,000",,반포대로 275,0,00275,00000,2121003,2,11650,11650,반포동,사용,전월세,202108,2021-08-30,67,67.2,273000,0,전세
래미안퍼스티지,11650-3559,2009,21.08~23.08,,31,8,2021,"44,537",59.96,24,18-1,0,,,반포대로 275,0,00275,00000,2121003,2,11650,11650,반포동,,전월세,202108,2021-08-31,18,18.1,44537,0,전세
래미안퍼스티지,11650-3559,2009,21.11~23.11,갱신,6,9,2021,"115,395",59.96,26,18-1,0,"109,900",,반포대로 275,0,00275,00000,2121003,2,11650,11650,반포동,사용,전월세,202109,2021-09-06,18,18.1,115395,0,전세
래미안퍼스티지,11650-3559,2009,21.09~23.09,갱신,8,9,2021,"320,000",222.76,15,18-1,0,"280,000",,반포대로 275,0,00275,00000,2121003,2,11650,11650,반포동,,전월세,202109,2021-09-08,67,67.4,320000,0,전세
래미안퍼스티지,11650-3559,2009,21.09~23.09,갱신,10,9,2021,"246,750",168.65,15,18-1,0,"235,000",,반포대로 275,0,00275,00000,2121003,2,11650,11650,반포동,사용,전월세,202109,2021-09-10,51,51.0,246750,0,전세
래미안퍼스티지,11650-3559,2009,21.10~23.10,신규,10,9,2021,"198,000",84.93,20,18-1,0,,,반포대로 275,0,00275,00000,2121003,2,11650,11650,반포동,,전월세,202109,2021-09-10,26,25.7,198000,0,전세
래미안퍼스티지,11650-3559,2009,21.09~23.09,갱신,17,9,2021,"126,000",84.93,27,18-1,0,"120,000",,반포대로 275,0,00275,00000,2121003,2,11650,11650,반포동,사용,전월세,202109,2021-09-17,26,25.7,126000,0,전세
래미안퍼스티지,11650-3559,2009,21.10~23.10,신규,18,9,2021,"200,000",84.93,20,18-1,0,,,반포대로 275,0,00275,00000,2121003,2,11650,11650,반포동,,전월세,202109,2021-09-18,26,25.7,200000,0,전세
래미안퍼스티지,11650-3559,2009,21.11~23.11,신규,25,9,2021,"230,000",84.93,15,18-1,0,,,반포대로 275,0,00275,00000,2121003,2,11650,11650,반포동,,전월세,202109,2021-09-25,26,25.7,230000,0,전세
래미안퍼스티지,11650-3559,2009,21.11~23.11,신규,25,9,2021,"230,000",84.93,15,18-1,0,,,반포대로 275,0,00275,00000,2121003,2,11650,11650,반포동,,전월세,202109,2021-09-25,26,25.7,230000,0,전세
래미안퍼스티지,11650-3559,2009,21.10~23.09,갱신,30,9,2021,"294,000",222.76,14,18-1,0,"260,000",,반포대로 275,0,00275,00000,2121003,2,11650,11650,반포동,,전월세,202109,2021-09-30,67,67.4,294000,0,전세
래미안퍼스티지,11650-3559,2009,21.09~23.09,신규,30,9,2021,"165,000",59.89,24,18-1,0,,,반포대로 275,0,00275,00000,2121003,2,11650,11650,반포동,,전월세,202109,2021-09-30,18,18.1,165000,0,전세
래미안퍼스티지,11650-3559,2009,21.10~23.10,갱신,5,10,2021,"115,500",59.89,4,18-1,0,"110,000",,반포대로 275,0,00275,00000,2121003,2,11650,11650,반포동,사용,전월세,202110,2021-10-05,18,18.1,115500,0,전세
래미안퍼스티지,11650-3559,2009,,,5,10,2021,"210,000",84.93,20,18-1,0,,,반포대로 275,0,00275,00000,2121003,2,11650,11650,반포동,,전월세,202110,2021-10-05,26,25.7,210000,0,전세
래미안퍼스티지,11650-3559,2009,21.12~23.12,신규,5,10,2021,"210,000",84.93,20,18-1,0,,,반포대로 275,0,00275,00000,2121003,2,11650,11650,반포동,,전월세,202110,2021-10-05,26,25.7,210000,0,전세
래미안퍼스티지,11650-3559,2009,21.11~23.11,갱신,9,10,2021,"220,500",136.65,29,18-1,0,"210,000",,반포대로 275,0,00275,00000,2121003,2,11650,11650,반포동,사용,전월세,202110,2021-10-09,41,41.3,220500,0,전세
래미안퍼스티지,11650-3559,2009,21.10~23.10,,13,10,2021,"31,952",59.89,10,18-1,0,,,반포대로 275,0,00275,00000,2121003,2,11650,11650,반포동,,전월세,202110,2021-10-13,18,18.1,31952,0,전세
래미안퍼스티지,11650-3559,2009,21.10~23.10,,14,10,2021,"31,952",59.96,4,18-1,0,,,반포대로 275,0,00275,00000,2121003,2,11650,11650,반포동,,전월세,202110,2021-10-14,18,18.1,31952,0,전세
래미안퍼스티지,11650-3559,2009,21.10~23.10,갱신,15,10,2021,"252,000",198.04,14,18-1,0,"240,000",,반포대로 275,0,00275,00000,2121003,2,11650,11650,반포동,사용,전월세,202110,2021-10-15,60,59.9,252000,0,전세
래미안퍼스티지,11650-3559,2009,21.12~23.12,갱신,16,10,2021,"262,500",168.65,28,18-1,0,"250,000",,반포대로 275,0,00275,00000,2121003,2,11650,11650,반포동,사용,전월세,202110,2021-10-16,51,51.0,262500,0,전세
래미안퍼스티지,11650-3559,2009,21.12~23.12,신규,16,10,2021,"165,000",59.96,15,18-1,0,,,반포대로 275,0,00275,00000,2121003,2,11650,11650,반포동,,전월세,202110,2021-10-16,18,18.1,165000,0,전세
래미안퍼스티지,11650-3559,2009,21.10~23.10,,19,10,2021,"31,952",59.89,15,18-1,0,,,반포대로 275,0,00275,00000,2121003,2,11650,11650,반포동,,전월세,202110,2021-10-19,18,18.1,31952,0,전세
래미안퍼스티지,11650-3559,2009,21.10~23.10,,19,10,2021,"31,952",59.89,21,18-1,0,,,반포대로 275,0,00275,00000,2121003,2,11650,11650,반포동,,전월세,202110,2021-10-19,18,18.1,31952,0,전세
래미안퍼스티지,11650-3559,2009,21.10~23.10,,19,10,2021,"31,952",59.89,6,18-1,0,,,반포대로 275,0,00275,00000,2121003,2,11650,11650,반포동,,전월세,202110,2021-10-19,18,18.1,31952,0,전세
래미안퍼스티지,11650-3559,2009,21.10~23.10,,19,10,2021,"31,952",59.89,23,18-1,0,,,반포대로 275,0,00275,00000,2121003,2,11650,11650,반포동,,전월세,202110,2021-10-19,18,18.1,31952,0,전세
래미안퍼스티지,11650-3559,2009,21.10~23.10,,19,10,2021,"31,952",59.98,5,18-1,0,,,반포대로 275,0,00275,00000,2121003,2,11650,11650,반포동,,전월세,202110,2021-10-19,18,18.1,31952,0,전세
래미안퍼스티지,11650-3559,2009,21.10~23.10,,19,10,2021,"42,861",84.85,10,18-1,0,,,반포대로 275,0,00275,00000,2121003,2,11650,11650,반포동,,전월세,202110,2021-10-19,26,25.7,42861,0,전세
래미안퍼스티지,11650-3559,2009,21.10~23.10,,20,10,2021,"31,952",59.89,29,18-1,0,,,반포대로 275,0,00275,00000,2121003,2,11650,11650,반포동,,전월세,202110,2021-10-20,18,18.1,31952,0,전세
래미안퍼스티지,11650-3559,2009,21.10~23.10,,20,10,2021,"31,952",59.96,12,18-1,0,,,반포대로 275,0,00275,00000,2121003,2,11650,11650,반포동,,전월세,202110,2021-10-20,18,18.1,31952,0,전세
래미안퍼스티지,11650-3559,2009,21.10~23.10,,20,10,2021,"31,952",59.96,27,18-1,0,,,반포대로 275,0,00275,00000,2121003,2,11650,11650,반포동,,전월세,202110,2021-10-20,18,18.1,31952,0,전세
래미안퍼스티지,11650-3559,2009,21.10~23.10,,20,10,2021,"31,952",59.98,12,18-1,0,,,반포대로 275,0,00275,00000,2121003,2,11650,11650,반포동,,전월세,202110,2021-10-20,18,18.1,31952,0,전세
래미안퍼스티지,11650-3559,2009,21.10~23.10,,20,10,2021,"42,861",84.93,2,18-1,0,,,반포대로 275,0,00275,00000,2121003,2,11650,11650,반포동,,전월세,202110,2021-10-20,26,25.7,42861,0,전세
래미안퍼스티지,11650-3559,2009,21.10~23.10,갱신,21,10,2021,"143,800",84.93,24,18-1,0,"137,000",,반포대로 275,0,00275,00000,2121003,2,11650,11650,반포동,사용,전월세,202110,2021-10-21,26,25.7,143800,0,전세
래미안퍼스티지,11650-3559,2009,21.10~23.10,,21,10,2021,"42,861",84.93,2,18-1,0,,,반포대로 275,0,00275,00000,2121003,2,11650,11650,반포동,,전월세,202110,2021-10-21,26,25.7,42861,0,전세
래미안퍼스티지,11650-3559,2009,21.10~23.10,,22,10,2021,"31,952",59.96,15,18-1,0,,,반포대로 275,0,00275,00000,2121003,2,11650,11650,반포동,,전월세,202110,2021-10-22,18,18.1,31952,0,전세
래미안퍼스티지,11650-3559,2009,21.10~23.10,,22,10,2021,"31,952",59.96,14,18-1,0,,,반포대로 275,0,00275,00000,2121003,2,11650,11650,반포동,,전월세,202110,2021-10-22,18,18.1,31952,0,전세
래미안퍼스티지,11650-3559,2009,21.10~23.10,,22,10,2021,"42,861",84.76,3,18-1,0,,,반포대로 275,0,00275,00000,2121003,2,11650,11650,반포동,,전월세,202110,2021-10-22,26,25.6,42861,0,전세
래미안퍼스티지,11650-3559,2009,21.10~23.10,갱신,23,10,2021,"240,000",135.92,6,18-1,0,"215,000",,반포대로 275,0,00275,00000,2121003,2,11650,11650,반포동,,전월세,202110,2021-10-23,41,41.1,240000,0,전세
래미안퍼스티지,11650-3559,2009,22.01~24.01,신규,23,10,2021,"350,000",169.31,3,18-1,0,,,반포대로 275,0,00275,00000,2121003,2,11650,11650,반포동,,전월세,202110,2021-10-23,51,51.2,350000,0,전세
래미안퍼스티지,11650-3559,2009,21.11~23.11,갱신,23,10,2021,"120,750",59.89,13,18-1,0,"115,000",,반포대로 275,0,00275,00000,2121003,2,11650,11650,반포동,사용,전월세,202110,2021-10-23,18,18.1,120750,0,전세
래미안퍼스티지,11650-3559,2009,21.12~24.12,신규,23,10,2021,"210,000",84.93,19,18-1,0,,,반포대로 275,0,00275,00000,2121003,2,11650,11650,반포동,,전월세,202110,2021-10-23,26,25.7,210000,0,전세
래미안퍼스티지,11650-3559,2009,,,25,10,2021,"240,000",117.12,25,18-1,0,,,반포대로 275,0,00275,00000,2121003,2,11650,11650,반포동,,전월세,202110,2021-10-25,35,35.4,240000,0,전세
래미안퍼스티지,11650-3559,2009,21.10~23.10,,25,10,2021,"31,952",59.89,27,18-1,0,,,반포대로 275,0,00275,00000,2121003,2,11650,11650,반포동,,전월세,202110,2021-10-25,18,18.1,31952,0,전세
래미안퍼스티지,11650-3559,2009,21.10~23.10,,25,10,2021,"31,952",59.89,25,18-1,0,,,반포대로 275,0,00275,00000,2121003,2,11650,11650,반포동,,전월세,202110,2021-10-25,18,18.1,31952,0,전세
래미안퍼스티지,11650-3559,2009,21.10~23.10,,25,10,2021,"31,952",59.96,16,18-1,0,,,반포대로 275,0,00275,00000,2121003,2,11650,11650,반포동,,전월세,202110,2021-10-25,18,18.1,31952,0,전세
래미안퍼스티지,11650-3559,2009,21.10~23.10,,25,10,2021,"31,952",59.98,18,18-1,0,,,반포대로 275,0,00275,00000,2121003,2,11650,11650,반포동,,전월세,202110,2021-10-25,18,18.1,31952,0,전세
래미안퍼스티지,11650-3559,2009,21.10~23.10,,26,10,2021,"31,952",59.89,26,18-1,0,,,반포대로 275,0,00275,00000,2121003,2,11650,11650,반포동,,전월세,202110,2021-10-26,18,18.1,31952,0,전세
래미안퍼스티지,11650-3559,2009,21.10~23.10,,26,10,2021,"42,861",84.85,26,18-1,0,,,반포대로 275,0,00275,00000,2121003,2,11650,11650,반포동,,전월세,202110,2021-10-26,26,25.7,42861,0,전세
래미안퍼스티지,11650-3559,2009,,,28,10,2021,"31,952",59.89,4,18-1,0,,,반포대로 275,0,00275,00000,2121003,2,11650,11650,반포동,,전월세,202110,2021-10-28,18,18.1,31952,0,전세
래미안퍼스티지,11650-3559,2009,21.10~23.10,,28,10,2021,"31,952",59.89,28,18-1,0,,,반포대로 275,0,00275,00000,2121003,2,11650,11650,반포동,,전월세,202110,2021-10-28,18,18.1,31952,0,전세
래미안퍼스티지,11650-3559,2009,21.10~23.10,,28,10,2021,"31,952",59.96,29,18-1,0,,,반포대로 275,0,00275,00000,2121003,2,11650,11650,반포동,,전월세,202110,2021-10-28,18,18.1,31952,0,전세
래미안퍼스티지,11650-3559,2009,21.10~23.10,,29,10,2021,"31,952",59.89,12,18-1,0,,,반포대로 275,0,00275,00000,2121003,2,11650,11650,반포동,,전월세,202110,2021-10-29,18,18.1,31952,0,전세
래미안퍼스티지,11650-3559,2009,21.10~23.10,갱신,29,10,2021,"160,000",59.89,7,18-1,0,"120,000",,반포대로 275,0,00275,00000,2121003,2,11650,11650,반포동,,전월세,202110,2021-10-29,18,18.1,160000,0,전세
래미안퍼스티지,11650-3559,2009,,,1,11,2021,"31,952",59.96,11,18-1,0,,,반포대로 275,0,00275,00000,2121003,2,11650,11650,반포동,,전월세,202111,2021-11-01,18,18.1,31952,0,전세
래미안퍼스티지,11650-3559,2009,21.11~23.11,신규,4,11,2021,"400,000",222.76,25,18-1,0,,,반포대로 275,0,00275,00000,2121003,2,11650,11650,반포동,,전월세,202111,2021-11-04,67,67.4,400000,0,전세
래미안퍼스티지,11650-3559,2009,22.01~24.01,신규,6,11,2021,"320,000",135.92,23,18-1,0,,,반포대로 275,0,00275,00000,2121003,2,11650,11650,반포동,,전월세,202111,2021-11-06,41,41.1,320000,0,전세
래미안퍼스티지,11650-3559,2009,22.02~24.02,갱신,6,11,2021,"370,000",198.22,25,18-1,0,"260,000",,반포대로 275,0,00275,00000,2121003,2,11650,11650,반포동,,전월세,202111,2021-11-06,60,60.0,370000,0,전세
래미안퍼스티지,11650-3559,2009,21.12~23.12,갱신,6,11,2021,"190,000",84.93,4,18-1,0,"145,000",,반포대로 275,0,00275,00000,2121003,2,11650,11650,반포동,,전월세,202111,2021-11-06,26,25.7,190000,0,전세
래미안퍼스티지,11650-3559,2009,21.11~23.11,신규,18,11,2021,"450,000",222.76,16,18-1,0,,,반포대로 275,0,00275,00000,2121003,2,11650,11650,반포동,,전월세,202111,2021-11-18,67,67.4,450000,0,전세
래미안퍼스티지,11650-3559,2009,,,25,11,2021,"42,861",84.85,7,18-1,0,,,반포대로 275,0,00275,00000,2121003,2,11650,11650,반포동,,전월세,202111,2021-11-25,26,25.7,42861,0,전세
래미안퍼스티지,11650-3559,2009,22.02~24.02,갱신,27,11,2021,"131,250",59.89,28,18-1,0,"125,000",,반포대로 275,0,00275,00000,2121003,2,11650,11650,반포동,사용,전월세,202111,2021-11-27,18,18.1,131250,0,전세
래미안퍼스티지,11650-3559,2009,22.02~24.02,신규,29,11,2021,"370,000",135.92,23,18-1,0,,,반포대로 275,0,00275,00000,2121003,2,11650,11650,반포동,,전월세,202111,2021-11-29,41,41.1,370000,0,전세
래미안퍼스티지,11650-3559,2009,22.02~24.02,신규,29,11,2021,"370,000",135.92,23,18-1,0,,,반포대로 275,0,00275,00000,2121003,2,11650,11650,반포동,,전월세,202111,2021-11-29,41,41.1,370000,0,전세
래미안퍼스티지,11650-3559,2009,22.01~24.01,갱신,1,12,2021,"157,500",84.93,14,18-1,0,"150,000",,반포대로 275,0,00275,00000,2121003,2,11650,11650,반포동,사용,전월세,202112,2021-12-01,26,25.7,157500,0,전세
래미안퍼스티지,11650-3559,2009,,,13,12,2021,"40,913",84.85,14,18-1,0,,,반포대로 275,0,00275,00000,2121003,2,11650,11650,반포동,,전월세,202112,2021-12-13,26,25.7,40913,0,전세
래미안퍼스티지,11650-3559,2009,,신규,15,12,2021,"44,277",59.89,18,18-1,0,,,반포대로 275,0,00275,00000,2121003,2,11650,11650,반포동,,전월세,202112,2021-12-15,18,18.1,44277,0,전세
래미안퍼스티지,11650-3559,2009,21.12~23.12,갱신,16,12,2021,"300,000",222.15,24,18-1,0,"250,000",,반포대로 275,0,00275,00000,2121003,2,11650,11650,반포동,,전월세,202112,2021-12-16,67,67.2,300000,0,전세
래미안퍼스티지,11650-3559,2009,22.01~24.01,갱신,18,12,2021,"105,000",59.96,29,18-1,0,"100,000",,반포대로 275,0,00275,00000,2121003,2,11650,11650,반포동,사용,전월세,202112,2021-12-18,18,18.1,105000,0,전세
래미안퍼스티지,11650-3559,2009,,,22,12,2021,"30,500",59.89,22,18-1,0,,,반포대로 275,0,00275,00000,2121003,2,11650,11650,반포동,,전월세,202112,2021-12-22,18,18.1,30500,0,전세
래미안퍼스티지,11650-3559,2009,,,22,12,2021,"30,500",59.96,1,18-1,0,,,반포대로 275,0,00275,00000,2121003,2,11650,11650,반포동,,전월세,202112,2021-12-22,18,18.1,30500,0,전세
래미안퍼스티지,11650-3559,2009,,,24,12,2021,"30,500",59.89,13,18-1,0,,,반포대로 275,0,00275,00000,2121003,2,11650,11650,반포동,,전월세,202112,2021-12-24,18,18.1,30500,0,전세
래미안퍼스티지,11650-3559,2009,,,24,12,2021,"30,500",59.96,17,18-1,0,,,반포대로 275,0,00275,00000,2121003,2,11650,11650,반포동,,전월세,202112,2021-12-24,18,18.1,30500,0,전세
래미안퍼스티지,11650-3559,2009,,,24,12,2021,"36,325",59.96,28,18-1,0,,,반포대로 275,0,00275,00000,2121003,2,11650,11650,반포동,,전월세,202112,2021-12-24,18,18.1,36325,0,전세
래미안퍼스티지,11650-3559,2009,,,24,12,2021,"30,500",59.96,21,18-1,0,,,반포대로 275,0,00275,00000,2121003,2,11650,11650,반포동,,전월세,202112,2021-12-24,18,18.1,30500,0,전세
래미안퍼스티지,11650-3559,2009,,,27,12,2021,"30,500",59.96,27,18-1,0,,,반포대로 275,0,00275,00000,2121003,2,11650,11650,반포동,,전월세,202112,2021-12-27,18,18.1,30500,0,전세
래미안퍼스티지,11650-3559,2009,,,28,12,2021,"40,913",84.93,2,18-1,0,,,반포대로 275,0,00275,00000,2121003,2,11650,11650,반포동,,전월세,202112,2021-12-28,26,25.7,40913,0,전세
래미안퍼스티지,11650-3559,2009,,,29,12,2021,"59,240",84.76,8,18-1,0,,,반포대로 275,0,00275,00000,2121003,2,11650,11650,반포동,,전월세,202112,2021-12-29,26,25.6,59240,0,전세
래미안퍼스티지,11650-3559,2009,22.02~24.02,갱신,5,1,2022,"290,000",198.04,7,18-1,0,"290,000",,반포대로 275,0,00275,00000,2121003,2,11650,11650,반포동,사용,전월세,202201,2022-01-05,60,59.9,290000,0,전세
래미안퍼스티지,11650-3559,2009,,신규,5,1,2022,"200,000",84.93,15,18-1,0,,,반포대로 275,0,00275,00000,2121003,2,11650,11650,반포동,,전월세,202201,2022-01-05,26,25.7,200000,0,전세
래미안퍼스티지,11650-3559,2009,22.02~24.02,신규,8,1,2022,"210,000",84.93,5,18-1,0,,,반포대로 275,0,00275,00000,2121003,2,11650,11650,반포동,,전월세,202201,2022-01-08,26,25.7,210000,0,전세
래미안퍼스티지,11650-3559,2009,22.01~24.01,갱신,12,1,2022,"341,250",222.76,20,18-1,0,"325,000",,반포대로 275,0,00275,00000,2121003,2,11650,11650,반포동,사용,전월세,202201,2022-01-12,67,67.4,341250,0,전세
래미안퍼스티지,11650-3559,2009,,신규,14,1,2022,"44,364",59.96,3,18-1,0,,,반포대로 275,0,00275,00000,2121003,2,11650,11650,반포동,,전월세,202201,2022-01-14,18,18.1,44364,0,전세
래미안퍼스티지,11650-3559,2009,22.02~24.02,갱신,15,1,2022,"169,000",84.93,10,18-1,0,"161,000",,반포대로 275,0,00275,00000,2121003,2,11650,11650,반포동,사용,전월세,202201,2022-01-15,26,25.7,169000,0,전세
래미안퍼스티지,11650-3559,2009,22.05~24.05,신규,19,1,2022,"410,000",168.65,20,18-1,0,,,반포대로 275,0,00275,00000,2121003,2,11650,11650,반포동,,전월세,202201,2022-01-19,51,51.0,410000,0,전세
래미안퍼스티지,11650-3559,2009,,,19,1,2022,"30,560",59.96,13,18-1,0,,,반포대로 275,0,00275,00000,2121003,2,11650,11650,반포동,,전월세,202201,2022-01-19,18,18.1,30560,0,전세
래미안퍼스티지,11650-3559,2009,,,21,1,2022,"44,364",59.98,10,18-1,0,,,반포대로 275,0,00275,00000,2121003,2,11650,11650,반포동,,전월세,202201,2022-01-21,18,18.1,44364,0,전세
래미안퍼스티지,11650-3559,2009,22.02~24.02,갱신,22,1,2022,"108,000",59.98,21,18-1,0,"103,000",,반포대로 275,0,00275,00000,2121003,2,11650,11650,반포동,사용,전월세,202201,2022-01-22,18,18.1,108000,0,전세
래미안퍼스티지,11650-3559,2009,,,24,1,2022,"241,500",169.31,30,18-1,0,,,반포대로 275,0,00275,00000,2121003,2,11650,11650,반포동,,전월세,202201,2022-01-24,51,51.2,241500,0,전세
래미안퍼스티지,11650-3559,2009,22.02~24.02,갱신,24,1,2022,"241,500",169.31,30,18-1,0,"230,000",,반포대로 275,0,00275,00000,2121003,2,11650,11650,반포동,사용,전월세,202201,2022-01-24,51,51.2,241500,0,전세
래미안퍼스티지,11650-3559,2009,22.03~24.03,신규,27,1,2022,"195,000",84.93,11,18-1,0,,,반포대로 275,0,00275,00000,2121003,2,11650,11650,반포동,,전월세,202201,2022-01-27,26,25.7,195000,0,전세
래미안퍼스티지,11650-3559,2009,22.02~24.02,갱신,5,2,2022,"105,000",59.96,3,18-1,0,"100,000",,반포대로 275,0,00275,00000,2121003,2,11650,11650,반포동,사용,전월세,202202,2022-02-05,18,18.1,105000,0,전세
래미안퍼스티지,11650-3559,2009,22.04~24.04,갱신,6,2,2022,"130,000",59.96,27,18-1,0,"124,000",,반포대로 275,0,00275,00000,2121003,2,11650,11650,반포동,사용,전월세,202202,2022-02-06,18,18.1,130000,0,전세
래미안퍼스티지,11650-3559,2009,22.03~24.03,갱신,7,2,2022,"113,400",59.96,10,18-1,0,"108,000",,반포대로 275,0,00275,00000,2121003,2,11650,11650,반포동,사용,전월세,202202,2022-02-07,18,18.1,113400,0,전세
래미안퍼스티지,11650-3559,2009,22.03~24.03,갱신,11,2,2022,"160,000",59.96,17,18-1,0,"120,000",,반포대로 275,0,00275,00000,2121003,2,11650,11650,반포동,,전월세,202202,2022-02-11,18,18.1,160000,0,전세
래미안퍼스티지,11650-3559,2009,22.02~24.02,갱신,18,2,2022,"320,250",222.15,21,18-1,0,"305,000",,반포대로 275,0,00275,00000,2121003,2,11650,11650,반포동,사용,전월세,202202,2022-02-18,67,67.2,320250,0,전세
래미안퍼스티지,11650-3559,2009,22.05~24.05,갱신,19,2,2022,"320,250",222.76,20,18-1,0,"305,000",,반포대로 275,0,00275,00000,2121003,2,11650,11650,반포동,사용,전월세,202202,2022-02-19,67,67.4,320250,0,전세
래미안퍼스티지,11650-3559,2009,22.02~24.02,갱신,21,2,2022,"294,000",198.22,7,18-1,0,"280,000",,반포대로 275,0,00275,00000,2121003,2,11650,11650,반포동,사용,전월세,202202,2022-02-21,60,60.0,294000,0,전세
래미안퍼스티지,11650-3559,2009,22.02~24.01,갱신,23,2,2022,"278,000",198.04,14,18-1,0,"265,000",,반포대로 275,0,00275,00000,2121003,2,11650,11650,반포동,,전월세,202202,2022-02-23,60,59.9,278000,0,전세
래미안퍼스티지,11650-3559,2009,22.02~23.07,갱신,23,2,2022,"278,000",198.04,14,18-1,0,"265,000",140,반포대로 275,0,00275,00000,2121003,2,11650,11650,반포동,사용,전월세,202202,2022-02-23,60,59.9,278000,0,전세
래미안퍼스티지,11650-3559,2009,22.04~24.04,신규,24,2,2022,"190,000",84.85,15,18-1,0,,,반포대로 275,0,00275,00000,2121003,2,11650,11650,반포동,,전월세,202202,2022-02-24,26,25.7,190000,0,전세
래미안퍼스티지,11650-3559,2009,,,24,2,2022,"40,993",84.93,2,18-1,0,,,반포대로 275,0,00275,00000,2121003,2,11650,11650,반포동,,전월세,202202,2022-02-24,26,25.7,40993,0,전세
래미안퍼스티지,11650-3559,2009,22.02~24.02,갱신,28,2,2022,"126,000",84.93,30,18-1,0,"120,000",,반포대로 275,0,00275,00000,2121003,2,11650,11650,반포동,사용,전월세,202202,2022-02-28,26,25.7,126000,0,전세
래미안퍼스티지,11650-3559,2009,22.03~24.03,갱신,15,3,2022,"304,500",198.04,21,18-1,0,"290,000",,반포대로 275,0,00275,00000,2121003,2,11650,11650,반포동,사용,전월세,202203,2022-03-15,60,59.9,304500,0,전세
래미안퍼스티지,11650-3559,2009,,신규,15,3,2022,"83,785",59.89,20,18-1,0,,,반포대로 275,0,00275,00000,2121003,2,11650,11650,반포동,,전월세,202203,2022-03-15,18,18.1,83785,0,전세
래미안퍼스티지,11650-3559,2009,,신규,15,3,2022,"100,100",84.85,2,18-1,0,,,반포대로 275,0,00275,00000,2121003,2,11650,11650,반포동,,전월세,202203,2022-03-15,26,25.7,100100,0,전세
래미안퍼스티지,11650-3559,2009,,신규,16,3,2022,"63,798",59.89,29,18-1,0,,,반포대로 275,0,00275,00000,2121003,2,11650,11650,반포동,,전월세,202203,2022-03-16,18,18.1,63798,0,전세
래미안퍼스티지,11650-3559,2009,,신규,16,3,2022,"64,976",59.96,10,18-1,0,,,반포대로 275,0,00275,00000,2121003,2,11650,11650,반포동,,전월세,202203,2022-03-16,18,18.1,64976,0,전세
래미안퍼스티지,11650-3559,2009,,신규,17,3,2022,"63,798",59.89,28,18-1,0,,,반포대로 275,0,00275,00000,2121003,2,11650,11650,반포동,,전월세,202203,2022-03-17,18,18.1,63798,0,전세
래미안퍼스티지,11650-3559,2009,22.03~24.03,갱신,17,3,2022,"160,000",84.93,28,18-1,0,"140,000",,반포대로 275,0,00275,00000,2121003,2,11650,11650,반포동,,전월세,202203,2022-03-17,26,25.7,160000,0,전세
래미안퍼스티지,11650-3559,2009,22.06~24.06,신규,19,3,2022,"200,000",84.93,16,18-1,0,,,반포대로 275,0,00275,00000,2121003,2,11650,11650,반포동,,전월세,202203,2022-03-19,26,25.7,200000,0,전세
래미안퍼스티지,11650-3559,2009,,신규,21,3,2022,"83,785",59.89,8,18-1,0,,,반포대로 275,0,00275,00000,2121003,2,11650,11650,반포동,,전월세,202203,2022-03-21,18,18.1,83785,0,전세
래미안퍼스티지,11650-3559,2009,,신규,21,3,2022,"83,785",59.89,9,18-1,0,,,반포대로 275,0,00275,00000,2121003,2,11650,11650,반포동,,전월세,202203,2022-03-21,18,18.1,83785,0,전세
래미안퍼스티지,11650-3559,2009,,신규,21,3,2022,"63,798",59.96,15,18-1,0,,,반포대로 275,0,00275,00000,2121003,2,11650,11650,반포동,,전월세,202203,2022-03-21,18,18.1,63798,0,전세
래미안퍼스티지,11650-3559,2009,,신규,21,3,2022,"83,785",59.96,9,18-1,0,,,반포대로 275,0,00275,00000,2121003,2,11650,11650,반포동,,전월세,202203,2022-03-21,18,18.1,83785,0,전세
래미안퍼스티지,11650-3559,2009,,신규,21,3,2022,"83,785",59.96,2,18-1,0,,,반포대로 275,0,00275,00000,2121003,2,11650,11650,반포동,,전월세,202203,2022-03-21,18,18.1,83785,0,전세
래미안퍼스티지,11650-3559,2009,22.04~24.04,신규,2,4,2022,"120,000",59.96,25,18-1,0,,,반포대로 275,0,00275,00000,2121003,2,11650,11650,반포동,,전월세,202204,2022-04-02,18,18.1,120000,0,전세
래미안퍼스티지,11650-3559,2009,22.05~24.05,갱신,9,4,2022,"241,500",135.92,10,18-1,0,"230,000",,반포대로 275,0,00275,00000,2121003,2,11650,11650,반포동,사용,전월세,202204,2022-04-09,41,41.1,241500,0,전세
래미안퍼스티지,11650-3559,2009,22.04~24.04,신규,13,4,2022,"188,000",84.93,13,18-1,0,,,반포대로 275,0,00275,00000,2121003,2,11650,11650,반포동,,전월세,202204,2022-04-13,26,25.7,188000,0,전세
래미안퍼스티지,11650-3559,2009,22.06~24.06,갱신,26,4,2022,"170,000",84.93,17,18-1,0,"162,000",,반포대로 275,0,00275,00000,2121003,2,11650,11650,반포동,사용,전월세,202204,2022-04-26,26,25.7,170000,0,전세
래미안퍼스티지,11650-3559,2009,22.06~24.06,신규,9,5,2022,"410,000",198.04,4,18-1,0,,,반포대로 275,0,00275,00000,2121003,2,11650,11650,반포동,,전월세,202205,2022-05-09,60,59.9,410000,0,전세
래미안퍼스티지,11650-3559,2009,22.05~24.07,신규,9,5,2022,"83,785",59.89,18,18-1,0,,,반포대로 275,0,00275,00000,2121003,2,11650,11650,반포동,,전월세,202205,2022-05-09,18,18.1,83785,0,전세
래미안퍼스티지,11650-3559,2009,,신규,9,5,2022,"83,785",59.89,16,18-1,0,,,반포대로 275,0,00275,00000,2121003,2,11650,11650,반포동,,전월세,202205,2022-05-09,18,18.1,83785,0,전세
래미안퍼스티지,11650-3559,2009,,신규,9,5,2022,"83,785",59.89,18,18-1,0,,,반포대로 275,0,00275,00000,2121003,2,11650,11650,반포동,,전월세,202205,2022-05-09,18,18.1,83785,0,전세
래미안퍼스티지,11650-3559,2009,,신규,9,5,2022,"83,785",59.96,2,18-1,0,,,반포대로 275,0,00275,00000,2121003,2,11650,11650,반포동,,전월세,202205,2022-05-09,18,18.1,83785,0,전세
래미안퍼스티지,11650-3559,2009,,,10,5,2022,"100,100",84.93,3,18-1,0,,,반포대로 275,0,00275,00000,2121003,2,11650,11650,반포동,,전월세,202205,2022-05-10,26,25.7,100100,0,전세
래미안퍼스티지,11650-3559,2009,,신규,10,5,2022,"100,100",84.93,6,18-1,0,,,반포대로 275,0,00275,00000,2121003,2,11650,11650,반포동,,전월세,202205,2022-05-10,26,25.7,100100,0,전세
래미안퍼스티지,11650-3559,2009,22.07~24.09,신규,16,5,2022,"147,000",59.96,23,18-1,0,,,반포대로 275,0,00275,00000,2121003,2,11650,11650,반포동,,전월세,202205,2022-05-16,18,18.1,147000,0,전세
래미안퍼스티지,11650-3559,2009,,,16,5,2022,"147,000",59.96,23,18-1,0,,,반포대로 275,0,00275,00000,2121003,2,11650,11650,반포동,,전월세,202205,2022-05-16,18,18.1,147000,0,전세
래미안퍼스티지,11650-3559,2009,22.08~24.08,신규,20,5,2022,"430,000",222.76,17,18-1,0,,,반포대로 275,0,00275,00000,2121003,2,11650,11650,반포동,,전월세,202205,2022-05-20,67,67.4,430000,0,전세
래미안퍼스티지,11650-3559,2009,22.08~24.08,신규,21,5,2022,"168,000",59.89,23,18-1,0,,,반포대로 275,0,00275,00000,2121003,2,11650,11650,반포동,,전월세,202205,2022-05-21,18,18.1,168000,0,전세
래미안퍼스티지,11650-3559,2009,22.05~25.05,신규,23,5,2022,"210,000",84.93,7,18-1,0,,,반포대로 275,0,00275,00000,2121003,2,11650,11650,반포동,,전월세,202205,2022-05-23,26,25.7,210000,0,전세
래미안퍼스티지,11650-3559,2009,22.07~24.07,신규,24,5,2022,"220,000",84.93,27,18-1,0,,,반포대로 275,0,00275,00000,2121003,2,11650,11650,반포동,,전월세,202205,2022-05-24,26,25.7,220000,0,전세
래미안퍼스티지,11650-3559,2009,22.06~24.06,신규,24,5,2022,"200,000",84.93,9,18-1,0,,,반포대로 275,0,00275,00000,2121003,2,11650,11650,반포동,,전월세,202205,2022-05-24,26,25.7,200000,0,전세
래미안퍼스티지,11650-3559,2009,22.06~24.06,갱신,24,5,2022,"155,400",84.93,15,18-1,0,"148,000",,반포대로 275,0,00275,00000,2121003,2,11650,11650,반포동,사용,전월세,202205,2022-05-24,26,25.7,155400,0,전세
래미안퍼스티지,11650-3559,2009,22.07~24.07,신규,25,5,2022,"165,000",59.96,29,18-1,0,,,반포대로 275,0,00275,00000,2121003,2,11650,11650,반포동,,전월세,202205,2022-05-25,18,18.1,165000,0,전세
래미안퍼스티지,11650-3559,2009,22.06~24.06,,25,5,2022,"115,500",59.96,3,18-1,0,,,반포대로 275,0,00275,00000,2121003,2,11650,11650,반포동,,전월세,202205,2022-05-25,18,18.1,115500,0,전세
래미안퍼스티지,11650-3559,2009,22.05~22.07,,26,5,2022,"450,000",135.92,2,18-1,0,,,반포대로 275,0,00275,00000,2121003,2,11650,11650,반포동,,전월세,202205,2022-05-26,41,41.1,450000,0,전세
래미안퍼스티지,11650-3559,2009,22.05~22.12,신규,27,5,2022,"230,000",84.85,19,18-1,0,,,반포대로 275,0,00275,00000,2121003,2,11650,11650,반포동,,전월세,202205,2022-05-27,26,25.7,230000,0,전세
래미안퍼스티지,11650-3559,2009,22.07~24.07,갱신,28,5,2022,"147,000",84.93,18,18-1,0,"140,000",,반포대로 275,0,00275,00000,2121003,2,11650,11650,반포동,사용,전월세,202205,2022-05-28,26,25.7,147000,0,전세
래미안퍼스티지,11650-3559,2009,22.05~22.07,신규,30,5,2022,"210,000",84.93,7,18-1,0,,,반포대로 275,0,00275,00000,2121003,2,11650,11650,반포동,,전월세,202205,2022-05-30,26,25.7,210000,0,전세
래미안퍼스티지,11650-3559,2009,22.07~24.07,,11,6,2022,"350,000",135.92,18,18-1,0,,,반포대로 275,0,00275,00000,2121003,2,11650,11650,반포동,,전월세,202206,2022-06-11,41,41.1,350000,0,전세
래미안퍼스티지,11650-3559,2009,,,11,6,2022,"350,000",135.92,18,18-1,0,,,반포대로 275,0,00275,00000,2121003,2,11650,11650,반포동,,전월세,202206,2022-06-11,41,41.1,350000,0,전세
래미안퍼스티지,11650-3559,2009,22.08~24.08,신규,15,6,2022,"220,000",84.93,14,18-1,0,,,반포대로 275,0,00275,00000,2121003,2,11650,11650,반포동,,전월세,202206,2022-06-15,26,25.7,220000,0,전세
래미안퍼스티지,11650-3559,2009,22.09~23.09,갱신,18,6,2022,"300,000",135.92,10,18-1,0,"225,000",,반포대로 275,0,00275,00000,2121003,2,11650,11650,반포동,,전월세,202206,2022-06-18,41,41.1,300000,0,전세
래미안퍼스티지,11650-3559,2009,22.07~24.07,갱신,24,6,2022,"168,000",84.85,16,18-1,0,"148,000",,반포대로 275,0,00275,00000,2121003,2,11650,11650,반포동,,전월세,202206,2022-06-24,26,25.7,168000,0,전세
래미안퍼스티지,11650-3559,2009,22.08~24.08,갱신,29,6,2022,"159,600",84.93,19,18-1,0,"152,000",,반포대로 275,0,00275,00000,2121003,2,11650,11650,반포동,사용,전월세,202206,2022-06-29,26,25.7,159600,0,전세
래미안퍼스티지,11650-3559,2009,22.08~24.08,갱신,1,7,2022,"152,200",84.93,2,18-1,0,"145,000",,반포대로 275,0,00275,00000,2121003,2,11650,11650,반포동,사용,전월세,202207,2022-07-01,26,25.7,152200,0,전세
래미안퍼스티지,11650-3559,2009,22.07~24.07,갱신,6,7,2022,"141,750",84.93,11,18-1,0,"127,000",,반포대로 275,0,00275,00000,2121003,2,11650,11650,반포동,,전월세,202207,2022-07-06,26,25.7,141750,0,전세
래미안퍼스티지,11650-3559,2009,22.08~24.08,갱신,9,7,2022,"241,500",136.65,16,18-1,0,"230,000",,반포대로 275,0,00275,00000,2121003,2,11650,11650,반포동,사용,전월세,202207,2022-07-09,41,41.3,241500,0,전세
래미안퍼스티지,11650-3559,2009,22.10~24.10,신규,13,7,2022,"330,000",198.04,18,18-1,0,,,반포대로 275,0,00275,00000,2121003,2,11650,11650,반포동,,전월세,202207,2022-07-13,60,59.9,330000,0,전세
래미안퍼스티지,11650-3559,2009,22.07~24.07,갱신,15,7,2022,"80,000",59.96,5,18-1,0,"55,000",,반포대로 275,0,00275,00000,2121003,2,11650,11650,반포동,,전월세,202207,2022-07-15,18,18.1,80000,0,전세
래미안퍼스티지,11650-3559,2009,22.10~24.10,신규,17,7,2022,"380,000",168.65,18,18-1,0,,,반포대로 275,0,00275,00000,2121003,2,11650,11650,반포동,,전월세,202207,2022-07-17,51,51.0,380000,0,전세
래미안퍼스티지,11650-3559,2009,22.07~24.07,갱신,17,7,2022,"123,900",59.89,22,18-1,0,"118,000",,반포대로 275,0,00275,00000,2121003,2,11650,11650,반포동,,전월세,202207,2022-07-17,18,18.1,123900,0,전세
래미안퍼스티지,11650-3559,2009,,신규,19,7,2022,"82,026",84.93,2,18-1,0,,,반포대로 275,0,00275,00000,2121003,2,11650,11650,반포동,,전월세,202207,2022-07-19,26,25.7,82026,0,전세
래미안퍼스티지,11650-3559,2009,22.08~24.08,갱신,20,7,2022,"294,000",222.76,16,18-1,0,"280,000",,반포대로 275,0,00275,00000,2121003,2,11650,11650,반포동,사용,전월세,202207,2022-07-20,67,67.4,294000,0,전세
래미안퍼스티지,11650-3559,2009,,,20,7,2022,"294,000",222.76,16,18-1,0,,,반포대로 275,0,00275,00000,2121003,2,11650,11650,반포동,,전월세,202207,2022-07-20,67,67.4,294000,0,전세
래미안퍼스티지,11650-3559,2009,22.08~24.08,갱신,20,7,2022,"120,750",59.89,23,18-1,0,"115,000",,반포대로 275,0,00275,00000,2121003,2,11650,11650,반포동,사용,전월세,202207,2022-07-20,18,18.1,120750,0,전세
래미안퍼스티지,11650-3559,2009,22.10~24.10,신규,21,7,2022,"170,000",84.93,11,18-1,0,,,반포대로 275,0,00275,00000,2121003,2,11650,11650,반포동,,전월세,202207,2022-07-21,26,25.7,170000,0,전세
래미안퍼스티지,11650-3559,2009,,,21,7,2022,"170,000",84.93,11,18-1,0,,,반포대로 275,0,00275,00000,2121003,2,11650,11650,반포동,,전월세,202207,2022-07-21,26,25.7,170000,0,전세
래미안퍼스티지,11650-3559,2009,,,21,7,2022,"170,000",84.93,11,18-1,0,,,반포대로 275,0,00275,00000,2121003,2,11650,11650,반포동,,전월세,202207,2022-07-21,26,25.7,170000,0,전세
래미안퍼스티지,11650-3559,2009,22.10~24.10,신규,23,7,2022,"185,000",84.85,8,18-1,0,,,반포대로 275,0,00275,00000,2121003,2,11650,11650,반포동,,전월세,202207,2022-07-23,26,25.7,185000,0,전세
래미안퍼스티지,11650-3559,2009,22.09~24.09,갱신,25,7,2022,"168,000",84.93,5,18-1,0,"160,000",,반포대로 275,0,00275,00000,2121003,2,11650,11650,반포동,사용,전월세,202207,2022-07-25,26,25.7,168000,0,전세
래미안퍼스티지,11650-3559,2009,22.07~23.12,갱신,26,7,2022,"350,000",135.92,2,18-1,0,"450,000",,반포대로 275,0,00275,00000,2121003,2,11650,11650,반포동,,전월세,202207,2022-07-26,41,41.1,350000,0,전세
래미안퍼스티지,11650-3559,2009,22.08~24.08,갱신,28,7,2022,"173,200",84.93,25,18-1,0,"165,000",,반포대로 275,0,00275,00000,2121003,2,11650,11650,반포동,사용,전월세,202207,2022-07-28,26,25.7,173200,0,전세
래미안퍼스티지,11650-3559,2009,,,2,8,2022,"420,000",198.22,25,18-1,0,,,반포대로 275,0,00275,00000,2121003,2,11650,11650,반포동,,전월세,202208,2022-08-02,60,60.0,420000,0,전세
래미안퍼스티지,11650-3559,2009,22.08~24.08,갱신,4,8,2022,"120,750",59.96,30,18-1,0,"115,000",,반포대로 275,0,00275,00000,2121003,2,11650,11650,반포동,사용,전월세,202208,2022-08-04,18,18.1,120750,0,전세
래미안퍼스티지,11650-3559,2009,,,10,8,2022,"120,000",59.96,17,18-1,0,,,반포대로 275,0,00275,00000,2121003,2,11650,11650,반포동,,전월세,202208,2022-08-10,18,18.1,120000,0,전세
래미안퍼스티지,11650-3559,2009,22.09~24.09,갱신,10,8,2022,"110,250",59.98,9,18-1,0,"105,000",,반포대로 275,0,00275,00000,2121003,2,11650,11650,반포동,사용,전월세,202208,2022-08-10,18,18.1,110250,0,전세
래미안퍼스티지,11650-3559,2009,22.08~24.10,신규,11,8,2022,"140,000",59.96,30,18-1,0,,,반포대로 275,0,00275,00000,2121003,2,11650,11650,반포동,,전월세,202208,2022-08-11,18,18.1,140000,0,전세
래미안퍼스티지,11650-3559,2009,22.09~24.09,신규,16,8,2022,"310,000",135.92,9,18-1,0,,,반포대로 275,0,00275,00000,2121003,2,11650,11650,반포동,,전월세,202208,2022-08-16,41,41.1,310000,0,전세
래미안퍼스티지,11650-3559,2009,22.09~24.09,갱신,19,8,2022,"260,000",169.31,12,18-1,0,"215,000",,반포대로 275,0,00275,00000,2121003,2,11650,11650,반포동,,전월세,202208,2022-08-19,51,51.2,260000,0,전세
래미안퍼스티지,11650-3559,2009,22.08~24.08,갱신,25,8,2022,"178,500",84.93,26,18-1,0,"170,000",,반포대로 275,0,00275,00000,2121003,2,11650,11650,반포동,사용,전월세,202208,2022-08-25,26,25.7,178500,0,전세
래미안퍼스티지,11650-3559,2009,22.10~24.10,갱신,31,8,2022,"294,000",198.22,15,18-1,0,"280,000",,반포대로 275,0,00275,00000,2121003,2,11650,11650,반포동,사용,전월세,202208,2022-08-31,60,60.0,294000,0,전세
래미안퍼스티지,11650-3559,2009,22.10~24.10,신규,3,9,2022,"120,000",59.96,10,18-1,0,,,반포대로 275,0,00275,00000,2121003,2,11650,11650,반포동,,전월세,202209,2022-09-03,18,18.1,120000,0,전세
래미안퍼스티지,11650-3559,2009,22.09~24.09,,3,9,2022,"180,000",84.93,29,18-1,0,,,반포대로 275,0,00275,00000,2121003,2,11650,11650,반포동,,전월세,202209,2022-09-03,26,25.7,180000,0,전세
래미안퍼스티지,11650-3559,2009,,,3,9,2022,"180,000",84.93,29,18-1,0,,,반포대로 275,0,00275,00000,2121003,2,11650,11650,반포동,,전월세,202209,2022-09-03,26,25.7,180000,0,전세
래미안퍼스티지,11650-3559,2009,22.11~23.10,신규,9,9,2022,"117,000",59.96,15,18-1,0,,,반포대로 275,0,00275,00000,2121003,2,11650,11650,반포동,,전월세,202209,2022-09-09,18,18.1,117000,0,전세
래미안퍼스티지,11650-3559,2009,22.10~24.10,갱신,14,9,2022,"168,000",84.93,3,18-1,0,"160,000",,반포대로 275,0,00275,00000,2121003,2,11650,11650,반포동,사용,전월세,202209,2022-09-14,26,25.7,168000,0,전세
래미안퍼스티지,11650-3559,2009,,신규,15,9,2022,"68,697",84.85,4,18-1,0,,,반포대로 275,0,00275,00000,2121003,2,11650,11650,반포동,,전월세,202209,2022-09-15,26,25.7,68697,0,전세
래미안퍼스티지,11650-3559,2009,22.11~24.11,신규,24,9,2022,"155,000",84.93,23,18-1,0,,,반포대로 275,0,00275,00000,2121003,2,11650,11650,반포동,,전월세,202209,2022-09-24,26,25.7,155000,0,전세
래미안퍼스티지,11650-3559,2009,22.10~24.10,갱신,24,9,2022,"147,000",84.93,21,18-1,0,"140,000",,반포대로 275,0,00275,00000,2121003,2,11650,11650,반포동,사용,전월세,202209,2022-09-24,26,25.7,147000,0,전세
래미안퍼스티지,11650-3559,2009,22.11~24.11,갱신,26,9,2022,"133,000",59.96,3,18-1,0,"130,000",,반포대로 275,0,00275,00000,2121003,2,11650,11650,반포동,사용,전월세,202209,2022-09-26,18,18.1,133000,0,전세
래미안퍼스티지,11650-3559,2009,,신규,27,9,2022,"54,070",59.89,29,18-1,0,,,반포대로 275,0,00275,00000,2121003,2,11650,11650,반포동,,전월세,202209,2022-09-27,18,18.1,54070,0,전세
래미안퍼스티지,11650-3559,2009,22.10~24.10,갱신,28,9,2022,"162,750",84.93,6,18-1,0,"155,000",,반포대로 275,0,00275,00000,2121003,2,11650,11650,반포동,사용,전월세,202209,2022-09-28,26,25.7,162750,0,전세
래미안퍼스티지,11650-3559,2009,22.12~24.12,신규,30,9,2022,"175,000",84.93,26,18-1,0,,,반포대로 275,0,00275,00000,2121003,2,11650,11650,반포동,,전월세,202209,2022-09-30,26,25.7,175000,0,전세
래미안퍼스티지,11650-3559,2009,22.11~24.11,갱신,5,10,2022,"168,000",84.93,25,18-1,0,"160,000",,반포대로 275,0,00275,00000,2121003,2,11650,11650,반포동,사용,전월세,202210,2022-10-05,26,25.7,168000,0,전세
래미안퍼스티지,11650-3559,2009,22.11~24.11,,6,10,2022,"395,000",222.76,5,18-1,0,,,반포대로 275,0,00275,00000,2121003,2,11650,11650,반포동,,전월세,202210,2022-10-06,67,67.4,395000,0,전세
래미안퍼스티지,11650-3559,2009,,,6,10,2022,"395,000",222.76,5,18-1,0,,,반포대로 275,0,00275,00000,2121003,2,11650,11650,반포동,,전월세,202210,2022-10-06,67,67.4,395000,0,전세
래미안퍼스티지,11650-3559,2009,22.12~25.03,갱신,6,10,2022,"165,000",84.93,14,18-1,0,"119,000",35,반포대로 275,0,00275,00000,2121003,2,11650,11650,반포동,,전월세,202210,2022-10-06,26,25.7,165000,0,전세
래미안퍼스티지,11650-3559,2009,22.11~24.11,갱신,6,10,2022,"178,500",84.93,30,18-1,0,"170,000",,반포대로 275,0,00275,00000,2121003,2,11650,11650,반포동,사용,전월세,202210,2022-10-06,26,25.7,178500,0,전세
래미안퍼스티지,11650-3559,2009,22.12~25.03,갱신,6,10,2022,"170,000",84.93,14,18-1,0,"119,000",35,반포대로 275,0,00275,00000,2121003,2,11650,11650,반포동,,전월세,202210,2022-10-06,26,25.7,170000,0,전세
래미안퍼스티지,11650-3559,2009,22.12~24.12,신규,7,10,2022,"150,000",84.93,25,18-1,0,,,반포대로 275,0,00275,00000,2121003,2,11650,11650,반포동,,전월세,202210,2022-10-07,26,25.7,150000,0,전세
래미안퍼스티지,11650-3559,2009,22.10~24.10,갱신,7,10,2022,"173,250",84.93,11,18-1,0,"165,000",,반포대로 275,0,00275,00000,2121003,2,11650,11650,반포동,사용,전월세,202210,2022-10-07,26,25.7,173250,0,전세
래미안퍼스티지,11650-3559,2009,22.12~24.12,신규,8,10,2022,"290,000",115.65,17,18-1,0,,,반포대로 275,0,00275,00000,2121003,2,11650,11650,반포동,,전월세,202210,2022-10-08,35,35.0,290000,0,전세
래미안퍼스티지,11650-3559,2009,,,8,10,2022,"290,000",115.65,17,18-1,0,,,반포대로 275,0,00275,00000,2121003,2,11650,11650,반포동,,전월세,202210,2022-10-08,35,35.0,290000,0,전세
래미안퍼스티지,11650-3559,2009,22.11~24.11,신규,9,10,2022,"330,000",169.31,30,18-1,0,,,반포대로 275,0,00275,00000,2121003,2,11650,11650,반포동,,전월세,202210,2022-10-09,51,51.2,330000,0,전세
래미안퍼스티지,11650-3559,2009,22.10~24.10,갱신,12,10,2022,"189,000",84.93,21,18-1,0,"180,000",,반포대로 275,0,00275,00000,2121003,2,11650,11650,반포동,사용,전월세,202210,2022-10-12,26,25.7,189000,0,전세
래미안퍼스티지,11650-3559,2009,22.11~24.11,신규,13,10,2022,"148,000",84.93,22,18-1,0,,,반포대로 275,0,00275,00000,2121003,2,11650,11650,반포동,,전월세,202210,2022-10-13,26,25.7,148000,0,전세
래미안퍼스티지,11650-3559,2009,22.12~24.12,신규,15,10,2022,"119,000",59.98,16,18-1,0,,,반포대로 275,0,00275,00000,2121003,2,11650,11650,반포동,,전월세,202210,2022-10-15,18,18.1,119000,0,전세
래미안퍼스티지,11650-3559,2009,,신규,17,10,2022,"53,973",59.89,5,18-1,0,,,반포대로 275,0,00275,00000,2121003,2,11650,11650,반포동,,전월세,202210,2022-10-17,18,18.1,53973,0,전세
래미안퍼스티지,11650-3559,2009,22.10~24.10,갱신,17,10,2022,"186,500",84.76,13,18-1,0,"130,000",,반포대로 275,0,00275,00000,2121003,2,11650,11650,반포동,,전월세,202210,2022-10-17,26,25.6,186500,0,전세
래미안퍼스티지,11650-3559,2009,22.12~24.12,갱신,17,10,2022,"172,000",84.93,6,18-1,0,"172,000",,반포대로 275,0,00275,00000,2121003,2,11650,11650,반포동,사용,전월세,202210,2022-10-17,26,25.7,172000,0,전세
래미안퍼스티지,11650-3559,2009,23.01~25.01,신규,17,10,2022,"170,000",84.93,14,18-1,0,,,반포대로 275,0,00275,00000,2121003,2,11650,11650,반포동,,전월세,202210,2022-10-17,26,25.7,170000,0,전세
래미안퍼스티지,11650-3559,2009,22.11~24.11,,18,10,2022,"178,500",84.93,14,18-1,0,,,반포대로 275,0,00275,00000,2121003,2,11650,11650,반포동,,전월세,202210,2022-10-18,26,25.7,178500,0,전세
래미안퍼스티지,11650-3559,2009,,,22,10,2022,"127,000",59.96,26,18-1,0,,,반포대로 275,0,00275,00000,2121003,2,11650,11650,반포동,,전월세,202210,2022-10-22,18,18.1,127000,0,전세
래미안퍼스티지,11650-3559,2009,22.12~24.12,갱신,26,10,2022,"241,500",115.65,28,18-1,0,"230,000",,반포대로 275,0,00275,00000,2121003,2,11650,11650,반포동,사용,전월세,202210,2022-10-26,35,35.0,241500,0,전세
래미안퍼스티지,11650-3559,2009,23.01~25.01,신규,27,10,2022,"270,000",169.31,19,18-1,0,,,반포대로 275,0,00275,00000,2121003,2,11650,11650,반포동,,전월세,202210,2022-10-27,51,51.2,270000,0,전세
래미안퍼스티지,11650-3559,2009,22.11~24.11,갱신,29,10,2022,"252,000",168.65,5,18-1,0,"240,000",,반포대로 275,0,00275,00000,2121003,2,11650,11650,반포동,사용,전월세,202210,2022-10-29,51,51.0,252000,0,전세
래미안퍼스티지,11650-3559,2009,23.01~25.01,신규,3,11,2022,"110,000",59.96,24,18-1,0,,,반포대로 275,0,00275,00000,2121003,2,11650,11650,반포동,,전월세,202211,2022-11-03,18,18.1,110000,0,전세
래미안퍼스티지,11650-3559,2009,22.12~24.12,신규,17,11,2022,"105,000",59.96,28,18-1,0,,,반포대로 275,0,00275,00000,2121003,2,11650,11650,반포동,,전월세,202211,2022-11-17,18,18.1,105000,0,전세
래미안퍼스티지,11650-3559,2009,23.02~25.02,신규,19,11,2022,"145,000",84.85,19,18-1,0,,,반포대로 275,0,00275,00000,2121003,2,11650,11650,반포동,,전월세,202211,2022-11-19,26,25.7,145000,0,전세
래미안퍼스티지,11650-3559,2009,22.12~24.12,신규,19,11,2022,"130,000",84.93,23,18-1,0,,,반포대로 275,0,00275,00000,2121003,2,11650,11650,반포동,,전월세,202211,2022-11-19,26,25.7,130000,0,전세
래미안퍼스티지,11650-3559,2009,,신규,21,11,2022,"83,785",59.89,20,18-1,0,,,반포대로 275,0,00275,00000,2121003,2,11650,11650,반포동,,전월세,202211,2022-11-21,18,18.1,83785,0,전세
래미안퍼스티지,11650-3559,2009,23.02~25.02,신규,23,11,2022,"147,000",84.85,26,18-1,0,,,반포대로 275,0,00275,00000,2121003,2,11650,11650,반포동,,전월세,202211,2022-11-23,26,25.7,147000,0,전세
래미안퍼스티지,11650-3559,2009,,,23,11,2022,"147,000",84.85,26,18-1,0,,,반포대로 275,0,00275,00000,2121003,2,11650,11650,반포동,,전월세,202211,2022-11-23,26,25.7,147000,0,전세
래미안퍼스티지,11650-3559,2009,23.01~25.01,신규,24,11,2022,"230,000",135.92,5,18-1,0,,,반포대로 275,0,00275,00000,2121003,2,11650,11650,반포동,,전월세,202211,2022-11-24,41,41.1,230000,0,전세
래미안퍼스티지,11650-3559,2009,23.02~25.02,갱신,24,11,2022,"152,250",84.93,16,18-1,0,"152,250",,반포대로 275,0,00275,00000,2121003,2,11650,11650,반포동,,전월세,202211,2022-11-24,26,25.7,152250,0,전세
래미안퍼스티지,11650-3559,2009,23.01~25.01,신규,25,11,2022,"150,000",84.85,4,18-1,0,,,반포대로 275,0,00275,00000,2121003,2,11650,11650,반포동,,전월세,202211,2022-11-25,26,25.7,150000,0,전세
래미안퍼스티지,11650-3559,2009,,갱신,26,11,2022,"150,000",84.93,25,18-1,0,"160,000",,반포대로 275,0,00275,00000,2121003,2,11650,11650,반포동,사용,전월세,202211,2022-11-26,26,25.7,150000,0,전세
래미안퍼스티지,11650-3559,2009,22.12~24.12,신규,28,11,2022,"480,000",222.76,22,18-1,0,,,반포대로 275,0,00275,00000,2121003,2,11650,11650,반포동,,전월세,202211,2022-11-28,67,67.4,480000,0,전세
래미안퍼스티지,11650-3559,2009,23.02~25.02,갱신,29,11,2022,"140,000",59.96,14,18-1,0,"150,000",,반포대로 275,0,00275,00000,2121003,2,11650,11650,반포동,사용,전월세,202211,2022-11-29,18,18.1,140000,0,전세
래미안퍼스티지,11650-3559,2009,22.11~23.03,신규,30,11,2022,"183,500",84.93,27,18-1,0,,,반포대로 275,0,00275,00000,2121003,2,11650,11650,반포동,,전월세,202211,2022-11-30,26,25.7,183500,0,전세
래미안퍼스티지,11650-3559,2009,22.12~24.12,갱신,1,12,2022,"110,000",59.98,10,18-1,0,"105,000",,반포대로 275,0,00275,00000,2121003,2,11650,11650,반포동,사용,전월세,202212,2022-12-01,18,18.1,110000,0,전세
래미안퍼스티지,11650-3559,2009,23.02~25.02,신규,6,12,2022,"130,000",84.76,1,18-1,0,,,반포대로 275,0,00275,00000,2121003,2,11650,11650,반포동,,전월세,202212,2022-12-06,26,25.6,130000,0,전세
래미안퍼스티지,11650-3559,2009,22.12~24.12,갱신,8,12,2022,"127,000",59.96,26,18-1,0,"135,000",,반포대로 275,0,00275,00000,2121003,2,11650,11650,반포동,사용,전월세,202212,2022-12-08,18,18.1,127000,0,전세
래미안퍼스티지,11650-3559,2009,23.01~25.01,신규,8,12,2022,"145,000",84.93,11,18-1,0,,,반포대로 275,0,00275,00000,2121003,2,11650,11650,반포동,,전월세,202212,2022-12-08,26,25.7,145000,0,전세
래미안퍼스티지,11650-3559,2009,,,12,12,2022,"100,000",59.96,21,18-1,0,,,반포대로 275,0,00275,00000,2121003,2,11650,11650,반포동,,전월세,202212,2022-12-12,18,18.1,100000,0,전세
래미안퍼스티지,11650-3559,2009,23.01~25.01,신규,12,12,2022,"100,000",59.96,21,18-1,0,,,반포대로 275,0,00275,00000,2121003,2,11650,11650,반포동,,전월세,202212,2022-12-12,18,18.1,100000,0,전세
래미안퍼스티지,11650-3559,2009,23.02~25.02,신규,14,12,2022,"170,000",84.93,27,18-1,0,,,반포대로 275,0,00275,00000,2121003,2,11650,11650,반포동,,전월세,202212,2022-12-14,26,25.7,170000,0,전세
래미안퍼스티지,11650-3559,2009,,,19,12,2022,"127,000",84.93,29,18-1,0,,,반포대로 275,0,00275,00000,2121003,2,11650,11650,반포동,,전월세,202212,2022-12-19,26,25.7,127000,0,전세
래미안퍼스티지,11650-3559,2009,23.02~25.02,신규,19,12,2022,"127,000",84.93,29,18-1,0,,,반포대로 275,0,00275,00000,2121003,2,11650,11650,반포동,,전월세,202212,2022-12-19,26,25.7,127000,0,전세
래미안퍼스티지,11650-3559,2009,23.02~25.02,신규,20,12,2022,"127,000",84.93,4,18-1,0,,,반포대로 275,0,00275,00000,2121003,2,11650,11650,반포동,,전월세,202212,2022-12-20,26,25.7,127000,0,전세
래미안퍼스티지,11650-3559,2009,,신규,28,12,2022,"70,177",59.96,4,18-1,0,,,반포대로 275,0,00275,00000,2121003,2,11650,11650,반포동,,전월세,202212,2022-12-28,18,18.1,70177,0,전세
래미안퍼스티지,11650-3559,2009,23.01~25.01,갱신,31,12,2022,"98,000",59.96,22,18-1,0,"120,000",,반포대로 275,0,00275,00000,2121003,2,11650,11650,반포동,사용,전월세,202212,2022-12-31,18,18.1,98000,0,전세
래미안퍼스티지,11650-3559,2009,23.02~25.02,신규,8,1,2023,"103,000",59.89,30,18-1,0,,,반포대로 275,0,00275,00000,2121003,2,11650,11650,반포동,,전월세,202301,2023-01-08,18,18.1,103000,0,전세
래미안퍼스티지,11650-3559,2009,23.02~25.02,신규,10,1,2023,"105,000",59.96,16,18-1,0,,,반포대로 275,0,00275,00000,2121003,2,11650,11650,반포동,,전월세,202301,2023-01-10,18,18.1,105000,0,전세
래미안퍼스티지,11650-3559,2009,23.02~25.01,갱신,13,1,2023,"150,000",84.93,12,18-1,0,"165,000",,반포대로 275,0,00275,00000,2121003,2,11650,11650,반포동,사용,전월세,202301,2023-01-13,26,25.7,150000,0,전세
래미안퍼스티지,11650-3559,2009,23.01~24.12,갱신,14,1,2023,"100,000",59.96,3,18-1,0,"100,000",90,반포대로 275,0,00275,00000,2121003,2,11650,11650,반포동,사용,전월세,202301,2023-01-14,18,18.1,100000,0,전세
래미안퍼스티지,11650-3559,2009,23.03~25.03,갱신,25,1,2023,"136,500",84.93,11,18-1,0,"136,500",,반포대로 275,0,00275,00000,2121003,2,11650,11650,반포동,,전월세,202301,2023-01-25,26,25.7,136500,0,전세
래미안퍼스티지,11650-3559,2009,23.03~25.03,신규,30,1,2023,"140,000",84.93,13,18-1,0,,,반포대로 275,0,00275,00000,2121003,2,11650,11650,반포동,,전월세,202301,2023-01-30,26,25.7,140000,0,전세
래미안퍼스티지,11650-3559,2009,,,2,2,2023,"83,785",59.96,16,18-1,0,,,반포대로 275,0,00275,00000,2121003,2,11650,11650,반포동,,전월세,202302,2023-02-02,18,18.1,83785,0,전세
래미안퍼스티지,11650-3559,2009,23.03~25.03,갱신,2,2,2023,"160,000",84.93,21,18-1,0,"195,000",,반포대로 275,0,00275,00000,2121003,2,11650,11650,반포동,사용,전월세,202302,2023-02-02,26,25.7,160000,0,전세
래미안퍼스티지,11650-3559,2009,23.03~24.03,갱신,4,2,2023,"100,000",59.89,4,18-1,0,"120,000",,반포대로 275,0,00275,00000,2121003,2,11650,11650,반포동,사용,전월세,202302,2023-02-04,18,18.1,100000,0,전세
래미안퍼스티지,11650-3559,2009,23.02~25.02,갱신,9,2,2023,"276,000",222.15,27,18-1,0,"230,000",,반포대로 275,0,00275,00000,2121003,2,11650,11650,반포동,,전월세,202302,2023-02-09,67,67.2,276000,0,전세
래미안퍼스티지,11650-3559,2009,23.03~25.03,신규,10,2,2023,"95,000",59.96,4,18-1,0,,,반포대로 275,0,00275,00000,2121003,2,11650,11650,반포동,,전월세,202302,2023-02-10,18,18.1,95000,0,전세
래미안퍼스티지,11650-3559,2009,,신규,10,2,2023,"66,731",59.98,13,18-1,0,,,반포대로 275,0,00275,00000,2121003,2,11650,11650,반포동,,전월세,202302,2023-02-10,18,18.1,66731,0,전세
래미안퍼스티지,11650-3559,2009,23.04~25.04,갱신,13,2,2023,"100,000",59.89,19,18-1,0,"100,000",135,반포대로 275,0,00275,00000,2121003,2,11650,11650,반포동,사용,전월세,202302,2023-02-13,18,18.1,100000,0,전세
래미안퍼스티지,11650-3559,2009,,신규,13,2,2023,"83,785",59.89,3,18-1,0,,,반포대로 275,0,00275,00000,2121003,2,11650,11650,반포동,,전월세,202302,2023-02-13,18,18.1,83785,0,전세
래미안퍼스티지,11650-3559,2009,,신규,14,2,2023,"66,731",59.89,7,18-1,0,,,반포대로 275,0,00275,00000,2121003,2,11650,11650,반포동,,전월세,202302,2023-02-14,18,18.1,66731,0,전세
래미안퍼스티지,11650-3559,2009,,갱신,19,2,2023,"325,000",222.15,18,18-1,0,"310,000",,반포대로 275,0,00275,00000,2121003,2,11650,11650,반포동,사용,전월세,202302,2023-02-19,67,67.2,325000,0,전세
래미안퍼스티지,11650-3559,2009,,,19,2,2023,"130,000",84.85,3,18-1,0,,,반포대로 275,0,00275,00000,2121003,2,11650,11650,반포동,,전월세,202302,2023-02-19,26,25.7,130000,0,전세
래미안퍼스티지,11650-3559,2009,23.04~25.04,신규,19,2,2023,"130,000",84.85,3,18-1,0,,,반포대로 275,0,00275,00000,2121003,2,11650,11650,반포동,,전월세,202302,2023-02-19,26,25.7,130000,0,전세
래미안퍼스티지,11650-3559,2009,,,20,2,2023,"66,731",59.89,20,18-1,0,,,반포대로 275,0,00275,00000,2121003,2,11650,11650,반포동,,전월세,202302,2023-02-20,18,18.1,66731,0,전세
래미안퍼스티지,11650-3559,2009,23.04~25.04,신규,21,2,2023,"140,000",84.93,15,18-1,0,,,반포대로 275,0,00275,00000,2121003,2,11650,11650,반포동,,전월세,202302,2023-02-21,26,25.7,140000,0,전세
래미안퍼스티지,11650-3559,2009,23.03~25.03,신규,25,2,2023,"85,000",59.96,21,18-1,0,,,반포대로 275,0,00275,00000,2121003,2,11650,11650,반포동,,전월세,202302,2023-02-25,18,18.1,85000,0,전세
래미안퍼스티지,11650-3559,2009,23.06~25.06,갱신,28,2,2023,"280,000",135.92,21,18-1,0,"280,000",,반포대로 275,0,00275,00000,2121003,2,11650,11650,반포동,사용,전월세,202302,2023-02-28,41,41.1,280000,0,전세
래미안퍼스티지,11650-3559,2009,23.05~25.05,신규,28,2,2023,"300,000",135.92,14,18-1,0,,,반포대로 275,0,00275,00000,2121003,2,11650,11650,반포동,,전월세,202302,2023-02-28,41,41.1,300000,0,전세
래미안퍼스티지,11650-3559,2009,23.02~24.02,,28,2,2023,"394,000",222.76,15,18-1,0,,,반포대로 275,0,00275,00000,2121003,2,11650,11650,반포동,,전월세,202302,2023-02-28,67,67.4,394000,0,전세
래미안퍼스티지,11650-3559,2009,,,28,2,2023,"130,000",84.93,8,18-1,0,,,반포대로 275,0,00275,00000,2121003,2,11650,11650,반포동,,전월세,202302,2023-02-28,26,25.7,130000,0,전세
래미안퍼스티지,11650-3559,2009,23.05~25.05,신규,1,3,2023,"102,000",59.89,26,18-1,0,,,반포대로 275,0,00275,00000,2121003,2,11650,11650,반포동,,전월세,202303,2023-03-01,18,18.1,102000,0,전세
래미안퍼스티지,11650-3559,2009,23.06~25.06,갱신,1,3,2023,"105,000",59.96,23,18-1,0,"94,500",,반포대로 275,0,00275,00000,2121003,2,11650,11650,반포동,,전월세,202303,2023-03-01,18,18.1,105000,0,전세
래미안퍼스티지,11650-3559,2009,23.04~25.04,신규,3,3,2023,"90,000",59.96,26,18-1,0,,,반포대로 275,0,00275,00000,2121003,2,11650,11650,반포동,,전월세,202303,2023-03-03,18,18.1,90000,0,전세
래미안퍼스티지,11650-3559,2009,23.06~25.06,갱신,6,3,2023,"95,000",59.96,2,18-1,0,"130,000",,반포대로 275,0,00275,00000,2121003,2,11650,11650,반포동,,전월세,202303,2023-03-06,18,18.1,95000,0,전세
래미안퍼스티지,11650-3559,2009,23.05~25.05,신규,15,3,2023,"105,000",59.96,18,18-1,0,,,반포대로 275,0,00275,00000,2121003,2,11650,11650,반포동,,전월세,202303,2023-03-15,18,18.1,105000,0,전세
래미안퍼스티지,11650-3559,2009,,,15,3,2023,"105,000",59.96,18,18-1,0,,,반포대로 275,0,00275,00000,2121003,2,11650,11650,반포동,,전월세,202303,2023-03-15,18,18.1,105000,0,전세
래미안퍼스티지,11650-3559,2009,,,15,3,2023,"105,000",59.96,18,18-1,0,,,반포대로 275,0,00275,00000,2121003,2,11650,11650,반포동,,전월세,202303,2023-03-15,18,18.1,105000,0,전세
래미안퍼스티지,11650-3559,2009,23.04~25.04,갱신,18,3,2023,"110,000",59.89,11,18-1,0,"148,000",,반포대로 275,0,00275,00000,2121003,2,11650,11650,반포동,사용,전월세,202303,2023-03-18,18,18.1,110000,0,전세
래미안퍼스티지,11650-3559,2009,23.06~25.06,신규,18,3,2023,"85,000",59.96,5,18-1,0,,,반포대로 275,0,00275,00000,2121003,2,11650,11650,반포동,,전월세,202303,2023-03-18,18,18.1,85000,0,전세
래미안퍼스티지,11650-3559,2009,23.05~25.05,신규,19,3,2023,"135,000",84.76,10,18-1,0,,,반포대로 275,0,00275,00000,2121003,2,11650,11650,반포동,,전월세,202303,2023-03-19,26,25.6,135000,0,전세
래미안퍼스티지,11650-3559,2009,23.05~25.05,신규,20,3,2023,"120,000",84.93,28,18-1,0,,,반포대로 275,0,00275,00000,2121003,2,11650,11650,반포동,,전월세,202303,2023-03-20,26,25.7,120000,0,전세
래미안퍼스티지,11650-3559,2009,,,20,3,2023,"120,000",84.93,28,18-1,0,,,반포대로 275,0,00275,00000,2121003,2,11650,11650,반포동,,전월세,202303,2023-03-20,26,25.7,120000,0,전세
래미안퍼스티지,11650-3559,2009,,,20,3,2023,"120,000",84.93,28,18-1,0,,,반포대로 275,0,00275,00000,2121003,2,11650,11650,반포동,,전월세,202303,2023-03-20,26,25.7,120000,0,전세
래미안퍼스티지,11650-3559,2009,23.05~25.05,신규,21,3,2023,"73,000",59.96,9,18-1,0,,,반포대로 275,0,00275,00000,2121003,2,11650,11650,반포동,,전월세,202303,2023-03-21,18,18.1,73000,0,전세
래미안퍼스티지,11650-3559,2009,23.05~25.05,신규,21,3,2023,"97,000",59.96,7,18-1,0,,,반포대로 275,0,00275,00000,2121003,2,11650,11650,반포동,,전월세,202303,2023-03-21,18,18.1,97000,0,전세
래미안퍼스티지,11650-3559,2009,23.06~25.06,신규,27,3,2023,"140,000",84.93,8,18-1,0,,,반포대로 275,0,00275,00000,2121003,2,11650,11650,반포동,,전월세,202303,2023-03-27,26,25.7,140000,0,전세
래미안퍼스티지,11650-3559,2009,23.05~25.05,신규,30,3,2023,"280,000",198.04,13,18-1,0,,,반포대로 275,0,00275,00000,2121003,2,11650,11650,반포동,,전월세,202303,2023-03-30,60,59.9,280000,0,전세
래미안퍼스티지,11650-3559,2009,,갱신,31,3,2023,"155,000",84.93,8,18-1,0,"195,000",,반포대로 275,0,00275,00000,2121003,2,11650,11650,반포동,,전월세,202303,2023-03-31,26,25.7,155000,0,전세
래미안퍼스티지,11650-3559,2009,,,31,3,2023,"148,000",84.93,18,18-1,0,,,반포대로 275,0,00275,00000,2121003,2,11650,11650,반포동,,전월세,202303,2023-03-31,26,25.7,148000,0,전세
래미안퍼스티지,11650-3559,2009,,,1,4,2023,"140,000",84.76,18,18-1,0,,,반포대로 275,0,00275,00000,2121003,2,11650,11650,반포동,,전월세,202304,2023-04-01,26,25.6,140000,0,전세
래미안퍼스티지,11650-3559,2009,23.06~25.06,신규,1,4,2023,"140,000",84.76,18,18-1,0,,,반포대로 275,0,00275,00000,2121003,2,11650,11650,반포동,,전월세,202304,2023-04-01,26,25.6,140000,0,전세
래미안퍼스티지,11650-3559,2009,23.06~25.06,신규,7,4,2023,"340,000",198.04,2,18-1,0,,,반포대로 275,0,00275,00000,2121003,2,11650,11650,반포동,,전월세,202304,2023-04-07,60,59.9,340000,0,전세
래미안퍼스티지,11650-3559,2009,23.06~25.06,갱신,10,4,2023,"120,000",84.93,19,18-1,0,"120,000",120,반포대로 275,0,00275,00000,2121003,2,11650,11650,반포동,,전월세,202304,2023-04-10,26,25.7,120000,0,전세
래미안퍼스티지,11650-3559,2009,23.07~25.07,신규,11,4,2023,"225,000",136.65,20,18-1,0,,,반포대로 275,0,00275,00000,2121003,2,11650,11650,반포동,,전월세,202304,2023-04-11,41,41.3,225000,0,전세
래미안퍼스티지,11650-3559,2009,23.07~25.07,,11,4,2023,"140,000",84.93,29,18-1,0,,,반포대로 275,0,00275,00000,2121003,2,11650,11650,반포동,,전월세,202304,2023-04-11,26,25.7,140000,0,전세
래미안퍼스티지,11650-3559,2009,23.04~24.04,갱신,15,4,2023,"150,000",84.93,25,18-1,0,"138,000",,반포대로 275,0,00275,00000,2121003,2,11650,11650,반포동,,전월세,202304,2023-04-15,26,25.7,150000,0,전세
래미안퍼스티지,11650-3559,2009,23.04~25.04,갱신,16,4,2023,"95,000",59.98,23,18-1,0,"89,850",25,반포대로 275,0,00275,00000,2121003,2,11650,11650,반포동,,전월세,202304,2023-04-16,18,18.1,95000,0,전세
래미안퍼스티지,11650-3559,2009,23.07~25.07,신규,17,4,2023,"130,000",84.85,24,18-1,0,,,반포대로 275,0,00275,00000,2121003,2,11650,11650,반포동,,전월세,202304,2023-04-17,26,25.7,130000,0,전세
래미안퍼스티지,11650-3559,2009,,,17,4,2023,"130,000",84.85,24,18-1,0,,,반포대로 275,0,00275,00000,2121003,2,11650,11650,반포동,,전월세,202304,2023-04-17,26,25.7,130000,0,전세
래미안퍼스티지,11650-3559,2009,23.06~25.06,신규,19,4,2023,"84,500",59.96,2,18-1,0,,,반포대로 275,0,00275,00000,2121003,2,11650,11650,반포동,,전월세,202304,2023-04-19,18,18.1,84500,0,전세
래미안퍼스티지,11650-3559,2009,23.06~25.06,신규,27,4,2023,"110,000",59.96,28,18-1,0,,,반포대로 275,0,00275,00000,2121003,2,11650,11650,반포동,,전월세,202304,2023-04-27,18,18.1,110000,0,전세
래미안퍼스티지,11650-3559,2009,23.06~25.06,신규,28,4,2023,"240,000",115.65,24,18-1,0,,,반포대로 275,0,00275,00000,2121003,2,11650,11650,반포동,,전월세,202304,2023-04-28,35,35.0,240000,0,전세
래미안퍼스티지,11650-3559,2009,23.05~25.05,,28,4,2023,"350,000",222.76,2,18-1,0,,,반포대로 275,0,00275,00000,2121003,2,11650,11650,반포동,,전월세,202304,2023-04-28,67,67.4,350000,0,전세
래미안퍼스티지,11650-3559,2009,23.08~25.08,신규,29,4,2023,"100,000",59.89,6,18-1,0,,,반포대로 275,0,00275,00000,2121003,2,11650,11650,반포동,,전월세,202304,2023-04-29,18,18.1,100000,0,전세
래미안퍼스티지,11650-3559,2009,23.07~25.07,갱신,1,5,2023,"155,000",84.93,13,18-1,0,"150,000",,반포대로 275,0,00275,00000,2121003,2,11650,11650,반포동,,전월세,202305,2023-05-01,26,25.7,155000,0,전세
래미안퍼스티지,11650-3559,2009,,,3,5,2023,"320,000",198.22,17,18-1,0,,,반포대로 275,0,00275,00000,2121003,2,11650,11650,반포동,,전월세,202305,2023-05-03,60,60.0,320000,0,전세
래미안퍼스티지,11650-3559,2009,23.11~25.11,신규,3,5,2023,"320,000",198.22,17,18-1,0,,,반포대로 275,0,00275,00000,2121003,2,11650,11650,반포동,,전월세,202305,2023-05-03,60,60.0,320000,0,전세
래미안퍼스티지,11650-3559,2009,23.06~25.06,신규,3,5,2023,"103,000",59.96,27,18-1,0,,,반포대로 275,0,00275,00000,2121003,2,11650,11650,반포동,,전월세,202305,2023-05-03,18,18.1,103000,0,전세
래미안퍼스티지,11650-3559,2009,,,4,5,2023,"103,950",59.89,28,18-1,0,,,반포대로 275,0,00275,00000,2121003,2,11650,11650,반포동,,전월세,202305,2023-05-04,18,18.1,103950,0,전세
래미안퍼스티지,11650-3559,2009,23.08~25.08,신규,4,5,2023,"140,000",84.93,26,18-1,0,,,반포대로 275,0,00275,00000,2121003,2,11650,11650,반포동,,전월세,202305,2023-05-04,26,25.7,140000,0,전세
래미안퍼스티지,11650-3559,2009,23.08~25.08,갱신,6,5,2023,"135,000",84.93,31,18-1,0,"190,000",,반포대로 275,0,00275,00000,2121003,2,11650,11650,반포동,,전월세,202305,2023-05-06,26,25.7,135000,0,전세
래미안퍼스티지,11650-3559,2009,23.07~25.07,,8,5,2023,"136,500",84.93,29,18-1,0,,,반포대로 275,0,00275,00000,2121003,2,11650,11650,반포동,,전월세,202305,2023-05-08,26,25.7,136500,0,전세
래미안퍼스티지,11650-3559,2009,23.07~25.07,신규,9,5,2023,"160,000",84.93,27,18-1,0,,,반포대로 275,0,00275,00000,2121003,2,11650,11650,반포동,,전월세,202305,2023-05-09,26,25.7,160000,0,전세
래미안퍼스티지,11650-3559,2009,23.07~25.07,신규,10,5,2023,"100,000",59.96,15,18-1,0,,,반포대로 275,0,00275,00000,2121003,2,11650,11650,반포동,,전월세,202305,2023-05-10,18,18.1,100000,0,전세
래미안퍼스티지,11650-3559,2009,23.06~25.06,신규,10,5,2023,"160,000",84.93,13,18-1,0,,,반포대로 275,0,00275,00000,2121003,2,11650,11650,반포동,,전월세,202305,2023-05-10,26,25.7,160000,0,전세
래미안퍼스티지,11650-3559,2009,,신규,16,5,2023,"67,170",59.89,30,18-1,0,,,반포대로 275,0,00275,00000,2121003,2,11650,11650,반포동,,전월세,202305,2023-05-16,18,18.1,67170,0,전세
래미안퍼스티지,11650-3559,2009,23.06~25.06,갱신,17,5,2023,"145,000",84.93,20,18-1,0,"185,000",,반포대로 275,0,00275,00000,2121003,2,11650,11650,반포동,사용,전월세,202305,2023-05-17,26,25.7,145000,0,전세
래미안퍼스티지,11650-3559,2009,23.07~25.07,신규,20,5,2023,"100,000",59.96,10,18-1,0,,,반포대로 275,0,00275,00000,2121003,2,11650,11650,반포동,,전월세,202305,2023-05-20,18,18.1,100000,0,전세
래미안퍼스티지,11650-3559,2009,23.07~25.07,신규,22,5,2023,"105,000",59.89,3,18-1,0,,,반포대로 275,0,00275,00000,2121003,2,11650,11650,반포동,,전월세,202305,2023-05-22,18,18.1,105000,0,전세
래미안퍼스티지,11650-3559,2009,,,22,5,2023,"85,084",84.93,4,18-1,0,,,반포대로 275,0,00275,00000,2121003,2,11650,11650,반포동,,전월세,202305,2023-05-22,26,25.7,85084,0,전세
래미안퍼스티지,11650-3559,2009,23.07~25.07,신규,23,5,2023,"110,000",59.89,18,18-1,0,,,반포대로 275,0,00275,00000,2121003,2,11650,11650,반포동,,전월세,202305,2023-05-23,18,18.1,110000,0,전세
래미안퍼스티지,11650-3559,2009,23.08~25.08,갱신,25,5,2023,"170,000",84.93,29,18-1,0,"210,000",,반포대로 275,0,00275,00000,2121003,2,11650,11650,반포동,사용,전월세,202305,2023-05-25,26,25.7,170000,0,전세
래미안퍼스티지,11650-3559,2009,23.07~25.07,신규,1,6,2023,"105,000",59.96,8,18-1,0,,,반포대로 275,0,00275,00000,2121003,2,11650,11650,반포동,,전월세,202306,2023-06-01,18,18.1,105000,0,전세
래미안퍼스티지,11650-3559,2009,23.08~25.08,갱신,2,6,2023,"146,630",84.93,22,18-1,0,"139,650",,반포대로 275,0,00275,00000,2121003,2,11650,11650,반포동,,전월세,202306,2023-06-02,26,25.7,146630,0,전세
래미안퍼스티지,11650-3559,2009,23.08~25.08,갱신,6,6,2023,"140,000",84.93,14,18-1,0,"80,000",150,반포대로 275,0,00275,00000,2121003,2,11650,11650,반포동,,전월세,202306,2023-06-06,26,25.7,140000,0,전세
래미안퍼스티지,11650-3559,2009,23.09~25.09,갱신,7,6,2023,"280,000",169.31,7,18-1,0,"330,000",,반포대로 275,0,00275,00000,2121003,2,11650,11650,반포동,사용,전월세,202306,2023-06-07,51,51.2,280000,0,전세
래미안퍼스티지,11650-3559,2009,,,7,6,2023,"350,000",222.76,16,18-1,0,,,반포대로 275,0,00275,00000,2121003,2,11650,11650,반포동,,전월세,202306,2023-06-07,67,67.4,350000,0,전세
래미안퍼스티지,11650-3559,2009,23.06~24.06,신규,8,6,2023,"240,000",168.65,27,18-1,0,,,반포대로 275,0,00275,00000,2121003,2,11650,11650,반포동,,전월세,202306,2023-06-08,51,51.0,240000,0,전세
래미안퍼스티지,11650-3559,2009,23.07~25.06,신규,8,6,2023,"283,500",198.04,25,18-1,0,,,반포대로 275,0,00275,00000,2121003,2,11650,11650,반포동,,전월세,202306,2023-06-08,60,59.9,283500,0,전세
래미안퍼스티지,11650-3559,2009,23.08~25.08,신규,8,6,2023,"100,000",59.89,17,18-1,0,,,반포대로 275,0,00275,00000,2121003,2,11650,11650,반포동,,전월세,202306,2023-06-08,18,18.1,100000,0,전세
래미안퍼스티지,11650-3559,2009,,신규,9,6,2023,"113,000",59.89,22,18-1,0,,,반포대로 275,0,00275,00000,2121003,2,11650,11650,반포동,,전월세,202306,2023-06-09,18,18.1,113000,0,전세
래미안퍼스티지,11650-3559,2009,,,9,6,2023,"113,000",59.89,22,18-1,0,,,반포대로 275,0,00275,00000,2121003,2,11650,11650,반포동,,전월세,202306,2023-06-09,18,18.1,113000,0,전세
래미안퍼스티지,11650-3559,2009,,,9,6,2023,"113,000",59.89,22,18-1,0,,,반포대로 275,0,00275,00000,2121003,2,11650,11650,반포동,,전월세,202306,2023-06-09,18,18.1,113000,0,전세
래미안퍼스티지,11650-3559,2009,23.07~25.07,갱신,10,6,2023,"220,000",117.12,14,18-1,0,"199,500",,반포대로 275,0,00275,00000,2121003,2,11650,11650,반포동,,전월세,202306,2023-06-10,35,35.4,220000,0,전세
래미안퍼스티지,11650-3559,2009,,신규,12,6,2023,"83,785",84.93,4,18-1,0,,,반포대로 275,0,00275,00000,2121003,2,11650,11650,반포동,,전월세,202306,2023-06-12,26,25.7,83785,0,전세
래미안퍼스티지,11650-3559,2009,,신규,14,6,2023,"69,573",84.93,6,18-1,0,,,반포대로 275,0,00275,00000,2121003,2,11650,11650,반포동,,전월세,202306,2023-06-14,26,25.7,69573,0,전세
래미안퍼스티지,11650-3559,2009,23.08~25.08,갱신,15,6,2023,"270,000",168.65,21,18-1,0,"252,000",,반포대로 275,0,00275,00000,2121003,2,11650,11650,반포동,,전월세,202306,2023-06-15,51,51.0,270000,0,전세
래미안퍼스티지,11650-3559,2009,23.07~25.07,갱신,15,6,2023,"360,000",222.76,7,18-1,0,"360,000",,반포대로 275,0,00275,00000,2121003,2,11650,11650,반포동,사용,전월세,202306,2023-06-15,67,67.4,360000,0,전세
래미안퍼스티지,11650-3559,2009,23.09~25.09,갱신,19,6,2023,"259,000",168.65,15,18-1,0,"246,750",,반포대로 275,0,00275,00000,2121003,2,11650,11650,반포동,,전월세,202306,2023-06-19,51,51.0,259000,0,전세
래미안퍼스티지,11650-3559,2009,23.09~25.09,신규,22,6,2023,"110,000",59.96,20,18-1,0,,,반포대로 275,0,00275,00000,2121003,2,11650,11650,반포동,,전월세,202306,2023-06-22,18,18.1,110000,0,전세
래미안퍼스티지,11650-3559,2009,23.09~25.09,신규,22,6,2023,"110,000",59.96,20,18-1,0,,,반포대로 275,0,00275,00000,2121003,2,11650,11650,반포동,,전월세,202306,2023-06-22,18,18.1,110000,0,전세
래미안퍼스티지,11650-3559,2009,23.06~27.06,,30,6,2023,"178,000",84.93,10,18-1,0,,,반포대로 275,0,00275,00000,2121003,2,11650,11650,반포동,,전월세,202306,2023-06-30,26,25.7,178000,0,전세
래미안퍼스티지,11650-3559,2009,23.10~26.10,갱신,3,7,2023,"280,000",135.92,16,18-1,0,"300,000",,반포대로 275,0,00275,00000,2121003,2,11650,11650,반포동,,전월세,202307,2023-07-03,41,41.1,280000,0,전세
래미안퍼스티지,11650-3559,2009,23.08~25.08,신규,6,7,2023,"215,000",135.92,24,18-1,0,,,반포대로 275,0,00275,00000,2121003,2,11650,11650,반포동,,전월세,202307,2023-07-06,41,41.1,215000,0,전세
래미안퍼스티지,11650-3559,2009,,,6,7,2023,"215,000",135.92,24,18-1,0,,,반포대로 275,0,00275,00000,2121003,2,11650,11650,반포동,,전월세,202307,2023-07-06,41,41.1,215000,0,전세
래미안퍼스티지,11650-3559,2009,23.08~25.08,갱신,6,7,2023,"320,000",198.22,7,18-1,0,"340,000",,반포대로 275,0,00275,00000,2121003,2,11650,11650,반포동,,전월세,202307,2023-07-06,60,60.0,320000,0,전세
래미안퍼스티지,11650-3559,2009,23.09~25.09,신규,7,7,2023,"150,000",84.93,7,18-1,0,,,반포대로 275,0,00275,00000,2121003,2,11650,11650,반포동,,전월세,202307,2023-07-07,26,25.7,150000,0,전세
래미안퍼스티지,11650-3559,2009,23.09~25.09,신규,11,7,2023,"105,000",59.96,4,18-1,0,,,반포대로 275,0,00275,00000,2121003,2,11650,11650,반포동,,전월세,202307,2023-07-11,18,18.1,105000,0,전세
래미안퍼스티지,11650-3559,2009,23.09~25.09,신규,11,7,2023,"105,000",59.96,4,18-1,0,,,반포대로 275,0,00275,00000,2121003,2,11650,11650,반포동,,전월세,202307,2023-07-11,18,18.1,105000,0,전세
래미안퍼스티지,11650-3559,2009,23.09~25.09,갱신,12,7,2023,"107,000",59.96,20,18-1,0,"118,650",,반포대로 275,0,00275,00000,2121003,2,11650,11650,반포동,,전월세,202307,2023-07-12,18,18.1,107000,0,전세
래미안퍼스티지,11650-3559,2009,,,13,7,2023,"220,000",135.92,10,18-1,0,,,반포대로 275,0,00275,00000,2121003,2,11650,11650,반포동,,전월세,202307,2023-07-13,41,41.1,220000,0,전세
래미안퍼스티지,11650-3559,2009,23.09~25.09,신규,13,7,2023,"220,000",135.92,10,18-1,0,,,반포대로 275,0,00275,00000,2121003,2,11650,11650,반포동,,전월세,202307,2023-07-13,41,41.1,220000,0,전세
래미안퍼스티지,11650-3559,2009,23.07~25.07,신규,14,7,2023,"140,000",84.93,24,18-1,0,,,반포대로 275,0,00275,00000,2121003,2,11650,11650,반포동,,전월세,202307,2023-07-14,26,25.7,140000,0,전세
래미안퍼스티지,11650-3559,2009,,신규,19,7,2023,"240,000",135.92,13,18-1,0,,,반포대로 275,0,00275,00000,2121003,2,11650,11650,반포동,,전월세,202307,2023-07-19,41,41.1,240000,0,전세
래미안퍼스티지,11650-3559,2009,23.10~25.10,신규,21,7,2023,"110,000",59.89,24,18-1,0,,,반포대로 275,0,00275,00000,2121003,2,11650,11650,반포동,,전월세,202307,2023-07-21,18,18.1,110000,0,전세
래미안퍼스티지,11650-3559,2009,23.10~25.11,신규,22,7,2023,"280,000",168.65,4,18-1,0,,,반포대로 275,0,00275,00000,2121003,2,11650,11650,반포동,,전월세,202307,2023-07-22,51,51.0,280000,0,전세
래미안퍼스티지,11650-3559,2009,,,22,7,2023,"280,000",168.65,4,18-1,0,,,반포대로 275,0,00275,00000,2121003,2,11650,11650,반포동,,전월세,202307,2023-07-22,51,51.0,280000,0,전세
래미안퍼스티지,11650-3559,2009,23.10~25.10,신규,23,7,2023,"130,000",84.93,11,18-1,0,,,반포대로 275,0,00275,00000,2121003,2,11650,11650,반포동,,전월세,202307,2023-07-23,26,25.7,130000,0,전세
래미안퍼스티지,11650-3559,2009,23.10~25.10,신규,23,7,2023,"130,000",84.93,11,18-1,0,,,반포대로 275,0,00275,00000,2121003,2,11650,11650,반포동,,전월세,202307,2023-07-23,26,25.7,130000,0,전세
래미안퍼스티지,11650-3559,2009,23.09~25.09,신규,24,7,2023,"130,000",84.85,3,18-1,0,,,반포대로 275,0,00275,00000,2121003,2,11650,11650,반포동,,전월세,202307,2023-07-24,26,25.7,130000,0,전세
래미안퍼스티지,11650-3559,2009,,신규,25,7,2023,"46,763",59.98,2,18-1,0,,,반포대로 275,0,00275,00000,2121003,2,11650,11650,반포동,,전월세,202307,2023-07-25,18,18.1,46763,0,전세
래미안퍼스티지,11650-3559,2009,,,25,7,2023,"46,763",59.98,2,18-1,0,,,반포대로 275,0,00275,00000,2121003,2,11650,11650,반포동,,전월세,202307,2023-07-25,18,18.1,46763,0,전세
래미안퍼스티지,11650-3559,2009,23.10~25.10,신규,26,7,2023,"98,000",59.89,26,18-1,0,,,반포대로 275,0,00275,00000,2121003,2,11650,11650,반포동,,전월세,202307,2023-07-26,18,18.1,98000,0,전세
래미안퍼스티지,11650-3559,2009,23.11~25.11,신규,29,7,2023,"100,000",59.89,19,18-1,0,,,반포대로 275,0,00275,00000,2121003,2,11650,11650,반포동,,전월세,202307,2023-07-29,18,18.1,100000,0,전세
래미안퍼스티지,11650-3559,2009,23.10~25.10,신규,30,7,2023,"140,000",84.93,19,18-1,0,,,반포대로 275,0,00275,00000,2121003,2,11650,11650,반포동,,전월세,202307,2023-07-30,26,25.7,140000,0,전세
래미안퍼스티지,11650-3559,2009,,,5,8,2023,"145,000",84.93,10,18-1,0,,,반포대로 275,0,00275,00000,2121003,2,11650,11650,반포동,,전월세,202308,2023-08-05,26,25.7,145000,0,전세
래미안퍼스티지,11650-3559,2009,23.09~25.09,갱신,5,8,2023,"135,000",84.93,21,18-1,0,"134,400",,반포대로 275,0,00275,00000,2121003,2,11650,11650,반포동,사용,전월세,202308,2023-08-05,26,25.7,135000,0,전세
래미안퍼스티지,11650-3559,2009,23.10~25.10,신규,6,8,2023,"100,000",59.89,28,18-1,0,,,반포대로 275,0,00275,00000,2121003,2,11650,11650,반포동,,전월세,202308,2023-08-06,18,18.1,100000,0,전세
래미안퍼스티지,11650-3559,2009,23.08~25.08,갱신,8,8,2023,"150,000",84.93,22,18-1,0,"141,750",,반포대로 275,0,00275,00000,2121003,2,11650,11650,반포동,,전월세,202308,2023-08-08,26,25.7,150000,0,전세
래미안퍼스티지,11650-3559,2009,23.09~25.09,갱신,12,8,2023,"160,000",84.93,10,18-1,0,"180,000",90,반포대로 275,0,00275,00000,2121003,2,11650,11650,반포동,,전월세,202308,2023-08-12,26,25.7,160000,0,전세
래미안퍼스티지,11650-3559,2009,23.09~25.09,신규,14,8,2023,"100,000",59.96,29,18-1,0,,,반포대로 275,0,00275,00000,2121003,2,11650,11650,반포동,,전월세,202308,2023-08-14,18,18.1,100000,0,전세
래미안퍼스티지,11650-3559,2009,,신규,14,8,2023,"83,785",84.93,3,18-1,0,,,반포대로 275,0,00275,00000,2121003,2,11650,11650,반포동,,전월세,202308,2023-08-14,26,25.7,83785,0,전세
래미안퍼스티지,11650-3559,2009,23.10~25.10,갱신,15,8,2023,"150,000",84.93,20,18-1,0,"200,000",,반포대로 275,0,00275,00000,2121003,2,11650,11650,반포동,사용,전월세,202308,2023-08-15,26,25.7,150000,0,전세
래미안퍼스티지,11650-3559,2009,23.10~25.10,신규,16,8,2023,"105,000",59.89,15,18-1,0,,,반포대로 275,0,00275,00000,2121003,2,11650,11650,반포동,,전월세,202308,2023-08-16,18,18.1,105000,0,전세
래미안퍼스티지,11650-3559,2009,23.11~25.11,신규,17,8,2023,"95,000",59.96,18,18-1,0,,,반포대로 275,0,00275,00000,2121003,2,11650,11650,반포동,,전월세,202308,2023-08-17,18,18.1,95000,0,전세
래미안퍼스티지,11650-3559,2009,23.11~25.11,신규,17,8,2023,"95,000",59.96,18,18-1,0,,,반포대로 275,0,00275,00000,2121003,2,11650,11650,반포동,,전월세,202308,2023-08-17,18,18.1,95000,0,전세
래미안퍼스티지,11650-3559,2009,23.08~25.08,갱신,18,8,2023,"138,000",84.93,29,18-1,0,"131,250",,반포대로 275,0,00275,00000,2121003,2,11650,11650,반포동,,전월세,202308,2023-08-18,26,25.7,138000,0,전세
래미안퍼스티지,11650-3559,2009,23.09~25.09,신규,19,8,2023,"130,000",84.93,27,18-1,0,,,반포대로 275,0,00275,00000,2121003,2,11650,11650,반포동,,전월세,202308,2023-08-19,26,25.7,130000,0,전세
래미안퍼스티지,11650-3559,2009,23.08~25.08,갱신,19,8,2023,"135,000",84.93,18,18-1,0,"131,250",,반포대로 275,0,00275,00000,2121003,2,11650,11650,반포동,,전월세,202308,2023-08-19,26,25.7,135000,0,전세
래미안퍼스티지,11650-3559,2009,23.10~25.10,신규,21,8,2023,"128,000",84.93,20,18-1,0,,,반포대로 275,0,00275,00000,2121003,2,11650,11650,반포동,,전월세,202308,2023-08-21,26,25.7,128000,0,전세
래미안퍼스티지,11650-3559,2009,,,22,8,2023,"220,500",136.65,29,18-1,0,,,반포대로 275,0,00275,00000,2121003,2,11650,11650,반포동,,전월세,202308,2023-08-22,41,41.3,220500,0,전세
래미안퍼스티지,11650-3559,2009,,신규,27,8,2023,"49,101",59.96,24,18-1,0,,,반포대로 275,0,00275,00000,2121003,2,11650,11650,반포동,,전월세,202308,2023-08-27,18,18.1,49101,0,전세
래미안퍼스티지,11650-3559,2009,23.08~25.08,신규,28,8,2023,"250,000",117.12,8,18-1,0,,,반포대로 275,0,00275,00000,2121003,2,11650,11650,반포동,,전월세,202308,2023-08-28,35,35.4,250000,0,전세
래미안퍼스티지,11650-3559,2009,23.10~25.10,신규,28,8,2023,"145,000",84.93,10,18-1,0,,,반포대로 275,0,00275,00000,2121003,2,11650,11650,반포동,,전월세,202308,2023-08-28,26,25.7,145000,0,전세
래미안퍼스티지,11650-3559,2009,,신규,29,8,2023,"46,763",59.89,18,18-1,0,,,반포대로 275,0,00275,00000,2121003,2,11650,11650,반포동,,전월세,202308,2023-08-29,18,18.1,46763,0,전세
래미안퍼스티지,11650-3559,2009,23.10~25.10,신규,29,8,2023,"132,000",84.93,21,18-1,0,,,반포대로 275,0,00275,00000,2121003,2,11650,11650,반포동,,전월세,202308,2023-08-29,26,25.7,132000,0,전세
래미안퍼스티지,11650-3559,2009,23.11~25.11,신규,1,9,2023,"104,000",59.98,19,18-1,0,,,반포대로 275,0,00275,00000,2121003,2,11650,11650,반포동,,전월세,202309,2023-09-01,18,18.1,104000,0,전세
래미안퍼스티지,11650-3559,2009,23.10~25.10,신규,2,9,2023,"103,000",59.96,11,18-1,0,,,반포대로 275,0,00275,00000,2121003,2,11650,11650,반포동,,전월세,202309,2023-09-02,18,18.1,103000,0,전세
래미안퍼스티지,11650-3559,2009,23.11~25.10,신규,2,9,2023,"155,000",84.93,7,18-1,0,,,반포대로 275,0,00275,00000,2121003,2,11650,11650,반포동,,전월세,202309,2023-09-02,26,25.7,155000,0,전세
래미안퍼스티지,11650-3559,2009,23.10~25.10,신규,4,9,2023,"150,000",84.93,25,18-1,0,,,반포대로 275,0,00275,00000,2121003,2,11650,11650,반포동,,전월세,202309,2023-09-04,26,25.7,150000,0,전세
래미안퍼스티지,11650-3559,2009,,,9,9,2023,"140,000",84.93,26,18-1,0,,,반포대로 275,0,00275,00000,2121003,2,11650,11650,반포동,,전월세,202309,2023-09-09,26,25.7,140000,0,전세
래미안퍼스티지,11650-3559,2009,23.11~25.11,신규,9,9,2023,"140,000",84.93,26,18-1,0,,,반포대로 275,0,00275,00000,2121003,2,11650,11650,반포동,,전월세,202309,2023-09-09,26,25.7,140000,0,전세
래미안퍼스티지,11650-3559,2009,23.10~25.10,신규,11,9,2023,"350,000",222.76,14,18-1,0,,,반포대로 275,0,00275,00000,2121003,2,11650,11650,반포동,,전월세,202309,2023-09-11,67,67.4,350000,0,전세
래미안퍼스티지,11650-3559,2009,23.10~25.10,신규,12,9,2023,"106,000",59.89,7,18-1,0,,,반포대로 275,0,00275,00000,2121003,2,11650,11650,반포동,,전월세,202309,2023-09-12,18,18.1,106000,0,전세
래미안퍼스티지,11650-3559,2009,23.12~27.12,신규,15,9,2023,"217,000",169.31,13,18-1,0,,,반포대로 275,0,00275,00000,2121003,2,11650,11650,반포동,,전월세,202309,2023-09-15,51,51.2,217000,0,전세
래미안퍼스티지,11650-3559,2009,,,15,9,2023,"217,000",169.31,13,18-1,0,,,반포대로 275,0,00275,00000,2121003,2,11650,11650,반포동,,전월세,202309,2023-09-15,51,51.2,217000,0,전세
래미안퍼스티지,11650-3559,2009,,갱신,15,9,2023,"150,000",84.93,4,18-1,0,"150,000",160,반포대로 275,0,00275,00000,2121003,2,11650,11650,반포동,,전월세,202309,2023-09-15,26,25.7,150000,0,전세
래미안퍼스티지,11650-3559,2009,23.12~25.12,신규,17,9,2023,"150,000",84.93,21,18-1,0,,,반포대로 275,0,00275,00000,2121003,2,11650,11650,반포동,,전월세,202309,2023-09-17,26,25.7,150000,0,전세
래미안퍼스티지,11650-3559,2009,23.11~25.11,신규,19,9,2023,"310,000",198.04,16,18-1,0,,,반포대로 275,0,00275,00000,2121003,2,11650,11650,반포동,,전월세,202309,2023-09-19,60,59.9,310000,0,전세
래미안퍼스티지,11650-3559,2009,23.10~26.04,신규,19,9,2023,"290,000",198.04,20,18-1,0,,,반포대로 275,0,00275,00000,2121003,2,11650,11650,반포동,,전월세,202309,2023-09-19,60,59.9,290000,0,전세
래미안퍼스티지,11650-3559,2009,23.10~25.10,신규,20,9,2023,"140,000",84.93,12,18-1,0,,,반포대로 275,0,00275,00000,2121003,2,11650,11650,반포동,,전월세,202309,2023-09-20,26,25.7,140000,0,전세
래미안퍼스티지,11650-3559,2009,23.10~25.10,신규,22,9,2023,"95,000",59.96,23,18-1,0,,,반포대로 275,0,00275,00000,2121003,2,11650,11650,반포동,,전월세,202309,2023-09-22,18,18.1,95000,0,전세
래미안퍼스티지,11650-3559,2009,23.11~25.11,신규,25,9,2023,"178,000",115.65,1,18-1,0,,,반포대로 275,0,00275,00000,2121003,2,11650,11650,반포동,,전월세,202309,2023-09-25,35,35.0,178000,0,전세
래미안퍼스티지,11650-3559,2009,23.12~25.11,신규,6,10,2023,"150,000",84.93,22,18-1,0,,,반포대로 275,0,00275,00000,2121003,2,11650,11650,반포동,,전월세,202310,2023-10-06,26,25.7,150000,0,전세
래미안퍼스티지,11650-3559,2009,23.11~25.11,신규,7,10,2023,"95,000",59.96,1,18-1,0,,,반포대로 275,0,00275,00000,2121003,2,11650,11650,반포동,,전월세,202310,2023-10-07,18,18.1,95000,0,전세
래미안퍼스티지,11650-3559,2009,23.11~25.11,신규,7,10,2023,"135,000",84.93,10,18-1,0,,,반포대로 275,0,00275,00000,2121003,2,11650,11650,반포동,,전월세,202310,2023-10-07,26,25.7,135000,0,전세
래미안퍼스티지,11650-3559,2009,23.11~25.11,신규,9,10,2023,"110,000",59.96,25,18-1,0,,,반포대로 275,0,00275,00000,2121003,2,11650,11650,반포동,,전월세,202310,2023-10-09,18,18.1,110000,0,전세
래미안퍼스티지,11650-3559,2009,23.11~25.09,갱신,9,10,2023,"140,000",84.93,9,18-1,0,"125,000",250,반포대로 275,0,00275,00000,2121003,2,11650,11650,반포동,사용,전월세,202310,2023-10-09,26,25.7,140000,0,전세
래미안퍼스티지,11650-3559,2009,23.11~25.11,신규,11,10,2023,"200,000",117.12,25,18-1,0,,,반포대로 275,0,00275,00000,2121003,2,11650,11650,반포동,,전월세,202310,2023-10-11,35,35.4,200000,0,전세
래미안퍼스티지,11650-3559,2009,23.10~25.10,신규,11,10,2023,"220,000",135.92,30,18-1,0,,,반포대로 275,0,00275,00000,2121003,2,11650,11650,반포동,,전월세,202310,2023-10-11,41,41.1,220000,0,전세
래미안퍼스티지,11650-3559,2009,23.11~25.11,신규,11,10,2023,"130,000",84.93,15,18-1,0,,,반포대로 275,0,00275,00000,2121003,2,11650,11650,반포동,,전월세,202310,2023-10-11,26,25.7,130000,0,전세
래미안퍼스티지,11650-3559,2009,,신규,12,10,2023,"75,250",59.89,24,18-1,0,,,반포대로 275,0,00275,00000,2121003,2,11650,11650,반포동,,전월세,202310,2023-10-12,18,18.1,75250,0,전세
래미안퍼스티지,11650-3559,2009,,,12,10,2023,"33,549",59.96,15,18-1,0,,,반포대로 275,0,00275,00000,2121003,2,11650,11650,반포동,,전월세,202310,2023-10-12,18,18.1,33549,0,전세
래미안퍼스티지,11650-3559,2009,23.12~25.12,신규,13,10,2023,"230,000",136.65,16,18-1,0,,,반포대로 275,0,00275,00000,2121003,2,11650,11650,반포동,,전월세,202310,2023-10-13,41,41.3,230000,0,전세
래미안퍼스티지,11650-3559,2009,24.01~26.01,신규,16,10,2023,"280,000",169.31,7,18-1,0,,,반포대로 275,0,00275,00000,2121003,2,11650,11650,반포동,,전월세,202310,2023-10-16,51,51.2,280000,0,전세
래미안퍼스티지,11650-3559,2009,,,16,10,2023,"33,549",59.89,10,18-1,0,,,반포대로 275,0,00275,00000,2121003,2,11650,11650,반포동,,전월세,202310,2023-10-16,18,18.1,33549,0,전세
래미안퍼스티지,11650-3559,2009,,,16,10,2023,"33,549",59.98,12,18-1,0,,,반포대로 275,0,00275,00000,2121003,2,11650,11650,반포동,,전월세,202310,2023-10-16,18,18.1,33549,0,전세
래미안퍼스티지,11650-3559,2009,,,19,10,2023,"33,549",59.96,4,18-1,0,,,반포대로 275,0,00275,00000,2121003,2,11650,11650,반포동,,전월세,202310,2023-10-19,18,18.1,33549,0,전세
래미안퍼스티지,11650-3559,2009,23.12~25.12,신규,20,10,2023,"130,000",84.93,28,18-1,0,,,반포대로 275,0,00275,00000,2121003,2,11650,11650,반포동,,전월세,202310,2023-10-20,26,25.7,130000,0,전세
래미안퍼스티지,11650-3559,2009,23.11~25.11,신규,21,10,2023,"220,000",117.12,18,18-1,0,,,반포대로 275,0,00275,00000,2121003,2,11650,11650,반포동,,전월세,202310,2023-10-21,35,35.4,220000,0,전세
래미안퍼스티지,11650-3559,2009,,,23,10,2023,"33,549",59.89,6,18-1,0,,,반포대로 275,0,00275,00000,2121003,2,11650,11650,반포동,,전월세,202310,2023-10-23,18,18.1,33549,0,전세
래미안퍼스티지,11650-3559,2009,,,23,10,2023,"33,549",59.89,23,18-1,0,,,반포대로 275,0,00275,00000,2121003,2,11650,11650,반포동,,전월세,202310,2023-10-23,18,18.1,33549,0,전세
래미안퍼스티지,11650-3559,2009,,,23,10,2023,"33,549",59.96,11,18-1,0,,,반포대로 275,0,00275,00000,2121003,2,11650,11650,반포동,,전월세,202310,2023-10-23,18,18.1,33549,0,전세
래미안퍼스티지,11650-3559,2009,,,23,10,2023,"33,549",59.96,14,18-1,0,,,반포대로 275,0,00275,00000,2121003,2,11650,11650,반포동,,전월세,202310,2023-10-23,18,18.1,33549,0,전세
래미안퍼스티지,11650-3559,2009,,,23,10,2023,"33,549",59.98,5,18-1,0,,,반포대로 275,0,00275,00000,2121003,2,11650,11650,반포동,,전월세,202310,2023-10-23,18,18.1,33549,0,전세
래미안퍼스티지,11650-3559,2009,,,23,10,2023,"45,004",84.76,3,18-1,0,,,반포대로 275,0,00275,00000,2121003,2,11650,11650,반포동,,전월세,202310,2023-10-23,26,25.6,45004,0,전세
래미안퍼스티지,11650-3559,2009,,,23,10,2023,"45,004",84.93,2,18-1,0,,,반포대로 275,0,00275,00000,2121003,2,11650,11650,반포동,,전월세,202310,2023-10-23,26,25.7,45004,0,전세
래미안퍼스티지,11650-3559,2009,24.01~26.01,신규,24,10,2023,"300,000",222.76,17,18-1,0,,,반포대로 275,0,00275,00000,2121003,2,11650,11650,반포동,,전월세,202310,2023-10-24,67,67.4,300000,0,전세
래미안퍼스티지,11650-3559,2009,,,24,10,2023,"33,549",59.89,15,18-1,0,,,반포대로 275,0,00275,00000,2121003,2,11650,11650,반포동,,전월세,202310,2023-10-24,18,18.1,33549,0,전세
래미안퍼스티지,11650-3559,2009,,,24,10,2023,"33,549",59.96,29,18-1,0,,,반포대로 275,0,00275,00000,2121003,2,11650,11650,반포동,,전월세,202310,2023-10-24,18,18.1,33549,0,전세
래미안퍼스티지,11650-3559,2009,,,24,10,2023,"45,004",84.85,10,18-1,0,,,반포대로 275,0,00275,00000,2121003,2,11650,11650,반포동,,전월세,202310,2023-10-24,26,25.7,45004,0,전세
래미안퍼스티지,11650-3559,2009,,,24,10,2023,"45,004",84.93,2,18-1,0,,,반포대로 275,0,00275,00000,2121003,2,11650,11650,반포동,,전월세,202310,2023-10-24,26,25.7,45004,0,전세
래미안퍼스티지,11650-3559,2009,,,25,10,2023,"33,549",59.89,25,18-1,0,,,반포대로 275,0,00275,00000,2121003,2,11650,11650,반포동,,전월세,202310,2023-10-25,18,18.1,33549,0,전세
래미안퍼스티지,11650-3559,2009,,,26,10,2023,"33,549",59.89,16,18-1,0,,,반포대로 275,0,00275,00000,2121003,2,11650,11650,반포동,,전월세,202310,2023-10-26,18,18.1,33549,0,전세
래미안퍼스티지,11650-3559,2009,,,26,10,2023,"33,549",59.89,4,18-1,0,,,반포대로 275,0,00275,00000,2121003,2,11650,11650,반포동,,전월세,202310,2023-10-26,18,18.1,33549,0,전세
래미안퍼스티지,11650-3559,2009,,,26,10,2023,"33,549",59.96,27,18-1,0,,,반포대로 275,0,00275,00000,2121003,2,11650,11650,반포동,,전월세,202310,2023-10-26,18,18.1,33549,0,전세
래미안퍼스티지,11650-3559,2009,,,26,10,2023,"45,004",84.85,26,18-1,0,,,반포대로 275,0,00275,00000,2121003,2,11650,11650,반포동,,전월세,202310,2023-10-26,26,25.7,45004,0,전세
래미안퍼스티지,11650-3559,2009,,갱신,27,10,2023,"340,000",222.76,15,18-1,0,"320,000",,반포대로 275,0,00275,00000,2121003,2,11650,11650,반포동,,전월세,202310,2023-10-27,67,67.4,340000,0,전세
래미안퍼스티지,11650-3559,2009,,,27,10,2023,"33,549",59.96,12,18-1,0,,,반포대로 275,0,00275,00000,2121003,2,11650,11650,반포동,,전월세,202310,2023-10-27,18,18.1,33549,0,전세
래미안퍼스티지,11650-3559,2009,23.10~25.10,갱신,28,10,2023,"143,000",84.93,24,18-1,0,"136,500",,반포대로 275,0,00275,00000,2121003,2,11650,11650,반포동,,전월세,202310,2023-10-28,26,25.7,143000,0,전세
래미안퍼스티지,11650-3559,2009,23.11~25.11,갱신,28,10,2023,"160,000",84.93,15,18-1,0,"230,000",,반포대로 275,0,00275,00000,2121003,2,11650,11650,반포동,사용,전월세,202310,2023-10-28,26,25.7,160000,0,전세
래미안퍼스티지,11650-3559,2009,,,30,10,2023,"33,549",59.89,12,18-1,0,,,반포대로 275,0,00275,00000,2121003,2,11650,11650,반포동,,전월세,202310,2023-10-30,18,18.1,33549,0,전세
래미안퍼스티지,11650-3559,2009,24.01~26.01,신규,30,10,2023,"140,000",84.93,15,18-1,0,,,반포대로 275,0,00275,00000,2121003,2,11650,11650,반포동,,전월세,202310,2023-10-30,26,25.7,140000,0,전세
래미안퍼스티지,11650-3559,2009,23.12~25.12,신규,30,10,2023,"160,000",84.93,8,18-1,0,,,반포대로 275,0,00275,00000,2121003,2,11650,11650,반포동,,전월세,202310,2023-10-30,26,25.7,160000,0,전세
래미안퍼스티지,11650-3559,2009,,,31,10,2023,"33,549",59.89,27,18-1,0,,,반포대로 275,0,00275,00000,2121003,2,11650,11650,반포동,,전월세,202310,2023-10-31,18,18.1,33549,0,전세
래미안퍼스티지,11650-3559,2009,,,31,10,2023,"33,549",59.96,16,18-1,0,,,반포대로 275,0,00275,00000,2121003,2,11650,11650,반포동,,전월세,202310,2023-10-31,18,18.1,33549,0,전세
래미안퍼스티지,11650-3559,2009,,,31,10,2023,"33,549",59.96,5,18-1,0,,,반포대로 275,0,00275,00000,2121003,2,11650,11650,반포동,,전월세,202310,2023-10-31,18,18.1,33549,0,전세
래미안퍼스티지,11650-3559,2009,23.12~25.12,신규,6,11,2023,"115,000",59.96,9,18-1,0,,,반포대로 275,0,00275,00000,2121003,2,11650,11650,반포동,,전월세,202311,2023-11-06,18,18.1,115000,0,전세
래미안퍼스티지,11650-3559,2009,23.12~25.12,신규,17,11,2023,"260,000",168.65,28,18-1,0,,,반포대로 275,0,00275,00000,2121003,2,11650,11650,반포동,,전월세,202311,2023-11-17,51,51.0,260000,0,전세
래미안퍼스티지,11650-3559,2009,24.01~26.01,신규,18,11,2023,"300,000",222.15,24,18-1,0,,,반포대로 275,0,00275,00000,2121003,2,11650,11650,반포동,,전월세,202311,2023-11-18,67,67.2,300000,0,전세
래미안퍼스티지,11650-3559,2009,24.02~26.02,갱신,24,11,2023,"143,000",84.93,18,18-1,0,"195,000",,반포대로 275,0,00275,00000,2121003,2,11650,11650,반포동,사용,전월세,202311,2023-11-24,26,25.7,143000,0,전세
래미안퍼스티지,11650-3559,2009,24.02~26.02,신규,25,11,2023,"155,000",84.93,30,18-1,0,,,반포대로 275,0,00275,00000,2121003,2,11650,11650,반포동,,전월세,202311,2023-11-25,26,25.7,155000,0,전세
래미안퍼스티지,11650-3559,2009,23.12~24.07,갱신,27,11,2023,"273,000",222.15,10,18-1,0,"273,000",,반포대로 275,0,00275,00000,2121003,2,11650,11650,반포동,,전월세,202311,2023-11-27,67,67.2,273000,0,전세
래미안퍼스티지,11650-3559,2009,24.02~26.02,갱신,29,11,2023,"335,000",222.15,21,18-1,0,"320,250",,반포대로 275,0,00275,00000,2121003,2,11650,11650,반포동,,전월세,202311,2023-11-29,67,67.2,335000,0,전세
래미안퍼스티지,11650-3559,2009,23.11~25.11,갱신,29,11,2023,"110,000",59.89,13,18-1,0,"120,750",,반포대로 275,0,00275,00000,2121003,2,11650,11650,반포동,,전월세,202311,2023-11-29,18,18.1,110000,0,전세
래미안퍼스티지,11650-3559,2009,,신규,1,12,2023,"75,250",59.89,20,18-1,0,,,반포대로 275,0,00275,00000,2121003,2,11650,11650,반포동,,전월세,202312,2023-12-01,18,18.1,75250,0,전세
래미안퍼스티지,11650-3559,2009,24.02~26.02,신규,1,12,2023,"155,000",84.93,18,18-1,0,,,반포대로 275,0,00275,00000,2121003,2,11650,11650,반포동,,전월세,202312,2023-12-01,26,25.7,155000,0,전세
래미안퍼스티지,11650-3559,2009,24.04~26.03,신규,4,12,2023,"370,000",222.76,19,18-1,0,,,반포대로 275,0,00275,00000,2121003,2,11650,11650,반포동,,전월세,202312,2023-12-04,67,67.4,370000,0,전세
래미안퍼스티지,11650-3559,2009,24.01~26.01,신규,4,12,2023,"140,000",84.93,22,18-1,0,,,반포대로 275,0,00275,00000,2121003,2,11650,11650,반포동,,전월세,202312,2023-12-04,26,25.7,140000,0,전세
래미안퍼스티지,11650-3559,2009,24.01~26.01,갱신,6,12,2023,"130,000",84.93,14,18-1,0,"157,500",,반포대로 275,0,00275,00000,2121003,2,11650,11650,반포동,,전월세,202312,2023-12-06,26,25.7,130000,0,전세
래미안퍼스티지,11650-3559,2009,24.02~26.02,신규,7,12,2023,"145,000",84.93,16,18-1,0,,,반포대로 275,0,00275,00000,2121003,2,11650,11650,반포동,,전월세,202312,2023-12-07,26,25.7,145000,0,전세
래미안퍼스티지,11650-3559,2009,24.02~26.02,신규,8,12,2023,"120,000",59.89,23,18-1,0,,,반포대로 275,0,00275,00000,2121003,2,11650,11650,반포동,,전월세,202312,2023-12-08,18,18.1,120000,0,전세
래미안퍼스티지,11650-3559,2009,24.02~26.02,신규,8,12,2023,"135,000",84.93,17,18-1,0,,,반포대로 275,0,00275,00000,2121003,2,11650,11650,반포동,,전월세,202312,2023-12-08,26,25.7,135000,0,전세
래미안퍼스티지,11650-3559,2009,23.12~25.12,신규,9,12,2023,"105,000",59.96,4,18-1,0,,,반포대로 275,0,00275,00000,2121003,2,11650,11650,반포동,,전월세,202312,2023-12-09,18,18.1,105000,0,전세
래미안퍼스티지,11650-3559,2009,,,9,12,2023,"147,000",84.93,9,18-1,0,,,반포대로 275,0,00275,00000,2121003,2,11650,11650,반포동,,전월세,202312,2023-12-09,26,25.7,147000,0,전세
래미안퍼스티지,11650-3559,2009,24.01~26.01,신규,9,12,2023,"147,000",84.93,9,18-1,0,,,반포대로 275,0,00275,00000,2121003,2,11650,11650,반포동,,전월세,202312,2023-12-09,26,25.7,147000,0,전세
래미안퍼스티지,11650-3559,2009,24.02~26.02,신규,12,12,2023,"119,500",59.89,22,18-1,0,,,반포대로 275,0,00275,00000,2121003,2,11650,11650,반포동,,전월세,202312,2023-12-12,18,18.1,119500,0,전세
래미안퍼스티지,11650-3559,2009,,신규,14,12,2023,"46,490",59.89,18,18-1,0,,,반포대로 275,0,00275,00000,2121003,2,11650,11650,반포동,,전월세,202312,2023-12-14,18,18.1,46490,0,전세
래미안퍼스티지,11650-3559,2009,24.01~26.01,신규,15,12,2023,"140,000",84.93,13,18-1,0,,,반포대로 275,0,00275,00000,2121003,2,11650,11650,반포동,,전월세,202312,2023-12-15,26,25.7,140000,0,전세
래미안퍼스티지,11650-3559,2009,24.02~26.02,갱신,18,12,2023,"320,000",198.22,7,18-1,0,"294,000",,반포대로 275,0,00275,00000,2121003,2,11650,11650,반포동,,전월세,202312,2023-12-18,60,60.0,320000,0,전세
래미안퍼스티지,11650-3559,2009,24.02~26.02,신규,18,12,2023,"110,000",59.89,4,18-1,0,,,반포대로 275,0,00275,00000,2121003,2,11650,11650,반포동,,전월세,202312,2023-12-18,18,18.1,110000,0,전세
래미안퍼스티지,11650-3559,2009,,,22,12,2023,"32,025",59.89,13,18-1,0,,,반포대로 275,0,00275,00000,2121003,2,11650,11650,반포동,,전월세,202312,2023-12-22,18,18.1,32025,0,전세
래미안퍼스티지,11650-3559,2009,23.12~25.12,갱신,23,12,2023,"250,000",135.92,23,18-1,0,"320,000",,반포대로 275,0,00275,00000,2121003,2,11650,11650,반포동,,전월세,202312,2023-12-23,41,41.1,250000,0,전세
래미안퍼스티지,11650-3559,2009,24.02~26.02,신규,24,12,2023,"158,000",84.93,10,18-1,0,,,반포대로 275,0,00275,00000,2121003,2,11650,11650,반포동,,전월세,202312,2023-12-24,26,25.7,158000,0,전세
래미안퍼스티지,11650-3559,2009,24.02~26.02,신규,24,12,2023,"158,000",84.93,10,18-1,0,,,반포대로 275,0,00275,00000,2121003,2,11650,11650,반포동,,전월세,202312,2023-12-24,26,25.7,158000,0,전세
래미안퍼스티지,11650-3559,2009,,,26,12,2023,"32,025",59.89,22,18-1,0,,,반포대로 275,0,00275,00000,2121003,2,11650,11650,반포동,,전월세,202312,2023-12-26,18,18.1,32025,0,전세
래미안퍼스티지,11650-3559,2009,,,26,12,2023,"32,025",59.96,1,18-1,0,,,반포대로 275,0,00275,00000,2121003,2,11650,11650,반포동,,전월세,202312,2023-12-26,18,18.1,32025,0,전세
래미안퍼스티지,11650-3559,2009,,,26,12,2023,"42,958",84.85,14,18-1,0,,,반포대로 275,0,00275,00000,2121003,2,11650,11650,반포동,,전월세,202312,2023-12-26,26,25.7,42958,0,전세
래미안퍼스티지,11650-3559,2009,,,27,12,2023,"32,025",59.89,28,18-1,0,,,반포대로 275,0,00275,00000,2121003,2,11650,11650,반포동,,전월세,202312,2023-12-27,18,18.1,32025,0,전세
래미안퍼스티지,11650-3559,2009,,,27,12,2023,"110,000",59.96,3,18-1,0,,,반포대로 275,0,00275,00000,2121003,2,11650,11650,반포동,,전월세,202312,2023-12-27,18,18.1,110000,0,전세
래미안퍼스티지,11650-3559,2009,,,27,12,2023,"110,000",59.96,3,18-1,0,,,반포대로 275,0,00275,00000,2121003,2,11650,11650,반포동,,전월세,202312,2023-12-27,18,18.1,110000,0,전세
래미안퍼스티지,11650-3559,2009,24.02~26.02,신규,27,12,2023,"110,000",59.96,3,18-1,0,,,반포대로 275,0,00275,00000,2121003,2,11650,11650,반포동,,전월세,202312,2023-12-27,18,18.1,110000,0,전세
래미안퍼스티지,11650-3559,2009,,,27,12,2023,"42,958",84.93,2,18-1,0,,,반포대로 275,0,00275,00000,2121003,2,11650,11650,반포동,,전월세,202312,2023-12-27,26,25.7,42958,0,전세
래미안퍼스티지,11650-3559,2009,24.01~26.01,신규,28,12,2023,"180,000",115.65,24,18-1,0,,,반포대로 275,0,00275,00000,2121003,2,11650,11650,반포동,,전월세,202312,2023-12-28,35,35.0,180000,0,전세
래미안퍼스티지,11650-3559,2009,,,28,12,2023,"32,025",59.96,27,18-1,0,,,반포대로 275,0,00275,00000,2121003,2,11650,11650,반포동,,전월세,202312,2023-12-28,18,18.1,32025,0,전세
래미안퍼스티지,11650-3559,2009,,,28,12,2023,"62,201",84.76,8,18-1,0,,,반포대로 275,0,00275,00000,2121003,2,11650,11650,반포동,,전월세,202312,2023-12-28,26,25.6,62201,0,전세
래미안퍼스티지,11650-3559,2009,24.02~26.02,신규,29,12,2023,"230,000",136.65,25,18-1,0,,,반포대로 275,0,00275,00000,2121003,2,11650,11650,반포동,,전월세,202312,2023-12-29,41,41.3,230000,0,전세
래미안퍼스티지,11650-3559,2009,,,29,12,2023,"32,025",59.96,21,18-1,0,,,반포대로 275,0,00275,00000,2121003,2,11650,11650,반포동,,전월세,202312,2023-12-29,18,18.1,32025,0,전세
래미안퍼스티지,11650-3559,2009,24.03~26.03,신규,3,1,2024,"335,000",222.15,28,18-1,0,,,반포대로 275,0,00275,00000,2121003,2,11650,11650,반포동,,전월세,202401,2024-01-03,67,67.2,335000,0,전세
래미안퍼스티지,11650-3559,2009,24.01~25.06,갱신,3,1,2024,"148,000",84.93,18,18-1,0,"210,000",,반포대로 275,0,00275,00000,2121003,2,11650,11650,반포동,,전월세,202401,2024-01-03,26,25.7,148000,0,전세
래미안퍼스티지,11650-3559,2009,24.02~26.02,신규,5,1,2024,"160,000",84.93,18,18-1,0,,,반포대로 275,0,00275,00000,2121003,2,11650,11650,반포동,,전월세,202401,2024-01-05,26,25.7,160000,0,전세
래미안퍼스티지,11650-3559,2009,24.02~26.01,신규,6,1,2024,"175,000",115.65,15,18-1,0,,,반포대로 275,0,00275,00000,2121003,2,11650,11650,반포동,,전월세,202401,2024-01-06,35,35.0,175000,0,전세
래미안퍼스티지,11650-3559,2009,24.03~26.02,신규,6,1,2024,"183,000",117.12,15,18-1,0,,,반포대로 275,0,00275,00000,2121003,2,11650,11650,반포동,,전월세,202401,2024-01-06,35,35.4,183000,0,전세
래미안퍼스티지,11650-3559,2009,24.02~26.02,신규,6,1,2024,"147,000",84.93,31,18-1,0,,,반포대로 275,0,00275,00000,2121003,2,11650,11650,반포동,,전월세,202401,2024-01-06,26,25.7,147000,0,전세
래미안퍼스티지,11650-3559,2009,24.01~24.02,,8,1,2024,"180,000",117.12,15,18-1,0,,,반포대로 275,0,00275,00000,2121003,2,11650,11650,반포동,,전월세,202401,2024-01-08,35,35.4,180000,0,전세
래미안퍼스티지,11650-3559,2009,24.02~26.02,신규,8,1,2024,"160,000",84.93,28,18-1,0,,,반포대로 275,0,00275,00000,2121003,2,11650,11650,반포동,,전월세,202401,2024-01-08,26,25.7,160000,0,전세
래미안퍼스티지,11650-3559,2009,24.02~26.02,신규,12,1,2024,"320,000",169.31,20,18-1,0,,,반포대로 275,0,00275,00000,2121003,2,11650,11650,반포동,,전월세,202401,2024-01-12,51,51.2,320000,0,전세
래미안퍼스티지,11650-3559,2009,24.02~26.02,신규,13,1,2024,"150,000",84.93,25,18-1,0,,,반포대로 275,0,00275,00000,2121003,2,11650,11650,반포동,,전월세,202401,2024-01-13,26,25.7,150000,0,전세
래미안퍼스티지,11650-3559,2009,24.01~26.01,갱신,15,1,2024,"360,000",222.76,20,18-1,0,"341,250",,반포대로 275,0,00275,00000,2121003,2,11650,11650,반포동,,전월세,202401,2024-01-15,67,67.4,360000,0,전세
래미안퍼스티지,11650-3559,2009,24.02~26.02,신규,15,1,2024,"165,000",84.93,23,18-1,0,,,반포대로 275,0,00275,00000,2121003,2,11650,11650,반포동,,전월세,202401,2024-01-15,26,25.7,165000,0,전세
래미안퍼스티지,11650-3559,2009,,신규,18,1,2024,"46,582",59.98,10,18-1,0,,,반포대로 275,0,00275,00000,2121003,2,11650,11650,반포동,,전월세,202401,2024-01-18,18,18.1,46582,0,전세
래미안퍼스티지,11650-3559,2009,,신규,19,1,2024,"46,582",59.96,3,18-1,0,,,반포대로 275,0,00275,00000,2121003,2,11650,11650,반포동,,전월세,202401,2024-01-19,18,18.1,46582,0,전세
래미안퍼스티지,11650-3559,2009,24.02~26.02,갱신,20,1,2024,"200,000",115.65,11,18-1,0,"280,000",270,반포대로 275,0,00275,00000,2121003,2,11650,11650,반포동,사용,전월세,202401,2024-01-20,35,35.0,200000,0,전세
래미안퍼스티지,11650-3559,2009,24.02~26.02,신규,22,1,2024,"160,000",84.93,5,18-1,0,,,반포대로 275,0,00275,00000,2121003,2,11650,11650,반포동,,전월세,202401,2024-01-22,26,25.7,160000,0,전세
래미안퍼스티지,11650-3559,2009,24.03~26.03,신규,23,1,2024,"210,000",135.92,2,18-1,0,,,반포대로 275,0,00275,00000,2121003,2,11650,11650,반포동,,전월세,202401,2024-01-23,41,41.1,210000,0,전세
래미안퍼스티지,11650-3559,2009,24.03~26.03,신규,23,1,2024,"210,000",135.92,2,18-1,0,,,반포대로 275,0,00275,00000,2121003,2,11650,11650,반포동,,전월세,202401,2024-01-23,41,41.1,210000,0,전세
래미안퍼스티지,11650-3559,2009,24.04~26.04,신규,24,1,2024,"140,000",84.93,13,18-1,0,,,반포대로 275,0,00275,00000,2121003,2,11650,11650,반포동,,전월세,202401,2024-01-24,26,25.7,140000,0,전세
래미안퍼스티지,11650-3559,2009,,,25,1,2024,"32,088",59.96,13,18-1,0,,,반포대로 275,0,00275,00000,2121003,2,11650,11650,반포동,,전월세,202401,2024-01-25,18,18.1,32088,0,전세
래미안퍼스티지,11650-3559,2009,24.03~26.03,신규,28,1,2024,"120,000",59.96,23,18-1,0,,,반포대로 275,0,00275,00000,2121003,2,11650,11650,반포동,,전월세,202401,2024-01-28,18,18.1,120000,0,전세
래미안퍼스티지,11650-3559,2009,24.04~26.04,신규,29,1,2024,"70,000",59.96,27,18-1,0,,,반포대로 275,0,00275,00000,2121003,2,11650,11650,반포동,,전월세,202401,2024-01-29,18,18.1,70000,0,전세
래미안퍼스티지,11650-3559,2009,24.02~24.04,신규,30,1,2024,"86,000",59.96,13,18-1,0,,,반포대로 275,0,00275,00000,2121003,2,11650,11650,반포동,,전월세,202401,2024-01-30,18,18.1,86000,0,전세
래미안퍼스티지,11650-3559,2009,,신규,31,1,2024,"67,990",84.76,4,18-1,0,,,반포대로 275,0,00275,00000,2121003,2,11650,11650,반포동,,전월세,202401,2024-01-31,26,25.6,67990,0,전세
래미안퍼스티지,11650-3559,2009,,신규,31,1,2024,"67,990",84.76,4,18-1,0,,,반포대로 275,0,00275,00000,2121003,2,11650,11650,반포동,,전월세,202401,2024-01-31,26,25.6,67990,0,전세
래미안퍼스티지,11650-3559,2009,24.03~26.09,갱신,3,2,2024,"125,000",59.96,17,18-1,0,"160,000",,반포대로 275,0,00275,00000,2121003,2,11650,11650,반포동,,전월세,202402,2024-02-03,18,18.1,125000,0,전세
래미안퍼스티지,11650-3559,2009,24.05~26.05,신규,6,2,2024,"125,000",59.96,11,18-1,0,,,반포대로 275,0,00275,00000,2121003,2,11650,11650,반포동,,전월세,202402,2024-02-06,18,18.1,125000,0,전세
래미안퍼스티지,11650-3559,2009,24.04~26.04,신규,8,2,2024,"126,000",59.96,27,18-1,0,,,반포대로 275,0,00275,00000,2121003,2,11650,11650,반포동,,전월세,202402,2024-02-08,18,18.1,126000,0,전세
래미안퍼스티지,11650-3559,2009,24.03~26.03,신규,13,2,2024,"160,000",84.93,29,18-1,0,,,반포대로 275,0,00275,00000,2121003,2,11650,11650,반포동,,전월세,202402,2024-02-13,26,25.7,160000,0,전세
래미안퍼스티지,11650-3559,2009,24.02~26.02,갱신,23,2,2024,"43,042",84.93,2,18-1,0,"40,993",,반포대로 275,0,00275,00000,2121003,2,11650,11650,반포동,,전월세,202402,2024-02-23,26,25.7,43042,0,전세
래미안퍼스티지,11650-3559,2009,24.04~25.07,갱신,26,2,2024,"130,000",59.89,24,18-1,0,"150,000",30,반포대로 275,0,00275,00000,2121003,2,11650,11650,반포동,,전월세,202402,2024-02-26,18,18.1,130000,0,전세
래미안퍼스티지,11650-3559,2009,24.06~26.06,갱신,2,3,2024,"360,000",198.04,4,18-1,0,"410,000",,반포대로 275,0,00275,00000,2121003,2,11650,11650,반포동,사용,전월세,202403,2024-03-02,60,59.9,360000,0,전세
래미안퍼스티지,11650-3559,2009,24.03~26.03,갱신,3,3,2024,"160,000",84.93,15,18-1,0,"200,000",,반포대로 275,0,00275,00000,2121003,2,11650,11650,반포동,사용,전월세,202403,2024-03-03,26,25.7,160000,0,전세
래미안퍼스티지,11650-3559,2009,24.03~26.03,신규,5,3,2024,"300,000",198.22,10,18-1,0,,,반포대로 275,0,00275,00000,2121003,2,11650,11650,반포동,,전월세,202403,2024-03-05,60,60.0,300000,0,전세
래미안퍼스티지,11650-3559,2009,~26.03,신규,5,3,2024,"66,987",59.89,29,18-1,0,,,반포대로 275,0,00275,00000,2121003,2,11650,11650,반포동,,전월세,202403,2024-03-05,18,18.1,66987,0,전세
래미안퍼스티지,11650-3559,2009,24.05~26.05,신규,6,3,2024,"115,500",59.89,27,18-1,0,,,반포대로 275,0,00275,00000,2121003,2,11650,11650,반포동,,전월세,202403,2024-03-06,18,18.1,115500,0,전세
래미안퍼스티지,11650-3559,2009,24.05~26.05,신규,11,3,2024,"110,000",59.89,26,18-1,0,,,반포대로 275,0,00275,00000,2121003,2,11650,11650,반포동,,전월세,202403,2024-03-11,18,18.1,110000,0,전세
래미안퍼스티지,11650-3559,2009,24.05~26.05,신규,13,3,2024,"165,000",84.93,18,18-1,0,,,반포대로 275,0,00275,00000,2121003,2,11650,11650,반포동,,전월세,202403,2024-03-13,26,25.7,165000,0,전세
래미안퍼스티지,11650-3559,2009,~26.03,신규,15,3,2024,"66,987",59.96,15,18-1,0,,,반포대로 275,0,00275,00000,2121003,2,11650,11650,반포동,,전월세,202403,2024-03-15,18,18.1,66987,0,전세
래미안퍼스티지,11650-3559,2009,24.05~26.05,신규,16,3,2024,"175,000",84.93,25,18-1,0,,,반포대로 275,0,00275,00000,2121003,2,11650,11650,반포동,,전월세,202403,2024-03-16,26,25.7,175000,0,전세
래미안퍼스티지,11650-3559,2009,24.03~26.03,갱신,18,3,2024,"100,000",59.96,18,18-1,0,"110,000",,반포대로 275,0,00275,00000,2121003,2,11650,11650,반포동,,전월세,202403,2024-03-18,18,18.1,100000,0,전세
래미안퍼스티지,11650-3559,2009,~26.03,신규,18,3,2024,"86,127",84.76,12,18-1,0,,,반포대로 275,0,00275,00000,2121003,2,11650,11650,반포동,,전월세,202403,2024-03-18,26,25.6,86127,0,전세
래미안퍼스티지,11650-3559,2009,,,20,3,2024,"70,336",59.89,28,18-1,0,,,반포대로 275,0,00275,00000,2121003,2,11650,11650,반포동,,전월세,202403,2024-03-20,18,18.1,70336,0,전세
래미안퍼스티지,11650-3559,2009,24.07~26.07,신규,27,3,2024,"300,000",169.31,24,18-1,0,,,반포대로 275,0,00275,00000,2121003,2,11650,11650,반포동,,전월세,202403,2024-03-27,51,51.2,300000,0,전세
래미안퍼스티지,11650-3559,2009,24.06~26.06,신규,3,4,2024,"170,000",84.93,17,18-1,0,,,반포대로 275,0,00275,00000,2121003,2,11650,11650,반포동,,전월세,202404,2024-04-03,26,25.7,170000,0,전세
래미안퍼스티지,11650-3559,2009,24.06~26.06,신규,6,4,2024,"125,000",59.96,3,18-1,0,,,반포대로 275,0,00275,00000,2121003,2,11650,11650,반포동,,전월세,202404,2024-04-06,18,18.1,125000,0,전세
래미안퍼스티지,11650-3559,2009,24.04~26.04,신규,8,4,2024,"120,000",59.96,25,18-1,0,,,반포대로 275,0,00275,00000,2121003,2,11650,11650,반포동,,전월세,202404,2024-04-08,18,18.1,120000,0,전세
래미안퍼스티지,11650-3559,2009,24.07~26.07,신규,8,4,2024,"158,000",84.85,16,18-1,0,,,반포대로 275,0,00275,00000,2121003,2,11650,11650,반포동,,전월세,202404,2024-04-08,26,25.7,158000,0,전세
래미안퍼스티지,11650-3559,2009,24.06~26.06,신규,16,4,2024,"158,000",84.93,30,18-1,0,,,반포대로 275,0,00275,00000,2121003,2,11650,11650,반포동,,전월세,202404,2024-04-16,26,25.7,158000,0,전세
래미안퍼스티지,11650-3559,2009,24.05~26.05,갱신,17,4,2024,"320,250",222.76,20,18-1,0,"320,250",,반포대로 275,0,00275,00000,2121003,2,11650,11650,반포동,,전월세,202404,2024-04-17,67,67.4,320250,0,전세
래미안퍼스티지,11650-3559,2009,24.06~26.06,신규,30,4,2024,"120,000",59.98,9,18-1,0,,,반포대로 275,0,00275,00000,2121003,2,11650,11650,반포동,,전월세,202404,2024-04-30,18,18.1,120000,0,전세
래미안퍼스티지,11650-3559,2009,,,30,4,2024,"160,000",84.93,31,18-1,0,,,반포대로 275,0,00275,00000,2121003,2,11650,11650,반포동,,전월세,202404,2024-04-30,26,25.7,160000,0,전세
래미안퍼스티지,11650-3559,2009,24.07~26.07,신규,30,4,2024,"160,000",84.93,31,18-1,0,,,반포대로 275,0,00275,00000,2121003,2,11650,11650,반포동,,전월세,202404,2024-04-30,26,25.7,160000,0,전세
래미안퍼스티지,11650-3559,2009,~26.05,신규,7,5,2024,"80,000",59.89,20,18-1,0,,,반포대로 275,0,00275,00000,2121003,2,11650,11650,반포동,,전월세,202405,2024-05-07,18,18.1,80000,0,전세
래미안퍼스티지,11650-3559,2009,~26.05,신규,7,5,2024,"100,100",84.85,2,18-1,0,,,반포대로 275,0,00275,00000,2121003,2,11650,11650,반포동,,전월세,202405,2024-05-07,26,25.7,100100,0,전세
래미안퍼스티지,11650-3559,2009,24.09~26.09,신규,10,5,2024,"340,000",222.76,2,18-1,0,,,반포대로 275,0,00275,00000,2121003,2,11650,11650,반포동,,전월세,202405,2024-05-10,67,67.4,340000,0,전세
래미안퍼스티지,11650-3559,2009,24.08~26.12,신규,11,5,2024,"280,000",168.65,27,18-1,0,,,반포대로 275,0,00275,00000,2121003,2,11650,11650,반포동,,전월세,202405,2024-05-11,51,51.0,280000,0,전세
래미안퍼스티지,11650-3559,2009,24.08~26.08,신규,11,5,2024,"280,000",168.65,27,18-1,0,,,반포대로 275,0,00275,00000,2121003,2,11650,11650,반포동,,전월세,202405,2024-05-11,51,51.0,280000,0,전세
래미안퍼스티지,11650-3559,2009,24.08~26.08,신규,16,5,2024,"240,000",135.92,17,18-1,0,,,반포대로 275,0,00275,00000,2121003,2,11650,11650,반포동,,전월세,202405,2024-05-16,41,41.1,240000,0,전세
래미안퍼스티지,11650-3559,2009,24.06~26.06,신규,17,5,2024,"250,000",135.92,29,18-1,0,,,반포대로 275,0,00275,00000,2121003,2,11650,11650,반포동,,전월세,202405,2024-05-17,41,41.1,250000,0,전세
래미안퍼스티지,11650-3559,2009,24.06~26.06,신규,22,5,2024,"330,000",222.76,15,18-1,0,,,반포대로 275,0,00275,00000,2121003,2,11650,11650,반포동,,전월세,202405,2024-05-22,67,67.4,330000,0,전세
래미안퍼스티지,11650-3559,2009,24.07~26.07,갱신,30,5,2024,"125,000",59.96,26,18-1,0,"110,000",150,반포대로 275,0,00275,00000,2121003,2,11650,11650,반포동,,전월세,202405,2024-05-30,18,18.1,125000,0,전세
래미안퍼스티지,11650-3559,2009,24.08~26.08,신규,31,5,2024,"132,000",59.89,11,18-1,0,,,반포대로 275,0,00275,00000,2121003,2,11650,11650,반포동,,전월세,202405,2024-05-31,18,18.1,132000,0,전세
래미안퍼스티지,11650-3559,2009,24.08~26.08,신규,1,6,2024,"165,000",84.93,22,18-1,0,,,반포대로 275,0,00275,00000,2121003,2,11650,11650,반포동,,전월세,202406,2024-06-01,26,25.7,165000,0,전세
래미안퍼스티지,11650-3559,2009,24.08~26.08,신규,6,6,2024,"310,000",198.04,9,18-1,0,,,반포대로 275,0,00275,00000,2121003,2,11650,11650,반포동,,전월세,202406,2024-06-06,60,59.9,310000,0,전세
래미안퍼스티지,11650-3559,2009,24.08~26.08,신규,6,6,2024,"315,000",222.76,16,18-1,0,,,반포대로 275,0,00275,00000,2121003,2,11650,11650,반포동,,전월세,202406,2024-06-06,67,67.4,315000,0,전세
래미안퍼스티지,11650-3559,2009,24.07~26.07,갱신,6,6,2024,"154,300",84.93,18,18-1,0,"147,000",,반포대로 275,0,00275,00000,2121003,2,11650,11650,반포동,사용,전월세,202406,2024-06-06,26,25.7,154300,0,전세
래미안퍼스티지,11650-3559,2009,24.07~26.07,갱신,6,6,2024,"154,300",84.93,18,18-1,0,"147,000",,반포대로 275,0,00275,00000,2121003,2,11650,11650,반포동,,전월세,202406,2024-06-06,26,25.7,154300,0,전세
래미안퍼스티지,11650-3559,2009,24.07~26.07,신규,8,6,2024,"250,000",136.65,22,18-1,0,,,반포대로 275,0,00275,00000,2121003,2,11650,11650,반포동,,전월세,202406,2024-06-08,41,41.3,250000,0,전세
래미안퍼스티지,11650-3559,2009,~26.06,신규,10,6,2024,"80,000",59.89,9,18-1,0,,,반포대로 275,0,00275,00000,2121003,2,11650,11650,반포동,,전월세,202406,2024-06-10,18,18.1,80000,0,전세
래미안퍼스티지,11650-3559,2009,~26.06,신규,10,6,2024,"80,000",59.96,2,18-1,0,,,반포대로 275,0,00275,00000,2121003,2,11650,11650,반포동,,전월세,202406,2024-06-10,18,18.1,80000,0,전세
래미안퍼스티지,11650-3559,2009,~26.06,신규,11,6,2024,"80,000",59.89,8,18-1,0,,,반포대로 275,0,00275,00000,2121003,2,11650,11650,반포동,,전월세,202406,2024-06-11,18,18.1,80000,0,전세
래미안퍼스티지,11650-3559,2009,~26.06,신규,11,6,2024,"80,000",59.96,9,18-1,0,,,반포대로 275,0,00275,00000,2121003,2,11650,11650,반포동,,전월세,202406,2024-06-11,18,18.1,80000,0,전세
래미안퍼스티지,11650-3559,2009,24.08~26.08,갱신,13,6,2024,"136,000",59.89,23,18-1,0,"168,000",,반포대로 275,0,00275,00000,2121003,2,11650,11650,반포동,사용,전월세,202406,2024-06-13,18,18.1,136000,0,전세
래미안퍼스티지,11650-3559,2009,24.08~26.08,신규,13,6,2024,"135,000",59.96,29,18-1,0,,,반포대로 275,0,00275,00000,2121003,2,11650,11650,반포동,,전월세,202406,2024-06-13,18,18.1,135000,0,전세
래미안퍼스티지,11650-3559,2009,24.08~26.08,신규,13,6,2024,"170,000",84.93,19,18-1,0,,,반포대로 275,0,00275,00000,2121003,2,11650,11650,반포동,,전월세,202406,2024-06-13,26,25.7,170000,0,전세
래미안퍼스티지,11650-3559,2009,24.06~26.06,갱신,17,6,2024,"160,000",84.93,15,18-1,0,"155,400",,반포대로 275,0,00275,00000,2121003,2,11650,11650,반포동,,전월세,202406,2024-06-17,26,25.7,160000,0,전세
래미안퍼스티지,11650-3559,2009,24.06~26.06,신규,18,6,2024,"150,000",84.93,14,18-1,0,,,반포대로 275,0,00275,00000,2121003,2,11650,11650,반포동,,전월세,202406,2024-06-18,26,25.7,150000,0,전세
래미안퍼스티지,11650-3559,2009,24.09~26.09,신규,26,6,2024,"260,000",135.92,18,18-1,0,,,반포대로 275,0,00275,00000,2121003,2,11650,11650,반포동,,전월세,202406,2024-06-26,41,41.1,260000,0,전세
래미안퍼스티지,11650-3559,2009,24.10~26.10,신규,27,6,2024,"200,000",115.65,22,18-1,0,,,반포대로 275,0,00275,00000,2121003,2,11650,11650,반포동,,전월세,202406,2024-06-27,35,35.0,200000,0,전세
래미안퍼스티지,11650-3559,2009,24.10~26.10,신규,27,6,2024,"200,000",115.65,22,18-1,0,,,반포대로 275,0,00275,00000,2121003,2,11650,11650,반포동,,전월세,202406,2024-06-27,35,35.0,200000,0,전세
래미안퍼스티지,11650-3559,2009,~26.07,신규,8,7,2024,"80,000",59.89,18,18-1,0,,,반포대로 275,0,00275,00000,2121003,2,11650,11650,반포동,,전월세,202407,2024-07-08,18,18.1,80000,0,전세
래미안퍼스티지,11650-3559,2009,~26.09,신규,8,7,2024,"68,250",59.89,9,18-1,0,,,반포대로 275,0,00275,00000,2121003,2,11650,11650,반포동,,전월세,202407,2024-07-08,18,18.1,68250,0,전세
래미안퍼스티지,11650-3559,2009,~26.07,신규,8,7,2024,"80,000",59.89,16,18-1,0,,,반포대로 275,0,00275,00000,2121003,2,11650,11650,반포동,,전월세,202407,2024-07-08,18,18.1,80000,0,전세
래미안퍼스티지,11650-3559,2009,~26.07,신규,8,7,2024,"100,100",84.93,6,18-1,0,,,반포대로 275,0,00275,00000,2121003,2,11650,11650,반포동,,전월세,202407,2024-07-08,26,25.7,100100,0,전세
래미안퍼스티지,11650-3559,2009,~26.07,신규,8,7,2024,"100,100",84.93,3,18-1,0,,,반포대로 275,0,00275,00000,2121003,2,11650,11650,반포동,,전월세,202407,2024-07-08,26,25.7,100100,0,전세
래미안퍼스티지,11650-3559,2009,24.09~26.09,갱신,9,7,2024,"165,000",84.93,16,18-1,0,"131,000",,반포대로 275,0,00275,00000,2121003,2,11650,11650,반포동,,전월세,202407,2024-07-09,26,25.7,165000,0,전세
래미안퍼스티지,11650-3559,2009,~26.09,신규,10,7,2024,"68,250",59.96,7,18-1,0,,,반포대로 275,0,00275,00000,2121003,2,11650,11650,반포동,,전월세,202407,2024-07-10,18,18.1,68250,0,전세
래미안퍼스티지,11650-3559,2009,~26.07,신규,10,7,2024,"80,000",59.96,2,18-1,0,,,반포대로 275,0,00275,00000,2121003,2,11650,11650,반포동,,전월세,202407,2024-07-10,18,18.1,80000,0,전세
래미안퍼스티지,11650-3559,2009,~26.09,신규,11,7,2024,"68,250",59.96,18,18-1,0,,,반포대로 275,0,00275,00000,2121003,2,11650,11650,반포동,,전월세,202407,2024-07-11,18,18.1,68250,0,전세
래미안퍼스티지,11650-3559,2009,~26.07,신규,12,7,2024,"66,987",59.98,21,18-1,0,,,반포대로 275,0,00275,00000,2121003,2,11650,11650,반포동,,전월세,202407,2024-07-12,18,18.1,66987,0,전세
래미안퍼스티지,11650-3559,2009,~26.07,신규,12,7,2024,"86,127",84.93,2,18-1,0,,,반포대로 275,0,00275,00000,2121003,2,11650,11650,반포동,,전월세,202407,2024-07-12,26,25.7,86127,0,전세
래미안퍼스티지,11650-3559,2009,24.10~26.10,갱신,13,7,2024,"170,000",84.93,11,18-1,0,"170,000",,반포대로 275,0,00275,00000,2121003,2,11650,11650,반포동,사용,전월세,202407,2024-07-13,26,25.7,170000,0,전세
래미안퍼스티지,11650-3559,2009,24.10~26.10,신규,20,7,2024,"260,000",135.92,9,18-1,0,,,반포대로 275,0,00275,00000,2121003,2,11650,11650,반포동,,전월세,202407,2024-07-20,41,41.1,260000,0,전세
래미안퍼스티지,11650-3559,2009,24.07~26.07,갱신,21,7,2024,"128,000",59.89,22,18-1,0,"123,900",,반포대로 275,0,00275,00000,2121003,2,11650,11650,반포동,사용,전월세,202407,2024-07-21,18,18.1,128000,0,전세
래미안퍼스티지,11650-3559,2009,24.12~25.03,신규,24,7,2024,"170,000",84.93,17,18-1,0,,,반포대로 275,0,00275,00000,2121003,2,11650,11650,반포동,,전월세,202407,2024-07-24,26,25.7,170000,0,전세
래미안퍼스티지,11650-3559,2009,24.09~26.09,신규,27,7,2024,"340,000",198.22,15,18-1,0,,,반포대로 275,0,00275,00000,2121003,2,11650,11650,반포동,,전월세,202407,2024-07-27,60,60.0,340000,0,전세
래미안퍼스티지,11650-3559,2009,24.09~26.09,신규,27,7,2024,"340,000",198.22,15,18-1,0,,,반포대로 275,0,00275,00000,2121003,2,11650,11650,반포동,,전월세,202407,2024-07-27,60,60.0,340000,0,전세
래미안퍼스티지,11650-3559,2009,24.08~26.08,갱신,2,8,2024,"350,000",222.76,17,18-1,0,"430,000",,반포대로 275,0,00275,00000,2121003,2,11650,11650,반포동,,전월세,202408,2024-08-02,67,67.4,350000,0,전세
래미안퍼스티지,11650-3559,2009,24.08~26.08,갱신,6,8,2024,"130,000",59.89,23,18-1,0,"120,750",,반포대로 275,0,00275,00000,2121003,2,11650,11650,반포동,,전월세,202408,2024-08-06,18,18.1,130000,0,전세
래미안퍼스티지,11650-3559,2009,,,7,8,2024,"160,000",84.93,22,18-1,0,,,반포대로 275,0,00275,00000,2121003,2,11650,11650,반포동,,전월세,202408,2024-08-07,26,25.7,160000,0,전세
래미안퍼스티지,11650-3559,2009,24.10~26.10,신규,13,8,2024,"155,000",84.93,21,18-1,0,,,반포대로 275,0,00275,00000,2121003,2,11650,11650,반포동,,전월세,202408,2024-08-13,26,25.7,155000,0,전세
래미안퍼스티지,11650-3559,2009,24.08~26.02,신규,13,8,2024,"160,000",84.93,22,18-1,0,,,반포대로 275,0,00275,00000,2121003,2,11650,11650,반포동,,전월세,202408,2024-08-13,26,25.7,160000,0,전세
래미안퍼스티지,11650-3559,2009,24.10~26.10,신규,14,8,2024,"200,000",117.12,8,18-1,0,,,반포대로 275,0,00275,00000,2121003,2,11650,11650,반포동,,전월세,202408,2024-08-14,35,35.4,200000,0,전세
래미안퍼스티지,11650-3559,2009,24.10~26.10,신규,15,8,2024,"280,000",168.65,23,18-1,0,,,반포대로 275,0,00275,00000,2121003,2,11650,11650,반포동,,전월세,202408,2024-08-15,51,51.0,280000,0,전세
래미안퍼스티지,11650-3559,2009,~26.08,신규,16,8,2024,"69,642",59.96,19,18-1,0,,,반포대로 275,0,00275,00000,2121003,2,11650,11650,반포동,,전월세,202408,2024-08-16,18,18.1,69642,0,전세
래미안퍼스티지,11650-3559,2009,24.10~26.10,신규,19,8,2024,"163,000",84.93,29,18-1,0,,,반포대로 275,0,00275,00000,2121003,2,11650,11650,반포동,,전월세,202408,2024-08-19,26,25.7,163000,0,전세
래미안퍼스티지,11650-3559,2009,24.08~26.08,갱신,20,8,2024,"127,000",59.96,30,18-1,0,"120,750",,반포대로 275,0,00275,00000,2121003,2,11650,11650,반포동,,전월세,202408,2024-08-20,18,18.1,127000,0,전세
래미안퍼스티지,11650-3559,2009,24.08~26.08,갱신,26,8,2024,"168,500",84.93,26,18-1,0,"178,500",,반포대로 275,0,00275,00000,2121003,2,11650,11650,반포동,사용,전월세,202408,2024-08-26,26,25.7,168500,0,전세
래미안퍼스티지,11650-3559,2009,24.09~26.09,신규,9,9,2024,"340,000",198.22,6,18-1,0,,,반포대로 275,0,00275,00000,2121003,2,11650,11650,반포동,,전월세,202409,2024-09-09,60,60.0,340000,0,전세
래미안퍼스티지,11650-3559,2009,24.11~26.11,신규,9,9,2024,"133,000",59.96,19,18-1,0,,,반포대로 275,0,00275,00000,2121003,2,11650,11650,반포동,,전월세,202409,2024-09-09,18,18.1,133000,0,전세
래미안퍼스티지,11650-3559,2009,24.11~26.11,신규,9,9,2024,"133,000",59.96,19,18-1,0,,,반포대로 275,0,00275,00000,2121003,2,11650,11650,반포동,,전월세,202409,2024-09-09,18,18.1,133000,0,전세
래미안퍼스티지,11650-3559,2009,~26.09,신규,9,9,2024,"72,131",84.85,4,18-1,0,,,반포대로 275,0,00275,00000,2121003,2,11650,11650,반포동,,전월세,202409,2024-09-09,26,25.7,72131,0,전세
래미안퍼스티지,11650-3559,2009,24.12~26.12,갱신,10,9,2024,"130,000",59.96,3,18-1,0,"100,000",,반포대로 275,0,00275,00000,2121003,2,11650,11650,반포동,,전월세,202409,2024-09-10,18,18.1,130000,0,전세
래미안퍼스티지,11650-3559,2009,24.09~26.12,신규,13,9,2024,"160,000",84.93,17,18-1,0,,,반포대로 275,0,00275,00000,2121003,2,11650,11650,반포동,,전월세,202409,2024-09-13,26,25.7,160000,0,전세
래미안퍼스티지,11650-3559,2009,24.11~26.11,신규,19,9,2024,"360,000",198.04,19,18-1,0,,,반포대로 275,0,00275,00000,2121003,2,11650,11650,반포동,,전월세,202409,2024-09-19,60,59.9,360000,0,전세
래미안퍼스티지,11650-3559,2009,~26.09,신규,19,9,2024,"56,773",59.89,29,18-1,0,,,반포대로 275,0,00275,00000,2121003,2,11650,11650,반포동,,전월세,202409,2024-09-19,18,18.1,56773,0,전세
래미안퍼스티지,11650-3559,2009,24.10~26.10,갱신,21,9,2024,"350,000",168.65,18,18-1,0,"380,000",,반포대로 275,0,00275,00000,2121003,2,11650,11650,반포동,사용,전월세,202409,2024-09-21,51,51.0,350000,0,전세
래미안퍼스티지,11650-3559,2009,24.09~26.09,신규,26,9,2024,"160,000",59.96,19,18-1,0,,,반포대로 275,0,00275,00000,2121003,2,11650,11650,반포동,,전월세,202409,2024-09-26,18,18.1,160000,0,전세
래미안퍼스티지,11650-3559,2009,24.10~26.10,신규,26,9,2024,"165,000",84.93,21,18-1,0,,,반포대로 275,0,00275,00000,2121003,2,11650,11650,반포동,,전월세,202409,2024-09-26,26,25.7,165000,0,전세
래미안퍼스티지,11650-3559,2009,24.11~26.11,신규,27,9,2024,"320,000",169.31,18,18-1,0,,,반포대로 275,0,00275,00000,2121003,2,11650,11650,반포동,,전월세,202409,2024-09-27,51,51.2,320000,0,전세
래미안퍼스티지,11650-3559,2009,24.10~26.10,신규,30,9,2024,"125,000",59.89,4,18-1,0,,,반포대로 275,0,00275,00000,2121003,2,11650,11650,반포동,,전월세,202409,2024-09-30,18,18.1,125000,0,전세
래미안퍼스티지,11650-3559,2009,24.11~26.12,갱신,2,10,2024,"178,500",84.93,30,18-1,0,"178,500",,반포대로 275,0,00275,00000,2121003,2,11650,11650,반포동,,전월세,202410,2024-10-02,26,25.7,178500,0,전세
래미안퍼스티지,11650-3559,2009,24.10~26.10,신규,3,10,2024,"170,000",84.93,22,18-1,0,,,반포대로 275,0,00275,00000,2121003,2,11650,11650,반포동,,전월세,202410,2024-10-03,26,25.7,170000,0,전세
래미안퍼스티지,11650-3559,2009,24.12~26.12,신규,4,10,2024,"124,000",59.98,16,18-1,0,,,반포대로 275,0,00275,00000,2121003,2,11650,11650,반포동,,전월세,202410,2024-10-04,18,18.1,124000,0,전세
래미안퍼스티지,11650-3559,2009,~26.10,신규,8,10,2024,"56,671",59.89,5,18-1,0,,,반포대로 275,0,00275,00000,2121003,2,11650,11650,반포동,,전월세,202410,2024-10-08,18,18.1,56671,0,전세
래미안퍼스티지,11650-3559,2009,24.10~25.12,신규,11,10,2024,"160,000",84.93,21,18-1,0,,,반포대로 275,0,00275,00000,2121003,2,11650,11650,반포동,,전월세,202410,2024-10-11,26,25.7,160000,0,전세
래미안퍼스티지,11650-3559,2009,25.01~27.01,신규,12,10,2024,"170,000",84.93,17,18-1,0,,,반포대로 275,0,00275,00000,2121003,2,11650,11650,반포동,,전월세,202410,2024-10-12,26,25.7,170000,0,전세
래미안퍼스티지,11650-3559,2009,25.01~25.03,신규,15,10,2024,"130,000",59.96,25,18-1,0,,,반포대로 275,0,00275,00000,2121003,2,11650,11650,반포동,,전월세,202410,2024-10-15,18,18.1,130000,0,전세
래미안퍼스티지,11650-3559,2009,25.01~27.01,신규,19,10,2024,"135,000",59.96,24,18-1,0,,,반포대로 275,0,00275,00000,2121003,2,11650,11650,반포동,,전월세,202410,2024-10-19,18,18.1,135000,0,전세
래미안퍼스티지,11650-3559,2009,25.01~27.01,신규,19,10,2024,"135,000",59.96,24,18-1,0,,,반포대로 275,0,00275,00000,2121003,2,11650,11650,반포동,,전월세,202410,2024-10-19,18,18.1,135000,0,전세
래미안퍼스티지,11650-3559,2009,24.10~26.10,갱신,21,10,2024,"170,000",84.93,21,18-1,0,"189,000",,반포대로 275,0,00275,00000,2121003,2,11650,11650,반포동,사용,전월세,202410,2024-10-21,26,25.7,170000,0,전세
래미안퍼스티지,11650-3559,2009,24.12~26.12,갱신,22,10,2024,"165,000",84.93,6,18-1,0,"172,000",,반포대로 275,0,00275,00000,2121003,2,11650,11650,반포동,,전월세,202410,2024-10-22,26,25.7,165000,0,전세
래미안퍼스티지,11650-3559,2009,25.01~27.01,신규,23,10,2024,"175,000",84.93,32,18-1,0,,,반포대로 275,0,00275,00000,2121003,2,11650,11650,반포동,,전월세,202410,2024-10-23,26,25.7,175000,0,전세
래미안퍼스티지,11650-3559,2009,24.10~26.10,갱신,23,10,2024,"160,000",84.93,15,18-1,0,"200,000",,반포대로 275,0,00275,00000,2121003,2,11650,11650,반포동,사용,전월세,202410,2024-10-23,26,25.7,160000,0,전세
래미안퍼스티지,11650-3559,2009,24.12~26.12,신규,25,10,2024,"300,000",198.22,6,18-1,0,,,반포대로 275,0,00275,00000,2121003,2,11650,11650,반포동,,전월세,202410,2024-10-25,60,60.0,300000,0,전세
래미안퍼스티지,11650-3559,2009,24.12~26.12,신규,25,10,2024,"170,000",84.93,24,18-1,0,,,반포대로 275,0,00275,00000,2121003,2,11650,11650,반포동,,전월세,202410,2024-10-25,26,25.7,170000,0,전세
래미안퍼스티지,11650-3559,2009,25.01~27.01,신규,26,10,2024,"260,000",136.65,26,18-1,0,,,반포대로 275,0,00275,00000,2121003,2,11650,11650,반포동,,전월세,202410,2024-10-26,41,41.3,260000,0,전세
래미안퍼스티지,11650-3559,2009,24.11~26.12,갱신,26,10,2024,"272,000",168.65,5,18-1,0,"252,000",,반포대로 275,0,00275,00000,2121003,2,11650,11650,반포동,,전월세,202410,2024-10-26,51,51.0,272000,0,전세
래미안퍼스티지,11650-3559,2009,24.12~26.12,신규,26,10,2024,"170,000",84.93,20,18-1,0,,,반포대로 275,0,00275,00000,2121003,2,11650,11650,반포동,,전월세,202410,2024-10-26,26,25.7,170000,0,전세
래미안퍼스티지,11650-3559,2009,24.11~26.12,갱신,26,10,2024,"175,000",84.93,19,18-1,0,"210,000",,반포대로 275,0,00275,00000,2121003,2,11650,11650,반포동,,전월세,202410,2024-10-26,26,25.7,175000,0,전세
래미안퍼스티지,11650-3559,2009,25.01~27.01,갱신,28,10,2024,"152,000",84.93,11,18-1,0,"145,000",,반포대로 275,0,00275,00000,2121003,2,11650,11650,반포동,사용,전월세,202410,2024-10-28,26,25.7,152000,0,전세
래미안퍼스티지,11650-3559,2009,24.10~24.11,신규,29,10,2024,"168,000",84.93,28,18-1,0,,,반포대로 275,0,00275,00000,2121003,2,11650,11650,반포동,,전월세,202410,2024-10-29,26,25.7,168000,0,전세
래미안퍼스티지,11650-3559,2009,24.11~26.11,신규,1,11,2024,"102,000",59.89,24,18-1,0,,,반포대로 275,0,00275,00000,2121003,2,11650,11650,반포동,,전월세,202411,2024-11-01,18,18.1,102000,0,전세
래미안퍼스티지,11650-3559,2009,24.11~26.11,신규,2,11,2024,"140,000",59.98,20,18-1,0,,,반포대로 275,0,00275,00000,2121003,2,11650,11650,반포동,,전월세,202411,2024-11-02,18,18.1,140000,0,전세
래미안퍼스티지,11650-3559,2009,25.01~27.01,신규,4,11,2024,"280,000",169.31,15,18-1,0,,,반포대로 275,0,00275,00000,2121003,2,11650,11650,반포동,,전월세,202411,2024-11-04,51,51.2,280000,0,전세
래미안퍼스티지,11650-3559,2009,24.11~26.11,신규,7,11,2024,"133,000",59.96,19,18-1,0,,,반포대로 275,0,00275,00000,2121003,2,11650,11650,반포동,,전월세,202411,2024-11-07,18,18.1,133000,0,전세
래미안퍼스티지,11650-3559,2009,24.11~26.11,신규,8,11,2024,"168,000",84.93,28,18-1,0,,,반포대로 275,0,00275,00000,2121003,2,11650,11650,반포동,,전월세,202411,2024-11-08,26,25.7,168000,0,전세
래미안퍼스티지,11650-3559,2009,25.01~27.01,신규,8,11,2024,"175,000",84.93,32,18-1,0,,,반포대로 275,0,00275,00000,2121003,2,11650,11650,반포동,,전월세,202411,2024-11-08,26,25.7,175000,0,전세
래미안퍼스티지,11650-3559,2009,25.01~27.01,신규,16,11,2024,"165,000",84.76,13,18-1,0,,,반포대로 275,0,00275,00000,2121003,2,11650,11650,반포동,,전월세,202411,2024-11-16,26,25.6,165000,0,전세
래미안퍼스티지,11650-3559,2009,~27.02,신규,19,11,2024,"68,250",59.96,1,18-1,0,,,반포대로 275,0,00275,00000,2121003,2,11650,11650,반포동,,전월세,202411,2024-11-19,18,18.1,68250,0,전세
래미안퍼스티지,11650-3559,2009,24.12~27.01,갱신,20,11,2024,"240,000",135.92,5,18-1,0,"230,000",,반포대로 275,0,00275,00000,2121003,2,11650,11650,반포동,사용,전월세,202411,2024-11-20,41,41.1,240000,0,전세
래미안퍼스티지,11650-3559,2009,25.02~27.02,신규,21,11,2024,"320,000",168.65,30,18-1,0,,,반포대로 275,0,00275,00000,2121003,2,11650,11650,반포동,,전월세,202411,2024-11-21,51,51.0,320000,0,전세
래미안퍼스티지,11650-3559,2009,25.02~27.02,신규,21,11,2024,"320,000",168.65,30,18-1,0,,,반포대로 275,0,00275,00000,2121003,2,11650,11650,반포동,,전월세,202411,2024-11-21,51,51.0,320000,0,전세
래미안퍼스티지,11650-3559,2009,,,21,11,2024,"160,000",84.93,3,18-1,0,,,반포대로 275,0,00275,00000,2121003,2,11650,11650,반포동,,전월세,202411,2024-11-21,26,25.7,160000,0,전세
래미안퍼스티지,11650-3559,2009,25.01~27.01,신규,21,11,2024,"160,000",84.93,3,18-1,0,,,반포대로 275,0,00275,00000,2121003,2,11650,11650,반포동,,전월세,202411,2024-11-21,26,25.7,160000,0,전세
래미안퍼스티지,11650-3559,2009,25.01~27.01,신규,29,11,2024,"175,000",84.93,16,18-1,0,,,반포대로 275,0,00275,00000,2121003,2,11650,11650,반포동,,전월세,202411,2024-11-29,26,25.7,175000,0,전세
래미안퍼스티지,11650-3559,2009,25.03~27.03,신규,30,11,2024,"170,000",84.93,5,18-1,0,,,반포대로 275,0,00275,00000,2121003,2,11650,11650,반포동,,전월세,202411,2024-11-30,26,25.7,170000,0,전세
래미안퍼스티지,11650-3559,2009,25.01~26.01,갱신,7,12,2024,"280,000",169.31,19,18-1,0,"270,000",,반포대로 275,0,00275,00000,2121003,2,11650,11650,반포동,,전월세,202412,2024-12-07,51,51.2,280000,0,전세
래미안퍼스티지,11650-3559,2009,25.01~27.01,신규,7,12,2024,"139,000",59.89,28,18-1,0,,,반포대로 275,0,00275,00000,2121003,2,11650,11650,반포동,,전월세,202412,2024-12-07,18,18.1,139000,0,전세
래미안퍼스티지,11650-3559,2009,25.02~25.03,신규,12,12,2024,"170,000",84.93,5,18-1,0,,,반포대로 275,0,00275,00000,2121003,2,11650,11650,반포동,,전월세,202412,2024-12-12,26,25.7,170000,0,전세
래미안퍼스티지,11650-3559,2009,24.12~26.12,갱신,13,12,2024,"175,000",84.93,26,18-1,0,"175,000",,반포대로 275,0,00275,00000,2121003,2,11650,11650,반포동,,전월세,202412,2024-12-13,26,25.7,175000,0,전세
래미안퍼스티지,11650-3559,2009,25.02~27.02,갱신,19,12,2024,"108,150",59.89,30,18-1,0,"103,000",,반포대로 275,0,00275,00000,2121003,2,11650,11650,반포동,사용,전월세,202412,2024-12-19,18,18.1,108150,0,전세
래미안퍼스티지,11650-3559,2009,25.02~27.02,갱신,20,12,2024,"154,300",84.85,26,18-1,0,"147,000",,반포대로 275,0,00275,00000,2121003,2,11650,11650,반포동,사용,전월세,202412,2024-12-20,26,25.7,154300,0,전세
래미안퍼스티지,11650-3559,2009,25.01~27.01,갱신,23,12,2024,"157,500",84.85,4,18-1,0,"150,000",,반포대로 275,0,00275,00000,2121003,2,11650,11650,반포동,사용,전월세,202412,2024-12-23,26,25.7,157500,0,전세
래미안퍼스티지,11650-3559,2009,25.03~27.03,신규,27,12,2024,"177,000",84.93,27,18-1,0,,,반포대로 275,0,00275,00000,2121003,2,11650,11650,반포동,,전월세,202412,2024-12-27,26,25.7,177000,0,전세
래미안퍼스티지,11650-3559,2009,25.02~27.02,신규,28,12,2024,"135,000",59.96,8,18-1,0,,,반포대로 275,0,00275,00000,2121003,2,11650,11650,반포동,,전월세,202412,2024-12-28,18,18.1,135000,0,전세
래미안퍼스티지,11650-3559,2009,25.03~27.03,신규,31,12,2024,"180,000",84.93,17,18-1,0,,,반포대로 275,0,00275,00000,2121003,2,11650,11650,반포동,,전월세,202412,2024-12-31,26,25.7,180000,0,전세
래미안퍼스티지,11650-3559,2009,25.02~27.01,갱신,4,1,2025,"160,000",84.93,12,18-1,0,"150,000",,반포대로 275,0,00275,00000,2121003,2,11650,11650,반포동,,전월세,202501,2025-01-04,26,25.7,160000,0,전세
래미안퍼스티지,11650-3559,2009,25.01~26.12,신규,8,1,2025,"370,000",222.15,20,18-1,0,,,반포대로 275,0,00275,00000,2121003,2,11650,11650,반포동,,전월세,202501,2025-01-08,67,67.2,370000,0,전세
래미안퍼스티지,11650-3559,2009,25.01~27.01,갱신,13,1,2025,"270,000",222.76,2,18-1,0,"250,000",160,반포대로 275,0,00275,00000,2121003,2,11650,11650,반포동,,전월세,202501,2025-01-13,67,67.4,270000,0,전세
래미안퍼스티지,11650-3559,2009,25.04~27.04,신규,22,1,2025,"135,000",59.89,25,18-1,0,,,반포대로 275,0,00275,00000,2121003,2,11650,11650,반포동,,전월세,202501,2025-01-22,18,18.1,135000,0,전세
래미안퍼스티지,11650-3559,2009,25.04~27.04,신규,22,1,2025,"135,000",59.89,25,18-1,0,,,반포대로 275,0,00275,00000,2121003,2,11650,11650,반포동,,전월세,202501,2025-01-22,18,18.1,135000,0,전세
래미안퍼스티지,11650-3559,2009,25.02~27.02,갱신,23,1,2025,"133,350",84.93,4,18-1,0,"127,000",,반포대로 275,0,00275,00000,2121003,2,11650,11650,반포동,사용,전월세,202501,2025-01-23,26,25.7,133350,0,전세
래미안퍼스티지,11650-3559,2009,25.03~27.02,,4,2,2025,"69,706",59.98,13,18-1,0,,,반포대로 275,0,00275,00000,2121003,2,11650,11650,반포동,,전월세,202502,2025-02-04,18,18.1,69706,0,전세
래미안퍼스티지,11650-3559,2009,25.03~27.02,,6,2,2025,"69,706",59.89,7,18-1,0,,,반포대로 275,0,00275,00000,2121003,2,11650,11650,반포동,,전월세,202502,2025-02-06,18,18.1,69706,0,전세
래미안퍼스티지,11650-3559,2009,25.04~27.04,갱신,6,2,2025,"94,500",59.96,26,18-1,0,"90,000",,반포대로 275,0,00275,00000,2121003,2,11650,11650,반포동,사용,전월세,202502,2025-02-06,18,18.1,94500,0,전세
래미안퍼스티지,11650-3559,2009,25.04~27.04,신규,7,2,2025,"290,000",168.65,9,18-1,0,,,반포대로 275,0,00275,00000,2121003,2,11650,11650,반포동,,전월세,202502,2025-02-07,51,51.0,290000,0,전세
래미안퍼스티지,11650-3559,2009,25.02~27.02,갱신,10,2,2025,"296,000",222.15,27,18-1,0,"276,000",,반포대로 275,0,00275,00000,2121003,2,11650,11650,반포동,,전월세,202502,2025-02-10,67,67.2,296000,0,전세
래미안퍼스티지,11650-3559,2009,25.03~27.03,신규,11,2,2025,"178,000",84.93,11,18-1,0,,,반포대로 275,0,00275,00000,2121003,2,11650,11650,반포동,,전월세,202502,2025-02-11,26,25.7,178000,0,전세
래미안퍼스티지,11650-3559,2009,25.04~27.04,신규,12,2,2025,"280,000",135.92,21,18-1,0,,,반포대로 275,0,00275,00000,2121003,2,11650,11650,반포동,,전월세,202502,2025-02-12,41,41.1,280000,0,전세
래미안퍼스티지,11650-3559,2009,25.03~27.03,갱신,17,2,2025,"167,000",84.93,14,18-1,0,"165,000",,반포대로 275,0,00275,00000,2121003,2,11650,11650,반포동,,전월세,202502,2025-02-17,26,25.7,167000,0,전세
래미안퍼스티지,11650-3559,2009,25.06~27.06,갱신,18,2,2025,"250,000",115.65,24,18-1,0,"240,000",,반포대로 275,0,00275,00000,2121003,2,11650,11650,반포동,사용,전월세,202502,2025-02-18,35,35.0,250000,0,전세
래미안퍼스티지,11650-3559,2009,25.03~27.03,갱신,22,2,2025,"147,000",84.93,13,18-1,0,"140,000",,반포대로 275,0,00275,00000,2121003,2,11650,11650,반포동,사용,전월세,202502,2025-02-22,26,25.7,147000,0,전세
래미안퍼스티지,11650-3559,2009,25.02~27.02,신규,26,2,2025,"180,000",84.93,10,18-1,0,,,반포대로 275,0,00275,00000,2121003,2,11650,11650,반포동,,전월세,202502,2025-02-26,26,25.7,180000,0,전세
래미안퍼스티지,11650-3559,2009,25.05~27.05,신규,28,2,2025,"175,000",84.93,6,18-1,0,,,반포대로 275,0,00275,00000,2121003,2,11650,11650,반포동,,전월세,202502,2025-02-28,26,25.7,175000,0,전세
래미안퍼스티지,11650-3559,2009,25.05~27.04,신규,1,3,2025,"108,000",59.96,27,18-1,0,,,반포대로 275,0,00275,00000,2121003,2,11650,11650,반포동,,전월세,202503,2025-03-01,18,18.1,108000,0,전세
래미안퍼스티지,11650-3559,2009,25.05~27.05,갱신,3,3,2025,"200,000",84.93,2,18-1,0,"200,000",,반포대로 275,0,00275,00000,2121003,2,11650,11650,반포동,사용,전월세,202503,2025-03-03,26,25.7,200000,0,전세
래미안퍼스티지,11650-3559,2009,25.06~27.06,신규,6,3,2025,"220,000",115.65,24,18-1,0,,,반포대로 275,0,00275,00000,2121003,2,11650,11650,반포동,,전월세,202503,2025-03-06,35,35.0,220000,0,전세
래미안퍼스티지,11650-3559,2009,25.06~26.06,갱신,7,3,2025,"100,000",59.96,2,18-1,0,"95,000",,반포대로 275,0,00275,00000,2121003,2,11650,11650,반포동,,전월세,202503,2025-03-07,18,18.1,100000,0,전세
래미안퍼스티지,11650-3559,2009,25.05~27.05,갱신,9,3,2025,"76,500",59.96,9,18-1,0,"73,000",,반포대로 275,0,00275,00000,2121003,2,11650,11650,반포동,사용,전월세,202503,2025-03-09,18,18.1,76500,0,전세
래미안퍼스티지,11650-3559,2009,25.04~27.04,신규,10,3,2025,"169,000",84.93,13,18-1,0,,,반포대로 275,0,00275,00000,2121003,2,11650,11650,반포동,,전월세,202503,2025-03-10,26,25.7,169000,0,전세
래미안퍼스티지,11650-3559,2009,25.05~27.05,신규,14,3,2025,"290,000",135.92,1,18-1,0,,,반포대로 275,0,00275,00000,2121003,2,11650,11650,반포동,,전월세,202503,2025-03-14,41,41.1,290000,0,전세
래미안퍼스티지,11650-3559,2009,25.07~31.07,신규,18,3,2025,"210,000",84.93,23,18-1,0,,,반포대로 275,0,00275,00000,2121003,2,11650,11650,반포동,,전월세,202503,2025-03-18,26,25.7,210000,0,전세
래미안퍼스티지,11650-3559,2009,25.05~27.05,신규,19,3,2025,"175,000",84.93,8,18-1,0,,,반포대로 275,0,00275,00000,2121003,2,11650,11650,반포동,,전월세,202503,2025-03-19,26,25.7,175000,0,전세
래미안퍼스티지,11650-3559,2009,25.05~27.05,신규,19,3,2025,"175,000",84.93,8,18-1,0,,,반포대로 275,0,00275,00000,2121003,2,11650,11650,반포동,,전월세,202503,2025-03-19,26,25.7,175000,0,전세
래미안퍼스티지,11650-3559,2009,25.04~27.03,신규,21,3,2025,"178,000",84.93,8,18-1,0,,,반포대로 275,0,00275,00000,2121003,2,11650,11650,반포동,,전월세,202503,2025-03-21,26,25.7,178000,0,전세
래미안퍼스티지,11650-3559,2009,25.03~27.03,갱신,21,3,2025,"136,500",84.93,8,18-1,0,"130,000",,반포대로 275,0,00275,00000,2121003,2,11650,11650,반포동,사용,전월세,202503,2025-03-21,26,25.7,136500,0,전세
래미안퍼스티지,11650-3559,2009,25.06~27.06,신규,22,3,2025,"150,000",59.89,24,18-1,0,,,반포대로 275,0,00275,00000,2121003,2,11650,11650,반포동,,전월세,202503,2025-03-22,18,18.1,150000,0,전세
래미안퍼스티지,11650-3559,2009,,,22,3,2025,"169,000",84.93,13,18-1,0,,,반포대로 275,0,00275,00000,2121003,2,11650,11650,반포동,,전월세,202503,2025-03-22,26,25.7,169000,0,전세
래미안퍼스티지,11650-3559,2009,25.05~27.05,신규,22,3,2025,"161,000",84.93,28,18-1,0,,,반포대로 275,0,00275,00000,2121003,2,11650,11650,반포동,,전월세,202503,2025-03-22,26,25.7,161000,0,전세
래미안퍼스티지,11650-3559,2009,25.05~27.05,신규,22,3,2025,"161,000",84.93,28,18-1,0,,,반포대로 275,0,00275,00000,2121003,2,11650,11650,반포동,,전월세,202503,2025-03-22,26,25.7,161000,0,전세
래미안퍼스티지,11650-3559,2009,25.05~26.01,신규,23,3,2025,"500,000",222.76,12,18-1,0,,,반포대로 275,0,00275,00000,2121003,2,11650,11650,반포동,,전월세,202503,2025-03-23,67,67.4,500000,0,전세
래미안퍼스티지,11650-3559,2009,25.04~27.04,갱신,25,3,2025,"145,000",59.89,11,18-1,0,"110,000",,반포대로 275,0,00275,00000,2121003,2,11650,11650,반포동,,전월세,202503,2025-03-25,18,18.1,145000,0,전세
래미안퍼스티지,11650-3559,2009,25.06~27.06,갱신,26,3,2025,"357,000",198.04,2,18-1,0,"340,000",,반포대로 275,0,00275,00000,2121003,2,11650,11650,반포동,사용,전월세,202503,2025-03-26,60,59.9,357000,0,전세
래미안퍼스티지,11650-3559,2009,25.06~27.06,신규,29,3,2025,"175,000",84.93,27,18-1,0,,,반포대로 275,0,00275,00000,2121003,2,11650,11650,반포동,,전월세,202503,2025-03-29,26,25.7,175000,0,전세
래미안퍼스티지,11650-3559,2009,25.04~27.04,갱신,30,3,2025,"135,000",84.85,3,18-1,0,"130,000",,반포대로 275,0,00275,00000,2121003,2,11650,11650,반포동,사용,전월세,202503,2025-03-30,26,25.7,135000,0,전세
래미안퍼스티지,11650-3559,2009,25.05~27.05,갱신,4,4,2025,"141,700",84.76,10,18-1,0,"135,000",,반포대로 275,0,00275,00000,2121003,2,11650,11650,반포동,사용,전월세,202504,2025-04-04,26,25.6,141700,0,전세
래미안퍼스티지,11650-3559,2009,25.05~27.05,신규,5,4,2025,"150,000",59.89,20,18-1,0,,,반포대로 275,0,00275,00000,2121003,2,11650,11650,반포동,,전월세,202504,2025-04-05,18,18.1,150000,0,전세
래미안퍼스티지,11650-3559,2009,25.05~27.05,갱신,11,4,2025,"294,000",198.04,13,18-1,0,"280,000",,반포대로 275,0,00275,00000,2121003,2,11650,11650,반포동,사용,전월세,202504,2025-04-11,60,59.9,294000,0,전세
래미안퍼스티지,11650-3559,2009,25.04~25.10,신규,11,4,2025,"320,000",198.04,8,18-1,0,,,반포대로 275,0,00275,00000,2121003,2,11650,11650,반포동,,전월세,202504,2025-04-11,60,59.9,320000,0,전세
래미안퍼스티지,11650-3559,2009,25.04~27.04,신규,11,4,2025,"300,000",198.22,21,18-1,0,,,반포대로 275,0,00275,00000,2121003,2,11650,11650,반포동,,전월세,202504,2025-04-11,60,60.0,300000,0,전세
래미안퍼스티지,11650-3559,2009,25.05~27.04,,14,4,2025,"87,974",59.89,3,18-1,0,,,반포대로 275,0,00275,00000,2121003,2,11650,11650,반포동,,전월세,202504,2025-04-14,18,18.1,87974,0,전세
래미안퍼스티지,11650-3559,2009,25.05~27.05,갱신,17,4,2025,"136,000",84.93,9,18-1,0,"126,000",,반포대로 275,0,00275,00000,2121003,2,11650,11650,반포동,,전월세,202504,2025-04-17,26,25.7,136000,0,전세
래미안퍼스티지,11650-3559,2009,25.06~27.06,갱신,18,4,2025,"147,000",84.76,18,18-1,0,"140,000",,반포대로 275,0,00275,00000,2121003,2,11650,11650,반포동,사용,전월세,202504,2025-04-18,26,25.6,147000,0,전세
래미안퍼스티지,11650-3559,2009,25.06~27.06,갱신,18,4,2025,"147,000",84.76,18,18-1,0,"140,000",,반포대로 275,0,00275,00000,2121003,2,11650,11650,반포동,,전월세,202504,2025-04-18,26,25.6,147000,0,전세
래미안퍼스티지,11650-3559,2009,25.06~27.06,갱신,18,4,2025,"147,000",84.85,18,18-1,0,"140,000",,반포대로 275,0,00275,00000,2121003,2,11650,11650,반포동,사용,전월세,202504,2025-04-18,26,25.7,147000,0,전세
래미안퍼스티지,11650-3559,2009,25.04~27.01,신규,24,4,2025,"180,000",84.93,9,18-1,0,,,반포대로 275,0,00275,00000,2121003,2,11650,11650,반포동,,전월세,202504,2025-04-24,26,25.7,180000,0,전세
래미안퍼스티지,11650-3559,2009,25.07~27.07,신규,25,4,2025,"210,000",115.65,22,18-1,0,,,반포대로 275,0,00275,00000,2121003,2,11650,11650,반포동,,전월세,202504,2025-04-25,35,35.0,210000,0,전세
래미안퍼스티지,11650-3559,2009,25.06~27.06,신규,26,4,2025,"178,000",84.93,5,18-1,0,,,반포대로 275,0,00275,00000,2121003,2,11650,11650,반포동,,전월세,202504,2025-04-26,26,25.7,178000,0,전세
래미안퍼스티지,11650-3559,2009,25.06~27.06,신규,1,5,2025,"225,000",84.93,16,18-1,0,,,반포대로 275,0,00275,00000,2121003,2,11650,11650,반포동,,전월세,202505,2025-05-01,26,25.7,225000,0,전세
래미안퍼스티지,11650-3559,2009,25.05~27.07,신규,2,5,2025,"165,000",84.93,13,18-1,0,,,반포대로 275,0,00275,00000,2121003,2,11650,11650,반포동,,전월세,202505,2025-05-02,26,25.7,165000,0,전세
래미안퍼스티지,11650-3559,2009,25.06~27.05,,9,5,2025,"93,592",84.93,4,18-1,0,,,반포대로 275,0,00275,00000,2121003,2,11650,11650,반포동,,전월세,202505,2025-05-09,26,25.7,93592,0,전세
래미안퍼스티지,11650-3559,2009,25.07~27.07,신규,10,5,2025,"150,000",59.89,28,18-1,0,,,반포대로 275,0,00275,00000,2121003,2,11650,11650,반포동,,전월세,202505,2025-05-10,18,18.1,150000,0,전세
래미안퍼스티지,11650-3559,2009,25.07~27.07,갱신,13,5,2025,"357,000",198.04,8,18-1,0,"340,000",,반포대로 275,0,00275,00000,2121003,2,11650,11650,반포동,,전월세,202505,2025-05-13,60,59.9,357000,0,전세
래미안퍼스티지,11650-3559,2009,25.07~26.08,갱신,16,5,2025,"380,000",222.76,7,18-1,0,"360,000",,반포대로 275,0,00275,00000,2121003,2,11650,11650,반포동,,전월세,202505,2025-05-16,67,67.4,380000,0,전세
래미안퍼스티지,11650-3559,2009,25.08~27.08,갱신,18,5,2025,"225,500",135.92,24,18-1,0,"215,000",,반포대로 275,0,00275,00000,2121003,2,11650,11650,반포동,사용,전월세,202505,2025-05-18,41,41.1,225500,0,전세
래미안퍼스티지,11650-3559,2009,25.07~27.08,갱신,22,5,2025,"170,000",84.93,13,18-1,0,"155,000",,반포대로 275,0,00275,00000,2121003,2,11650,11650,반포동,,전월세,202505,2025-05-22,26,25.7,170000,0,전세
래미안퍼스티지,11650-3559,2009,25.05~27.05,신규,22,5,2025,"160,000",84.93,10,18-1,0,,,반포대로 275,0,00275,00000,2121003,2,11650,11650,반포동,,전월세,202505,2025-05-22,26,25.7,160000,0,전세
래미안퍼스티지,11650-3559,2009,25.06~27.06,갱신,24,5,2025,"88,725",59.96,2,18-1,0,"84,500",,반포대로 275,0,00275,00000,2121003,2,11650,11650,반포동,사용,전월세,202505,2025-05-24,18,18.1,88725,0,전세
래미안퍼스티지,11650-3559,2009,25.05~26.01,갱신,26,5,2025,"170,000",84.93,14,18-1,0,"170,000",,반포대로 275,0,00275,00000,2121003,2,11650,11650,반포동,사용,전월세,202505,2025-05-26,26,25.7,170000,0,전세
래미안퍼스티지,11650-3559,2009,25.07~27.07,신규,27,5,2025,"390,000",222.76,8,18-1,0,,,반포대로 275,0,00275,00000,2121003,2,11650,11650,반포동,,전월세,202505,2025-05-27,67,67.4,390000,0,전세
래미안퍼스티지,11650-3559,2009,25.06~27.06,갱신,31,5,2025,"168,000",84.93,13,18-1,0,"160,000",,반포대로 275,0,00275,00000,2121003,2,11650,11650,반포동,사용,전월세,202505,2025-05-31,26,25.7,168000,0,전세
래미안퍼스티지,11650-3559,2009,25.08~27.08,신규,4,6,2025,"175,000",84.93,15,18-1,0,,,반포대로 275,0,00275,00000,2121003,2,11650,11650,반포동,,전월세,202506,2025-06-04,26,25.7,175000,0,전세
래미안퍼스티지,11650-3559,2009,25.08~27.08,갱신,7,6,2025,"360,000",222.76,16,18-1,0,"350,000",,반포대로 275,0,00275,00000,2121003,2,11650,11650,반포동,사용,전월세,202506,2025-06-07,67,67.4,360000,0,전세
래미안퍼스티지,11650-3559,2009,25.06~27.04,신규,10,6,2025,"169,000",84.93,13,18-1,0,,,반포대로 275,0,00275,00000,2121003,2,11650,11650,반포동,,전월세,202506,2025-06-10,26,25.7,169000,0,전세
래미안퍼스티지,11650-3559,2009,25.08~27.08,갱신,11,6,2025,"147,000",84.93,26,18-1,0,"140,000",,반포대로 275,0,00275,00000,2121003,2,11650,11650,반포동,사용,전월세,202506,2025-06-11,26,25.7,147000,0,전세
래미안퍼스티지,11650-3559,2009,25.06~27.06,갱신,12,6,2025,"147,000",84.93,8,18-1,0,"140,000",,반포대로 275,0,00275,00000,2121003,2,11650,11650,반포동,사용,전월세,202506,2025-06-12,26,25.7,147000,0,전세
래미안퍼스티지,11650-3559,2009,25.07~27.06,,12,6,2025,"73,051",84.93,6,18-1,0,,,반포대로 275,0,00275,00000,2121003,2,11650,11650,반포동,,전월세,202506,2025-06-12,26,25.7,73051,0,전세
래미안퍼스티지,11650-3559,2009,25.08~27.08,신규,13,6,2025,"163,000",84.93,18,18-1,0,,,반포대로 275,0,00275,00000,2121003,2,11650,11650,반포동,,전월세,202506,2025-06-13,26,25.7,163000,0,전세
래미안퍼스티지,11650-3559,2009,25.08~27.08,신규,14,6,2025,"199,000",84.93,13,18-1,0,,,반포대로 275,0,00275,00000,2121003,2,11650,11650,반포동,,전월세,202506,2025-06-14,26,25.7,199000,0,전세
래미안퍼스티지,11650-3559,2009,25.08~27.08,신규,18,6,2025,"199,000",84.93,13,18-1,0,,,반포대로 275,0,00275,00000,2121003,2,11650,11650,반포동,,전월세,202506,2025-06-18,26,25.7,199000,0,전세
래미안퍼스티지,11650-3559,2009,25.08~27.08,신규,18,6,2025,"199,000",84.93,13,18-1,0,,,반포대로 275,0,00275,00000,2121003,2,11650,11650,반포동,,전월세,202506,2025-06-18,26,25.7,199000,0,전세
래미안퍼스티지,11650-3559,2009,,,21,6,2025,"115,000",84.93,25,18-1,0,,,반포대로 275,0,00275,00000,2121003,2,11650,11650,반포동,,전월세,202506,2025-06-21,26,25.7,115000,0,전세
래미안퍼스티지,11650-3559,2009,25.07~28.07,신규,22,6,2025,"127,000",59.96,1,18-1,0,,,반포대로 275,0,00275,00000,2121003,2,11650,11650,반포동,,전월세,202506,2025-06-22,18,18.1,127000,0,전세
래미안퍼스티지,11650-3559,2009,25.09~26.09,신규,23,6,2025,"145,000",59.96,30,18-1,0,,,반포대로 275,0,00275,00000,2121003,2,11650,11650,반포동,,전월세,202506,2025-06-23,18,18.1,145000,0,전세
래미안퍼스티지,11650-3559,2009,25.08~27.08,갱신,27,6,2025,"290,000",168.65,21,18-1,0,"270,000",,반포대로 275,0,00275,00000,2121003,2,11650,11650,반포동,,전월세,202506,2025-06-27,51,51.0,290000,0,전세
래미안퍼스티지,11650-3559,2009,25.08~27.08,신규,28,6,2025,"350,000",222.76,3,18-1,0,,,반포대로 275,0,00275,00000,2121003,2,11650,11650,반포동,,전월세,202506,2025-06-28,67,67.4,350000,0,전세
래미안퍼스티지,11650-3559,2009,25.09~26.09,신규,28,6,2025,"145,000",59.96,30,18-1,0,,,반포대로 275,0,00275,00000,2121003,2,11650,11650,반포동,,전월세,202506,2025-06-28,18,18.1,145000,0,전세
래미안퍼스티지,11650-3559,2009,25.08~27.08,신규,30,6,2025,"180,000",84.93,18,18-1,0,,,반포대로 275,0,00275,00000,2121003,2,11650,11650,반포동,,전월세,202506,2025-06-30,26,25.7,180000,0,전세
래미안퍼스티지,11650-3559,2009,25.06~25.12,신규,30,6,2025,"180,000",84.93,6,18-1,0,,,반포대로 275,0,00275,00000,2121003,2,11650,11650,반포동,,전월세,202506,2025-06-30,26,25.7,180000,0,전세
래미안퍼스티지,11650-3559,2009,25.09~27.09,갱신,4,7,2025,"270,000",135.92,10,18-1,0,"220,000",,반포대로 275,0,00275,00000,2121003,2,11650,11650,반포동,,전월세,202507,2025-07-04,41,41.1,270000,0,전세
래미안퍼스티지,11650-3559,2009,25.08~26.08,갱신,4,7,2025,"141,700",84.93,31,18-1,0,"135,000",,반포대로 275,0,00275,00000,2121003,2,11650,11650,반포동,사용,전월세,202507,2025-07-04,26,25.7,141700,0,전세
래미안퍼스티지,11650-3559,2009,25.10~27.10,갱신,5,7,2025,"111,300",59.89,7,18-1,0,"106,000",,반포대로 275,0,00275,00000,2121003,2,11650,11650,반포동,사용,전월세,202507,2025-07-05,18,18.1,111300,0,전세
래미안퍼스티지,11650-3559,2009,25.07~26.04,신규,10,7,2025,"120,000",59.96,25,18-1,0,,,반포대로 275,0,00275,00000,2121003,2,11650,11650,반포동,,전월세,202507,2025-07-10,18,18.1,120000,0,전세
래미안퍼스티지,11650-3559,2009,25.08~29.08,신규,11,7,2025,"340,000",198.22,7,18-1,0,,,반포대로 275,0,00275,00000,2121003,2,11650,11650,반포동,,전월세,202507,2025-07-11,60,60.0,340000,0,전세
래미안퍼스티지,11650-3559,2009,25.07~27.07,갱신,11,7,2025,"168,000",84.93,27,18-1,0,"160,000",,반포대로 275,0,00275,00000,2121003,2,11650,11650,반포동,사용,전월세,202507,2025-07-11,26,25.7,168000,0,전세
래미안퍼스티지,11650-3559,2009,25.08~27.08,갱신,11,7,2025,"170,000",84.93,29,18-1,0,"170,000",,반포대로 275,0,00275,00000,2121003,2,11650,11650,반포동,사용,전월세,202507,2025-07-11,26,25.7,170000,0,전세
래미안퍼스티지,11650-3559,2009,25.08~27.08,신규,12,7,2025,"145,000",59.89,22,18-1,0,,,반포대로 275,0,00275,00000,2121003,2,11650,11650,반포동,,전월세,202507,2025-07-12,18,18.1,145000,0,전세
래미안퍼스티지,11650-3559,2009,25.08~27.08,갱신,12,7,2025,"165,000",84.93,18,18-1,0,"135,000",,반포대로 275,0,00275,00000,2121003,2,11650,11650,반포동,,전월세,202507,2025-07-12,26,25.7,165000,0,전세
래미안퍼스티지,11650-3559,2009,25.11~27.11,신규,14,7,2025,"450,000",222.76,12,18-1,0,,,반포대로 275,0,00275,00000,2121003,2,11650,11650,반포동,,전월세,202507,2025-07-14,67,67.4,450000,0,전세
래미안퍼스티지,11650-3559,2009,25.07~27.07,신규,15,7,2025,"280,000",135.92,20,18-1,0,,,반포대로 275,0,00275,00000,2121003,2,11650,11650,반포동,,전월세,202507,2025-07-15,41,41.1,280000,0,전세
래미안퍼스티지,11650-3559,2009,25.09~27.09,신규,15,7,2025,"350,000",198.04,25,18-1,0,,,반포대로 275,0,00275,00000,2121003,2,11650,11650,반포동,,전월세,202507,2025-07-15,60,59.9,350000,0,전세
래미안퍼스티지,11650-3559,2009,25.07~29.07,신규,15,7,2025,"175,000",84.93,16,18-1,0,,,반포대로 275,0,00275,00000,2121003,2,11650,11650,반포동,,전월세,202507,2025-07-15,26,25.7,175000,0,전세
래미안퍼스티지,11650-3559,2009,25.08~27.07,,16,7,2025,"49,101",59.98,2,18-1,0,,,반포대로 275,0,00275,00000,2121003,2,11650,11650,반포동,,전월세,202507,2025-07-16,18,18.1,49101,0,전세
래미안퍼스티지,11650-3559,2009,25.08~27.08,갱신,19,7,2025,"147,000",84.93,14,18-1,0,"140,000",,반포대로 275,0,00275,00000,2121003,2,11650,11650,반포동,사용,전월세,202507,2025-07-19,26,25.7,147000,0,전세
래미안퍼스티지,11650-3559,2009,25.08~27.07,갱신,24,7,2025,"49,101",59.98,2,18-1,0,"46,763",,반포대로 275,0,00275,00000,2121003,2,11650,11650,반포동,사용,전월세,202507,2025-07-24,18,18.1,49101,0,전세
래미안퍼스티지,11650-3559,2009,25.07~26.04,신규,25,7,2025,"37,955",59.96,3,18-1,0,,,반포대로 275,0,00275,00000,2121003,2,11650,11650,반포동,,전월세,202507,2025-07-25,18,18.1,37955,0,전세
래미안퍼스티지,11650-3559,2009,25.07~27.07,갱신,26,7,2025,"136,500",84.85,24,18-1,0,"130,000",,반포대로 275,0,00275,00000,2121003,2,11650,11650,반포동,사용,전월세,202507,2025-07-26,26,25.7,136500,0,전세
래미안퍼스티지,11650-3559,2009,25.10~27.10,갱신,2,8,2025,"138,600",84.93,21,18-1,0,"132,000",,반포대로 275,0,00275,00000,2121003,2,11650,11650,반포동,사용,전월세,202508,2025-08-02,26,25.7,138600,0,전세
래미안퍼스티지,11650-3559,2009,25.10~27.10,갱신,4,8,2025,"350,000",222.76,22,18-1,0,"274,680",70,반포대로 275,0,00275,00000,2121003,2,11650,11650,반포동,,전월세,202508,2025-08-04,67,67.4,350000,0,전세
래미안퍼스티지,11650-3559,2009,25.09~27.09,신규,4,8,2025,"140,000",59.98,19,18-1,0,,,반포대로 275,0,00275,00000,2121003,2,11650,11650,반포동,,전월세,202508,2025-08-04,18,18.1,140000,0,전세
래미안퍼스티지,11650-3559,2009,25.08~27.08,갱신,6,8,2025,"230,000",136.65,6,18-1,0,"175,000",90,반포대로 275,0,00275,00000,2121003,2,11650,11650,반포동,,전월세,202508,2025-08-06,41,41.3,230000,0,전세
래미안퍼스티지,11650-3559,2009,25.10~27.10,갱신,8,8,2025,"115,500",59.89,24,18-1,0,"110,000",,반포대로 275,0,00275,00000,2121003,2,11650,11650,반포동,사용,전월세,202508,2025-08-08,18,18.1,115500,0,전세
래미안퍼스티지,11650-3559,2009,25.09~27.08,,8,8,2025,"87,974",84.93,4,18-1,0,,,반포대로 275,0,00275,00000,2121003,2,11650,11650,반포동,,전월세,202508,2025-08-08,26,25.7,87974,0,전세
래미안퍼스티지,11650-3559,2009,25.11~27.11,갱신,9,8,2025,"155,000",84.93,10,18-1,0,"135,000",,반포대로 275,0,00275,00000,2121003,2,11650,11650,반포동,,전월세,202508,2025-08-09,26,25.7,155000,0,전세
래미안퍼스티지,11650-3559,2009,25.09~27.08,,13,8,2025,"49,101",59.89,18,18-1,0,,,반포대로 275,0,00275,00000,2121003,2,11650,11650,반포동,,전월세,202508,2025-08-13,18,18.1,49101,0,전세
래미안퍼스티지,11650-3559,2009,25.10~27.10,신규,20,8,2025,"165,000",84.93,20,18-1,0,,,반포대로 275,0,00275,00000,2121003,2,11650,11650,반포동,,전월세,202508,2025-08-20,26,25.7,165000,0,전세
래미안퍼스티지,11650-3559,2009,25.12~27.12,신규,21,8,2025,"255,000",115.65,18,18-1,0,,,반포대로 275,0,00275,00000,2121003,2,11650,11650,반포동,,전월세,202508,2025-08-21,35,35.0,255000,0,전세
래미안퍼스티지,11650-3559,2009,25.11~27.11,갱신,21,8,2025,"99,750",59.96,1,18-1,0,"95,000",,반포대로 275,0,00275,00000,2121003,2,11650,11650,반포동,사용,전월세,202508,2025-08-21,18,18.1,99750,0,전세
래미안퍼스티지,11650-3559,2009,25.11~27.11,갱신,23,8,2025,"231,000",117.12,18,18-1,0,"220,000",,반포대로 275,0,00275,00000,2121003,2,11650,11650,반포동,사용,전월세,202508,2025-08-23,35,35.4,231000,0,전세
래미안퍼스티지,11650-3559,2009,25.09~27.09,갱신,2,9,2025,"157,500",84.93,7,18-1,0,"150,000",,반포대로 275,0,00275,00000,2121003,2,11650,11650,반포동,사용,전월세,202509,2025-09-02,26,25.7,157500,0,전세
래미안퍼스티지,11650-3559,2009,25.11~27.11,갱신,5,9,2025,"220,000",117.12,25,18-1,0,"200,000",,반포대로 275,0,00275,00000,2121003,2,11650,11650,반포동,,전월세,202509,2025-09-05,35,35.4,220000,0,전세
래미안퍼스티지,11650-3559,2009,25.11~27.11,갱신,6,9,2025,"294,000",168.65,4,18-1,0,"280,000",,반포대로 275,0,00275,00000,2121003,2,11650,11650,반포동,사용,전월세,202509,2025-09-06,51,51.0,294000,0,전세
래미안퍼스티지,11650-3559,2009,25.10~27.10,갱신,6,9,2025,"152,200",84.93,10,18-1,0,"145,000",,반포대로 275,0,00275,00000,2121003,2,11650,11650,반포동,사용,전월세,202509,2025-09-06,26,25.7,152200,0,전세
래미안퍼스티지,11650-3559,2009,25.09~27.09,갱신,9,9,2025,"279,000",168.65,15,18-1,0,"259,000",,반포대로 275,0,00275,00000,2121003,2,11650,11650,반포동,,전월세,202509,2025-09-09,51,51.0,279000,0,전세
래미안퍼스티지,11650-3559,2009,25.10~27.10,갱신,10,9,2025,"170,000",84.93,20,18-1,0,"150,000",,반포대로 275,0,00275,00000,2121003,2,11650,11650,반포동,,전월세,202509,2025-09-10,26,25.7,170000,0,전세
래미안퍼스티지,11650-3559,2009,25.11~27.11,갱신,11,9,2025,"115,500",59.96,25,18-1,0,"110,000",,반포대로 275,0,00275,00000,2121003,2,11650,11650,반포동,사용,전월세,202509,2025-09-11,18,18.1,115500,0,전세
래미안퍼스티지,11650-3559,2009,25.11~27.11,갱신,12,9,2025,"147,000",84.93,26,18-1,0,"140,000",,반포대로 275,0,00275,00000,2121003,2,11650,11650,반포동,사용,전월세,202509,2025-09-12,26,25.7,147000,0,전세
래미안퍼스티지,11650-3559,2009,25.12~27.12,갱신,13,9,2025,"241,500",136.65,16,18-1,0,"230,000",,반포대로 275,0,00275,00000,2121003,2,11650,11650,반포동,사용,전월세,202509,2025-09-13,41,41.3,241500,0,전세
래미안퍼스티지,11650-3559,2009,25.11~27.11,신규,16,9,2025,"160,000",84.93,8,18-1,0,,,반포대로 275,0,00275,00000,2121003,2,11650,11650,반포동,,전월세,202509,2025-09-16,26,25.7,160000,0,전세
래미안퍼스티지,11650-3559,2009,25.11~27.11,신규,17,9,2025,"125,000",59.98,7,18-1,0,,,반포대로 275,0,00275,00000,2121003,2,11650,11650,반포동,,전월세,202509,2025-09-17,18,18.1,125000,0,전세
래미안퍼스티지,11650-3559,2009,25.10~27.10,갱신,18,9,2025,"141,000",84.93,19,18-1,0,"140,000",,반포대로 275,0,00275,00000,2121003,2,11650,11650,반포동,사용,전월세,202509,2025-09-18,26,25.7,141000,0,전세
래미안퍼스티지,11650-3559,2009,25.10~27.10,갱신,18,9,2025,"136,500",84.93,11,18-1,0,"130,000",,반포대로 275,0,00275,00000,2121003,2,11650,11650,반포동,사용,전월세,202509,2025-09-18,26,25.7,136500,0,전세
래미안퍼스티지,11650-3559,2009,25.09~27.09,갱신,19,9,2025,"118,600",59.89,22,18-1,0,"113,000",,반포대로 275,0,00275,00000,2121003,2,11650,11650,반포동,사용,전월세,202509,2025-09-19,18,18.1,118600,0,전세
래미안퍼스티지,11650-3559,2009,25.09~27.09,신규,20,9,2025,"170,000",84.93,21,18-1,0,,,반포대로 275,0,00275,00000,2121003,2,11650,11650,반포동,,전월세,202509,2025-09-20,26,25.7,170000,0,전세
래미안퍼스티지,11650-3559,2009,25.11~27.11,신규,22,9,2025,"380,000",222.76,14,18-1,0,,,반포대로 275,0,00275,00000,2121003,2,11650,11650,반포동,,전월세,202509,2025-09-22,67,67.4,380000,0,전세
래미안퍼스티지,11650-3559,2009,25.12~27.12,신규,26,9,2025,"170,000",84.76,13,18-1,0,,,반포대로 275,0,00275,00000,2121003,2,11650,11650,반포동,,전월세,202509,2025-09-26,26,25.6,170000,0,전세
래미안퍼스티지,11650-3559,2009,25.10~27.10,갱신,2,10,2025,"35,226",59.89,10,18-1,0,"31,703",,반포대로 275,0,00275,00000,2121003,2,11650,11650,반포동,,전월세,202510,2025-10-02,18,18.1,35226,0,전세
래미안퍼스티지,11650-3559,2009,25.11~27.10,,10,10,2025,"87,974",84.93,3,18-1,0,,,반포대로 275,0,00275,00000,2121003,2,11650,11650,반포동,,전월세,202510,2025-10-10,26,25.7,87974,0,전세
래미안퍼스티지,11650-3559,2009,25.10~27.10,갱신,13,10,2025,"35,226",59.89,29,18-1,0,"31,703",,반포대로 275,0,00275,00000,2121003,2,11650,11650,반포동,,전월세,202510,2025-10-13,18,18.1,35226,0,전세
래미안퍼스티지,11650-3559,2009,25.10~27.10,갱신,13,10,2025,"35,226",59.89,27,18-1,0,"31,703",,반포대로 275,0,00275,00000,2121003,2,11650,11650,반포동,,전월세,202510,2025-10-13,18,18.1,35226,0,전세
래미안퍼스티지,11650-3559,2009,25.11~27.11,갱신,14,10,2025,"105,000",59.89,19,18-1,0,"100,000",,반포대로 275,0,00275,00000,2121003,2,11650,11650,반포동,사용,전월세,202510,2025-10-14,18,18.1,105000,0,전세
래미안퍼스티지,11650-3559,2009,25.10~27.10,갱신,15,10,2025,"35,226",59.89,20,18-1,0,"33,549",,반포대로 275,0,00275,00000,2121003,2,11650,11650,반포동,,전월세,202510,2025-10-15,18,18.1,35226,0,전세
래미안퍼스티지,11650-3559,2009,25.10~27.10,갱신,15,10,2025,"35,226",59.89,6,18-1,0,"33,549",,반포대로 275,0,00275,00000,2121003,2,11650,11650,반포동,,전월세,202510,2025-10-15,18,18.1,35226,0,전세
래미안퍼스티지,11650-3559,2009,25.10~27.10,갱신,15,10,2025,"35,226",59.89,28,18-1,0,"33,549",,반포대로 275,0,00275,00000,2121003,2,11650,11650,반포동,,전월세,202510,2025-10-15,18,18.1,35226,0,전세
래미안퍼스티지,11650-3559,2009,25.10~27.10,갱신,15,10,2025,"35,226",59.89,12,18-1,0,"33,549",,반포대로 275,0,00275,00000,2121003,2,11650,11650,반포동,,전월세,202510,2025-10-15,18,18.1,35226,0,전세
래미안퍼스티지,11650-3559,2009,25.10~27.10,갱신,15,10,2025,"35,226",59.96,20,18-1,0,"33,549",,반포대로 275,0,00275,00000,2121003,2,11650,11650,반포동,,전월세,202510,2025-10-15,18,18.1,35226,0,전세
래미안퍼스티지,11650-3559,2009,25.10~27.10,갱신,15,10,2025,"35,226",59.96,29,18-1,0,"33,549",,반포대로 275,0,00275,00000,2121003,2,11650,11650,반포동,,전월세,202510,2025-10-15,18,18.1,35226,0,전세
래미안퍼스티지,11650-3559,2009,25.10~27.10,갱신,15,10,2025,"47,254",84.76,3,18-1,0,"45,004",,반포대로 275,0,00275,00000,2121003,2,11650,11650,반포동,,전월세,202510,2025-10-15,26,25.6,47254,0,전세
래미안퍼스티지,11650-3559,2009,25.10~27.10,갱신,15,10,2025,"47,254",84.85,10,18-1,0,"45,004",,반포대로 275,0,00275,00000,2121003,2,11650,11650,반포동,,전월세,202510,2025-10-15,26,25.7,47254,0,전세
래미안퍼스티지,11650-3559,2009,25.10~27.10,갱신,16,10,2025,"35,226",59.89,18,18-1,0,"33,549",,반포대로 275,0,00275,00000,2121003,2,11650,11650,반포동,,전월세,202510,2025-10-16,18,18.1,35226,0,전세
래미안퍼스티지,11650-3559,2009,25.10~27.10,갱신,16,10,2025,"35,226",59.96,4,18-1,0,"33,549",,반포대로 275,0,00275,00000,2121003,2,11650,11650,반포동,,전월세,202510,2025-10-16,18,18.1,35226,0,전세
래미안퍼스티지,11650-3559,2009,25.10~27.10,갱신,16,10,2025,"35,226",59.96,12,18-1,0,"35,226",,반포대로 275,0,00275,00000,2121003,2,11650,11650,반포동,,전월세,202510,2025-10-16,18,18.1,35226,0,전세
래미안퍼스티지,11650-3559,2009,25.10~27.10,갱신,17,10,2025,"35,226",59.96,8,18-1,0,"33,549",,반포대로 275,0,00275,00000,2121003,2,11650,11650,반포동,,전월세,202510,2025-10-17,18,18.1,35226,0,전세
래미안퍼스티지,11650-3559,2009,25.10~27.10,갱신,20,10,2025,"35,226",59.96,5,18-1,0,"31,703",,반포대로 275,0,00275,00000,2121003,2,11650,11650,반포동,,전월세,202510,2025-10-20,18,18.1,35226,0,전세
래미안퍼스티지,11650-3559,2009,25.10~27.10,갱신,20,10,2025,"47,254",84.76,3,18-1,0,"45,004",,반포대로 275,0,00275,00000,2121003,2,11650,11650,반포동,,전월세,202510,2025-10-20,26,25.6,47254,0,전세
래미안퍼스티지,11650-3559,2009,25.12~27.12,신규,20,10,2025,"170,000",84.93,21,18-1,0,,,반포대로 275,0,00275,00000,2121003,2,11650,11650,반포동,,전월세,202510,2025-10-20,26,25.7,170000,0,전세
래미안퍼스티지,11650-3559,2009,25.10~27.10,갱신,21,10,2025,"35,226",59.98,3,18-1,0,"34,521",,반포대로 275,0,00275,00000,2121003,2,11650,11650,반포동,,전월세,202510,2025-10-21,18,18.1,35226,0,전세
래미안퍼스티지,11650-3559,2009,25.10~27.10,갱신,22,10,2025,"35,226",59.89,25,18-1,0,"33,549",,반포대로 275,0,00275,00000,2121003,2,11650,11650,반포동,,전월세,202510,2025-10-22,18,18.1,35226,0,전세
래미안퍼스티지,11650-3559,2009,25.10~27.10,갱신,24,10,2025,"35,226",59.89,23,18-1,0,"33,549",,반포대로 275,0,00275,00000,2121003,2,11650,11650,반포동,,전월세,202510,2025-10-24,18,18.1,35226,0,전세
래미안퍼스티지,11650-3559,2009,25.10~27.10,갱신,24,10,2025,"150,150",84.93,24,18-1,0,"143,000",,반포대로 275,0,00275,00000,2121003,2,11650,11650,반포동,,전월세,202510,2025-10-24,26,25.7,150150,0,전세
래미안퍼스티지,11650-3559,2009,25.10~27.10,갱신,25,10,2025,"252,000",135.92,6,18-1,0,"240,000",,반포대로 275,0,00275,00000,2121003,2,11650,11650,반포동,사용,전월세,202510,2025-10-25,41,41.1,252000,0,전세
래미안퍼스티지,11650-3559,2009,25.12~27.12,갱신,25,10,2025,"120,750",59.96,9,18-1,0,"115,000",,반포대로 275,0,00275,00000,2121003,2,11650,11650,반포동,사용,전월세,202510,2025-10-25,18,18.1,120750,0,전세
래미안퍼스티지,11650-3559,2009,,,27,10,2025,"35,226",59.96,16,18-1,0,,,반포대로 275,0,00275,00000,2121003,2,11650,11650,반포동,,전월세,202510,2025-10-27,18,18.1,35226,0,전세
래미안퍼스티지,11650-3559,2009,25.10~27.10,갱신,27,10,2025,"35,226",59.96,14,18-1,0,"33,549",,반포대로 275,0,00275,00000,2121003,2,11650,11650,반포동,,전월세,202510,2025-10-27,18,18.1,35226,0,전세
래미안퍼스티지,11650-3559,2009,25.10~27.10,갱신,27,10,2025,"47,254",84.85,26,18-1,0,"45,004",,반포대로 275,0,00275,00000,2121003,2,11650,11650,반포동,,전월세,202510,2025-10-27,26,25.7,47254,0,전세
래미안퍼스티지,11650-3559,2009,25.10~27.10,갱신,27,10,2025,"157,500",84.93,25,18-1,0,"150,000",,반포대로 275,0,00275,00000,2121003,2,11650,11650,반포동,사용,전월세,202510,2025-10-27,26,25.7,157500,0,전세
래미안퍼스티지,11650-3559,2009,26.01~28.01,갱신,31,10,2025,"154,350",84.93,9,18-1,0,"147,000",,반포대로 275,0,00275,00000,2121003,2,11650,11650,반포동,사용,전월세,202510,2025-10-31,26,25.7,154350,0,전세
래미안퍼스티지,11650-3559,2009,25.11~27.10,갱신,31,10,2025,"47,254",84.93,2,18-1,0,"45,004",,반포대로 275,0,00275,00000,2121003,2,11650,11650,반포동,,전월세,202510,2025-10-31,26,25.7,47254,0,전세
래미안퍼스티지,11650-3559,2009,26.01~28.01,신규,3,11,2025,"150,000",59.96,19,18-1,0,,,반포대로 275,0,00275,00000,2121003,2,11650,11650,반포동,,전월세,202511,2025-11-03,18,18.1,150000,0,전세
래미안퍼스티지,11650-3559,2009,25.12~27.12,갱신,3,11,2025,"168,000",84.93,8,18-1,0,"160,000",,반포대로 275,0,00275,00000,2121003,2,11650,11650,반포동,사용,전월세,202511,2025-11-03,26,25.7,168000,0,전세
래미안퍼스티지,11650-3559,2009,26.01~28.01,신규,4,11,2025,"320,000",169.31,17,18-1,0,,,반포대로 275,0,00275,00000,2121003,2,11650,11650,반포동,,전월세,202511,2025-11-04,51,51.2,320000,0,전세
래미안퍼스티지,11650-3559,2009,26.01~28.01,신규,5,11,2025,"400,000",198.04,15,18-1,0,,,반포대로 275,0,00275,00000,2121003,2,11650,11650,반포동,,전월세,202511,2025-11-05,60,59.9,400000,0,전세
래미안퍼스티지,11650-3559,2009,26.01~28.01,신규,5,11,2025,"430,000",222.76,20,18-1,0,,,반포대로 275,0,00275,00000,2121003,2,11650,11650,반포동,,전월세,202511,2025-11-05,67,67.4,430000,0,전세
래미안퍼스티지,11650-3559,2009,25.12~27.12,신규,9,11,2025,"160,000",84.93,10,18-1,0,,,반포대로 275,0,00275,00000,2121003,2,11650,11650,반포동,,전월세,202511,2025-11-09,26,25.7,160000,0,전세
래미안퍼스티지,11650-3559,2009,26.01~28.01,신규,11,11,2025,"260,000",135.92,1,18-1,0,,,반포대로 275,0,00275,00000,2121003,2,11650,11650,반포동,,전월세,202511,2025-11-11,41,41.1,260000,0,전세
래미안퍼스티지,11650-3559,2009,26.01~28.01,갱신,14,11,2025,"294,000",169.31,7,18-1,0,"280,000",,반포대로 275,0,00275,00000,2121003,2,11650,11650,반포동,사용,전월세,202511,2025-11-14,51,51.2,294000,0,전세
래미안퍼스티지,11650-3559,2009,25.12~28.02,갱신,14,11,2025,"227,850",169.31,13,18-1,0,"217,000",,반포대로 275,0,00275,00000,2121003,2,11650,11650,반포동,사용,전월세,202511,2025-11-14,51,51.2,227850,0,전세
래미안퍼스티지,11650-3559,2009,25.11~27.11,갱신,22,11,2025,"150,000",59.89,13,18-1,0,"110,000",,반포대로 275,0,00275,00000,2121003,2,11650,11650,반포동,,전월세,202511,2025-11-22,18,18.1,150000,0,전세
래미안퍼스티지,11650-3559,2009,26.02~28.02,신규,22,11,2025,"170,000",84.93,17,18-1,0,,,반포대로 275,0,00275,00000,2121003,2,11650,11650,반포동,,전월세,202511,2025-11-22,26,25.7,170000,0,전세
래미안퍼스티지,11650-3559,2009,26.02~28.02,신규,4,12,2025,"136,000",59.96,16,18-1,0,,,반포대로 275,0,00275,00000,2121003,2,11650,11650,반포동,,전월세,202512,2025-12-04,18,18.1,136000,0,전세
래미안퍼스티지,11650-3559,2009,26.02~28.02,신규,4,12,2025,"136,000",59.96,16,18-1,0,,,반포대로 275,0,00275,00000,2121003,2,11650,11650,반포동,,전월세,202512,2025-12-04,18,18.1,136000,0,전세
래미안퍼스티지,11650-3559,2009,26.02~28.02,갱신,6,12,2025,"250,000",115.65,11,18-1,0,"200,000",,반포대로 275,0,00275,00000,2121003,2,11650,11650,반포동,,전월세,202512,2025-12-06,35,35.0,250000,0,전세
래미안퍼스티지,11650-3559,2009,26.02~28.02,갱신,6,12,2025,"241,500",136.65,25,18-1,0,"230,000",,반포대로 275,0,00275,00000,2121003,2,11650,11650,반포동,사용,전월세,202512,2025-12-06,41,41.3,241500,0,전세
래미안퍼스티지,11650-3559,2009,26.02~28.02,신규,6,12,2025,"163,000",84.93,22,18-1,0,,,반포대로 275,0,00275,00000,2121003,2,11650,11650,반포동,,전월세,202512,2025-12-06,26,25.7,163000,0,전세
래미안퍼스티지,11650-3559,2009,26.01~27.12,갱신,10,12,2025,"79,012",59.89,24,18-1,0,"75,250",,반포대로 275,0,00275,00000,2121003,2,11650,11650,반포동,,전월세,202512,2025-12-10,18,18.1,79012,0,전세
래미안퍼스티지,11650-3559,2009,26.01~27.12,갱신,10,12,2025,"48,814",59.89,18,18-1,0,"46,490",,반포대로 275,0,00275,00000,2121003,2,11650,11650,반포동,,전월세,202512,2025-12-10,18,18.1,48814,0,전세
래미안퍼스티지,11650-3559,2009,26.01~28.01,갱신,10,12,2025,"150,000",84.93,14,18-1,0,"130,000",,반포대로 275,0,00275,00000,2121003,2,11650,11650,반포동,,전월세,202512,2025-12-10,26,25.7,150000,0,전세
래미안퍼스티지,11650-3559,2009,26.02~28.02,신규,11,12,2025,"185,000",84.93,23,18-1,0,,,반포대로 275,0,00275,00000,2121003,2,11650,11650,반포동,,전월세,202512,2025-12-11,26,25.7,185000,0,전세
래미안퍼스티지,11650-3559,2009,26.01~28.01,갱신,12,12,2025,"117,400",84.93,22,18-1,0,"110,000",150,반포대로 275,0,00275,00000,2121003,2,11650,11650,반포동,,전월세,202512,2025-12-12,26,25.7,117400,0,전세
래미안퍼스티지,11650-3559,2009,26.02~28.02,갱신,12,12,2025,"168,000",84.93,28,18-1,0,"160,000",,반포대로 275,0,00275,00000,2121003,2,11650,11650,반포동,사용,전월세,202512,2025-12-12,26,25.7,168000,0,전세
래미안퍼스티지,11650-3559,2009,25.12~27.12,갱신,13,12,2025,"136,500",84.93,28,18-1,0,"130,000",,반포대로 275,0,00275,00000,2121003,2,11650,11650,반포동,사용,전월세,202512,2025-12-13,26,25.7,136500,0,전세
래미안퍼스티지,11650-3559,2009,26.02~28.02,신규,13,12,2025,"180,000",84.93,27,18-1,0,,,반포대로 275,0,00275,00000,2121003,2,11650,11650,반포동,,전월세,202512,2025-12-13,26,25.7,180000,0,전세
래미안퍼스티지,11650-3559,2009,26.01~28.01,갱신,16,12,2025,"315,000",222.76,17,18-1,0,"300,000",,반포대로 275,0,00275,00000,2121003,2,11650,11650,반포동,사용,전월세,202512,2025-12-16,67,67.4,315000,0,전세
래미안퍼스티지,11650-3559,2009,26.01~27.12,갱신,16,12,2025,"45,105",84.93,1,18-1,0,"45,105",,반포대로 275,0,00275,00000,2121003,2,11650,11650,반포동,,전월세,202512,2025-12-16,26,25.7,45105,0,전세
래미안퍼스티지,11650-3559,2009,26.02~28.02,신규,17,12,2025,"180,000",84.93,12,18-1,0,,,반포대로 275,0,00275,00000,2121003,2,11650,11650,반포동,,전월세,202512,2025-12-17,26,25.7,180000,0,전세
래미안퍼스티지,11650-3559,2009,26.01~27.12,갱신,18,12,2025,"33,626",59.89,13,18-1,0,"32,025",,반포대로 275,0,00275,00000,2121003,2,11650,11650,반포동,,전월세,202512,2025-12-18,18,18.1,33626,0,전세
래미안퍼스티지,11650-3559,2009,26.01~27.12,갱신,18,12,2025,"33,626",59.89,13,18-1,0,"32,025",,반포대로 275,0,00275,00000,2121003,2,11650,11650,반포동,,전월세,202512,2025-12-18,18,18.1,33626,0,전세
래미안퍼스티지,11650-3559,2009,26.01~27.12,갱신,18,12,2025,"45,105",84.85,14,18-1,0,"42,958",,반포대로 275,0,00275,00000,2121003,2,11650,11650,반포동,,전월세,202512,2025-12-18,26,25.7,45105,0,전세
래미안퍼스티지,11650-3559,2009,26.01~27.12,갱신,23,12,2025,"33,626",59.96,27,18-1,0,"30,300",,반포대로 275,0,00275,00000,2121003,2,11650,11650,반포동,,전월세,202512,2025-12-23,18,18.1,33626,0,전세
래미안퍼스티지,11650-3559,2009,26.01~27.12,갱신,24,12,2025,"33,626",59.96,1,18-1,0,"32,025",,반포대로 275,0,00275,00000,2121003,2,11650,11650,반포동,,전월세,202512,2025-12-24,18,18.1,33626,0,전세
래미안퍼스티지,11650-3559,2009,26.01~27.12,갱신,24,12,2025,"59,374",84.76,8,18-1,0,"56,547",,반포대로 275,0,00275,00000,2121003,2,11650,11650,반포동,,전월세,202512,2025-12-24,26,25.6,59374,0,전세
래미안퍼스티지,11650-3559,2009,26.03~28.03,신규,26,12,2025,"184,000",84.93,8,18-1,0,,,반포대로 275,0,00275,00000,2121003,2,11650,11650,반포동,,전월세,202512,2025-12-26,26,25.7,184000,0,전세
래미안퍼스티지,11650-3559,2009,26.02~28.02,신규,26,12,2025,"184,000",84.93,8,18-1,0,,,반포대로 275,0,00275,00000,2121003,2,11650,11650,반포동,,전월세,202512,2025-12-26,26,25.7,184000,0,전세
래미안퍼스티지,11650-3559,2009,26.02~28.02,신규,26,12,2025,"184,000",84.93,8,18-1,0,,,반포대로 275,0,00275,00000,2121003,2,11650,11650,반포동,,전월세,202512,2025-12-26,26,25.7,184000,0,전세
래미안퍼스티지,11650-3559,2009,26.01~27.12,갱신,26,12,2025,"45,105",84.93,2,18-1,0,"42,958",,반포대로 275,0,00275,00000,2121003,2,11650,11650,반포동,,전월세,202512,2025-12-26,26,25.7,45105,0,전세
래미안퍼스티지,11650-3559,2009,26.01~28.01,신규,27,12,2025,"320,000",169.31,17,18-1,0,,,반포대로 275,0,00275,00000,2121003,2,11650,11650,반포동,,전월세,202512,2025-12-27,51,51.2,320000,0,전세
래미안퍼스티지,11650-3559,2009,26.01~27.12,갱신,29,12,2025,"33,626",59.96,15,18-1,0,"32,021",,반포대로 275,0,00275,00000,2121003,2,11650,11650,반포동,,전월세,202512,2025-12-29,18,18.1,33626,0,전세
래미안퍼스티지,11650-3559,2009,26.02~28.02,갱신,3,1,2026,"152,200",84.93,16,18-1,0,"145,000",,반포대로 275,0,00275,00000,2121003,2,11650,11650,반포동,사용,전월세,202601,2026-01-03,26,25.7,152200,0,전세
래미안퍼스티지,11650-3559,2009,26.02~28.01,갱신,8,1,2026,"65,440",84.76,4,18-1,0,"67,990",,반포대로 275,0,00275,00000,2121003,2,11650,11650,반포동,,전월세,202601,2026-01-08,26,25.6,65440,0,전세
래미안퍼스티지,11650-3559,2009,26.02~28.02,갱신,9,1,2026,"320,000",135.92,23,18-1,0,"260,000",,반포대로 275,0,00275,00000,2121003,2,11650,11650,반포동,,전월세,202601,2026-01-09,41,41.1,320000,0,전세
래미안퍼스티지,11650-3559,2009,26.02~28.02,신규,9,1,2026,"105,000",59.96,29,18-1,0,,,반포대로 275,0,00275,00000,2121003,2,11650,11650,반포동,,전월세,202601,2026-01-09,18,18.1,105000,0,전세
래미안퍼스티지,11650-3559,2009,26.02~28.02,갱신,10,1,2026,"345,000",198.22,7,18-1,0,"320,000",,반포대로 275,0,00275,00000,2121003,2,11650,11650,반포동,,전월세,202601,2026-01-10,60,60.0,345000,0,전세
래미안퍼스티지,11650-3559,2009,26.02~28.02,갱신,10,1,2026,"345,000",198.22,7,18-1,0,"320,000",,반포대로 275,0,00275,00000,2121003,2,11650,11650,반포동,,전월세,202601,2026-01-10,60,60.0,345000,0,전세
래미안퍼스티지,11650-3559,2009,26.03~28.03,신규,10,1,2026,"140,000",59.98,21,18-1,0,,,반포대로 275,0,00275,00000,2121003,2,11650,11650,반포동,,전월세,202601,2026-01-10,18,18.1,140000,0,전세
래미안퍼스티지,11650-3559,2009,26.03~28.03,신규,14,1,2026,"160,000",59.89,24,18-1,0,,,반포대로 275,0,00275,00000,2121003,2,11650,11650,반포동,,전월세,202601,2026-01-14,18,18.1,160000,0,전세
래미안퍼스티지,11650-3559,2009,26.02~28.01,갱신,16,1,2026,"48,911",59.98,10,18-1,0,"46,582",,반포대로 275,0,00275,00000,2121003,2,11650,11650,반포동,,전월세,202601,2026-01-16,18,18.1,48911,0,전세
래미안퍼스티지,11650-3559,2009,26.02~28.02,갱신,22,1,2026,"375,000",198.22,25,18-1,0,"370,000",,반포대로 275,0,00275,00000,2121003,2,11650,11650,반포동,,전월세,202601,2026-01-22,60,60.0,375000,0,전세
래미안퍼스티지,11650-3559,2009,26.02~28.01,갱신,22,1,2026,"33,692",59.96,13,18-1,0,"32,088",,반포대로 275,0,00275,00000,2121003,2,11650,11650,반포동,,전월세,202601,2026-01-22,18,18.1,33692,0,전세
래미안퍼스티지,11650-3559,2009,26.02~28.01,갱신,22,1,2026,"33,692",59.96,13,18-1,0,"32,088",,반포대로 275,0,00275,00000,2121003,2,11650,11650,반포동,,전월세,202601,2026-01-22,18,18.1,33692,0,전세
래미안퍼스티지,11650-3559,2009,26.03~28.03,갱신,22,1,2026,"126,000",59.96,23,18-1,0,"120,000",,반포대로 275,0,00275,00000,2121003,2,11650,11650,반포동,사용,전월세,202601,2026-01-22,18,18.1,126000,0,전세
래미안퍼스티지,11650-3559,2009,26.02~28.02,갱신,24,1,2026,"162,700",84.93,30,18-1,0,"155,000",,반포대로 275,0,00275,00000,2121003,2,11650,11650,반포동,사용,전월세,202601,2026-01-24,26,25.7,162700,0,전세
래미안퍼스티지,11650-3559,2009,26.03~30.03,신규,28,1,2026,"320,000",198.04,26,18-1,0,,,반포대로 275,0,00275,00000,2121003,2,11650,11650,반포동,,전월세,202601,2026-01-28,60,59.9,320000,0,전세
래미안퍼스티지,11650-3559,2009,26.02~28.01,갱신,29,1,2026,"53,802",59.96,3,18-1,0,"46,582",,반포대로 275,0,00275,00000,2121003,2,11650,11650,반포동,,전월세,202601,2026-01-29,18,18.1,53802,0,전세
래미안퍼스티지,11650-3559,2009,26.02~28.02,갱신,31,1,2026,"154,350",84.93,31,18-1,0,"147,000",,반포대로 275,0,00275,00000,2121003,2,11650,11650,반포동,사용,전월세,202601,2026-01-31,26,25.7,154350,0,전세
래미안퍼스티지,11650-3559,2009,26.02~28.02,갱신,31,1,2026,"163,000",84.93,18,18-1,0,"155,000",,반포대로 275,0,00275,00000,2121003,2,11650,11650,반포동,,전월세,202601,2026-01-31,26,25.7,163000,0,전세
래미안퍼스티지,11650-3559,2009,26.02~28.02,신규,2,2,2026,"145,000",59.89,20,18-1,0,,,반포대로 275,0,00275,00000,2121003,2,11650,11650,반포동,,전월세,202602,2026-02-02,18,18.1,145000,0,전세
래미안퍼스티지,11650-3559,2009,,,7,2,2026,"126,000",59.96,25,18-1,0,,,반포대로 275,0,00275,00000,2121003,2,11650,11650,반포동,,전월세,202602,2026-02-07,18,18.1,126000,0,전세
래미안퍼스티지,11650-3559,2009,26.03~28.03,신규,7,2,2026,"126,000",59.96,25,18-1,0,,,반포대로 275,0,00275,00000,2121003,2,11650,11650,반포동,,전월세,202602,2026-02-07,18,18.1,126000,0,전세
래미안퍼스티지,11650-3559,2009,26.03~28.02,갱신,9,2,2026,"115,500",59.89,4,18-1,0,"110,000",,반포대로 275,0,00275,00000,2121003,2,11650,11650,반포동,사용,전월세,202602,2026-02-09,18,18.1,115500,0,전세
래미안퍼스티지,11650-3559,2009,26.03~28.03,갱신,11,2,2026,"110,000",59.96,18,18-1,0,"100,000",,반포대로 275,0,00275,00000,2121003,2,11650,11650,반포동,,전월세,202602,2026-02-11,18,18.1,110000,0,전세
래미안퍼스티지,11650-3559,2009,26.04~28.04,신규,14,2,2026,"180,000",84.93,25,18-1,0,,,반포대로 275,0,00275,00000,2121003,2,11650,11650,반포동,,전월세,202602,2026-02-14,26,25.7,180000,0,전세
래미안퍼스티지,11650-3559,2009,26.03~28.02,갱신,20,2,2026,"168,000",84.93,11,18-1,0,"160,000",,반포대로 275,0,00275,00000,2121003,2,11650,11650,반포동,사용,전월세,202602,2026-02-20,26,25.7,168000,0,전세
래미안퍼스티지,11650-3559,2009,26.03~28.03,신규,21,2,2026,"210,000",115.65,22,18-1,0,,,반포대로 275,0,00275,00000,2121003,2,11650,11650,반포동,,전월세,202602,2026-02-21,35,35.0,210000,0,전세
래미안퍼스티지,11650-3559,2009,26.03~28.03,갱신,21,2,2026,"388,500",222.76,19,18-1,0,"370,000",,반포대로 275,0,00275,00000,2121003,2,11650,11650,반포동,사용,전월세,202602,2026-02-21,67,67.4,388500,0,전세
래미안퍼스티지,11650-3559,2009,26.03~28.02,갱신,24,2,2026,"45,194",84.93,2,18-1,0,"43,042",,반포대로 275,0,00275,00000,2121003,2,11650,11650,반포동,,전월세,202602,2026-02-24,26,25.7,45194,0,전세
래미안퍼스티지,11650-3559,2009,26.04~28.04,신규,25,2,2026,"310,000",168.65,4,18-1,0,,,반포대로 275,0,00275,00000,2121003,2,11650,11650,반포동,,전월세,202602,2026-02-25,51,51.0,310000,0,전세
래미안퍼스티지,11650-3559,2009,26.04~28.03,갱신,3,3,2026,"68,224",59.96,10,18-1,0,"64,976",,반포대로 275,0,00275,00000,2121003,2,11650,11650,반포동,,전월세,202603,2026-03-03,18,18.1,68224,0,전세
래미안퍼스티지,11650-3559,2009,26.05~28.05,신규,5,3,2026,"320,000",198.22,6,18-1,0,,,반포대로 275,0,00275,00000,2121003,2,11650,11650,반포동,,전월세,202603,2026-03-05,60,60.0,320000,0,전세
래미안퍼스티지,11650-3559,2009,26.03~28.03,갱신,5,3,2026,"330,000",198.22,10,18-1,0,"300,000",,반포대로 275,0,00275,00000,2121003,2,11650,11650,반포동,,전월세,202603,2026-03-05,60,60.0,330000,0,전세
래미안퍼스티지,11650-3559,2009,26.04~28.03,갱신,6,3,2026,"70,336",59.96,15,18-1,0,"66,987",,반포대로 275,0,00275,00000,2121003,2,11650,11650,반포동,,전월세,202603,2026-03-06,18,18.1,70336,0,전세
래미안퍼스티지,11650-3559,2009,26.04~28.04,신규,12,3,2026,"132,000",59.96,27,18-1,0,,,반포대로 275,0,00275,00000,2121003,2,11650,11650,반포동,,전월세,202603,2026-03-12,18,18.1,132000,0,전세
래미안퍼스티지,11650-3559,2009,26.05~28.05,갱신,12,3,2026,"131,250",59.96,11,18-1,0,"125,000",,반포대로 275,0,00275,00000,2121003,2,11650,11650,반포동,사용,전월세,202603,2026-03-12,18,18.1,131250,0,전세
래미안퍼스티지,11650-3559,2009,26.04~28.03,갱신,13,3,2026,"70,336",59.89,28,18-1,0,"63,798",,반포대로 275,0,00275,00000,2121003,2,11650,11650,반포동,,전월세,202603,2026-03-13,18,18.1,70336,0,전세
래미안퍼스티지,11650-3559,2009,26.05~28.05,갱신,14,3,2026,"182,000",84.93,25,18-1,0,"175,000",,반포대로 275,0,00275,00000,2121003,2,11650,11650,반포동,사용,전월세,202603,2026-03-14,26,25.7,182000,0,전세
래미안퍼스티지,11650-3559,2009,26.04~28.04,신규,15,3,2026,"310,000",222.15,21,18-1,0,,,반포대로 275,0,00275,00000,2121003,2,11650,11650,반포동,,전월세,202603,2026-03-15,67,67.2,310000,0,전세
래미안퍼스티지,11650-3559,2009,26.06~28.06,신규,19,3,2026,"250,000",169.31,19,18-1,0,,,반포대로 275,0,00275,00000,2121003,2,11650,11650,반포동,,전월세,202603,2026-03-19,51,51.2,250000,0,전세
래미안퍼스티지,11650-3559,2009,26.06~28.06,신규,19,3,2026,"250,000",169.31,19,18-1,0,,,반포대로 275,0,00275,00000,2121003,2,11650,11650,반포동,,전월세,202603,2026-03-19,51,51.2,250000,0,전세
래미안퍼스티지,11650-3559,2009,26.05~28.05,신규,21,3,2026,"138,000",59.96,3,18-1,0,,,반포대로 275,0,00275,00000,2121003,2,11650,11650,반포동,,전월세,202603,2026-03-21,18,18.1,138000,0,전세
래미안퍼스티지,11650-3559,2009,26.05~28.05,신규,23,3,2026,"335,000",222.15,28,18-1,0,,,반포대로 275,0,00275,00000,2121003,2,11650,11650,반포동,,전월세,202603,2026-03-23,67,67.2,335000,0,전세
래미안퍼스티지,11650-3559,2009,26.04~28.03,갱신,24,3,2026,"70,336",59.89,29,18-1,0,"66,987",,반포대로 275,0,00275,00000,2121003,2,11650,11650,반포동,,전월세,202603,2026-03-24,18,18.1,70336,0,전세
래미안퍼스티지,11650-3559,2009,26.06~28.06,갱신,26,3,2026,"178,500",84.93,17,18-1,0,"170,000",,반포대로 275,0,00275,00000,2121003,2,11650,11650,반포동,사용,전월세,202603,2026-03-26,26,25.7,178500,0,전세
래미안퍼스티지,11650-3559,2009,,,27,3,2026,"131,250",59.96,3,18-1,0,,,반포대로 275,0,00275,00000,2121003,2,11650,11650,반포동,,전월세,202603,2026-03-27,18,18.1,131250,0,전세
래미안퍼스티지,11650-3559,2009,26.06~28.06,갱신,27,3,2026,"131,250",59.96,3,18-1,0,"125,000",,반포대로 275,0,00275,00000,2121003,2,11650,11650,반포동,사용,전월세,202603,2026-03-27,18,18.1,131250,0,전세
래미안퍼스티지,11650-3559,2009,26.05~28.05,신규,28,3,2026,"134,400",59.89,22,18-1,0,,,반포대로 275,0,00275,00000,2121003,2,11650,11650,반포동,,전월세,202603,2026-03-28,18,18.1,134400,0,전세
래미안퍼스티지,11650-3559,2009,26.07~28.07,갱신,7,4,2026,"255,000",136.65,24,18-1,0,"170,000",360,반포대로 275,0,00275,00000,2121003,2,11650,11650,반포동,,전월세,202604,2026-04-07,41,41.3,255000,0,전세
래미안퍼스티지,11650-3559,2009,26.06~28.06,신규,10,4,2026,"200,000",84.93,21,18-1,0,,,반포대로 275,0,00275,00000,2121003,2,11650,11650,반포동,,전월세,202604,2026-04-10,26,25.7,200000,0,전세
래미안퍼스티지,11650-3559,2009,26.06~28.06,갱신,10,4,2026,"180,000",84.93,16,18-1,0,"170,000",,반포대로 275,0,00275,00000,2121003,2,11650,11650,반포동,,전월세,202604,2026-04-10,26,25.7,180000,0,전세
래미안퍼스티지,11650-3559,2009,26.06~28.06,갱신,11,4,2026,"175,000",84.93,26,18-1,0,"175,000",,반포대로 275,0,00275,00000,2121003,2,11650,11650,반포동,사용,전월세,202604,2026-04-11,26,25.7,175000,0,전세
래미안퍼스티지,11650-3559,2009,26.07~28.07,신규,21,4,2026,"130,000",59.96,9,18-1,0,,,반포대로 275,0,00275,00000,2121003,2,11650,11650,반포동,,전월세,202604,2026-04-21,18,18.1,130000,0,전세
래미안퍼스티지,11650-3559,2009,26.07~28.07,신규,25,4,2026,"180,000",84.93,3,18-1,0,,,반포대로 275,0,00275,00000,2121003,2,11650,11650,반포동,,전월세,202604,2026-04-25,26,25.7,180000,0,전세
래미안퍼스티지,11650-3559,2009,26.07~28.07,신규,29,4,2026,"340,000",198.22,21,18-1,0,,,반포대로 275,0,00275,00000,2121003,2,11650,11650,반포동,,전월세,202604,2026-04-29,60,60.0,340000,0,전세
래미안퍼스티지,11650-3559,2009,26.05~28.05,갱신,4,5,2026,"173,000",84.93,18,18-1,0,"165,000",,반포대로 275,0,00275,00000,2121003,2,11650,11650,반포동,사용,전월세,202605,2026-05-04,26,25.7,173000,0,전세
래미안퍼스티지,11650-3559,2009,26.06~28.05,갱신,7,5,2026,"84,000",59.89,20,18-1,0,"80,000",,반포대로 275,0,00275,00000,2121003,2,11650,11650,반포동,,전월세,202605,2026-05-07,18,18.1,84000,0,전세
래미안퍼스티지,11650-3559,2009,26.06~28.05,갱신,8,5,2026,"70,336",59.89,25,18-1,0,"66,987",,반포대로 275,0,00275,00000,2121003,2,11650,11650,반포동,,전월세,202605,2026-05-08,18,18.1,70336,0,전세
래미안퍼스티지,11650-3559,2009,26.08~28.08,신규,13,5,2026,"350,000",198.04,4,18-1,0,,,반포대로 275,0,00275,00000,2121003,2,11650,11650,반포동,,전월세,202605,2026-05-13,60,59.9,350000,0,전세
래미안퍼스티지,11650-3559,2009,26.08~28.08,신규,13,5,2026,"360,000",198.04,4,18-1,0,,,반포대로 275,0,00275,00000,2121003,2,11650,11650,반포동,,전월세,202605,2026-05-13,60,59.9,360000,0,전세
래미안퍼스티지,11650-3559,2009,26.08~28.08,갱신,16,5,2026,"170,000",84.93,19,18-1,0,"170,000",,반포대로 275,0,00275,00000,2121003,2,11650,11650,반포동,사용,전월세,202605,2026-05-16,26,25.7,170000,0,전세
래미안퍼스티지,11650-3559,2009,26.08~28.08,갱신,18,5,2026,"141,000",59.89,23,18-1,0,"136,000",,반포대로 275,0,00275,00000,2121003,2,11650,11650,반포동,사용,전월세,202605,2026-05-18,18,18.1,141000,0,전세
래미안퍼스티지,11650-3559,2009,26.06~28.05,갱신,19,5,2026,"105,105",84.85,2,18-1,0,"100,100",,반포대로 275,0,00275,00000,2121003,2,11650,11650,반포동,,전월세,202605,2026-05-19,26,25.7,105105,0,전세
래미안퍼스티지,11650-3559,2009,26.07~28.07,갱신,21,5,2026,"175,000",84.93,18,18-1,0,"154,300",,반포대로 275,0,00275,00000,2121003,2,11650,11650,반포동,,전월세,202605,2026-05-21,26,25.7,175000,0,전세
래미안퍼스티지,11650-3559,2009,26.06~27.06,갱신,28,5,2026,"175,000",84.93,15,18-1,0,"160,000",,반포대로 275,0,00275,00000,2121003,2,11650,11650,반포동,,전월세,202605,2026-05-28,26,25.7,175000,0,전세
래미안퍼스티지,11650-3559,2009,26.07~28.07,신규,30,5,2026,"198,000",84.76,7,18-1,0,,,반포대로 275,0,00275,00000,2121003,2,11650,11650,반포동,,전월세,202605,2026-05-30,26,25.6,198000,0,전세
래미안퍼스티지,11650-3559,2009,26.08~28.08,갱신,2,6,2026,"330,750",222.76,16,18-1,0,"315,000",,반포대로 275,0,00275,00000,2121003,2,11650,11650,반포동,사용,전월세,202606,2026-06-02,67,67.4,330750,0,전세
래미안퍼스티지,11650-3559,2009,26.07~28.06,갱신,2,6,2026,"84,000",59.96,2,18-1,0,"80,000",,반포대로 275,0,00275,00000,2121003,2,11650,11650,반포동,,전월세,202606,2026-06-02,18,18.1,84000,0,전세
래미안퍼스티지,11650-3559,2009,26.07~28.07,갱신,2,6,2026,"164,000",84.85,16,18-1,0,"158,000",,반포대로 275,0,00275,00000,2121003,2,11650,11650,반포동,사용,전월세,202606,2026-06-02,26,25.7,164000,0,전세
래미안퍼스티지,11650-3559,2009,26.08~28.08,신규,4,6,2026,"308,000",135.92,10,18-1,0,,,반포대로 275,0,00275,00000,2121003,2,11650,11650,반포동,,전월세,202606,2026-06-04,41,41.1,308000,0,전세
래미안퍼스티지,11650-3559,2009,26.08~28.08,신규,5,6,2026,"172,000",84.93,11,18-1,0,,,반포대로 275,0,00275,00000,2121003,2,11650,11650,반포동,,전월세,202606,2026-06-05,26,25.7,172000,0,전세
래미안퍼스티지,11650-3559,2009,26.08~28.08,신규,12,6,2026,"140,000",59.96,18,18-1,0,,,반포대로 275,0,00275,00000,2121003,2,11650,11650,반포동,,전월세,202606,2026-06-12,18,18.1,140000,0,전세
래미안퍼스티지,11650-3559,2009,26.07~28.07,갱신,13,6,2026,"315,000",169.31,24,18-1,0,"300,000",,반포대로 275,0,00275,00000,2121003,2,11650,11650,반포동,사용,전월세,202606,2026-06-13,51,51.2,315000,0,전세
래미안퍼스티지,11650-3559,2009,26.07~28.06,갱신,13,6,2026,"88,200",59.89,9,18-1,0,"80,000",,반포대로 275,0,00275,00000,2121003,2,11650,11650,반포동,,전월세,202606,2026-06-13,18,18.1,88200,0,전세
래미안퍼스티지,11650-3559,2009,26.08~28.08,신규,18,6,2026,"170,000",84.93,23,18-1,0,,,반포대로 275,0,00275,00000,2121003,2,11650,11650,반포동,,전월세,202606,2026-06-18,26,25.7,170000,0,전세
래미안퍼스티지,11650-3559,2009,26.08~28.08,신규,18,6,2026,"170,000",84.93,23,18-1,0,,,반포대로 275,0,00275,00000,2121003,2,11650,11650,반포동,,전월세,202606,2026-06-18,26,25.7,170000,0,전세
래미안퍼스티지,11650-3559,2009,26.08~28.08,신규,18,6,2026,"170,000",84.93,23,18-1,0,,,반포대로 275,0,00275,00000,2121003,2,11650,11650,반포동,,전월세,202606,2026-06-18,26,25.7,170000,0,전세
래미안퍼스티지,11650-3559,2009,26.08~28.02,갱신,19,6,2026,"138,600",59.89,11,18-1,0,"132,000",,반포대로 275,0,00275,00000,2121003,2,11650,11650,반포동,사용,전월세,202606,2026-06-19,18,18.1,138600,0,전세
래미안퍼스티지,11650-3559,2009,26.07~28.06,갱신,29,6,2026,"88,200",59.89,9,18-1,0,"80,000",,반포대로 275,0,00275,00000,2121003,2,11650,11650,반포동,,전월세,202606,2026-06-29,18,18.1,88200,0,전세
래미안퍼스티지,11650-3559,2009,26.07~28.06,갱신,30,6,2026,"84,000",59.96,9,18-1,0,"80,000",,반포대로 275,0,00275,00000,2121003,2,11650,11650,반포동,,전월세,202606,2026-06-30,18,18.1,84000,0,전세
래미안퍼스티지,11650-3559,2009,26.08~28.08,신규,30,6,2026,"180,000",84.93,31,18-1,0,,,반포대로 275,0,00275,00000,2121003,2,11650,11650,반포동,,전월세,202606,2026-06-30,26,25.7,180000,0,전세
래미안퍼스티지,11650-3559,2009,26.09~28.09,갱신,1,7,2026,"340,000",198.22,6,18-1,0,"340,000",,반포대로 275,0,00275,00000,2121003,2,11650,11650,반포동,사용,전월세,202607,2026-07-01,60,60.0,340000,0,전세
래미안퍼스티지,11650-3559,2009,26.10~28.10,갱신,4,7,2026,"171,000",84.93,29,18-1,0,"163,000",,반포대로 275,0,00275,00000,2121003,2,11650,11650,반포동,사용,전월세,202607,2026-07-04,26,25.7,171000,0,전세
래미안퍼스티지,11650-3559,2009,26.08~28.07,갱신,6,7,2026,"105,105",84.93,3,18-1,0,"100,100",,반포대로 275,0,00275,00000,2121003,2,11650,11650,반포동,,전월세,202607,2026-07-06,26,25.7,105105,0,전세
래미안퍼스티지,11650-3559,2009,26.08~28.07,갱신,8,7,2026,"84,000",59.89,16,18-1,0,"80,000",,반포대로 275,0,00275,00000,2121003,2,11650,11650,반포동,,전월세,202607,2026-07-08,18,18.1,84000,0,전세
래미안퍼스티지,11650-3559,2009,26.08~28.07,갱신,8,7,2026,"84,000",59.89,18,18-1,0,"80,000",,반포대로 275,0,00275,00000,2121003,2,11650,11650,반포동,,전월세,202607,2026-07-08,18,18.1,84000,0,전세
래미안퍼스티지,11650-3559,2009,26.08~28.07,갱신,14,7,2026,"70,336",59.98,21,18-1,0,"66,987",,반포대로 275,0,00275,00000,2121003,2,11650,11650,반포동,,전월세,202607,2026-07-14,18,18.1,70336,0,전세
래미안퍼스티지,11650-3559,2009,26.09~28.09,갱신,16,7,2026,"336,000",198.22,25,18-1,0,"320,000",,반포대로 275,0,00275,00000,2121003,2,11650,11650,반포동,사용,전월세,202607,2026-07-16,60,60.0,336000,0,전세
래미안퍼스티지,11650-3559,2009,26.08~28.08,갱신,18,7,2026,"150,000",59.89,23,18-1,0,"130,000",,반포대로 275,0,00275,00000,2121003,2,11650,11650,반포동,,전월세,202607,2026-07-18,18,18.1,150000,0,전세
래미안퍼스티지,11650-3559,2009,26.08~28.08,신규,22,7,2026,"180,000",84.93,22,18-1,0,,,반포대로 275,0,00275,00000,2121003,2,11650,11650,반포동,,전월세,202607,2026-07-22,26,25.7,180000,0,전세
래미안퍼스티지,11650-3559,2009,26.08~28.07,갱신,27,7,2026,"84,000",59.96,2,18-1,0,"80,000",,반포대로 275,0,00275,00000,2121003,2,11650,11650,반포동,,전월세,202607,2026-07-27,18,18.1,84000,0,전세
래미안퍼스티지,11650-3559,2009,26.08~28.02,갱신,27,7,2026,"173,200",84.93,22,18-1,0,"165,000",,반포대로 275,0,00275,00000,2121003,2,11650,11650,반포동,사용,전월세,202607,2026-07-27,26,25.7,173200,0,전세
래미안퍼스티지,11650-3559,2009,26.08~28.07,갱신,27,7,2026,"90,433",84.93,2,18-1,0,"86,127",,반포대로 275,0,00275,00000,2121003,2,11650,11650,반포동,,전월세,202607,2026-07-27,26,25.7,90433,0,전세
래미안퍼스티지,11650-3559,2009,26.09~28.09,신규,27,7,2026,"180,000",84.93,29,18-1,0,,,반포대로 275,0,00275,00000,2121003,2,11650,11650,반포동,,전월세,202607,2026-07-27,26,25.7,180000,0,전세
래미안퍼스티지,11650-3559,2009,26.10~28.10,갱신,1,8,2026,"170,000",84.85,8,18-1,0,"185,000",,반포대로 275,0,00275,00000,2121003,2,11650,11650,반포동,,전월세,202608,2026-08-01,26,25.7,170000,0,전세
래미안퍼스티지,11650-3559,2009,26.08~28.08,갱신,3,8,2026,"141,700",59.96,29,18-1,0,"135,000",,반포대로 275,0,00275,00000,2121003,2,11650,11650,반포동,사용,전월세,202608,2026-08-03,18,18.1,141700,0,전세
래미안퍼스티지,11650-3559,2009,26.09~28.08,갱신,5,8,2026,"73,124",59.96,19,18-1,0,"69,642",,반포대로 275,0,00275,00000,2121003,2,11650,11650,반포동,,전월세,202608,2026-08-05,18,18.1,73124,0,전세
래미안퍼스티지,11650-3559,2009,26.10~28.10,신규,8,8,2026,"250,000",117.12,4,18-1,0,,,반포대로 275,0,00275,00000,2121003,2,11650,11650,반포동,,전월세,202608,2026-08-08,35,35.4,250000,0,전세
래미안퍼스티지,11650-3559,2009,26.08~28.08,갱신,13,8,2026,"131,500",59.96,30,18-1,0,"127,000",,반포대로 275,0,00275,00000,2121003,2,11650,11650,반포동,,전월세,202608,2026-08-13,18,18.1,131500,0,전세
