동,단지명,단지일련번호,본번,부번,건축년도,매수자,해제사유발생일,해제여부,거래금액,계약일,계약월,계약년도,거래유형,중개사소재지,전용면적,층,지번,대지구분코드,토지임대부여부,등기일자,도로명,도로명건물본번호코드,도로명건물부번호코드,도로명코드,도로명일련번호코드,도로명시군구코드,도로명지상지하코드,지역코드,매도자,법정동코드,법정동,거래구분,조회년월,계약일자,평형,평수,거래금액_만원,㎡당_만원,평당_만원
,래미안퍼스티지,11650-3559,0018,0001,2009,,,,"139,300",15,7,2009,,,84.93,11,18-1,1,N,,반포대로,00275,00000,2121003,02,11650,0,11650,,10700,반포동,매매,200907,2009-07-15,26,25.7,139300,1640.2,5422.1
,래미안퍼스티지,11650-3559,0018,0001,2009,,,,"265,500",27,7,2009,,,198.04,18,18-1,1,N,,반포대로,00275,00000,2121003,02,11650,0,11650,,10700,반포동,매매,200907,2009-07-27,60,59.9,265500,1340.6,4431.9
,래미안퍼스티지,11650-3559,0018,0001,2009,,,,"255,000",31,7,2009,,,198.04,8,18-1,1,N,,반포대로,00275,00000,2121003,02,11650,0,11650,,10700,반포동,매매,200907,2009-07-31,60,59.9,255000,1287.6,4256.6
,래미안퍼스티지,11650-3559,0018,0001,2009,,,,"140,000",7,8,2009,,,84.93,23,18-1,1,N,,반포대로,00275,00000,2121003,02,11650,0,11650,,10700,반포동,매매,200908,2009-08-07,26,25.7,140000,1648.4,5449.3
,래미안퍼스티지,11650-3559,0018,0001,2009,,,,"140,000",7,8,2009,,,84.93,23,18-1,1,N,,반포대로,00275,00000,2121003,02,11650,0,11650,,10700,반포동,매매,200908,2009-08-07,26,25.7,140000,1648.4,5449.3
,래미안퍼스티지,11650-3559,0018,0001,2009,,,,"139,000",27,8,2009,,,84.93,28,18-1,1,N,,반포대로,00275,00000,2121003,02,11650,0,11650,,10700,반포동,매매,200908,2009-08-27,26,25.7,139000,1636.6,5410.4
,래미안퍼스티지,11650-3559,0018,0001,2009,,,,"192,700",4,12,2009,,,117.12,23,18-1,1,N,,반포대로,00275,00000,2121003,02,11650,0,11650,,10700,반포동,매매,200912,2009-12-04,35,35.4,192700,1645.3,5439.1
,래미안퍼스티지,11650-3559,0018,0001,2009,,,,"195,000",7,12,2009,,,115.65,25,18-1,1,N,,반포대로,00275,00000,2121003,02,11650,0,11650,,10700,반포동,매매,200912,2009-12-07,35,35.0,195000,1686.1,5574.0
,래미안퍼스티지,11650-3559,0018,0001,2009,,,,"326,000",8,12,2009,,,222.76,24,18-1,1,N,,반포대로,00275,00000,2121003,02,11650,0,11650,,10700,반포동,매매,200912,2009-12-08,67,67.4,326000,1463.5,4837.9
,래미안퍼스티지,11650-3559,0018,0001,2009,,,,"299,000",8,12,2009,,,222.76,11,18-1,1,N,,반포대로,00275,00000,2121003,02,11650,0,11650,,10700,반포동,매매,200912,2009-12-08,67,67.4,299000,1342.3,4437.2
,래미안퍼스티지,11650-3559,0018,0001,2009,,,,"285,000",11,12,2009,,,198.04,19,18-1,1,N,,반포대로,00275,00000,2121003,02,11650,0,11650,,10700,반포동,매매,200912,2009-12-11,60,59.9,285000,1439.1,4757.4
,래미안퍼스티지,11650-3559,0018,0001,2009,,,,"147,000",16,12,2009,,,84.93,22,18-1,1,N,,반포대로,00275,00000,2121003,02,11650,0,11650,,10700,반포동,매매,200912,2009-12-16,26,25.7,147000,1730.8,5721.8
,래미안퍼스티지,11650-3559,0018,0001,2009,,,,"310,000",17,12,2009,,,222.76,18,18-1,1,N,,반포대로,00275,00000,2121003,02,11650,0,11650,,10700,반포동,매매,200912,2009-12-17,67,67.4,310000,1391.6,4600.5
,래미안퍼스티지,11650-3559,0018,0001,2009,,,,"280,000",18,12,2009,,,222.15,11,18-1,1,N,,반포대로,00275,00000,2121003,02,11650,0,11650,,10700,반포동,매매,200912,2009-12-18,67,67.2,280000,1260.4,4166.7
,래미안퍼스티지,11650-3559,0018,0001,2009,,,,"149,000",23,12,2009,,,84.93,12,18-1,1,N,,반포대로,00275,00000,2121003,02,11650,0,11650,,10700,반포동,매매,200912,2009-12-23,26,25.7,149000,1754.4,5799.6
,래미안퍼스티지,11650-3559,0018,0001,2009,,,,"141,000",23,12,2009,,,84.93,24,18-1,1,N,,반포대로,00275,00000,2121003,02,11650,0,11650,,10700,반포동,매매,200912,2009-12-23,26,25.7,141000,1660.2,5488.3
,래미안퍼스티지,11650-3559,0018,0001,2009,,,,"210,000",24,12,2009,,,136.65,24,18-1,1,N,,반포대로,00275,00000,2121003,02,11650,0,11650,,10700,반포동,매매,200912,2009-12-24,41,41.3,210000,1536.8,5080.3
,래미안퍼스티지,11650-3559,0018,0001,2009,,,,"224,569",24,12,2009,,,198.04,15,18-1,1,N,,반포대로,00275,00000,2121003,02,11650,0,11650,,10700,반포동,매매,200912,2009-12-24,60,59.9,224569,1134.0,3748.6
,래미안퍼스티지,11650-3559,0018,0001,2009,,,,"83,000",24,12,2009,,,59.96,2,18-1,1,N,,반포대로,00275,00000,2121003,02,11650,0,11650,,10700,반포동,매매,200912,2009-12-24,18,18.1,83000,1384.3,4576.1
,래미안퍼스티지,11650-3559,0018,0001,2009,,,,"145,300",24,12,2009,,,84.93,20,18-1,1,N,,반포대로,00275,00000,2121003,02,11650,0,11650,,10700,반포동,매매,200912,2009-12-24,26,25.7,145300,1710.8,5655.6
,래미안퍼스티지,11650-3559,0018,0001,2009,,,,"260,000",26,12,2009,,,169.31,11,18-1,1,N,,반포대로,00275,00000,2121003,02,11650,0,11650,,10700,반포동,매매,200912,2009-12-26,51,51.2,260000,1535.6,5076.5
,래미안퍼스티지,11650-3559,0018,0001,2009,,,,"123,500",26,12,2009,,,84.85,14,18-1,1,N,,반포대로,00275,00000,2121003,02,11650,0,11650,,10700,반포동,매매,200912,2009-12-26,26,25.7,123500,1455.5,4811.6
,래미안퍼스티지,11650-3559,0018,0001,2009,,,,"121,500",26,12,2009,,,84.93,5,18-1,1,N,,반포대로,00275,00000,2121003,02,11650,0,11650,,10700,반포동,매매,200912,2009-12-26,26,25.7,121500,1430.6,4729.2
,래미안퍼스티지,11650-3559,0018,0001,2009,,,,"138,000",28,12,2009,,,84.93,12,18-1,1,N,,반포대로,00275,00000,2121003,02,11650,0,11650,,10700,반포동,매매,200912,2009-12-28,26,25.7,138000,1624.9,5371.5
,래미안퍼스티지,11650-3559,0018,0001,2009,,,,"157,000",29,12,2009,,,135.92,7,18-1,1,N,,반포대로,00275,00000,2121003,02,11650,0,11650,,10700,반포동,매매,200912,2009-12-29,41,41.1,157000,1155.1,3818.5
,래미안퍼스티지,11650-3559,0018,0001,2009,,,,"340,000",29,12,2009,,,222.76,23,18-1,1,N,,반포대로,00275,00000,2121003,02,11650,0,11650,,10700,반포동,매매,200912,2009-12-29,67,67.4,340000,1526.3,5045.7
,래미안퍼스티지,11650-3559,0018,0001,2009,,,,"300,000",29,12,2009,,,222.76,8,18-1,1,N,,반포대로,00275,00000,2121003,02,11650,0,11650,,10700,반포동,매매,200912,2009-12-29,67,67.4,300000,1346.7,4452.1
,래미안퍼스티지,11650-3559,0018,0001,2009,,,,"115,000",30,12,2009,,,84.93,8,18-1,1,N,,반포대로,00275,00000,2121003,02,11650,0,11650,,10700,반포동,매매,200912,2009-12-30,26,25.7,115000,1354.1,4476.2
,래미안퍼스티지,11650-3559,0018,0001,2009,,,,"295,000",2,1,2010,,,198.04,23,18-1,1,N,,반포대로,00275,00000,2121003,02,11650,0,11650,,10700,반포동,매매,201001,2010-01-02,60,59.9,295000,1489.6,4924.3
,래미안퍼스티지,11650-3559,0018,0001,2009,,,,"207,000",4,1,2010,,,135.92,2,18-1,1,N,,반포대로,00275,00000,2121003,02,11650,0,11650,,10700,반포동,매매,201001,2010-01-04,41,41.1,207000,1523.0,5034.6
,래미안퍼스티지,11650-3559,0018,0001,2009,,,,"203,000",5,1,2010,,,115.65,21,18-1,1,N,,반포대로,00275,00000,2121003,02,11650,0,11650,,10700,반포동,매매,201001,2010-01-05,35,35.0,203000,1755.3,5802.7
,래미안퍼스티지,11650-3559,0018,0001,2009,,,,"94,000",6,1,2010,,,59.89,22,18-1,1,N,,반포대로,00275,00000,2121003,02,11650,0,11650,,10700,반포동,매매,201001,2010-01-06,18,18.1,94000,1569.5,5188.6
,래미안퍼스티지,11650-3559,0018,0001,2009,,,,"95,000",7,1,2010,,,59.89,25,18-1,1,N,,반포대로,00275,00000,2121003,02,11650,0,11650,,10700,반포동,매매,201001,2010-01-07,18,18.1,95000,1586.2,5243.8
,래미안퍼스티지,11650-3559,0018,0001,2009,,,,"89,000",8,1,2010,,,59.96,26,18-1,1,N,,반포대로,00275,00000,2121003,02,11650,0,11650,,10700,반포동,매매,201001,2010-01-08,18,18.1,89000,1484.3,4906.9
,래미안퍼스티지,11650-3559,0018,0001,2009,,,,"84,000",8,1,2010,,,59.96,12,18-1,1,N,,반포대로,00275,00000,2121003,02,11650,0,11650,,10700,반포동,매매,201001,2010-01-08,18,18.1,84000,1400.9,4631.2
,래미안퍼스티지,11650-3559,0018,0001,2009,,,,"78,000",8,1,2010,,,59.96,3,18-1,1,N,,반포대로,00275,00000,2121003,02,11650,0,11650,,10700,반포동,매매,201001,2010-01-08,18,18.1,78000,1300.9,4300.4
,래미안퍼스티지,11650-3559,0018,0001,2009,,,,"92,000",8,1,2010,,,59.96,10,18-1,1,N,,반포대로,00275,00000,2121003,02,11650,0,11650,,10700,반포동,매매,201001,2010-01-08,18,18.1,92000,1534.4,5072.3
,래미안퍼스티지,11650-3559,0018,0001,2009,,,,"245,000",11,1,2010,,,135.92,4,18-1,1,N,,반포대로,00275,00000,2121003,02,11650,0,11650,,10700,반포동,매매,201001,2010-01-11,41,41.1,245000,1802.5,5958.8
,래미안퍼스티지,11650-3559,0018,0001,2009,,,,"275,000",11,1,2010,,,198.04,15,18-1,1,N,,반포대로,00275,00000,2121003,02,11650,0,11650,,10700,반포동,매매,201001,2010-01-11,60,59.9,275000,1388.6,4590.5
,래미안퍼스티지,11650-3559,0018,0001,2009,,,,"93,000",14,1,2010,,,59.96,2,18-1,1,N,,반포대로,00275,00000,2121003,02,11650,0,11650,,10700,반포동,매매,201001,2010-01-14,18,18.1,93000,1551.0,5127.4
,래미안퍼스티지,11650-3559,0018,0001,2009,,,,"290,000",18,1,2010,,,168.65,25,18-1,1,N,,반포대로,00275,00000,2121003,02,11650,0,11650,,10700,반포동,매매,201001,2010-01-18,51,51.0,290000,1719.5,5684.4
,래미안퍼스티지,11650-3559,0018,0001,2009,,,,"150,800",18,1,2010,,,84.93,17,18-1,1,N,,반포대로,00275,00000,2121003,02,11650,0,11650,,10700,반포동,매매,201001,2010-01-18,26,25.7,150800,1775.6,5869.7
,래미안퍼스티지,11650-3559,0018,0001,2009,,,,"83,000",19,1,2010,,,59.96,7,18-1,1,N,,반포대로,00275,00000,2121003,02,11650,0,11650,,10700,반포동,매매,201001,2010-01-19,18,18.1,83000,1384.3,4576.1
,래미안퍼스티지,11650-3559,0018,0001,2009,,,,"201,500",21,1,2010,,,115.65,19,18-1,1,N,,반포대로,00275,00000,2121003,02,11650,0,11650,,10700,반포동,매매,201001,2010-01-21,35,35.0,201500,1742.3,5759.8
,래미안퍼스티지,11650-3559,0018,0001,2009,,,,"250,000",21,1,2010,,,135.92,15,18-1,1,N,,반포대로,00275,00000,2121003,02,11650,0,11650,,10700,반포동,매매,201001,2010-01-21,41,41.1,250000,1839.3,6080.4
,래미안퍼스티지,11650-3559,0018,0001,2009,,,,"325,000",24,1,2010,,,222.76,17,18-1,1,N,,반포대로,00275,00000,2121003,02,11650,0,11650,,10700,반포동,매매,201001,2010-01-24,67,67.4,325000,1459.0,4823.1
,래미안퍼스티지,11650-3559,0018,0001,2009,,,,"89,500",25,1,2010,,,59.89,29,18-1,1,N,,반포대로,00275,00000,2121003,02,11650,0,11650,,10700,반포동,매매,201001,2010-01-25,18,18.1,89500,1494.4,4940.2
,래미안퍼스티지,11650-3559,0018,0001,2009,,,,"310,000",27,1,2010,,,222.76,16,18-1,1,N,,반포대로,00275,00000,2121003,02,11650,0,11650,,10700,반포동,매매,201001,2010-01-27,67,67.4,310000,1391.6,4600.5
,래미안퍼스티지,11650-3559,0018,0001,2009,,,,"120,000",28,1,2010,,,84.93,6,18-1,1,N,,반포대로,00275,00000,2121003,02,11650,0,11650,,10700,반포동,매매,201001,2010-01-28,26,25.7,120000,1412.9,4670.9
,래미안퍼스티지,11650-3559,0018,0001,2009,,,,"244,000",1,2,2010,,,222.76,14,18-1,1,N,,반포대로,00275,00000,2121003,02,11650,0,11650,,10700,반포동,매매,201002,2010-02-01,67,67.4,244000,1095.3,3621.0
,래미안퍼스티지,11650-3559,0018,0001,2009,,,,"246,600",2,2,2010,,,222.76,18,18-1,1,N,,반포대로,00275,00000,2121003,02,11650,0,11650,,10700,반포동,매매,201002,2010-02-02,67,67.4,246600,1107.0,3659.6
,래미안퍼스티지,11650-3559,0018,0001,2009,,,,"325,000",8,2,2010,,,222.76,18,18-1,1,N,,반포대로,00275,00000,2121003,02,11650,0,11650,,10700,반포동,매매,201002,2010-02-08,67,67.4,325000,1459.0,4823.1
,래미안퍼스티지,11650-3559,0018,0001,2009,,,,"94,500",8,2,2010,,,59.89,9,18-1,1,N,,반포대로,00275,00000,2121003,02,11650,0,11650,,10700,반포동,매매,201002,2010-02-08,18,18.1,94500,1577.9,5216.2
,래미안퍼스티지,11650-3559,0018,0001,2009,,,,"94,400",11,2,2010,,,59.96,11,18-1,1,N,,반포대로,00275,00000,2121003,02,11650,0,11650,,10700,반포동,매매,201002,2010-02-11,18,18.1,94400,1574.4,5204.6
,래미안퍼스티지,11650-3559,0018,0001,2009,,,,"305,000",26,2,2010,,,168.65,5,18-1,1,N,,반포대로,00275,00000,2121003,02,11650,0,11650,,10700,반포동,매매,201002,2010-02-26,51,51.0,305000,1808.5,5978.5
,래미안퍼스티지,11650-3559,0018,0001,2009,,,,"95,500",2,3,2010,,,59.89,24,18-1,1,N,,반포대로,00275,00000,2121003,02,11650,0,11650,,10700,반포동,매매,201003,2010-03-02,18,18.1,95500,1594.6,5271.4
,래미안퍼스티지,11650-3559,0018,0001,2009,,,,"97,000",2,3,2010,,,59.96,14,18-1,1,N,,반포대로,00275,00000,2121003,02,11650,0,11650,,10700,반포동,매매,201003,2010-03-02,18,18.1,97000,1617.7,5347.9
,래미안퍼스티지,11650-3559,0018,0001,2009,,,,"289,000",6,3,2010,,,198.04,5,18-1,1,N,,반포대로,00275,00000,2121003,02,11650,0,11650,,10700,반포동,매매,201003,2010-03-06,60,59.9,289000,1459.3,4824.2
,래미안퍼스티지,11650-3559,0018,0001,2009,,,,"135,000",11,3,2010,,,84.85,18,18-1,1,N,,반포대로,00275,00000,2121003,02,11650,0,11650,,10700,반포동,매매,201003,2010-03-11,26,25.7,135000,1591.0,5259.7
,래미안퍼스티지,11650-3559,0018,0001,2009,,,,"184,000",28,5,2010,,,115.65,10,18-1,1,N,,반포대로,00275,00000,2121003,02,11650,0,11650,,10700,반포동,매매,201005,2010-05-28,35,35.0,184000,1591.0,5259.6
,래미안퍼스티지,11650-3559,0018,0001,2009,,,,"150,500",28,5,2010,,,84.93,13,18-1,1,N,,반포대로,00275,00000,2121003,02,11650,0,11650,,10700,반포동,매매,201005,2010-05-28,26,25.7,150500,1772.0,5858.0
,래미안퍼스티지,11650-3559,0018,0001,2009,,,,"265,000",1,6,2010,,,168.65,19,18-1,1,N,,반포대로,00275,00000,2121003,02,11650,0,11650,,10700,반포동,매매,201006,2010-06-01,51,51.0,265000,1571.3,5194.4
,래미안퍼스티지,11650-3559,0018,0001,2009,,,,"96,000",4,7,2010,,,59.96,29,18-1,1,N,,반포대로,00275,00000,2121003,02,11650,0,11650,,10700,반포동,매매,201007,2010-07-04,18,18.1,96000,1601.1,5292.8
,래미안퍼스티지,11650-3559,0018,0001,2009,,,,"195,000",9,7,2010,,,117.12,10,18-1,1,N,,반포대로,00275,00000,2121003,02,11650,0,11650,,10700,반포동,매매,201007,2010-07-09,35,35.4,195000,1665.0,5504.0
,래미안퍼스티지,11650-3559,0018,0001,2009,,,,"263,000",10,7,2010,,,135.92,25,18-1,1,N,,반포대로,00275,00000,2121003,02,11650,0,11650,,10700,반포동,매매,201007,2010-07-10,41,41.1,263000,1935.0,6396.6
,래미안퍼스티지,11650-3559,0018,0001,2009,,,,"240,000",15,7,2010,,,136.65,15,18-1,1,N,,반포대로,00275,00000,2121003,02,11650,0,11650,,10700,반포동,매매,201007,2010-07-15,41,41.3,240000,1756.3,5806.0
,래미안퍼스티지,11650-3559,0018,0001,2009,,,,"155,000",30,7,2010,,,84.93,16,18-1,1,N,,반포대로,00275,00000,2121003,02,11650,0,11650,,10700,반포동,매매,201007,2010-07-30,26,25.7,155000,1825.0,6033.2
,래미안퍼스티지,11650-3559,0018,0001,2009,,,,"157,000",4,8,2010,,,84.93,21,18-1,1,N,,반포대로,00275,00000,2121003,02,11650,0,11650,,10700,반포동,매매,201008,2010-08-04,26,25.7,157000,1848.6,6111.0
,래미안퍼스티지,11650-3559,0018,0001,2009,,,,"96,000",7,8,2010,,,59.96,17,18-1,1,N,,반포대로,00275,00000,2121003,02,11650,0,11650,,10700,반포동,매매,201008,2010-08-07,18,18.1,96000,1601.1,5292.8
,래미안퍼스티지,11650-3559,0018,0001,2009,,,,"251,000",26,8,2010,,,135.92,25,18-1,1,N,,반포대로,00275,00000,2121003,02,11650,0,11650,,10700,반포동,매매,201008,2010-08-26,41,41.1,251000,1846.7,6104.7
,래미안퍼스티지,11650-3559,0018,0001,2009,,,,"95,300",18,9,2010,,,59.96,20,18-1,1,N,,반포대로,00275,00000,2121003,02,11650,0,11650,,10700,반포동,매매,201009,2010-09-18,18,18.1,95300,1589.4,5254.2
,래미안퍼스티지,11650-3559,0018,0001,2009,,,,"270,000",27,9,2010,,,198.04,24,18-1,1,N,,반포대로,00275,00000,2121003,02,11650,0,11650,,10700,반포동,매매,201009,2010-09-27,60,59.9,270000,1363.4,4507.0
,래미안퍼스티지,11650-3559,0018,0001,2009,,,,"88,000",19,10,2010,,,59.98,23,18-1,1,N,,반포대로,00275,00000,2121003,02,11650,0,11650,,10700,반포동,매매,201010,2010-10-19,18,18.1,88000,1467.2,4850.1
,래미안퍼스티지,11650-3559,0018,0001,2009,,,,"201,000",20,10,2010,,,115.65,17,18-1,1,N,,반포대로,00275,00000,2121003,02,11650,0,11650,,10700,반포동,매매,201010,2010-10-20,35,35.0,201000,1738.0,5745.5
,래미안퍼스티지,11650-3559,0018,0001,2009,,,,"219,000",22,10,2010,,,169.31,2,18-1,1,N,,반포대로,00275,00000,2121003,02,11650,0,11650,,10700,반포동,매매,201010,2010-10-22,51,51.2,219000,1293.5,4276.0
,래미안퍼스티지,11650-3559,0018,0001,2009,,,,"97,000",4,11,2010,,,59.96,30,18-1,1,N,,반포대로,00275,00000,2121003,02,11650,0,11650,,10700,반포동,매매,201011,2010-11-04,18,18.1,97000,1617.7,5347.9
,래미안퍼스티지,11650-3559,0018,0001,2009,,,,"328,000",6,11,2010,,,198.04,11,18-1,1,N,,반포대로,00275,00000,2121003,02,11650,0,11650,,10700,반포동,매매,201011,2010-11-06,60,59.9,328000,1656.2,5475.2
,래미안퍼스티지,11650-3559,0018,0001,2009,,,,"328,000",7,11,2010,,,198.04,11,18-1,1,N,,반포대로,00275,00000,2121003,02,11650,0,11650,,10700,반포동,매매,201011,2010-11-07,60,59.9,328000,1656.2,5475.2
,래미안퍼스티지,11650-3559,0018,0001,2009,,,,"135,000",9,11,2010,,,84.93,14,18-1,1,N,,반포대로,00275,00000,2121003,02,11650,0,11650,,10700,반포동,매매,201011,2010-11-09,26,25.7,135000,1589.5,5254.7
,래미안퍼스티지,11650-3559,0018,0001,2009,,,,"247,000",13,11,2010,,,168.65,6,18-1,1,N,,반포대로,00275,00000,2121003,02,11650,0,11650,,10700,반포동,매매,201011,2010-11-13,51,51.0,247000,1464.6,4841.6
,래미안퍼스티지,11650-3559,0018,0001,2009,,,,"77,400",19,11,2010,,,59.89,30,18-1,1,N,,반포대로,00275,00000,2121003,02,11650,0,11650,,10700,반포동,매매,201011,2010-11-19,18,18.1,77400,1292.4,4272.3
,래미안퍼스티지,11650-3559,0018,0001,2009,,,,"310,000",29,11,2010,,,169.31,10,18-1,1,N,,반포대로,00275,00000,2121003,02,11650,0,11650,,10700,반포동,매매,201011,2010-11-29,51,51.2,310000,1831.0,6052.8
,래미안퍼스티지,11650-3559,0018,0001,2009,,,,"160,000",29,11,2010,,,84.93,10,18-1,1,N,,반포대로,00275,00000,2121003,02,11650,0,11650,,10700,반포동,매매,201011,2010-11-29,26,25.7,160000,1883.9,6227.8
,래미안퍼스티지,11650-3559,0018,0001,2009,,,,"217,000",3,12,2010,,,135.92,4,18-1,1,N,,반포대로,00275,00000,2121003,02,11650,0,11650,,10700,반포동,매매,201012,2010-12-03,41,41.1,217000,1596.5,5277.8
,래미안퍼스티지,11650-3559,0018,0001,2009,,,,"319,000",3,12,2010,,,198.04,5,18-1,1,N,,반포대로,00275,00000,2121003,02,11650,0,11650,,10700,반포동,매매,201012,2010-12-03,60,59.9,319000,1610.8,5324.9
,래미안퍼스티지,11650-3559,0018,0001,2009,,,,"201,700",7,12,2010,,,115.65,14,18-1,1,N,,반포대로,00275,00000,2121003,02,11650,0,11650,,10700,반포동,매매,201012,2010-12-07,35,35.0,201700,1744.1,5765.5
,래미안퍼스티지,11650-3559,0018,0001,2009,,,,"145,000",8,12,2010,,,84.93,8,18-1,1,N,,반포대로,00275,00000,2121003,02,11650,0,11650,,10700,반포동,매매,201012,2010-12-08,26,25.7,145000,1707.3,5644.0
,래미안퍼스티지,11650-3559,0018,0001,2009,,,,"313,000",10,12,2010,,,222.76,10,18-1,1,N,,반포대로,00275,00000,2121003,02,11650,0,11650,,10700,반포동,매매,201012,2010-12-10,67,67.4,313000,1405.1,4645.0
,래미안퍼스티지,11650-3559,0018,0001,2009,,,,"96,700",11,12,2010,,,59.89,14,18-1,1,N,,반포대로,00275,00000,2121003,02,11650,0,11650,,10700,반포동,매매,201012,2010-12-11,18,18.1,96700,1614.6,5337.6
,래미안퍼스티지,11650-3559,0018,0001,2009,,,,"251,200",13,12,2010,,,222.76,1,18-1,1,N,,반포대로,00275,00000,2121003,02,11650,0,11650,,10700,반포동,매매,201012,2010-12-13,67,67.4,251200,1127.7,3727.9
,래미안퍼스티지,11650-3559,0018,0001,2009,,,,"260,600",13,12,2010,,,222.76,2,18-1,1,N,,반포대로,00275,00000,2121003,02,11650,0,11650,,10700,반포동,매매,201012,2010-12-13,67,67.4,260600,1169.9,3867.4
,래미안퍼스티지,11650-3559,0018,0001,2009,,,,"91,580",15,12,2010,,,59.96,25,18-1,1,N,,반포대로,00275,00000,2121003,02,11650,0,11650,,10700,반포동,매매,201012,2010-12-15,18,18.1,91580,1527.4,5049.1
,래미안퍼스티지,11650-3559,0018,0001,2009,,,,"155,000",15,12,2010,,,84.93,16,18-1,1,N,,반포대로,00275,00000,2121003,02,11650,0,11650,,10700,반포동,매매,201012,2010-12-15,26,25.7,155000,1825.0,6033.2
,래미안퍼스티지,11650-3559,0018,0001,2009,,,,"270,000",17,12,2010,,,169.31,8,18-1,1,N,,반포대로,00275,00000,2121003,02,11650,0,11650,,10700,반포동,매매,201012,2010-12-17,51,51.2,270000,1594.7,5271.8
,래미안퍼스티지,11650-3559,0018,0001,2009,,,,"159,000",17,12,2010,,,84.93,15,18-1,1,N,,반포대로,00275,00000,2121003,02,11650,0,11650,,10700,반포동,매매,201012,2010-12-17,26,25.7,159000,1872.1,6188.9
,래미안퍼스티지,11650-3559,0018,0001,2009,,,,"95,000",27,12,2010,,,59.89,12,18-1,1,N,,반포대로,00275,00000,2121003,02,11650,0,11650,,10700,반포동,매매,201012,2010-12-27,18,18.1,95000,1586.2,5243.8
,래미안퍼스티지,11650-3559,0018,0001,2009,,,,"95,500",27,12,2010,,,59.96,21,18-1,1,N,,반포대로,00275,00000,2121003,02,11650,0,11650,,10700,반포동,매매,201012,2010-12-27,18,18.1,95500,1592.7,5265.2
,래미안퍼스티지,11650-3559,0018,0001,2009,,,,"300,000",29,12,2010,,,222.76,2,18-1,1,N,,반포대로,00275,00000,2121003,02,11650,0,11650,,10700,반포동,매매,201012,2010-12-29,67,67.4,300000,1346.7,4452.1
,래미안퍼스티지,11650-3559,0018,0001,2009,,,,"94,800",29,12,2010,,,59.89,28,18-1,1,N,,반포대로,00275,00000,2121003,02,11650,0,11650,,10700,반포동,매매,201012,2010-12-29,18,18.1,94800,1582.9,5232.8
,래미안퍼스티지,11650-3559,0018,0001,2009,,,,"152,000",30,12,2010,,,84.93,19,18-1,1,N,,반포대로,00275,00000,2121003,02,11650,0,11650,,10700,반포동,매매,201012,2010-12-30,26,25.7,152000,1789.7,5916.4
,래미안퍼스티지,11650-3559,0018,0001,2009,,,,"145,000",7,1,2011,,,84.93,7,18-1,1,N,,반포대로,00275,00000,2121003,02,11650,0,11650,,10700,반포동,매매,201101,2011-01-07,26,25.7,145000,1707.3,5644.0
,래미안퍼스티지,11650-3559,0018,0001,2009,,,,"96,500",26,1,2011,,,59.96,16,18-1,1,N,,반포대로,00275,00000,2121003,02,11650,0,11650,,10700,반포동,매매,201101,2011-01-26,18,18.1,96500,1609.4,5320.4
,래미안퍼스티지,11650-3559,0018,0001,2009,,,,"275,000",27,1,2011,,,168.65,18,18-1,1,N,,반포대로,00275,00000,2121003,02,11650,0,11650,,10700,반포동,매매,201101,2011-01-27,51,51.0,275000,1630.6,5390.4
,래미안퍼스티지,11650-3559,0018,0001,2009,,,,"167,000",7,2,2011,,,84.93,9,18-1,1,N,,반포대로,00275,00000,2121003,02,11650,0,11650,,10700,반포동,매매,201102,2011-02-07,26,25.7,167000,1966.3,6500.3
,래미안퍼스티지,11650-3559,0018,0001,2009,,,,"145,000",25,2,2011,,,84.93,13,18-1,1,N,,반포대로,00275,00000,2121003,02,11650,0,11650,,10700,반포동,매매,201102,2011-02-25,26,25.7,145000,1707.3,5644.0
,래미안퍼스티지,11650-3559,0018,0001,2009,,,,"145,000",5,3,2011,,,84.93,17,18-1,1,N,,반포대로,00275,00000,2121003,02,11650,0,11650,,10700,반포동,매매,201103,2011-03-05,26,25.7,145000,1707.3,5644.0
,래미안퍼스티지,11650-3559,0018,0001,2009,,,,"98,000",7,3,2011,,,59.89,23,18-1,1,N,,반포대로,00275,00000,2121003,02,11650,0,11650,,10700,반포동,매매,201103,2011-03-07,18,18.1,98000,1636.3,5409.4
,래미안퍼스티지,11650-3559,0018,0001,2009,,,,"313,000",8,3,2011,,,198.04,11,18-1,1,N,,반포대로,00275,00000,2121003,02,11650,0,11650,,10700,반포동,매매,201103,2011-03-08,60,59.9,313000,1580.5,5224.8
,래미안퍼스티지,11650-3559,0018,0001,2009,,,,"150,000",8,3,2011,,,84.93,9,18-1,1,N,,반포대로,00275,00000,2121003,02,11650,0,11650,,10700,반포동,매매,201103,2011-03-08,26,25.7,150000,1766.2,5838.6
,래미안퍼스티지,11650-3559,0018,0001,2009,,,,"94,100",15,3,2011,,,59.98,10,18-1,1,N,,반포대로,00275,00000,2121003,02,11650,0,11650,,10700,반포동,매매,201103,2011-03-15,18,18.1,94100,1568.9,5186.3
,래미안퍼스티지,11650-3559,0018,0001,2009,,,,"210,000",22,3,2011,,,117.12,7,18-1,1,N,,반포대로,00275,00000,2121003,02,11650,0,11650,,10700,반포동,매매,201103,2011-03-22,35,35.4,210000,1793.0,5927.4
,래미안퍼스티지,11650-3559,0018,0001,2009,,,,"258,000",28,3,2011,,,198.22,19,18-1,1,N,,반포대로,00275,00000,2121003,02,11650,0,11650,,10700,반포동,매매,201103,2011-03-28,60,60.0,258000,1301.6,4302.8
,래미안퍼스티지,11650-3559,0018,0001,2009,,,,"233,000",4,4,2011,,,135.92,24,18-1,1,N,,반포대로,00275,00000,2121003,02,11650,0,11650,,10700,반포동,매매,201104,2011-04-04,41,41.1,233000,1714.2,5666.9
,래미안퍼스티지,11650-3559,0018,0001,2009,,,,"153,500",11,4,2011,,,84.93,27,18-1,1,N,,반포대로,00275,00000,2121003,02,11650,0,11650,,10700,반포동,매매,201104,2011-04-11,26,25.7,153500,1807.4,5974.8
,래미안퍼스티지,11650-3559,0018,0001,2009,,,,"96,750",23,4,2011,,,59.89,13,18-1,1,N,,반포대로,00275,00000,2121003,02,11650,0,11650,,10700,반포동,매매,201104,2011-04-23,18,18.1,96750,1615.5,5340.4
,래미안퍼스티지,11650-3559,0018,0001,2009,,,,"296,000",7,5,2011,,,198.04,13,18-1,1,N,,반포대로,00275,00000,2121003,02,11650,0,11650,,10700,반포동,매매,201105,2011-05-07,60,59.9,296000,1494.6,4941.0
,래미안퍼스티지,11650-3559,0018,0001,2009,,,,"290,000",11,5,2011,,,198.22,5,18-1,1,N,,반포대로,00275,00000,2121003,02,11650,0,11650,,10700,반포동,매매,201105,2011-05-11,60,60.0,290000,1463.0,4836.5
,래미안퍼스티지,11650-3559,0018,0001,2009,,,,"268,000",27,5,2011,,,198.22,11,18-1,1,N,,반포대로,00275,00000,2121003,02,11650,0,11650,,10700,반포동,매매,201105,2011-05-27,60,60.0,268000,1352.0,4469.6
,래미안퍼스티지,11650-3559,0018,0001,2009,,,,"229,000",8,6,2011,,,135.92,5,18-1,1,N,,반포대로,00275,00000,2121003,02,11650,0,11650,,10700,반포동,매매,201106,2011-06-08,41,41.1,229000,1684.8,5569.7
,래미안퍼스티지,11650-3559,0018,0001,2009,,,,"210,000",14,6,2011,,,115.65,15,18-1,1,N,,반포대로,00275,00000,2121003,02,11650,0,11650,,10700,반포동,매매,201106,2011-06-14,35,35.0,210000,1815.8,6002.7
,래미안퍼스티지,11650-3559,0018,0001,2009,,,,"250,000",14,6,2011,,,168.65,21,18-1,1,N,,반포대로,00275,00000,2121003,02,11650,0,11650,,10700,반포동,매매,201106,2011-06-14,51,51.0,250000,1482.4,4900.4
,래미안퍼스티지,11650-3559,0018,0001,2009,,,,"305,000",15,6,2011,,,169.31,6,18-1,1,N,,반포대로,00275,00000,2121003,02,11650,0,11650,,10700,반포동,매매,201106,2011-06-15,51,51.2,305000,1801.4,5955.2
,래미안퍼스티지,11650-3559,0018,0001,2009,,,,"164,000",15,6,2011,,,84.93,29,18-1,1,N,,반포대로,00275,00000,2121003,02,11650,0,11650,,10700,반포동,매매,201106,2011-06-15,26,25.7,164000,1931.0,6383.5
,래미안퍼스티지,11650-3559,0018,0001,2009,,,,"155,000",17,6,2011,,,84.93,17,18-1,1,N,,반포대로,00275,00000,2121003,02,11650,0,11650,,10700,반포동,매매,201106,2011-06-17,26,25.7,155000,1825.0,6033.2
,래미안퍼스티지,11650-3559,0018,0001,2009,,,,"289,000",23,6,2011,,,168.65,7,18-1,1,N,,반포대로,00275,00000,2121003,02,11650,0,11650,,10700,반포동,매매,201106,2011-06-23,51,51.0,289000,1713.6,5664.8
,래미안퍼스티지,11650-3559,0018,0001,2009,,,,"97,000",1,7,2011,,,59.89,20,18-1,1,N,,반포대로,00275,00000,2121003,02,11650,0,11650,,10700,반포동,매매,201107,2011-07-01,18,18.1,97000,1619.6,5354.2
,래미안퍼스티지,11650-3559,0018,0001,2009,,,,"150,000",7,7,2011,,,84.93,31,18-1,1,N,,반포대로,00275,00000,2121003,02,11650,0,11650,,10700,반포동,매매,201107,2011-07-07,26,25.7,150000,1766.2,5838.6
,래미안퍼스티지,11650-3559,0018,0001,2009,,,,"143,000",11,7,2011,,,84.93,26,18-1,1,N,,반포대로,00275,00000,2121003,02,11650,0,11650,,10700,반포동,매매,201107,2011-07-11,26,25.7,143000,1683.7,5566.1
,래미안퍼스티지,11650-3559,0018,0001,2009,,,,"98,500",12,7,2011,,,59.96,24,18-1,1,N,,반포대로,00275,00000,2121003,02,11650,0,11650,,10700,반포동,매매,201107,2011-07-12,18,18.1,98500,1642.8,5430.6
,래미안퍼스티지,11650-3559,0018,0001,2009,,,,"163,000",21,7,2011,,,84.93,15,18-1,1,N,,반포대로,00275,00000,2121003,02,11650,0,11650,,10700,반포동,매매,201107,2011-07-21,26,25.7,163000,1919.2,6344.6
,래미안퍼스티지,11650-3559,0018,0001,2009,,,,"141,000",23,7,2011,,,84.93,8,18-1,1,N,,반포대로,00275,00000,2121003,02,11650,0,11650,,10700,반포동,매매,201107,2011-07-23,26,25.7,141000,1660.2,5488.3
,래미안퍼스티지,11650-3559,0018,0001,2009,,,,"315,000",25,7,2011,,,222.76,2,18-1,1,N,,반포대로,00275,00000,2121003,02,11650,0,11650,,10700,반포동,매매,201107,2011-07-25,67,67.4,315000,1414.1,4674.7
,래미안퍼스티지,11650-3559,0018,0001,2009,,,,"96,500",29,7,2011,,,59.89,24,18-1,1,N,,반포대로,00275,00000,2121003,02,11650,0,11650,,10700,반포동,매매,201107,2011-07-29,18,18.1,96500,1611.3,5326.6
,래미안퍼스티지,11650-3559,0018,0001,2009,,,,"238,000",17,8,2011,,,135.92,6,18-1,1,N,,반포대로,00275,00000,2121003,02,11650,0,11650,,10700,반포동,매매,201108,2011-08-17,41,41.1,238000,1751.0,5788.6
,래미안퍼스티지,11650-3559,0018,0001,2009,,,,"96,000",21,8,2011,,,59.96,11,18-1,1,N,,반포대로,00275,00000,2121003,02,11650,0,11650,,10700,반포동,매매,201108,2011-08-21,18,18.1,96000,1601.1,5292.8
,래미안퍼스티지,11650-3559,0018,0001,2009,,,,"154,000",23,8,2011,,,84.93,19,18-1,1,N,,반포대로,00275,00000,2121003,02,11650,0,11650,,10700,반포동,매매,201108,2011-08-23,26,25.7,154000,1813.3,5994.3
,래미안퍼스티지,11650-3559,0018,0001,2009,,,,"238,000",27,8,2011,,,135.92,23,18-1,1,N,,반포대로,00275,00000,2121003,02,11650,0,11650,,10700,반포동,매매,201108,2011-08-27,41,41.1,238000,1751.0,5788.6
,래미안퍼스티지,11650-3559,0018,0001,2009,,,,"305,000",29,8,2011,,,222.76,12,18-1,1,N,,반포대로,00275,00000,2121003,02,11650,0,11650,,10700,반포동,매매,201108,2011-08-29,67,67.4,305000,1369.2,4526.3
,래미안퍼스티지,11650-3559,0018,0001,2009,,,,"210,000",9,9,2011,,,115.65,26,18-1,1,N,,반포대로,00275,00000,2121003,02,11650,0,11650,,10700,반포동,매매,201109,2011-09-09,35,35.0,210000,1815.8,6002.7
,래미안퍼스티지,11650-3559,0018,0001,2009,,,,"230,000",22,9,2011,,,135.92,26,18-1,1,N,,반포대로,00275,00000,2121003,02,11650,0,11650,,10700,반포동,매매,201109,2011-09-22,41,41.1,230000,1692.2,5594.0
,래미안퍼스티지,11650-3559,0018,0001,2009,,,,"155,000",22,9,2011,,,84.93,19,18-1,1,N,,반포대로,00275,00000,2121003,02,11650,0,11650,,10700,반포동,매매,201109,2011-09-22,26,25.7,155000,1825.0,6033.2
,래미안퍼스티지,11650-3559,0018,0001,2009,,,,"164,200",23,9,2011,,,84.93,17,18-1,1,N,,반포대로,00275,00000,2121003,02,11650,0,11650,,10700,반포동,매매,201109,2011-09-23,26,25.7,164200,1933.4,6391.3
,래미안퍼스티지,11650-3559,0018,0001,2009,,,,"281,000",24,9,2011,,,198.04,7,18-1,1,N,,반포대로,00275,00000,2121003,02,11650,0,11650,,10700,반포동,매매,201109,2011-09-24,60,59.9,281000,1418.9,4690.6
,래미안퍼스티지,11650-3559,0018,0001,2009,,,,"98,000",26,9,2011,,,59.89,9,18-1,1,N,,반포대로,00275,00000,2121003,02,11650,0,11650,,10700,반포동,매매,201109,2011-09-26,18,18.1,98000,1636.3,5409.4
,래미안퍼스티지,11650-3559,0018,0001,2009,,,,"268,000",28,9,2011,,,198.22,21,18-1,1,N,,반포대로,00275,00000,2121003,02,11650,0,11650,,10700,반포동,매매,201109,2011-09-28,60,60.0,268000,1352.0,4469.6
,래미안퍼스티지,11650-3559,0018,0001,2009,,,,"285,000",21,10,2011,,,169.31,12,18-1,1,N,,반포대로,00275,00000,2121003,02,11650,0,11650,,10700,반포동,매매,201110,2011-10-21,51,51.2,285000,1683.3,5564.7
,래미안퍼스티지,11650-3559,0018,0001,2009,,,,"190,000",31,10,2011,,,117.12,25,18-1,1,N,,반포대로,00275,00000,2121003,02,11650,0,11650,,10700,반포동,매매,201110,2011-10-31,35,35.4,190000,1622.3,5362.9
,래미안퍼스티지,11650-3559,0018,0001,2009,,,,"250,000",5,11,2011,,,168.65,14,18-1,1,N,,반포대로,00275,00000,2121003,02,11650,0,11650,,10700,반포동,매매,201111,2011-11-05,51,51.0,250000,1482.4,4900.4
,래미안퍼스티지,11650-3559,0018,0001,2009,,,,"300,000",7,11,2011,,,222.76,3,18-1,1,N,,반포대로,00275,00000,2121003,02,11650,0,11650,,10700,반포동,매매,201111,2011-11-07,67,67.4,300000,1346.7,4452.1
,래미안퍼스티지,11650-3559,0018,0001,2009,,,,"144,500",8,11,2011,,,84.93,14,18-1,1,N,,반포대로,00275,00000,2121003,02,11650,0,11650,,10700,반포동,매매,201111,2011-11-08,26,25.7,144500,1701.4,5624.5
,래미안퍼스티지,11650-3559,0018,0001,2009,,,,"235,500",15,11,2011,,,135.92,18,18-1,1,N,,반포대로,00275,00000,2121003,02,11650,0,11650,,10700,반포동,매매,201111,2011-11-15,41,41.1,235500,1732.6,5727.8
,래미안퍼스티지,11650-3559,0018,0001,2009,,,,"140,000",15,11,2011,,,84.93,20,18-1,1,N,,반포대로,00275,00000,2121003,02,11650,0,11650,,10700,반포동,매매,201111,2011-11-15,26,25.7,140000,1648.4,5449.3
,래미안퍼스티지,11650-3559,0018,0001,2009,,,,"137,000",18,11,2011,,,84.93,16,18-1,1,N,,반포대로,00275,00000,2121003,02,11650,0,11650,,10700,반포동,매매,201111,2011-11-18,26,25.7,137000,1613.1,5332.6
,래미안퍼스티지,11650-3559,0018,0001,2009,,,,"296,000",19,11,2011,,,198.04,8,18-1,1,N,,반포대로,00275,00000,2121003,02,11650,0,11650,,10700,반포동,매매,201111,2011-11-19,60,59.9,296000,1494.6,4941.0
,래미안퍼스티지,11650-3559,0018,0001,2009,,,,"135,000",23,11,2011,,,84.93,25,18-1,1,N,,반포대로,00275,00000,2121003,02,11650,0,11650,,10700,반포동,매매,201111,2011-11-23,26,25.7,135000,1589.5,5254.7
,래미안퍼스티지,11650-3559,0018,0001,2009,,,,"96,500",22,12,2011,,,59.96,30,18-1,1,N,,반포대로,00275,00000,2121003,02,11650,0,11650,,10700,반포동,매매,201112,2011-12-22,18,18.1,96500,1609.4,5320.4
,래미안퍼스티지,11650-3559,0018,0001,2009,,,,"185,000",24,12,2011,,,117.12,23,18-1,1,N,,반포대로,00275,00000,2121003,02,11650,0,11650,,10700,반포동,매매,201112,2011-12-24,35,35.4,185000,1579.6,5221.8
,래미안퍼스티지,11650-3559,0018,0001,2009,,,,"193,000",24,12,2011,,,117.12,13,18-1,1,N,,반포대로,00275,00000,2121003,02,11650,0,11650,,10700,반포동,매매,201112,2011-12-24,35,35.4,193000,1647.9,5447.6
,래미안퍼스티지,11650-3559,0018,0001,2009,,,,"151,000",26,12,2011,,,84.93,30,18-1,1,N,,반포대로,00275,00000,2121003,02,11650,0,11650,,10700,반포동,매매,201112,2011-12-26,26,25.7,151000,1777.9,5877.5
,래미안퍼스티지,11650-3559,0018,0001,2009,,,,"185,000",27,12,2011,,,117.12,23,18-1,1,N,,반포대로,00275,00000,2121003,02,11650,0,11650,,10700,반포동,매매,201112,2011-12-27,35,35.4,185000,1579.6,5221.8
,래미안퍼스티지,11650-3559,0018,0001,2009,,,,"285,000",27,12,2011,,,222.76,1,18-1,1,N,,반포대로,00275,00000,2121003,02,11650,0,11650,,10700,반포동,매매,201112,2011-12-27,67,67.4,285000,1279.4,4229.5
,래미안퍼스티지,11650-3559,0018,0001,2009,,,,"89,000",28,12,2011,,,59.98,6,18-1,1,N,,반포대로,00275,00000,2121003,02,11650,0,11650,,10700,반포동,매매,201112,2011-12-28,18,18.1,89000,1483.8,4905.2
,래미안퍼스티지,11650-3559,0018,0001,2009,,,,"136,600",28,12,2011,,,84.93,10,18-1,1,N,,반포대로,00275,00000,2121003,02,11650,0,11650,,10700,반포동,매매,201112,2011-12-28,26,25.7,136600,1608.4,5317.0
,래미안퍼스티지,11650-3559,0018,0001,2009,,,,"97,000",10,1,2012,,,59.98,16,18-1,1,N,,반포대로,00275,00000,2121003,02,11650,0,11650,,10700,반포동,매매,201201,2012-01-10,18,18.1,97000,1617.2,5346.2
,래미안퍼스티지,11650-3559,0018,0001,2009,,,,"137,500",18,1,2012,,,84.93,20,18-1,1,N,,반포대로,00275,00000,2121003,02,11650,0,11650,,10700,반포동,매매,201201,2012-01-18,26,25.7,137500,1619.0,5352.0
,래미안퍼스티지,11650-3559,0018,0001,2009,,,,"130,000",18,1,2012,,,84.93,27,18-1,1,N,,반포대로,00275,00000,2121003,02,11650,0,11650,,10700,반포동,매매,201201,2012-01-18,26,25.7,130000,1530.7,5060.1
,래미안퍼스티지,11650-3559,0018,0001,2009,,,,"133,500",20,1,2012,,,84.93,25,18-1,1,N,,반포대로,00275,00000,2121003,02,11650,0,11650,,10700,반포동,매매,201201,2012-01-20,26,25.7,133500,1571.9,5196.3
,래미안퍼스티지,11650-3559,0018,0001,2009,,,,"134,000",8,2,2012,,,84.93,26,18-1,1,N,,반포대로,00275,00000,2121003,02,11650,0,11650,,10700,반포동,매매,201202,2012-02-08,26,25.7,134000,1577.8,5215.8
,래미안퍼스티지,11650-3559,0018,0001,2009,,,,"134,500",12,2,2012,,,84.93,10,18-1,1,N,,반포대로,00275,00000,2121003,02,11650,0,11650,,10700,반포동,매매,201202,2012-02-12,26,25.7,134500,1583.7,5235.3
,래미안퍼스티지,11650-3559,0018,0001,2009,,,,"97,000",13,2,2012,,,59.96,14,18-1,1,N,,반포대로,00275,00000,2121003,02,11650,0,11650,,10700,반포동,매매,201202,2012-02-13,18,18.1,97000,1617.7,5347.9
,래미안퍼스티지,11650-3559,0018,0001,2009,,,,"127,000",28,2,2012,,,84.93,20,18-1,1,N,,반포대로,00275,00000,2121003,02,11650,0,11650,,10700,반포동,매매,201202,2012-02-28,26,25.7,127000,1495.3,4943.3
,래미안퍼스티지,11650-3559,0018,0001,2009,,,,"145,500",5,3,2012,,,84.93,18,18-1,1,N,,반포대로,00275,00000,2121003,02,11650,0,11650,,10700,반포동,매매,201203,2012-03-05,26,25.7,145500,1713.2,5663.4
,래미안퍼스티지,11650-3559,0018,0001,2009,,,,"145,000",9,3,2012,,,84.93,30,18-1,1,N,,반포대로,00275,00000,2121003,02,11650,0,11650,,10700,반포동,매매,201203,2012-03-09,26,25.7,145000,1707.3,5644.0
,래미안퍼스티지,11650-3559,0018,0001,2009,,,,"131,500",12,3,2012,,,84.93,2,18-1,1,N,,반포대로,00275,00000,2121003,02,11650,0,11650,,10700,반포동,매매,201203,2012-03-12,26,25.7,131500,1548.3,5118.5
,래미안퍼스티지,11650-3559,0018,0001,2009,,,,"220,000",13,3,2012,,,169.31,2,18-1,1,N,,반포대로,00275,00000,2121003,02,11650,0,11650,,10700,반포동,매매,201203,2012-03-13,51,51.2,220000,1299.4,4295.5
,래미안퍼스티지,11650-3559,0018,0001,2009,,,,"145,000",13,3,2012,,,84.93,14,18-1,1,N,,반포대로,00275,00000,2121003,02,11650,0,11650,,10700,반포동,매매,201203,2012-03-13,26,25.7,145000,1707.3,5644.0
,래미안퍼스티지,11650-3559,0018,0001,2009,,,,"262,000",15,3,2012,,,198.04,25,18-1,1,N,,반포대로,00275,00000,2121003,02,11650,0,11650,,10700,반포동,매매,201203,2012-03-15,60,59.9,262000,1323.0,4373.5
,래미안퍼스티지,11650-3559,0018,0001,2009,,,,"238,000",19,3,2012,,,135.92,2,18-1,1,N,,반포대로,00275,00000,2121003,02,11650,0,11650,,10700,반포동,매매,201203,2012-03-19,41,41.1,238000,1751.0,5788.6
,래미안퍼스티지,11650-3559,0018,0001,2009,,,,"143,000",19,3,2012,,,84.93,10,18-1,1,N,,반포대로,00275,00000,2121003,02,11650,0,11650,,10700,반포동,매매,201203,2012-03-19,26,25.7,143000,1683.7,5566.1
,래미안퍼스티지,11650-3559,0018,0001,2009,,,,"266,500",20,3,2012,,,198.04,22,18-1,1,N,,반포대로,00275,00000,2121003,02,11650,0,11650,,10700,반포동,매매,201203,2012-03-20,60,59.9,266500,1345.7,4448.6
,래미안퍼스티지,11650-3559,0018,0001,2009,,,,"130,000",26,3,2012,,,84.93,9,18-1,1,N,,반포대로,00275,00000,2121003,02,11650,0,11650,,10700,반포동,매매,201203,2012-03-26,26,25.7,130000,1530.7,5060.1
,래미안퍼스티지,11650-3559,0018,0001,2009,,,,"125,000",3,4,2012,,,84.93,16,18-1,1,N,,반포대로,00275,00000,2121003,02,11650,0,11650,,10700,반포동,매매,201204,2012-04-03,26,25.7,125000,1471.8,4865.5
,래미안퍼스티지,11650-3559,0018,0001,2009,,,,"243,000",9,4,2012,,,198.22,3,18-1,1,N,,반포대로,00275,00000,2121003,02,11650,0,11650,,10700,반포동,매매,201204,2012-04-09,60,60.0,243000,1225.9,4052.6
,래미안퍼스티지,11650-3559,0018,0001,2009,,,,"137,900",26,4,2012,,,84.93,15,18-1,1,N,,반포대로,00275,00000,2121003,02,11650,0,11650,,10700,반포동,매매,201204,2012-04-26,26,25.7,137900,1623.7,5367.6
,래미안퍼스티지,11650-3559,0018,0001,2009,,,,"133,000",26,4,2012,,,84.93,19,18-1,1,N,,반포대로,00275,00000,2121003,02,11650,0,11650,,10700,반포동,매매,201204,2012-04-26,26,25.7,133000,1566.0,5176.9
,래미안퍼스티지,11650-3559,0018,0001,2009,,,,"98,000",8,5,2012,,,59.89,5,18-1,1,N,,반포대로,00275,00000,2121003,02,11650,0,11650,,10700,반포동,매매,201205,2012-05-08,18,18.1,98000,1636.3,5409.4
,래미안퍼스티지,11650-3559,0018,0001,2009,,,,"199,500",17,5,2012,,,115.65,24,18-1,1,N,,반포대로,00275,00000,2121003,02,11650,0,11650,,10700,반포동,매매,201205,2012-05-17,35,35.0,199500,1725.0,5702.6
,래미안퍼스티지,11650-3559,0018,0001,2009,,,,"98,000",17,5,2012,,,59.96,17,18-1,1,N,,반포대로,00275,00000,2121003,02,11650,0,11650,,10700,반포동,매매,201205,2012-05-17,18,18.1,98000,1634.4,5403.1
,래미안퍼스티지,11650-3559,0018,0001,2009,,,,"135,000",18,5,2012,,,84.76,21,18-1,1,N,,반포대로,00275,00000,2121003,02,11650,0,11650,,10700,반포동,매매,201205,2012-05-18,26,25.6,135000,1592.7,5265.3
,래미안퍼스티지,11650-3559,0018,0001,2009,,,,"148,000",19,5,2012,,,84.93,11,18-1,1,N,,반포대로,00275,00000,2121003,02,11650,0,11650,,10700,반포동,매매,201205,2012-05-19,26,25.7,148000,1742.6,5760.7
,래미안퍼스티지,11650-3559,0018,0001,2009,,,,"133,000",30,5,2012,,,84.93,25,18-1,1,N,,반포대로,00275,00000,2121003,02,11650,0,11650,,10700,반포동,매매,201205,2012-05-30,26,25.7,133000,1566.0,5176.9
,래미안퍼스티지,11650-3559,0018,0001,2009,,,,"265,000",10,6,2012,,,198.04,16,18-1,1,N,,반포대로,00275,00000,2121003,02,11650,0,11650,,10700,반포동,매매,201206,2012-06-10,60,59.9,265000,1338.1,4423.5
,래미안퍼스티지,11650-3559,0018,0001,2009,,,,"225,000",15,6,2012,,,135.92,26,18-1,1,N,,반포대로,00275,00000,2121003,02,11650,0,11650,,10700,반포동,매매,201206,2012-06-15,41,41.1,225000,1655.4,5472.4
,래미안퍼스티지,11650-3559,0018,0001,2009,,,,"89,200",15,6,2012,,,59.96,2,18-1,1,N,,반포대로,00275,00000,2121003,02,11650,0,11650,,10700,반포동,매매,201206,2012-06-15,18,18.1,89200,1487.7,4917.9
,래미안퍼스티지,11650-3559,0018,0001,2009,,,,"127,000",20,6,2012,,,84.93,24,18-1,1,N,,반포대로,00275,00000,2121003,02,11650,0,11650,,10700,반포동,매매,201206,2012-06-20,26,25.7,127000,1495.3,4943.3
,래미안퍼스티지,11650-3559,0018,0001,2009,,,,"150,300",20,6,2012,,,84.93,10,18-1,1,N,,반포대로,00275,00000,2121003,02,11650,0,11650,,10700,반포동,매매,201206,2012-06-20,26,25.7,150300,1769.7,5850.3
,래미안퍼스티지,11650-3559,0018,0001,2009,,,,"146,000",25,6,2012,,,84.93,32,18-1,1,N,,반포대로,00275,00000,2121003,02,11650,0,11650,,10700,반포동,매매,201206,2012-06-25,26,25.7,146000,1719.1,5682.9
,래미안퍼스티지,11650-3559,0018,0001,2009,,,,"150,500",27,6,2012,,,84.93,12,18-1,1,N,,반포대로,00275,00000,2121003,02,11650,0,11650,,10700,반포동,매매,201206,2012-06-27,26,25.7,150500,1772.0,5858.0
,래미안퍼스티지,11650-3559,0018,0001,2009,,,,"93,000",2,7,2012,,,59.89,13,18-1,1,N,,반포대로,00275,00000,2121003,02,11650,0,11650,,10700,반포동,매매,201207,2012-07-02,18,18.1,93000,1552.8,5133.4
,래미안퍼스티지,11650-3559,0018,0001,2009,,,,"125,000",5,7,2012,,,84.93,30,18-1,1,N,,반포대로,00275,00000,2121003,02,11650,0,11650,,10700,반포동,매매,201207,2012-07-05,26,25.7,125000,1471.8,4865.5
,래미안퍼스티지,11650-3559,0018,0001,2009,,,,"129,500",10,7,2012,,,84.93,10,18-1,1,N,,반포대로,00275,00000,2121003,02,11650,0,11650,,10700,반포동,매매,201207,2012-07-10,26,25.7,129500,1524.8,5040.6
,래미안퍼스티지,11650-3559,0018,0001,2009,,,,"95,000",11,7,2012,,,59.96,12,18-1,1,N,,반포대로,00275,00000,2121003,02,11650,0,11650,,10700,반포동,매매,201207,2012-07-11,18,18.1,95000,1584.4,5237.7
,래미안퍼스티지,11650-3559,0018,0001,2009,,,,"107,000",12,7,2012,,,84.93,1,18-1,1,N,,반포대로,00275,00000,2121003,02,11650,0,11650,,10700,반포동,매매,201207,2012-07-12,26,25.7,107000,1259.9,4164.8
,래미안퍼스티지,11650-3559,0018,0001,2009,,,,"260,000",16,7,2012,,,169.31,25,18-1,1,N,,반포대로,00275,00000,2121003,02,11650,0,11650,,10700,반포동,매매,201207,2012-07-16,51,51.2,260000,1535.6,5076.5
,래미안퍼스티지,11650-3559,0018,0001,2009,,,,"139,000",23,7,2012,,,84.93,18,18-1,1,N,,반포대로,00275,00000,2121003,02,11650,0,11650,,10700,반포동,매매,201207,2012-07-23,26,25.7,139000,1636.6,5410.4
,래미안퍼스티지,11650-3559,0018,0001,2009,,,,"139,800",2,8,2012,,,84.93,27,18-1,1,N,,반포대로,00275,00000,2121003,02,11650,0,11650,,10700,반포동,매매,201208,2012-08-02,26,25.7,139800,1646.1,5441.5
,래미안퍼스티지,11650-3559,0018,0001,2009,,,,"207,000",23,8,2012,,,135.92,27,18-1,1,N,,반포대로,00275,00000,2121003,02,11650,0,11650,,10700,반포동,매매,201208,2012-08-23,41,41.1,207000,1523.0,5034.6
,래미안퍼스티지,11650-3559,0018,0001,2009,,,,"97,500",27,8,2012,,,59.96,25,18-1,1,N,,반포대로,00275,00000,2121003,02,11650,0,11650,,10700,반포동,매매,201208,2012-08-27,18,18.1,97500,1626.1,5375.5
,래미안퍼스티지,11650-3559,0018,0001,2009,,,,"208,000",29,8,2012,,,135.92,11,18-1,1,N,,반포대로,00275,00000,2121003,02,11650,0,11650,,10700,반포동,매매,201208,2012-08-29,41,41.1,208000,1530.3,5058.9
,래미안퍼스티지,11650-3559,0018,0001,2009,,,,"92,000",12,9,2012,,,59.96,12,18-1,1,N,,반포대로,00275,00000,2121003,02,11650,0,11650,,10700,반포동,매매,201209,2012-09-12,18,18.1,92000,1534.4,5072.3
,래미안퍼스티지,11650-3559,0018,0001,2009,,,,"131,000",19,9,2012,,,84.93,10,18-1,1,N,,반포대로,00275,00000,2121003,02,11650,0,11650,,10700,반포동,매매,201209,2012-09-19,26,25.7,131000,1542.4,5099.0
,래미안퍼스티지,11650-3559,0018,0001,2009,,,,"142,500",19,9,2012,,,84.93,24,18-1,1,N,,반포대로,00275,00000,2121003,02,11650,0,11650,,10700,반포동,매매,201209,2012-09-19,26,25.7,142500,1677.9,5546.6
,래미안퍼스티지,11650-3559,0018,0001,2009,,,,"299,000",26,9,2012,,,222.76,3,18-1,1,N,,반포대로,00275,00000,2121003,02,11650,0,11650,,10700,반포동,매매,201209,2012-09-26,67,67.4,299000,1342.3,4437.2
,래미안퍼스티지,11650-3559,0018,0001,2009,,,,"270,000",27,9,2012,,,198.04,12,18-1,1,N,,반포대로,00275,00000,2121003,02,11650,0,11650,,10700,반포동,매매,201209,2012-09-27,60,59.9,270000,1363.4,4507.0
,래미안퍼스티지,11650-3559,0018,0001,2009,,,,"89,600",2,10,2012,,,59.96,18,18-1,1,N,,반포대로,00275,00000,2121003,02,11650,0,11650,,10700,반포동,매매,201210,2012-10-02,18,18.1,89600,1494.3,4940.0
,래미안퍼스티지,11650-3559,0018,0001,2009,,,,"143,000",3,10,2012,,,84.93,9,18-1,1,N,,반포대로,00275,00000,2121003,02,11650,0,11650,,10700,반포동,매매,201210,2012-10-03,26,25.7,143000,1683.7,5566.1
,래미안퍼스티지,11650-3559,0018,0001,2009,,,,"120,000",4,10,2012,,,84.93,9,18-1,1,N,,반포대로,00275,00000,2121003,02,11650,0,11650,,10700,반포동,매매,201210,2012-10-04,26,25.7,120000,1412.9,4670.9
,래미안퍼스티지,11650-3559,0018,0001,2009,,,,"148,500",9,10,2012,,,84.93,20,18-1,1,N,,반포대로,00275,00000,2121003,02,11650,0,11650,,10700,반포동,매매,201210,2012-10-09,26,25.7,148500,1748.5,5780.2
,래미안퍼스티지,11650-3559,0018,0001,2009,,,,"235,000",12,10,2012,,,168.65,28,18-1,1,N,,반포대로,00275,00000,2121003,02,11650,0,11650,,10700,반포동,매매,201210,2012-10-12,51,51.0,235000,1393.4,4606.4
,래미안퍼스티지,11650-3559,0018,0001,2009,,,,"225,000",19,10,2012,,,198.22,11,18-1,1,N,,반포대로,00275,00000,2121003,02,11650,0,11650,,10700,반포동,매매,201210,2012-10-19,60,60.0,225000,1135.1,3752.4
,래미안퍼스티지,11650-3559,0018,0001,2009,,,,"87,300",19,10,2012,,,59.96,7,18-1,1,N,,반포대로,00275,00000,2121003,02,11650,0,11650,,10700,반포동,매매,201210,2012-10-19,18,18.1,87300,1456.0,4813.1
,래미안퍼스티지,11650-3559,0018,0001,2009,,,,"89,500",23,10,2012,,,59.96,6,18-1,1,N,,반포대로,00275,00000,2121003,02,11650,0,11650,,10700,반포동,매매,201210,2012-10-23,18,18.1,89500,1492.7,4934.4
,래미안퍼스티지,11650-3559,0018,0001,2009,,,,"238,000",24,10,2012,,,198.22,3,18-1,1,N,,반포대로,00275,00000,2121003,02,11650,0,11650,,10700,반포동,매매,201210,2012-10-24,60,60.0,238000,1200.7,3969.2
,래미안퍼스티지,11650-3559,0018,0001,2009,,,,"115,000",24,10,2012,,,84.93,18,18-1,1,N,,반포대로,00275,00000,2121003,02,11650,0,11650,,10700,반포동,매매,201210,2012-10-24,26,25.7,115000,1354.1,4476.2
,래미안퍼스티지,11650-3559,0018,0001,2009,,,,"138,000",29,10,2012,,,84.93,30,18-1,1,N,,반포대로,00275,00000,2121003,02,11650,0,11650,,10700,반포동,매매,201210,2012-10-29,26,25.7,138000,1624.9,5371.5
,래미안퍼스티지,11650-3559,0018,0001,2009,,,,"124,700",30,10,2012,,,84.93,4,18-1,1,N,,반포대로,00275,00000,2121003,02,11650,0,11650,,10700,반포동,매매,201210,2012-10-30,26,25.7,124700,1468.3,4853.8
,래미안퍼스티지,11650-3559,0018,0001,2009,,,,"275,000",31,10,2012,,,222.76,3,18-1,1,N,,반포대로,00275,00000,2121003,02,11650,0,11650,,10700,반포동,매매,201210,2012-10-31,67,67.4,275000,1234.5,4081.1
,래미안퍼스티지,11650-3559,0018,0001,2009,,,,"265,000",1,11,2012,,,222.76,22,18-1,1,N,,반포대로,00275,00000,2121003,02,11650,0,11650,,10700,반포동,매매,201211,2012-11-01,67,67.4,265000,1189.6,3932.6
,래미안퍼스티지,11650-3559,0018,0001,2009,,,,"225,000",6,11,2012,,,198.04,21,18-1,1,N,,반포대로,00275,00000,2121003,02,11650,0,11650,,10700,반포동,매매,201211,2012-11-06,60,59.9,225000,1136.1,3755.8
,래미안퍼스티지,11650-3559,0018,0001,2009,,,,"245,000",6,11,2012,,,222.76,16,18-1,1,N,,반포대로,00275,00000,2121003,02,11650,0,11650,,10700,반포동,매매,201211,2012-11-06,67,67.4,245000,1099.8,3635.8
,래미안퍼스티지,11650-3559,0018,0001,2009,,,,"126,500",7,11,2012,,,84.93,4,18-1,1,N,,반포대로,00275,00000,2121003,02,11650,0,11650,,10700,반포동,매매,201211,2012-11-07,26,25.7,126500,1489.5,4923.9
,래미안퍼스티지,11650-3559,0018,0001,2009,,,,"89,500",10,11,2012,,,59.96,4,18-1,1,N,,반포대로,00275,00000,2121003,02,11650,0,11650,,10700,반포동,매매,201211,2012-11-10,18,18.1,89500,1492.7,4934.4
,래미안퍼스티지,11650-3559,0018,0001,2009,,,,"231,000",13,11,2012,,,198.22,9,18-1,1,N,,반포대로,00275,00000,2121003,02,11650,0,11650,,10700,반포동,매매,201211,2012-11-13,60,60.0,231000,1165.4,3852.5
,래미안퍼스티지,11650-3559,0018,0001,2009,,,,"232,000",13,11,2012,,,198.22,15,18-1,1,N,,반포대로,00275,00000,2121003,02,11650,0,11650,,10700,반포동,매매,201211,2012-11-13,60,60.0,232000,1170.4,3869.2
,래미안퍼스티지,11650-3559,0018,0001,2009,,,,"254,500",13,11,2012,,,222.76,8,18-1,1,N,,반포대로,00275,00000,2121003,02,11650,0,11650,,10700,반포동,매매,201211,2012-11-13,67,67.4,254500,1142.5,3776.8
,래미안퍼스티지,11650-3559,0018,0001,2009,,,,"121,500",15,11,2012,,,84.93,6,18-1,1,N,,반포대로,00275,00000,2121003,02,11650,0,11650,,10700,반포동,매매,201211,2012-11-15,26,25.7,121500,1430.6,4729.2
,래미안퍼스티지,11650-3559,0018,0001,2009,,,,"249,500",17,11,2012,,,198.04,11,18-1,1,N,,반포대로,00275,00000,2121003,02,11650,0,11650,,10700,반포동,매매,201211,2012-11-17,60,59.9,249500,1259.8,4164.8
,래미안퍼스티지,11650-3559,0018,0001,2009,,,,"91,400",19,11,2012,,,59.89,14,18-1,1,N,,반포대로,00275,00000,2121003,02,11650,0,11650,,10700,반포동,매매,201211,2012-11-19,18,18.1,91400,1526.1,5045.1
,래미안퍼스티지,11650-3559,0018,0001,2009,,,,"91,500",19,11,2012,,,59.96,11,18-1,1,N,,반포대로,00275,00000,2121003,02,11650,0,11650,,10700,반포동,매매,201211,2012-11-19,18,18.1,91500,1526.0,5044.7
,래미안퍼스티지,11650-3559,0018,0001,2009,,,,"220,000",22,11,2012,,,168.65,21,18-1,1,N,,반포대로,00275,00000,2121003,02,11650,0,11650,,10700,반포동,매매,201211,2012-11-22,51,51.0,220000,1304.5,4312.3
,래미안퍼스티지,11650-3559,0018,0001,2009,,,,"120,000",26,11,2012,,,84.93,12,18-1,1,N,,반포대로,00275,00000,2121003,02,11650,0,11650,,10700,반포동,매매,201211,2012-11-26,26,25.7,120000,1412.9,4670.9
,래미안퍼스티지,11650-3559,0018,0001,2009,,,,"90,000",28,11,2012,,,59.98,15,18-1,1,N,,반포대로,00275,00000,2121003,02,11650,0,11650,,10700,반포동,매매,201211,2012-11-28,18,18.1,90000,1500.5,4960.4
,래미안퍼스티지,11650-3559,0018,0001,2009,,,,"123,500",28,12,2012,,,84.93,27,18-1,1,N,,반포대로,00275,00000,2121003,02,11650,0,11650,,10700,반포동,매매,201212,2012-12-28,26,25.7,123500,1454.1,4807.1
,래미안퍼스티지,11650-3559,0018,0001,2009,,,,"240,000",31,12,2012,,,222.15,22,18-1,1,N,,반포대로,00275,00000,2121003,02,11650,0,11650,,10700,반포동,매매,201212,2012-12-31,67,67.2,240000,1080.4,3571.4
,래미안퍼스티지,11650-3559,0018,0001,2009,,,,"234,000",5,1,2013,,,198.04,16,18-1,1,N,,반포대로,00275,00000,2121003,02,11650,0,11650,,10700,반포동,매매,201301,2013-01-05,60,59.9,234000,1181.6,3906.1
,래미안퍼스티지,11650-3559,0018,0001,2009,,,,"210,000",9,1,2013,,,169.31,4,18-1,1,N,,반포대로,00275,00000,2121003,02,11650,0,11650,,10700,반포동,매매,201301,2013-01-09,51,51.2,210000,1240.3,4100.3
,래미안퍼스티지,11650-3559,0018,0001,2009,,,,"94,000",11,1,2013,,,59.96,23,18-1,1,N,,반포대로,00275,00000,2121003,02,11650,0,11650,,10700,반포동,매매,201301,2013-01-11,18,18.1,94000,1567.7,5182.5
,래미안퍼스티지,11650-3559,0018,0001,2009,,,,"278,000",15,1,2013,,,222.76,6,18-1,1,N,,반포대로,00275,00000,2121003,02,11650,0,11650,,10700,반포동,매매,201301,2013-01-15,67,67.4,278000,1248.0,4125.6
,래미안퍼스티지,11650-3559,0018,0001,2009,,,,"91,000",17,1,2013,,,59.89,11,18-1,1,N,,반포대로,00275,00000,2121003,02,11650,0,11650,,10700,반포동,매매,201301,2013-01-17,18,18.1,91000,1519.5,5023.0
,래미안퍼스티지,11650-3559,0018,0001,2009,,,,"90,000",26,1,2013,,,59.96,16,18-1,1,N,,반포대로,00275,00000,2121003,02,11650,0,11650,,10700,반포동,매매,201301,2013-01-26,18,18.1,90000,1501.0,4962.0
,래미안퍼스티지,11650-3559,0018,0001,2009,,,,"196,000",28,1,2013,,,169.31,24,18-1,1,N,,반포대로,00275,00000,2121003,02,11650,0,11650,,10700,반포동,매매,201301,2013-01-28,51,51.2,196000,1157.6,3826.9
,래미안퍼스티지,11650-3559,0018,0001,2009,,,,"120,000",28,1,2013,,,84.93,11,18-1,1,N,,반포대로,00275,00000,2121003,02,11650,0,11650,,10700,반포동,매매,201301,2013-01-28,26,25.7,120000,1412.9,4670.9
,래미안퍼스티지,11650-3559,0018,0001,2009,,,,"133,000",28,1,2013,,,84.93,15,18-1,1,N,,반포대로,00275,00000,2121003,02,11650,0,11650,,10700,반포동,매매,201301,2013-01-28,26,25.7,133000,1566.0,5176.9
,래미안퍼스티지,11650-3559,0018,0001,2009,,,,"120,000",29,1,2013,,,84.93,18,18-1,1,N,,반포대로,00275,00000,2121003,02,11650,0,11650,,10700,반포동,매매,201301,2013-01-29,26,25.7,120000,1412.9,4670.9
,래미안퍼스티지,11650-3559,0018,0001,2009,,,,"197,500",6,2,2013,,,135.92,6,18-1,1,N,,반포대로,00275,00000,2121003,02,11650,0,11650,,10700,반포동,매매,201302,2013-02-06,41,41.1,197500,1453.1,4803.5
,래미안퍼스티지,11650-3559,0018,0001,2009,,,,"138,500",6,2,2013,,,84.93,7,18-1,1,N,,반포대로,00275,00000,2121003,02,11650,0,11650,,10700,반포동,매매,201302,2013-02-06,26,25.7,138500,1630.8,5390.9
,래미안퍼스티지,11650-3559,0018,0001,2009,,,,"134,000",6,2,2013,,,84.93,23,18-1,1,N,,반포대로,00275,00000,2121003,02,11650,0,11650,,10700,반포동,매매,201302,2013-02-06,26,25.7,134000,1577.8,5215.8
,래미안퍼스티지,11650-3559,0018,0001,2009,,,,"193,000",16,2,2013,,,135.92,3,18-1,1,N,,반포대로,00275,00000,2121003,02,11650,0,11650,,10700,반포동,매매,201302,2013-02-16,41,41.1,193000,1420.0,4694.1
,래미안퍼스티지,11650-3559,0018,0001,2009,,,,"186,500",20,2,2013,,,115.65,27,18-1,1,N,,반포대로,00275,00000,2121003,02,11650,0,11650,,10700,반포동,매매,201302,2013-02-20,35,35.0,186500,1612.6,5331.0
,래미안퍼스티지,11650-3559,0018,0001,2009,,,,"97,000",22,2,2013,,,59.96,20,18-1,1,N,,반포대로,00275,00000,2121003,02,11650,0,11650,,10700,반포동,매매,201302,2013-02-22,18,18.1,97000,1617.7,5347.9
,래미안퍼스티지,11650-3559,0018,0001,2009,,,,"134,500",25,2,2013,,,84.93,27,18-1,1,N,,반포대로,00275,00000,2121003,02,11650,0,11650,,10700,반포동,매매,201302,2013-02-25,26,25.7,134500,1583.7,5235.3
,래미안퍼스티지,11650-3559,0018,0001,2009,,,,"182,500",10,3,2013,,,135.92,1,18-1,1,N,,반포대로,00275,00000,2121003,02,11650,0,11650,,10700,반포동,매매,201303,2013-03-10,41,41.1,182500,1342.7,4438.7
,래미안퍼스티지,11650-3559,0018,0001,2009,,,,"140,000",11,3,2013,,,84.93,10,18-1,1,N,,반포대로,00275,00000,2121003,02,11650,0,11650,,10700,반포동,매매,201303,2013-03-11,26,25.7,140000,1648.4,5449.3
,래미안퍼스티지,11650-3559,0018,0001,2009,,,,"136,000",11,3,2013,,,84.93,28,18-1,1,N,,반포대로,00275,00000,2121003,02,11650,0,11650,,10700,반포동,매매,201303,2013-03-11,26,25.7,136000,1601.3,5293.6
,래미안퍼스티지,11650-3559,0018,0001,2009,,,,"119,000",13,3,2013,,,84.93,25,18-1,1,N,,반포대로,00275,00000,2121003,02,11650,0,11650,,10700,반포동,매매,201303,2013-03-13,26,25.7,119000,1401.2,4631.9
,래미안퍼스티지,11650-3559,0018,0001,2009,,,,"128,000",14,3,2013,,,84.93,19,18-1,1,N,,반포대로,00275,00000,2121003,02,11650,0,11650,,10700,반포동,매매,201303,2013-03-14,26,25.7,128000,1507.1,4982.2
,래미안퍼스티지,11650-3559,0018,0001,2009,,,,"210,000",15,3,2013,,,169.31,5,18-1,1,N,,반포대로,00275,00000,2121003,02,11650,0,11650,,10700,반포동,매매,201303,2013-03-15,51,51.2,210000,1240.3,4100.3
,래미안퍼스티지,11650-3559,0018,0001,2009,,,,"145,000",15,3,2013,,,84.93,3,18-1,1,N,,반포대로,00275,00000,2121003,02,11650,0,11650,,10700,반포동,매매,201303,2013-03-15,26,25.7,145000,1707.3,5644.0
,래미안퍼스티지,11650-3559,0018,0001,2009,,,,"285,000",18,3,2013,,,198.04,20,18-1,1,N,,반포대로,00275,00000,2121003,02,11650,0,11650,,10700,반포동,매매,201303,2013-03-18,60,59.9,285000,1439.1,4757.4
,래미안퍼스티지,11650-3559,0018,0001,2009,,,,"92,500",18,3,2013,,,59.89,25,18-1,1,N,,반포대로,00275,00000,2121003,02,11650,0,11650,,10700,반포동,매매,201303,2013-03-18,18,18.1,92500,1544.5,5105.8
,래미안퍼스티지,11650-3559,0018,0001,2009,,,,"232,000",23,3,2013,,,198.22,8,18-1,1,N,,반포대로,00275,00000,2121003,02,11650,0,11650,,10700,반포동,매매,201303,2013-03-23,60,60.0,232000,1170.4,3869.2
,래미안퍼스티지,11650-3559,0018,0001,2009,,,,"85,000",24,3,2013,,,59.89,3,18-1,1,N,,반포대로,00275,00000,2121003,02,11650,0,11650,,10700,반포동,매매,201303,2013-03-24,18,18.1,85000,1419.3,4691.8
,래미안퍼스티지,11650-3559,0018,0001,2009,,,,"85,000",25,3,2013,,,59.96,3,18-1,1,N,,반포대로,00275,00000,2121003,02,11650,0,11650,,10700,반포동,매매,201303,2013-03-25,18,18.1,85000,1417.6,4686.3
,래미안퍼스티지,11650-3559,0018,0001,2009,,,,"251,500",30,3,2013,,,222.76,14,18-1,1,N,,반포대로,00275,00000,2121003,02,11650,0,11650,,10700,반포동,매매,201303,2013-03-30,67,67.4,251500,1129.0,3732.3
,래미안퍼스티지,11650-3559,0018,0001,2009,,,,"227,500",1,4,2013,,,198.04,3,18-1,1,N,,반포대로,00275,00000,2121003,02,11650,0,11650,,10700,반포동,매매,201304,2013-04-01,60,59.9,227500,1148.8,3797.6
,래미안퍼스티지,11650-3559,0018,0001,2009,,,,"198,500",5,4,2013,,,135.92,6,18-1,1,N,,반포대로,00275,00000,2121003,02,11650,0,11650,,10700,반포동,매매,201304,2013-04-05,41,41.1,198500,1460.4,4827.8
,래미안퍼스티지,11650-3559,0018,0001,2009,,,,"250,000",8,4,2013,,,198.04,12,18-1,1,N,,반포대로,00275,00000,2121003,02,11650,0,11650,,10700,반포동,매매,201304,2013-04-08,60,59.9,250000,1262.4,4173.1
,래미안퍼스티지,11650-3559,0018,0001,2009,,,,"95,000",9,4,2013,,,59.96,15,18-1,1,N,,반포대로,00275,00000,2121003,02,11650,0,11650,,10700,반포동,매매,201304,2013-04-09,18,18.1,95000,1584.4,5237.7
,래미안퍼스티지,11650-3559,0018,0001,2009,,,,"137,000",9,4,2013,,,84.93,15,18-1,1,N,,반포대로,00275,00000,2121003,02,11650,0,11650,,10700,반포동,매매,201304,2013-04-09,26,25.7,137000,1613.1,5332.6
,래미안퍼스티지,11650-3559,0018,0001,2009,,,,"120,000",10,4,2013,,,84.93,7,18-1,1,N,,반포대로,00275,00000,2121003,02,11650,0,11650,,10700,반포동,매매,201304,2013-04-10,26,25.7,120000,1412.9,4670.9
,래미안퍼스티지,11650-3559,0018,0001,2009,,,,"131,000",13,4,2013,,,84.93,12,18-1,1,N,,반포대로,00275,00000,2121003,02,11650,0,11650,,10700,반포동,매매,201304,2013-04-13,26,25.7,131000,1542.4,5099.0
,래미안퍼스티지,11650-3559,0018,0001,2009,,,,"140,000",17,4,2013,,,84.93,20,18-1,1,N,,반포대로,00275,00000,2121003,02,11650,0,11650,,10700,반포동,매매,201304,2013-04-17,26,25.7,140000,1648.4,5449.3
,래미안퍼스티지,11650-3559,0018,0001,2009,,,,"246,000",19,4,2013,,,169.31,29,18-1,1,N,,반포대로,00275,00000,2121003,02,11650,0,11650,,10700,반포동,매매,201304,2013-04-19,51,51.2,246000,1453.0,4803.2
,래미안퍼스티지,11650-3559,0018,0001,2009,,,,"260,000",20,4,2013,,,222.76,21,18-1,1,N,,반포대로,00275,00000,2121003,02,11650,0,11650,,10700,반포동,매매,201304,2013-04-20,67,67.4,260000,1167.2,3858.4
,래미안퍼스티지,11650-3559,0018,0001,2009,,,,"95,000",22,4,2013,,,59.89,8,18-1,1,N,,반포대로,00275,00000,2121003,02,11650,0,11650,,10700,반포동,매매,201304,2013-04-22,18,18.1,95000,1586.2,5243.8
,래미안퍼스티지,11650-3559,0018,0001,2009,,,,"94,500",23,4,2013,,,59.89,9,18-1,1,N,,반포대로,00275,00000,2121003,02,11650,0,11650,,10700,반포동,매매,201304,2013-04-23,18,18.1,94500,1577.9,5216.2
,래미안퍼스티지,11650-3559,0018,0001,2009,,,,"89,700",23,4,2013,,,59.96,25,18-1,1,N,,반포대로,00275,00000,2121003,02,11650,0,11650,,10700,반포동,매매,201304,2013-04-23,18,18.1,89700,1496.0,4945.5
,래미안퍼스티지,11650-3559,0018,0001,2009,,,,"92,800",23,4,2013,,,59.96,9,18-1,1,N,,반포대로,00275,00000,2121003,02,11650,0,11650,,10700,반포동,매매,201304,2013-04-23,18,18.1,92800,1547.7,5116.4
,래미안퍼스티지,11650-3559,0018,0001,2009,,,,"199,500",24,4,2013,,,169.31,1,18-1,1,N,,반포대로,00275,00000,2121003,02,11650,0,11650,,10700,반포동,매매,201304,2013-04-24,51,51.2,199500,1178.3,3895.3
,래미안퍼스티지,11650-3559,0018,0001,2009,,,,"263,500",25,4,2013,,,222.76,23,18-1,1,N,,반포대로,00275,00000,2121003,02,11650,0,11650,,10700,반포동,매매,201304,2013-04-25,67,67.4,263500,1182.9,3910.4
,래미안퍼스티지,11650-3559,0018,0001,2009,,,,"243,000",26,4,2013,,,198.04,1,18-1,1,N,,반포대로,00275,00000,2121003,02,11650,0,11650,,10700,반포동,매매,201304,2013-04-26,60,59.9,243000,1227.0,4056.3
,래미안퍼스티지,11650-3559,0018,0001,2009,,,,"260,000",26,4,2013,,,222.76,4,18-1,1,N,,반포대로,00275,00000,2121003,02,11650,0,11650,,10700,반포동,매매,201304,2013-04-26,67,67.4,260000,1167.2,3858.4
,래미안퍼스티지,11650-3559,0018,0001,2009,,,,"96,000",26,4,2013,,,59.89,25,18-1,1,N,,반포대로,00275,00000,2121003,02,11650,0,11650,,10700,반포동,매매,201304,2013-04-26,18,18.1,96000,1602.9,5299.0
,래미안퍼스티지,11650-3559,0018,0001,2009,,,,"197,500",27,4,2013,,,135.92,3,18-1,1,N,,반포대로,00275,00000,2121003,02,11650,0,11650,,10700,반포동,매매,201304,2013-04-27,41,41.1,197500,1453.1,4803.5
,래미안퍼스티지,11650-3559,0018,0001,2009,,,,"230,000",30,4,2013,,,222.15,8,18-1,1,N,,반포대로,00275,00000,2121003,02,11650,0,11650,,10700,반포동,매매,201304,2013-04-30,67,67.2,230000,1035.3,3422.6
,래미안퍼스티지,11650-3559,0018,0001,2009,,,,"252,000",30,4,2013,,,222.76,11,18-1,1,N,,반포대로,00275,00000,2121003,02,11650,0,11650,,10700,반포동,매매,201304,2013-04-30,67,67.4,252000,1131.3,3739.7
,래미안퍼스티지,11650-3559,0018,0001,2009,,,,"203,700",4,5,2013,,,135.92,6,18-1,1,N,,반포대로,00275,00000,2121003,02,11650,0,11650,,10700,반포동,매매,201305,2013-05-04,41,41.1,203700,1498.7,4954.3
,래미안퍼스티지,11650-3559,0018,0001,2009,,,,"230,500",4,5,2013,,,198.04,14,18-1,1,N,,반포대로,00275,00000,2121003,02,11650,0,11650,,10700,반포동,매매,201305,2013-05-04,60,59.9,230500,1163.9,3847.6
,래미안퍼스티지,11650-3559,0018,0001,2009,,,,"94,500",4,5,2013,,,59.89,7,18-1,1,N,,반포대로,00275,00000,2121003,02,11650,0,11650,,10700,반포동,매매,201305,2013-05-04,18,18.1,94500,1577.9,5216.2
,래미안퍼스티지,11650-3559,0018,0001,2009,,,,"138,500",7,5,2013,,,84.93,29,18-1,1,N,,반포대로,00275,00000,2121003,02,11650,0,11650,,10700,반포동,매매,201305,2013-05-07,26,25.7,138500,1630.8,5390.9
,래미안퍼스티지,11650-3559,0018,0001,2009,,,,"188,500",10,5,2013,,,136.65,9,18-1,1,N,,반포대로,00275,00000,2121003,02,11650,0,11650,,10700,반포동,매매,201305,2013-05-10,41,41.3,188500,1379.4,4560.1
,래미안퍼스티지,11650-3559,0018,0001,2009,,,,"97,300",18,5,2013,,,59.89,23,18-1,1,N,,반포대로,00275,00000,2121003,02,11650,0,11650,,10700,반포동,매매,201305,2013-05-18,18,18.1,97300,1624.6,5370.8
,래미안퍼스티지,11650-3559,0018,0001,2009,,,,"94,500",20,5,2013,,,59.96,6,18-1,1,N,,반포대로,00275,00000,2121003,02,11650,0,11650,,10700,반포동,매매,201305,2013-05-20,18,18.1,94500,1576.1,5210.1
,래미안퍼스티지,11650-3559,0018,0001,2009,,,,"130,000",22,5,2013,,,84.93,5,18-1,1,N,,반포대로,00275,00000,2121003,02,11650,0,11650,,10700,반포동,매매,201305,2013-05-22,26,25.7,130000,1530.7,5060.1
,래미안퍼스티지,11650-3559,0018,0001,2009,,,,"173,500",23,5,2013,,,115.65,7,18-1,1,N,,반포대로,00275,00000,2121003,02,11650,0,11650,,10700,반포동,매매,201305,2013-05-23,35,35.0,173500,1500.2,4959.4
,래미안퍼스티지,11650-3559,0018,0001,2009,,,,"213,000",23,5,2013,,,168.65,6,18-1,1,N,,반포대로,00275,00000,2121003,02,11650,0,11650,,10700,반포동,매매,201305,2013-05-23,51,51.0,213000,1263.0,4175.1
,래미안퍼스티지,11650-3559,0018,0001,2009,,,,"200,000",24,5,2013,,,135.92,28,18-1,1,N,,반포대로,00275,00000,2121003,02,11650,0,11650,,10700,반포동,매매,201305,2013-05-24,41,41.1,200000,1471.5,4864.3
,래미안퍼스티지,11650-3559,0018,0001,2009,,,,"215,000",26,5,2013,,,135.92,12,18-1,1,N,,반포대로,00275,00000,2121003,02,11650,0,11650,,10700,반포동,매매,201305,2013-05-26,41,41.1,215000,1581.8,5229.2
,래미안퍼스티지,11650-3559,0018,0001,2009,,,,"210,000",27,5,2013,,,135.92,22,18-1,1,N,,반포대로,00275,00000,2121003,02,11650,0,11650,,10700,반포동,매매,201305,2013-05-27,41,41.1,210000,1545.0,5107.5
,래미안퍼스티지,11650-3559,0018,0001,2009,,,,"204,000",28,5,2013,,,135.92,18,18-1,1,N,,반포대로,00275,00000,2121003,02,11650,0,11650,,10700,반포동,매매,201305,2013-05-28,41,41.1,204000,1500.9,4961.6
,래미안퍼스티지,11650-3559,0018,0001,2009,,,,"189,000",30,5,2013,,,136.65,26,18-1,1,N,,반포대로,00275,00000,2121003,02,11650,0,11650,,10700,반포동,매매,201305,2013-05-30,41,41.3,189000,1383.1,4572.2
,래미안퍼스티지,11650-3559,0018,0001,2009,,,,"89,500",31,5,2013,,,59.96,26,18-1,1,N,,반포대로,00275,00000,2121003,02,11650,0,11650,,10700,반포동,매매,201305,2013-05-31,18,18.1,89500,1492.7,4934.4
,래미안퍼스티지,11650-3559,0018,0001,2009,,,,"143,000",5,6,2013,,,84.93,28,18-1,1,N,,반포대로,00275,00000,2121003,02,11650,0,11650,,10700,반포동,매매,201306,2013-06-05,26,25.7,143000,1683.7,5566.1
,래미안퍼스티지,11650-3559,0018,0001,2009,,,,"255,000",6,6,2013,,,222.76,6,18-1,1,N,,반포대로,00275,00000,2121003,02,11650,0,11650,,10700,반포동,매매,201306,2013-06-06,67,67.4,255000,1144.7,3784.2
,래미안퍼스티지,11650-3559,0018,0001,2009,,,,"95,500",6,6,2013,,,59.89,22,18-1,1,N,,반포대로,00275,00000,2121003,02,11650,0,11650,,10700,반포동,매매,201306,2013-06-06,18,18.1,95500,1594.6,5271.4
,래미안퍼스티지,11650-3559,0018,0001,2009,,,,"203,500",7,6,2013,,,135.92,21,18-1,1,N,,반포대로,00275,00000,2121003,02,11650,0,11650,,10700,반포동,매매,201306,2013-06-07,41,41.1,203500,1497.2,4949.5
,래미안퍼스티지,11650-3559,0018,0001,2009,,,,"260,000",12,6,2013,,,198.04,15,18-1,1,N,,반포대로,00275,00000,2121003,02,11650,0,11650,,10700,반포동,매매,201306,2013-06-12,60,59.9,260000,1312.9,4340.1
,래미안퍼스티지,11650-3559,0018,0001,2009,,,,"187,500",13,6,2013,,,135.92,2,18-1,1,N,,반포대로,00275,00000,2121003,02,11650,0,11650,,10700,반포동,매매,201306,2013-06-13,41,41.1,187500,1379.5,4560.3
,래미안퍼스티지,11650-3559,0018,0001,2009,,,,"97,000",18,6,2013,,,59.89,11,18-1,1,N,,반포대로,00275,00000,2121003,02,11650,0,11650,,10700,반포동,매매,201306,2013-06-18,18,18.1,97000,1619.6,5354.2
,래미안퍼스티지,11650-3559,0018,0001,2009,,,,"97,000",18,6,2013,,,59.96,21,18-1,1,N,,반포대로,00275,00000,2121003,02,11650,0,11650,,10700,반포동,매매,201306,2013-06-18,18,18.1,97000,1617.7,5347.9
,래미안퍼스티지,11650-3559,0018,0001,2009,,,,"120,000",19,6,2013,,,84.93,4,18-1,1,N,,반포대로,00275,00000,2121003,02,11650,0,11650,,10700,반포동,매매,201306,2013-06-19,26,25.7,120000,1412.9,4670.9
,래미안퍼스티지,11650-3559,0018,0001,2009,,,,"135,000",19,6,2013,,,84.93,16,18-1,1,N,,반포대로,00275,00000,2121003,02,11650,0,11650,,10700,반포동,매매,201306,2013-06-19,26,25.7,135000,1589.5,5254.7
,래미안퍼스티지,11650-3559,0018,0001,2009,,,,"255,000",20,6,2013,,,169.31,7,18-1,1,N,,반포대로,00275,00000,2121003,02,11650,0,11650,,10700,반포동,매매,201306,2013-06-20,51,51.2,255000,1506.1,4978.9
,래미안퍼스티지,11650-3559,0018,0001,2009,,,,"203,000",21,6,2013,,,135.92,5,18-1,1,N,,반포대로,00275,00000,2121003,02,11650,0,11650,,10700,반포동,매매,201306,2013-06-21,41,41.1,203000,1493.5,4937.3
,래미안퍼스티지,11650-3559,0018,0001,2009,,,,"97,000",21,6,2013,,,59.96,12,18-1,1,N,,반포대로,00275,00000,2121003,02,11650,0,11650,,10700,반포동,매매,201306,2013-06-21,18,18.1,97000,1617.7,5347.9
,래미안퍼스티지,11650-3559,0018,0001,2009,,,,"170,000",25,6,2013,,,115.65,22,18-1,1,N,,반포대로,00275,00000,2121003,02,11650,0,11650,,10700,반포동,매매,201306,2013-06-25,35,35.0,170000,1470.0,4859.4
,래미안퍼스티지,11650-3559,0018,0001,2009,,,,"200,000",27,6,2013,,,135.92,9,18-1,1,N,,반포대로,00275,00000,2121003,02,11650,0,11650,,10700,반포동,매매,201306,2013-06-27,41,41.1,200000,1471.5,4864.3
,래미안퍼스티지,11650-3559,0018,0001,2009,,,,"213,000",27,6,2013,,,135.92,11,18-1,1,N,,반포대로,00275,00000,2121003,02,11650,0,11650,,10700,반포동,매매,201306,2013-06-27,41,41.1,213000,1567.1,5180.5
,래미안퍼스티지,11650-3559,0018,0001,2009,,,,"278,000",27,6,2013,,,222.76,6,18-1,1,N,,반포대로,00275,00000,2121003,02,11650,0,11650,,10700,반포동,매매,201306,2013-06-27,67,67.4,278000,1248.0,4125.6
,래미안퍼스티지,11650-3559,0018,0001,2009,,,,"202,500",3,7,2013,,,168.65,11,18-1,1,N,,반포대로,00275,00000,2121003,02,11650,0,11650,,10700,반포동,매매,201307,2013-07-03,51,51.0,202500,1200.7,3969.3
,래미안퍼스티지,11650-3559,0018,0001,2009,,,,"212,500",4,7,2013,,,169.31,16,18-1,1,N,,반포대로,00275,00000,2121003,02,11650,0,11650,,10700,반포동,매매,201307,2013-07-04,51,51.2,212500,1255.1,4149.1
,래미안퍼스티지,11650-3559,0018,0001,2009,,,,"204,000",15,7,2013,,,168.65,10,18-1,1,N,,반포대로,00275,00000,2121003,02,11650,0,11650,,10700,반포동,매매,201307,2013-07-15,51,51.0,204000,1209.6,3998.7
,래미안퍼스티지,11650-3559,0018,0001,2009,,,,"130,000",16,7,2013,,,84.93,22,18-1,1,N,,반포대로,00275,00000,2121003,02,11650,0,11650,,10700,반포동,매매,201307,2013-07-16,26,25.7,130000,1530.7,5060.1
,래미안퍼스티지,11650-3559,0018,0001,2009,,,,"205,000",17,7,2013,,,168.65,23,18-1,1,N,,반포대로,00275,00000,2121003,02,11650,0,11650,,10700,반포동,매매,201307,2013-07-17,51,51.0,205000,1215.5,4018.3
,래미안퍼스티지,11650-3559,0018,0001,2009,,,,"124,000",20,7,2013,,,84.93,28,18-1,1,N,,반포대로,00275,00000,2121003,02,11650,0,11650,,10700,반포동,매매,201307,2013-07-20,26,25.7,124000,1460.0,4826.6
,래미안퍼스티지,11650-3559,0018,0001,2009,,,,"88,000",25,7,2013,,,59.96,5,18-1,1,N,,반포대로,00275,00000,2121003,02,11650,0,11650,,10700,반포동,매매,201307,2013-07-25,18,18.1,88000,1467.6,4851.7
,래미안퍼스티지,11650-3559,0018,0001,2009,,,,"119,900",25,7,2013,,,84.76,16,18-1,1,N,,반포대로,00275,00000,2121003,02,11650,0,11650,,10700,반포동,매매,201307,2013-07-25,26,25.6,119900,1414.6,4676.3
,래미안퍼스티지,11650-3559,0018,0001,2009,,,,"97,800",30,7,2013,,,59.89,30,18-1,1,N,,반포대로,00275,00000,2121003,02,11650,0,11650,,10700,반포동,매매,201307,2013-07-30,18,18.1,97800,1633.0,5398.4
,래미안퍼스티지,11650-3559,0018,0001,2009,,,,"129,500",4,8,2013,,,84.93,4,18-1,1,N,,반포대로,00275,00000,2121003,02,11650,0,11650,,10700,반포동,매매,201308,2013-08-04,26,25.7,129500,1524.8,5040.6
,래미안퍼스티지,11650-3559,0018,0001,2009,,,,"123,500",6,8,2013,,,84.93,1,18-1,1,N,,반포대로,00275,00000,2121003,02,11650,0,11650,,10700,반포동,매매,201308,2013-08-06,26,25.7,123500,1454.1,4807.1
,래미안퍼스티지,11650-3559,0018,0001,2009,,,,"130,500",7,8,2013,,,84.93,3,18-1,1,N,,반포대로,00275,00000,2121003,02,11650,0,11650,,10700,반포동,매매,201308,2013-08-07,26,25.7,130500,1536.6,5079.6
,래미안퍼스티지,11650-3559,0018,0001,2009,,,,"90,000",10,8,2013,,,59.96,6,18-1,1,N,,반포대로,00275,00000,2121003,02,11650,0,11650,,10700,반포동,매매,201308,2013-08-10,18,18.1,90000,1501.0,4962.0
,래미안퍼스티지,11650-3559,0018,0001,2009,,,,"138,000",10,8,2013,,,84.93,22,18-1,1,N,,반포대로,00275,00000,2121003,02,11650,0,11650,,10700,반포동,매매,201308,2013-08-10,26,25.7,138000,1624.9,5371.5
,래미안퍼스티지,11650-3559,0018,0001,2009,,,,"128,000",10,8,2013,,,84.93,23,18-1,1,N,,반포대로,00275,00000,2121003,02,11650,0,11650,,10700,반포동,매매,201308,2013-08-10,26,25.7,128000,1507.1,4982.2
,래미안퍼스티지,11650-3559,0018,0001,2009,,,,"96,300",14,8,2013,,,59.96,10,18-1,1,N,,반포대로,00275,00000,2121003,02,11650,0,11650,,10700,반포동,매매,201308,2013-08-14,18,18.1,96300,1606.1,5309.3
,래미안퍼스티지,11650-3559,0018,0001,2009,,,,"203,000",30,8,2013,,,135.92,13,18-1,1,N,,반포대로,00275,00000,2121003,02,11650,0,11650,,10700,반포동,매매,201308,2013-08-30,41,41.1,203000,1493.5,4937.3
,래미안퍼스티지,11650-3559,0018,0001,2009,,,,"105,000",31,8,2013,,,59.89,8,18-1,1,N,,반포대로,00275,00000,2121003,02,11650,0,11650,,10700,반포동,매매,201308,2013-08-31,18,18.1,105000,1753.2,5795.8
,래미안퍼스티지,11650-3559,0018,0001,2009,,,,"124,000",31,8,2013,,,84.85,15,18-1,1,N,,반포대로,00275,00000,2121003,02,11650,0,11650,,10700,반포동,매매,201308,2013-08-31,26,25.7,124000,1461.4,4831.1
,래미안퍼스티지,11650-3559,0018,0001,2009,,,,"93,800",2,9,2013,,,59.89,17,18-1,1,N,,반포대로,00275,00000,2121003,02,11650,0,11650,,10700,반포동,매매,201309,2013-09-02,18,18.1,93800,1566.2,5177.6
,래미안퍼스티지,11650-3559,0018,0001,2009,,,,"127,000",5,9,2013,,,84.76,5,18-1,1,N,,반포대로,00275,00000,2121003,02,11650,0,11650,,10700,반포동,매매,201309,2013-09-05,26,25.6,127000,1498.3,4953.2
,래미안퍼스티지,11650-3559,0018,0001,2009,,,,"210,000",10,9,2013,,,169.31,9,18-1,1,N,,반포대로,00275,00000,2121003,02,11650,0,11650,,10700,반포동,매매,201309,2013-09-10,51,51.2,210000,1240.3,4100.3
,래미안퍼스티지,11650-3559,0018,0001,2009,,,,"237,000",11,9,2013,,,198.04,19,18-1,1,N,,반포대로,00275,00000,2121003,02,11650,0,11650,,10700,반포동,매매,201309,2013-09-11,60,59.9,237000,1196.7,3956.1
,래미안퍼스티지,11650-3559,0018,0001,2009,,,,"212,000",13,9,2013,,,169.31,12,18-1,1,N,,반포대로,00275,00000,2121003,02,11650,0,11650,,10700,반포동,매매,201309,2013-09-13,51,51.2,212000,1252.1,4139.3
,래미안퍼스티지,11650-3559,0018,0001,2009,,,,"186,500",14,9,2013,,,117.12,5,18-1,1,N,,반포대로,00275,00000,2121003,02,11650,0,11650,,10700,반포동,매매,201309,2013-09-14,35,35.4,186500,1592.4,5264.1
,래미안퍼스티지,11650-3559,0018,0001,2009,,,,"186,000",24,9,2013,,,117.12,10,18-1,1,N,,반포대로,00275,00000,2121003,02,11650,0,11650,,10700,반포동,매매,201309,2013-09-24,35,35.4,186000,1588.1,5250.0
,래미안퍼스티지,11650-3559,0018,0001,2009,,,,"249,800",24,9,2013,,,198.04,3,18-1,1,N,,반포대로,00275,00000,2121003,02,11650,0,11650,,10700,반포동,매매,201309,2013-09-24,60,59.9,249800,1261.4,4169.8
,래미안퍼스티지,11650-3559,0018,0001,2009,,,,"126,500",24,9,2013,,,84.76,13,18-1,1,N,,반포대로,00275,00000,2121003,02,11650,0,11650,,10700,반포동,매매,201309,2013-09-24,26,25.6,126500,1492.4,4933.7
,래미안퍼스티지,11650-3559,0018,0001,2009,,,,"135,000",28,9,2013,,,84.93,13,18-1,1,N,,반포대로,00275,00000,2121003,02,11650,0,11650,,10700,반포동,매매,201309,2013-09-28,26,25.7,135000,1589.5,5254.7
,래미안퍼스티지,11650-3559,0018,0001,2009,,,,"261,000",30,9,2013,,,222.76,7,18-1,1,N,,반포대로,00275,00000,2121003,02,11650,0,11650,,10700,반포동,매매,201309,2013-09-30,67,67.4,261000,1171.7,3873.3
,래미안퍼스티지,11650-3559,0018,0001,2009,,,,"94,500",30,9,2013,,,59.89,29,18-1,1,N,,반포대로,00275,00000,2121003,02,11650,0,11650,,10700,반포동,매매,201309,2013-09-30,18,18.1,94500,1577.9,5216.2
,래미안퍼스티지,11650-3559,0018,0001,2009,,,,"124,000",3,10,2013,,,84.93,19,18-1,1,N,,반포대로,00275,00000,2121003,02,11650,0,11650,,10700,반포동,매매,201310,2013-10-03,26,25.7,124000,1460.0,4826.6
,래미안퍼스티지,11650-3559,0018,0001,2009,,,,"153,400",5,10,2013,,,84.93,21,18-1,1,N,,반포대로,00275,00000,2121003,02,11650,0,11650,,10700,반포동,매매,201310,2013-10-05,26,25.7,153400,1806.2,5970.9
,래미안퍼스티지,11650-3559,0018,0001,2009,,,,"137,000",7,10,2013,,,84.93,12,18-1,1,N,,반포대로,00275,00000,2121003,02,11650,0,11650,,10700,반포동,매매,201310,2013-10-07,26,25.7,137000,1613.1,5332.6
,래미안퍼스티지,11650-3559,0018,0001,2009,,,,"98,000",14,10,2013,,,59.96,23,18-1,1,N,,반포대로,00275,00000,2121003,02,11650,0,11650,,10700,반포동,매매,201310,2013-10-14,18,18.1,98000,1634.4,5403.1
,래미안퍼스티지,11650-3559,0018,0001,2009,,,,"98,000",16,10,2013,,,59.89,25,18-1,1,N,,반포대로,00275,00000,2121003,02,11650,0,11650,,10700,반포동,매매,201310,2013-10-16,18,18.1,98000,1636.3,5409.4
,래미안퍼스티지,11650-3559,0018,0001,2009,,,,"99,700",21,10,2013,,,59.89,24,18-1,1,N,,반포대로,00275,00000,2121003,02,11650,0,11650,,10700,반포동,매매,201310,2013-10-21,18,18.1,99700,1664.7,5503.2
,래미안퍼스티지,11650-3559,0018,0001,2009,,,,"139,000",21,10,2013,,,84.93,13,18-1,1,N,,반포대로,00275,00000,2121003,02,11650,0,11650,,10700,반포동,매매,201310,2013-10-21,26,25.7,139000,1636.6,5410.4
,래미안퍼스티지,11650-3559,0018,0001,2009,,,,"202,500",22,10,2013,,,135.92,5,18-1,1,N,,반포대로,00275,00000,2121003,02,11650,0,11650,,10700,반포동,매매,201310,2013-10-22,41,41.1,202500,1489.8,4925.1
,래미안퍼스티지,11650-3559,0018,0001,2009,,,,"140,000",22,10,2013,,,84.93,18,18-1,1,N,,반포대로,00275,00000,2121003,02,11650,0,11650,,10700,반포동,매매,201310,2013-10-22,26,25.7,140000,1648.4,5449.3
,래미안퍼스티지,11650-3559,0018,0001,2009,,,,"94,750",28,10,2013,,,59.96,17,18-1,1,N,,반포대로,00275,00000,2121003,02,11650,0,11650,,10700,반포동,매매,201310,2013-10-28,18,18.1,94750,1580.2,5223.9
,래미안퍼스티지,11650-3559,0018,0001,2009,,,,"135,500",29,10,2013,,,84.93,15,18-1,1,N,,반포대로,00275,00000,2121003,02,11650,0,11650,,10700,반포동,매매,201310,2013-10-29,26,25.7,135500,1595.4,5274.2
,래미안퍼스티지,11650-3559,0018,0001,2009,,,,"235,000",31,10,2013,,,198.04,7,18-1,1,N,,반포대로,00275,00000,2121003,02,11650,0,11650,,10700,반포동,매매,201310,2013-10-31,60,59.9,235000,1186.6,3922.8
,래미안퍼스티지,11650-3559,0018,0001,2009,,,,"240,000",31,10,2013,,,198.22,22,18-1,1,N,,반포대로,00275,00000,2121003,02,11650,0,11650,,10700,반포동,매매,201310,2013-10-31,60,60.0,240000,1210.8,4002.6
,래미안퍼스티지,11650-3559,0018,0001,2009,,,,"128,000",2,11,2013,,,84.93,18,18-1,1,N,,반포대로,00275,00000,2121003,02,11650,0,11650,,10700,반포동,매매,201311,2013-11-02,26,25.7,128000,1507.1,4982.2
,래미안퍼스티지,11650-3559,0018,0001,2009,,,,"261,000",5,11,2013,,,198.04,25,18-1,1,N,,반포대로,00275,00000,2121003,02,11650,0,11650,,10700,반포동,매매,201311,2013-11-05,60,59.9,261000,1317.9,4356.8
,래미안퍼스티지,11650-3559,0018,0001,2009,,,,"134,400",11,11,2013,,,84.93,29,18-1,1,N,,반포대로,00275,00000,2121003,02,11650,0,11650,,10700,반포동,매매,201311,2013-11-11,26,25.7,134400,1582.5,5231.4
,래미안퍼스티지,11650-3559,0018,0001,2009,,,,"137,000",14,11,2013,,,84.93,15,18-1,1,N,,반포대로,00275,00000,2121003,02,11650,0,11650,,10700,반포동,매매,201311,2013-11-14,26,25.7,137000,1613.1,5332.6
,래미안퍼스티지,11650-3559,0018,0001,2009,,,,"180,000",15,11,2013,,,115.65,14,18-1,1,N,,반포대로,00275,00000,2121003,02,11650,0,11650,,10700,반포동,매매,201311,2013-11-15,35,35.0,180000,1556.4,5145.2
,래미안퍼스티지,11650-3559,0018,0001,2009,,,,"130,000",15,11,2013,,,84.76,21,18-1,1,N,,반포대로,00275,00000,2121003,02,11650,0,11650,,10700,반포동,매매,201311,2013-11-15,26,25.6,130000,1533.7,5070.2
,래미안퍼스티지,11650-3559,0018,0001,2009,,,,"232,500",18,11,2013,,,198.04,22,18-1,1,N,,반포대로,00275,00000,2121003,02,11650,0,11650,,10700,반포동,매매,201311,2013-11-18,60,59.9,232500,1174.0,3881.0
,래미안퍼스티지,11650-3559,0018,0001,2009,,,,"270,000",23,11,2013,,,222.76,26,18-1,1,N,,반포대로,00275,00000,2121003,02,11650,0,11650,,10700,반포동,매매,201311,2013-11-23,67,67.4,270000,1212.1,4006.9
,래미안퍼스티지,11650-3559,0018,0001,2009,,,,"220,000",28,11,2013,,,168.65,4,18-1,1,N,,반포대로,00275,00000,2121003,02,11650,0,11650,,10700,반포동,매매,201311,2013-11-28,51,51.0,220000,1304.5,4312.3
,래미안퍼스티지,11650-3559,0018,0001,2009,,,,"234,000",29,11,2013,,,198.04,14,18-1,1,N,,반포대로,00275,00000,2121003,02,11650,0,11650,,10700,반포동,매매,201311,2013-11-29,60,59.9,234000,1181.6,3906.1
,래미안퍼스티지,11650-3559,0018,0001,2009,,,,"133,750",29,11,2013,,,84.93,13,18-1,1,N,,반포대로,00275,00000,2121003,02,11650,0,11650,,10700,반포동,매매,201311,2013-11-29,26,25.7,133750,1574.8,5206.1
,래미안퍼스티지,11650-3559,0018,0001,2009,,,,"207,000",3,12,2013,,,135.92,2,18-1,1,N,,반포대로,00275,00000,2121003,02,11650,0,11650,,10700,반포동,매매,201312,2013-12-03,41,41.1,207000,1523.0,5034.6
,래미안퍼스티지,11650-3559,0018,0001,2009,,,,"125,000",5,12,2013,,,84.93,29,18-1,1,N,,반포대로,00275,00000,2121003,02,11650,0,11650,,10700,반포동,매매,201312,2013-12-05,26,25.7,125000,1471.8,4865.5
,래미안퍼스티지,11650-3559,0018,0001,2009,,,,"139,500",6,12,2013,,,84.93,8,18-1,1,N,,반포대로,00275,00000,2121003,02,11650,0,11650,,10700,반포동,매매,201312,2013-12-06,26,25.7,139500,1642.5,5429.9
,래미안퍼스티지,11650-3559,0018,0001,2009,,,,"128,000",7,12,2013,,,84.93,28,18-1,1,N,,반포대로,00275,00000,2121003,02,11650,0,11650,,10700,반포동,매매,201312,2013-12-07,26,25.7,128000,1507.1,4982.2
,래미안퍼스티지,11650-3559,0018,0001,2009,,,,"183,000",10,12,2013,,,115.65,23,18-1,1,N,,반포대로,00275,00000,2121003,02,11650,0,11650,,10700,반포동,매매,201312,2013-12-10,35,35.0,183000,1582.4,5231.0
,래미안퍼스티지,11650-3559,0018,0001,2009,,,,"126,000",12,12,2013,,,84.93,10,18-1,1,N,,반포대로,00275,00000,2121003,02,11650,0,11650,,10700,반포동,매매,201312,2013-12-12,26,25.7,126000,1483.6,4904.4
,래미안퍼스티지,11650-3559,0018,0001,2009,,,,"122,800",16,12,2013,,,84.93,10,18-1,1,N,,반포대로,00275,00000,2121003,02,11650,0,11650,,10700,반포동,매매,201312,2013-12-16,26,25.7,122800,1445.9,4779.8
,래미안퍼스티지,11650-3559,0018,0001,2009,,,,"146,000",18,12,2013,,,84.93,26,18-1,1,N,,반포대로,00275,00000,2121003,02,11650,0,11650,,10700,반포동,매매,201312,2013-12-18,26,25.7,146000,1719.1,5682.9
,래미안퍼스티지,11650-3559,0018,0001,2009,,,,"123,000",20,12,2013,,,84.93,7,18-1,1,N,,반포대로,00275,00000,2121003,02,11650,0,11650,,10700,반포동,매매,201312,2013-12-20,26,25.7,123000,1448.3,4787.6
,래미안퍼스티지,11650-3559,0018,0001,2009,,,,"225,000",22,12,2013,,,198.04,25,18-1,1,N,,반포대로,00275,00000,2121003,02,11650,0,11650,,10700,반포동,매매,201312,2013-12-22,60,59.9,225000,1136.1,3755.8
,래미안퍼스티지,11650-3559,0018,0001,2009,,,,"130,000",23,12,2013,,,84.76,17,18-1,1,N,,반포대로,00275,00000,2121003,02,11650,0,11650,,10700,반포동,매매,201312,2013-12-23,26,25.6,130000,1533.7,5070.2
,래미안퍼스티지,11650-3559,0018,0001,2009,,,,"134,000",24,12,2013,,,84.93,3,18-1,1,N,,반포대로,00275,00000,2121003,02,11650,0,11650,,10700,반포동,매매,201312,2013-12-24,26,25.7,134000,1577.8,5215.8
,래미안퍼스티지,11650-3559,0018,0001,2009,,,,"139,000",25,12,2013,,,84.93,16,18-1,1,N,,반포대로,00275,00000,2121003,02,11650,0,11650,,10700,반포동,매매,201312,2013-12-25,26,25.7,139000,1636.6,5410.4
,래미안퍼스티지,11650-3559,0018,0001,2009,,,,"227,000",26,12,2013,,,198.22,8,18-1,1,N,,반포대로,00275,00000,2121003,02,11650,0,11650,,10700,반포동,매매,201312,2013-12-26,60,60.0,227000,1145.2,3785.8
,래미안퍼스티지,11650-3559,0018,0001,2009,,,,"86,000",26,12,2013,,,59.96,1,18-1,1,N,,반포대로,00275,00000,2121003,02,11650,0,11650,,10700,반포동,매매,201312,2013-12-26,18,18.1,86000,1434.3,4741.5
,래미안퍼스티지,11650-3559,0018,0001,2009,,,,"230,000",30,12,2013,,,168.65,26,18-1,1,N,,반포대로,00275,00000,2121003,02,11650,0,11650,,10700,반포동,매매,201312,2013-12-30,51,51.0,230000,1363.8,4508.4
,래미안퍼스티지,11650-3559,0018,0001,2009,,,,"220,000",30,12,2013,,,198.22,21,18-1,1,N,,반포대로,00275,00000,2121003,02,11650,0,11650,,10700,반포동,매매,201312,2013-12-30,60,60.0,220000,1109.9,3669.0
,래미안퍼스티지,11650-3559,0018,0001,2009,,,,"96,000",3,1,2014,,,59.96,14,18-1,1,N,,반포대로,00275,00000,2121003,02,11650,0,11650,,10700,반포동,매매,201401,2014-01-03,18,18.1,96000,1601.1,5292.8
,래미안퍼스티지,11650-3559,0018,0001,2009,,,,"230,000",6,1,2014,,,169.31,24,18-1,1,N,,반포대로,00275,00000,2121003,02,11650,0,11650,,10700,반포동,매매,201401,2014-01-06,51,51.2,230000,1358.5,4490.8
,래미안퍼스티지,11650-3559,0018,0001,2009,,,,"123,000",7,1,2014,,,84.93,27,18-1,1,N,,반포대로,00275,00000,2121003,02,11650,0,11650,,10700,반포동,매매,201401,2014-01-07,26,25.7,123000,1448.3,4787.6
,래미안퍼스티지,11650-3559,0018,0001,2009,,,,"264,000",9,1,2014,,,222.76,12,18-1,1,N,,반포대로,00275,00000,2121003,02,11650,0,11650,,10700,반포동,매매,201401,2014-01-09,67,67.4,264000,1185.1,3917.8
,래미안퍼스티지,11650-3559,0018,0001,2009,,,,"270,000",12,1,2014,,,222.76,6,18-1,1,N,,반포대로,00275,00000,2121003,02,11650,0,11650,,10700,반포동,매매,201401,2014-01-12,67,67.4,270000,1212.1,4006.9
,래미안퍼스티지,11650-3559,0018,0001,2009,,,,"117,300",14,1,2014,,,84.93,1,18-1,1,N,,반포대로,00275,00000,2121003,02,11650,0,11650,,10700,반포동,매매,201401,2014-01-14,26,25.7,117300,1381.1,4565.8
,래미안퍼스티지,11650-3559,0018,0001,2009,,,,"231,600",15,1,2014,,,198.22,20,18-1,1,N,,반포대로,00275,00000,2121003,02,11650,0,11650,,10700,반포동,매매,201401,2014-01-15,60,60.0,231600,1168.4,3862.5
,래미안퍼스티지,11650-3559,0018,0001,2009,,,,"98,500",18,1,2014,,,59.96,19,18-1,1,N,,반포대로,00275,00000,2121003,02,11650,0,11650,,10700,반포동,매매,201401,2014-01-18,18,18.1,98500,1642.8,5430.6
,래미안퍼스티지,11650-3559,0018,0001,2009,,,,"131,000",18,1,2014,,,84.93,21,18-1,1,N,,반포대로,00275,00000,2121003,02,11650,0,11650,,10700,반포동,매매,201401,2014-01-18,26,25.7,131000,1542.4,5099.0
,래미안퍼스티지,11650-3559,0018,0001,2009,,,,"96,500",20,1,2014,,,59.96,17,18-1,1,N,,반포대로,00275,00000,2121003,02,11650,0,11650,,10700,반포동,매매,201401,2014-01-20,18,18.1,96500,1609.4,5320.4
,래미안퍼스티지,11650-3559,0018,0001,2009,,,,"233,000",25,1,2014,,,198.22,7,18-1,1,N,,반포대로,00275,00000,2121003,02,11650,0,11650,,10700,반포동,매매,201401,2014-01-25,60,60.0,233000,1175.5,3885.8
,래미안퍼스티지,11650-3559,0018,0001,2009,,,,"280,000",25,1,2014,,,222.76,23,18-1,1,N,,반포대로,00275,00000,2121003,02,11650,0,11650,,10700,반포동,매매,201401,2014-01-25,67,67.4,280000,1257.0,4155.3
,래미안퍼스티지,11650-3559,0018,0001,2009,,,,"132,500",25,1,2014,,,84.76,13,18-1,1,N,,반포대로,00275,00000,2121003,02,11650,0,11650,,10700,반포동,매매,201401,2014-01-25,26,25.6,132500,1563.2,5167.8
,래미안퍼스티지,11650-3559,0018,0001,2009,,,,"187,000",28,1,2014,,,117.12,9,18-1,1,N,,반포대로,00275,00000,2121003,02,11650,0,11650,,10700,반포동,매매,201401,2014-01-28,35,35.4,187000,1596.7,5278.2
,래미안퍼스티지,11650-3559,0018,0001,2009,,,,"135,000",28,1,2014,,,84.85,4,18-1,1,N,,반포대로,00275,00000,2121003,02,11650,0,11650,,10700,반포동,매매,201401,2014-01-28,26,25.7,135000,1591.0,5259.7
,래미안퍼스티지,11650-3559,0018,0001,2009,,,,"220,000",4,2,2014,,,198.22,22,18-1,1,N,,반포대로,00275,00000,2121003,02,11650,0,11650,,10700,반포동,매매,201402,2014-02-04,60,60.0,220000,1109.9,3669.0
,래미안퍼스티지,11650-3559,0018,0001,2009,,,,"134,700",7,2,2014,,,84.93,3,18-1,1,N,,반포대로,00275,00000,2121003,02,11650,0,11650,,10700,반포동,매매,201402,2014-02-07,26,25.7,134700,1586.0,5243.0
,래미안퍼스티지,11650-3559,0018,0001,2009,,,,"97,000",10,2,2014,,,59.96,23,18-1,1,N,,반포대로,00275,00000,2121003,02,11650,0,11650,,10700,반포동,매매,201402,2014-02-10,18,18.1,97000,1617.7,5347.9
,래미안퍼스티지,11650-3559,0018,0001,2009,,,,"207,000",11,2,2014,,,135.92,27,18-1,1,N,,반포대로,00275,00000,2121003,02,11650,0,11650,,10700,반포동,매매,201402,2014-02-11,41,41.1,207000,1523.0,5034.6
,래미안퍼스티지,11650-3559,0018,0001,2009,,,,"140,000",11,2,2014,,,84.93,17,18-1,1,N,,반포대로,00275,00000,2121003,02,11650,0,11650,,10700,반포동,매매,201402,2014-02-11,26,25.7,140000,1648.4,5449.3
,래미안퍼스티지,11650-3559,0018,0001,2009,,,,"127,000",11,2,2014,,,84.93,13,18-1,1,N,,반포대로,00275,00000,2121003,02,11650,0,11650,,10700,반포동,매매,201402,2014-02-11,26,25.7,127000,1495.3,4943.3
,래미안퍼스티지,11650-3559,0018,0001,2009,,,,"141,000",13,2,2014,,,84.93,20,18-1,1,N,,반포대로,00275,00000,2121003,02,11650,0,11650,,10700,반포동,매매,201402,2014-02-13,26,25.7,141000,1660.2,5488.3
,래미안퍼스티지,11650-3559,0018,0001,2009,,,,"86,500",14,2,2014,,,59.96,4,18-1,1,N,,반포대로,00275,00000,2121003,02,11650,0,11650,,10700,반포동,매매,201402,2014-02-14,18,18.1,86500,1442.6,4769.0
,래미안퍼스티지,11650-3559,0018,0001,2009,,,,"140,000",17,2,2014,,,84.93,6,18-1,1,N,,반포대로,00275,00000,2121003,02,11650,0,11650,,10700,반포동,매매,201402,2014-02-17,26,25.7,140000,1648.4,5449.3
,래미안퍼스티지,11650-3559,0018,0001,2009,,,,"240,000",20,2,2014,,,198.04,13,18-1,1,N,,반포대로,00275,00000,2121003,02,11650,0,11650,,10700,반포동,매매,201402,2014-02-20,60,59.9,240000,1211.9,4006.2
,래미안퍼스티지,11650-3559,0018,0001,2009,,,,"225,000",24,2,2014,,,222.15,14,18-1,1,N,,반포대로,00275,00000,2121003,02,11650,0,11650,,10700,반포동,매매,201402,2014-02-24,67,67.2,225000,1012.8,3348.2
,래미안퍼스티지,11650-3559,0018,0001,2009,,,,"130,000",25,2,2014,,,84.93,6,18-1,1,N,,반포대로,00275,00000,2121003,02,11650,0,11650,,10700,반포동,매매,201402,2014-02-25,26,25.7,130000,1530.7,5060.1
,래미안퍼스티지,11650-3559,0018,0001,2009,,,,"89,000",26,2,2014,,,59.96,3,18-1,1,N,,반포대로,00275,00000,2121003,02,11650,0,11650,,10700,반포동,매매,201402,2014-02-26,18,18.1,89000,1484.3,4906.9
,래미안퍼스티지,11650-3559,0018,0001,2009,,,,"193,000",28,2,2014,,,115.65,13,18-1,1,N,,반포대로,00275,00000,2121003,02,11650,0,11650,,10700,반포동,매매,201402,2014-02-28,35,35.0,193000,1668.8,5516.8
,래미안퍼스티지,11650-3559,0018,0001,2009,,,,"129,000",28,2,2014,,,84.93,3,18-1,1,N,,반포대로,00275,00000,2121003,02,11650,0,11650,,10700,반포동,매매,201402,2014-02-28,26,25.7,129000,1518.9,5021.2
,래미안퍼스티지,11650-3559,0018,0001,2009,,,,"97,700",3,3,2014,,,59.89,11,18-1,1,N,,반포대로,00275,00000,2121003,02,11650,0,11650,,10700,반포동,매매,201403,2014-03-03,18,18.1,97700,1631.3,5392.8
,래미안퍼스티지,11650-3559,0018,0001,2009,,,,"262,500",4,3,2014,,,222.76,7,18-1,1,N,,반포대로,00275,00000,2121003,02,11650,0,11650,,10700,반포동,매매,201403,2014-03-04,67,67.4,262500,1178.4,3895.5
,래미안퍼스티지,11650-3559,0018,0001,2009,,,,"130,800",4,3,2014,,,84.93,29,18-1,1,N,,반포대로,00275,00000,2121003,02,11650,0,11650,,10700,반포동,매매,201403,2014-03-04,26,25.7,130800,1540.1,5091.2
,래미안퍼스티지,11650-3559,0018,0001,2009,,,,"145,500",8,3,2014,,,84.93,8,18-1,1,N,,반포대로,00275,00000,2121003,02,11650,0,11650,,10700,반포동,매매,201403,2014-03-08,26,25.7,145500,1713.2,5663.4
,래미안퍼스티지,11650-3559,0018,0001,2009,,,,"138,000",11,3,2014,,,84.93,24,18-1,1,N,,반포대로,00275,00000,2121003,02,11650,0,11650,,10700,반포동,매매,201403,2014-03-11,26,25.7,138000,1624.9,5371.5
,래미안퍼스티지,11650-3559,0018,0001,2009,,,,"224,500",12,3,2014,,,198.22,17,18-1,1,N,,반포대로,00275,00000,2121003,02,11650,0,11650,,10700,반포동,매매,201403,2014-03-12,60,60.0,224500,1132.6,3744.1
,래미안퍼스티지,11650-3559,0018,0001,2009,,,,"268,000",12,3,2014,,,222.76,26,18-1,1,N,,반포대로,00275,00000,2121003,02,11650,0,11650,,10700,반포동,매매,201403,2014-03-12,67,67.4,268000,1203.1,3977.2
,래미안퍼스티지,11650-3559,0018,0001,2009,,,,"218,000",15,3,2014,,,168.65,7,18-1,1,N,,반포대로,00275,00000,2121003,02,11650,0,11650,,10700,반포동,매매,201403,2014-03-15,51,51.0,218000,1292.6,4273.1
,래미안퍼스티지,11650-3559,0018,0001,2009,,,,"227,000",15,3,2014,,,198.22,23,18-1,1,N,,반포대로,00275,00000,2121003,02,11650,0,11650,,10700,반포동,매매,201403,2014-03-15,60,60.0,227000,1145.2,3785.8
,래미안퍼스티지,11650-3559,0018,0001,2009,,,,"260,000",15,3,2014,,,222.76,13,18-1,1,N,,반포대로,00275,00000,2121003,02,11650,0,11650,,10700,반포동,매매,201403,2014-03-15,67,67.4,260000,1167.2,3858.4
,래미안퍼스티지,11650-3559,0018,0001,2009,,,,"97,800",17,3,2014,,,59.96,6,18-1,1,N,,반포대로,00275,00000,2121003,02,11650,0,11650,,10700,반포동,매매,201403,2014-03-17,18,18.1,97800,1631.1,5392.0
,래미안퍼스티지,11650-3559,0018,0001,2009,,,,"97,000",21,3,2014,,,59.89,14,18-1,1,N,,반포대로,00275,00000,2121003,02,11650,0,11650,,10700,반포동,매매,201403,2014-03-21,18,18.1,97000,1619.6,5354.2
,래미안퍼스티지,11650-3559,0018,0001,2009,,,,"280,000",22,3,2014,,,222.76,15,18-1,1,N,,반포대로,00275,00000,2121003,02,11650,0,11650,,10700,반포동,매매,201403,2014-03-22,67,67.4,280000,1257.0,4155.3
,래미안퍼스티지,11650-3559,0018,0001,2009,,,,"237,850",30,3,2014,,,198.04,3,18-1,1,N,,반포대로,00275,00000,2121003,02,11650,0,11650,,10700,반포동,매매,201403,2014-03-30,60,59.9,237850,1201.0,3970.3
,래미안퍼스티지,11650-3559,0018,0001,2009,,,,"143,500",31,3,2014,,,84.93,7,18-1,1,N,,반포대로,00275,00000,2121003,02,11650,0,11650,,10700,반포동,매매,201403,2014-03-31,26,25.7,143500,1689.6,5585.6
,래미안퍼스티지,11650-3559,0018,0001,2009,,,,"145,000",21,4,2014,,,84.93,27,18-1,1,N,,반포대로,00275,00000,2121003,02,11650,0,11650,,10700,반포동,매매,201404,2014-04-21,26,25.7,145000,1707.3,5644.0
,래미안퍼스티지,11650-3559,0018,0001,2009,,,,"89,000",22,4,2014,,,59.89,9,18-1,1,N,,반포대로,00275,00000,2121003,02,11650,0,11650,,10700,반포동,매매,201404,2014-04-22,18,18.1,89000,1486.1,4912.6
,래미안퍼스티지,11650-3559,0018,0001,2009,,,,"141,800",23,4,2014,,,84.93,27,18-1,1,N,,반포대로,00275,00000,2121003,02,11650,0,11650,,10700,반포동,매매,201404,2014-04-23,26,25.7,141800,1669.6,5519.4
,래미안퍼스티지,11650-3559,0018,0001,2009,,,,"128,000",26,4,2014,,,84.93,5,18-1,1,N,,반포대로,00275,00000,2121003,02,11650,0,11650,,10700,반포동,매매,201404,2014-04-26,26,25.7,128000,1507.1,4982.2
,래미안퍼스티지,11650-3559,0018,0001,2009,,,,"151,500",29,4,2014,,,84.93,14,18-1,1,N,,반포대로,00275,00000,2121003,02,11650,0,11650,,10700,반포동,매매,201404,2014-04-29,26,25.7,151500,1783.8,5897.0
,래미안퍼스티지,11650-3559,0018,0001,2009,,,,"260,000",1,5,2014,,,198.04,8,18-1,1,N,,반포대로,00275,00000,2121003,02,11650,0,11650,,10700,반포동,매매,201405,2014-05-01,60,59.9,260000,1312.9,4340.1
,래미안퍼스티지,11650-3559,0018,0001,2009,,,,"146,000",3,5,2014,,,84.93,29,18-1,1,N,,반포대로,00275,00000,2121003,02,11650,0,11650,,10700,반포동,매매,201405,2014-05-03,26,25.7,146000,1719.1,5682.9
,래미안퍼스티지,11650-3559,0018,0001,2009,,,,"205,000",7,5,2014,,,168.65,23,18-1,1,N,,반포대로,00275,00000,2121003,02,11650,0,11650,,10700,반포동,매매,201405,2014-05-07,51,51.0,205000,1215.5,4018.3
,래미안퍼스티지,11650-3559,0018,0001,2009,,,,"137,800",7,5,2014,,,84.85,3,18-1,1,N,,반포대로,00275,00000,2121003,02,11650,0,11650,,10700,반포동,매매,201405,2014-05-07,26,25.7,137800,1624.0,5368.8
,래미안퍼스티지,11650-3559,0018,0001,2009,,,,"127,000",8,5,2014,,,84.93,3,18-1,1,N,,반포대로,00275,00000,2121003,02,11650,0,11650,,10700,반포동,매매,201405,2014-05-08,26,25.7,127000,1495.3,4943.3
,래미안퍼스티지,11650-3559,0018,0001,2009,,,,"140,000",9,5,2014,,,84.93,27,18-1,1,N,,반포대로,00275,00000,2121003,02,11650,0,11650,,10700,반포동,매매,201405,2014-05-09,26,25.7,140000,1648.4,5449.3
,래미안퍼스티지,11650-3559,0018,0001,2009,,,,"207,000",15,5,2014,,,135.92,7,18-1,1,N,,반포대로,00275,00000,2121003,02,11650,0,11650,,10700,반포동,매매,201405,2014-05-15,41,41.1,207000,1523.0,5034.6
,래미안퍼스티지,11650-3559,0018,0001,2009,,,,"209,000",23,5,2014,,,135.92,23,18-1,1,N,,반포대로,00275,00000,2121003,02,11650,0,11650,,10700,반포동,매매,201405,2014-05-23,41,41.1,209000,1537.7,5083.2
,래미안퍼스티지,11650-3559,0018,0001,2009,,,,"230,000",23,5,2014,,,222.15,9,18-1,1,N,,반포대로,00275,00000,2121003,02,11650,0,11650,,10700,반포동,매매,201405,2014-05-23,67,67.2,230000,1035.3,3422.6
,래미안퍼스티지,11650-3559,0018,0001,2009,,,,"215,000",25,5,2014,,,135.92,15,18-1,1,N,,반포대로,00275,00000,2121003,02,11650,0,11650,,10700,반포동,매매,201405,2014-05-25,41,41.1,215000,1581.8,5229.2
,래미안퍼스티지,11650-3559,0018,0001,2009,,,,"143,000",27,5,2014,,,84.93,19,18-1,1,N,,반포대로,00275,00000,2121003,02,11650,0,11650,,10700,반포동,매매,201405,2014-05-27,26,25.7,143000,1683.7,5566.1
,래미안퍼스티지,11650-3559,0018,0001,2009,,,,"96,700",6,6,2014,,,59.96,8,18-1,1,N,,반포대로,00275,00000,2121003,02,11650,0,11650,,10700,반포동,매매,201406,2014-06-06,18,18.1,96700,1612.7,5331.4
,래미안퍼스티지,11650-3559,0018,0001,2009,,,,"300,000",9,6,2014,,,222.76,10,18-1,1,N,,반포대로,00275,00000,2121003,02,11650,0,11650,,10700,반포동,매매,201406,2014-06-09,67,67.4,300000,1346.7,4452.1
,래미안퍼스티지,11650-3559,0018,0001,2009,,,,"300,000",12,6,2014,,,222.76,26,18-1,1,N,,반포대로,00275,00000,2121003,02,11650,0,11650,,10700,반포동,매매,201406,2014-06-12,67,67.4,300000,1346.7,4452.1
,래미안퍼스티지,11650-3559,0018,0001,2009,,,,"239,000",13,6,2014,,,198.22,6,18-1,1,N,,반포대로,00275,00000,2121003,02,11650,0,11650,,10700,반포동,매매,201406,2014-06-13,60,60.0,239000,1205.7,3985.9
,래미안퍼스티지,11650-3559,0018,0001,2009,,,,"215,000",14,6,2014,,,168.65,13,18-1,1,N,,반포대로,00275,00000,2121003,02,11650,0,11650,,10700,반포동,매매,201406,2014-06-14,51,51.0,215000,1274.8,4214.3
,래미안퍼스티지,11650-3559,0018,0001,2009,,,,"285,000",16,6,2014,,,222.76,9,18-1,1,N,,반포대로,00275,00000,2121003,02,11650,0,11650,,10700,반포동,매매,201406,2014-06-16,67,67.4,285000,1279.4,4229.5
,래미안퍼스티지,11650-3559,0018,0001,2009,,,,"214,000",20,6,2014,,,135.92,19,18-1,1,N,,반포대로,00275,00000,2121003,02,11650,0,11650,,10700,반포동,매매,201406,2014-06-20,41,41.1,214000,1574.5,5204.8
,래미안퍼스티지,11650-3559,0018,0001,2009,,,,"209,500",21,6,2014,,,135.92,18,18-1,1,N,,반포대로,00275,00000,2121003,02,11650,0,11650,,10700,반포동,매매,201406,2014-06-21,41,41.1,209500,1541.3,5095.4
,래미안퍼스티지,11650-3559,0018,0001,2009,,,,"131,000",24,6,2014,,,84.93,17,18-1,1,N,,반포대로,00275,00000,2121003,02,11650,0,11650,,10700,반포동,매매,201406,2014-06-24,26,25.7,131000,1542.4,5099.0
,래미안퍼스티지,11650-3559,0018,0001,2009,,,,"259,000",25,6,2014,,,169.31,14,18-1,1,N,,반포대로,00275,00000,2121003,02,11650,0,11650,,10700,반포동,매매,201406,2014-06-25,51,51.2,259000,1529.7,5057.0
,래미안퍼스티지,11650-3559,0018,0001,2009,,,,"274,000",26,6,2014,,,222.76,24,18-1,1,N,,반포대로,00275,00000,2121003,02,11650,0,11650,,10700,반포동,매매,201406,2014-06-26,67,67.4,274000,1230.0,4066.2
,래미안퍼스티지,11650-3559,0018,0001,2009,,,,"93,000",27,6,2014,,,59.89,18,18-1,1,N,,반포대로,00275,00000,2121003,02,11650,0,11650,,10700,반포동,매매,201406,2014-06-27,18,18.1,93000,1552.8,5133.4
,래미안퍼스티지,11650-3559,0018,0001,2009,,,,"90,900",1,7,2014,,,59.89,8,18-1,1,N,,반포대로,00275,00000,2121003,02,11650,0,11650,,10700,반포동,매매,201407,2014-07-01,18,18.1,90900,1517.8,5017.5
,래미안퍼스티지,11650-3559,0018,0001,2009,,,,"151,500",1,7,2014,,,84.93,9,18-1,1,N,,반포대로,00275,00000,2121003,02,11650,0,11650,,10700,반포동,매매,201407,2014-07-01,26,25.7,151500,1783.8,5897.0
,래미안퍼스티지,11650-3559,0018,0001,2009,,,,"137,000",4,7,2014,,,84.93,31,18-1,1,N,,반포대로,00275,00000,2121003,02,11650,0,11650,,10700,반포동,매매,201407,2014-07-04,26,25.7,137000,1613.1,5332.6
,래미안퍼스티지,11650-3559,0018,0001,2009,,,,"306,000",7,7,2014,,,222.76,21,18-1,1,N,,반포대로,00275,00000,2121003,02,11650,0,11650,,10700,반포동,매매,201407,2014-07-07,67,67.4,306000,1373.7,4541.1
,래미안퍼스티지,11650-3559,0018,0001,2009,,,,"225,000",8,7,2014,,,169.31,18,18-1,1,N,,반포대로,00275,00000,2121003,02,11650,0,11650,,10700,반포동,매매,201407,2014-07-08,51,51.2,225000,1328.9,4393.2
,래미안퍼스티지,11650-3559,0018,0001,2009,,,,"93,000",10,7,2014,,,59.96,23,18-1,1,N,,반포대로,00275,00000,2121003,02,11650,0,11650,,10700,반포동,매매,201407,2014-07-10,18,18.1,93000,1551.0,5127.4
,래미안퍼스티지,11650-3559,0018,0001,2009,,,,"193,000",14,7,2014,,,135.92,1,18-1,1,N,,반포대로,00275,00000,2121003,02,11650,0,11650,,10700,반포동,매매,201407,2014-07-14,41,41.1,193000,1420.0,4694.1
,래미안퍼스티지,11650-3559,0018,0001,2009,,,,"201,000",16,7,2014,,,135.92,13,18-1,1,N,,반포대로,00275,00000,2121003,02,11650,0,11650,,10700,반포동,매매,201407,2014-07-16,41,41.1,201000,1478.8,4888.7
,래미안퍼스티지,11650-3559,0018,0001,2009,,,,"235,000",18,7,2014,,,198.22,16,18-1,1,N,,반포대로,00275,00000,2121003,02,11650,0,11650,,10700,반포동,매매,201407,2014-07-18,60,60.0,235000,1185.6,3919.2
,래미안퍼스티지,11650-3559,0018,0001,2009,,,,"272,000",19,7,2014,,,198.04,25,18-1,1,N,,반포대로,00275,00000,2121003,02,11650,0,11650,,10700,반포동,매매,201407,2014-07-19,60,59.9,272000,1373.5,4540.4
,래미안퍼스티지,11650-3559,0018,0001,2009,,,,"247,500",19,7,2014,,,198.04,6,18-1,1,N,,반포대로,00275,00000,2121003,02,11650,0,11650,,10700,반포동,매매,201407,2014-07-19,60,59.9,247500,1249.7,4131.4
,래미안퍼스티지,11650-3559,0018,0001,2009,,,,"220,000",21,7,2014,,,168.65,9,18-1,1,N,,반포대로,00275,00000,2121003,02,11650,0,11650,,10700,반포동,매매,201407,2014-07-21,51,51.0,220000,1304.5,4312.3
,래미안퍼스티지,11650-3559,0018,0001,2009,,,,"228,000",21,7,2014,,,168.65,12,18-1,1,N,,반포대로,00275,00000,2121003,02,11650,0,11650,,10700,반포동,매매,201407,2014-07-21,51,51.0,228000,1351.9,4469.2
,래미안퍼스티지,11650-3559,0018,0001,2009,,,,"98,000",22,7,2014,,,59.96,6,18-1,1,N,,반포대로,00275,00000,2121003,02,11650,0,11650,,10700,반포동,매매,201407,2014-07-22,18,18.1,98000,1634.4,5403.1
,래미안퍼스티지,11650-3559,0018,0001,2009,,,,"238,000",23,7,2014,,,198.22,22,18-1,1,N,,반포대로,00275,00000,2121003,02,11650,0,11650,,10700,반포동,매매,201407,2014-07-23,60,60.0,238000,1200.7,3969.2
,래미안퍼스티지,11650-3559,0018,0001,2009,,,,"143,000",24,7,2014,,,84.85,17,18-1,1,N,,반포대로,00275,00000,2121003,02,11650,0,11650,,10700,반포동,매매,201407,2014-07-24,26,25.7,143000,1685.3,5571.4
,래미안퍼스티지,11650-3559,0018,0001,2009,,,,"290,000",26,7,2014,,,222.76,20,18-1,1,N,,반포대로,00275,00000,2121003,02,11650,0,11650,,10700,반포동,매매,201407,2014-07-26,67,67.4,290000,1301.8,4303.7
,래미안퍼스티지,11650-3559,0018,0001,2009,,,,"232,000",30,7,2014,,,168.65,22,18-1,1,N,,반포대로,00275,00000,2121003,02,11650,0,11650,,10700,반포동,매매,201407,2014-07-30,51,51.0,232000,1375.6,4547.6
,래미안퍼스티지,11650-3559,0018,0001,2009,,,,"140,000",31,7,2014,,,84.93,31,18-1,1,N,,반포대로,00275,00000,2121003,02,11650,0,11650,,10700,반포동,매매,201407,2014-07-31,26,25.7,140000,1648.4,5449.3
,래미안퍼스티지,11650-3559,0018,0001,2009,,,,"219,000",4,8,2014,,,135.92,16,18-1,1,N,,반포대로,00275,00000,2121003,02,11650,0,11650,,10700,반포동,매매,201408,2014-08-04,41,41.1,219000,1611.2,5326.4
,래미안퍼스티지,11650-3559,0018,0001,2009,,,,"131,500",4,8,2014,,,84.93,29,18-1,1,N,,반포대로,00275,00000,2121003,02,11650,0,11650,,10700,반포동,매매,201408,2014-08-04,26,25.7,131500,1548.3,5118.5
,래미안퍼스티지,11650-3559,0018,0001,2009,,,,"274,000",5,8,2014,,,222.76,25,18-1,1,N,,반포대로,00275,00000,2121003,02,11650,0,11650,,10700,반포동,매매,201408,2014-08-05,67,67.4,274000,1230.0,4066.2
,래미안퍼스티지,11650-3559,0018,0001,2009,,,,"290,000",7,8,2014,,,222.76,9,18-1,1,N,,반포대로,00275,00000,2121003,02,11650,0,11650,,10700,반포동,매매,201408,2014-08-07,67,67.4,290000,1301.8,4303.7
,래미안퍼스티지,11650-3559,0018,0001,2009,,,,"176,500",8,8,2014,,,115.65,3,18-1,1,N,,반포대로,00275,00000,2121003,02,11650,0,11650,,10700,반포동,매매,201408,2014-08-08,35,35.0,176500,1526.2,5045.2
,래미안퍼스티지,11650-3559,0018,0001,2009,,,,"218,000",8,8,2014,,,135.92,29,18-1,1,N,,반포대로,00275,00000,2121003,02,11650,0,11650,,10700,반포동,매매,201408,2014-08-08,41,41.1,218000,1603.9,5302.1
,래미안퍼스티지,11650-3559,0018,0001,2009,,,,"146,000",9,8,2014,,,84.93,12,18-1,1,N,,반포대로,00275,00000,2121003,02,11650,0,11650,,10700,반포동,매매,201408,2014-08-09,26,25.7,146000,1719.1,5682.9
,래미안퍼스티지,11650-3559,0018,0001,2009,,,,"135,000",11,8,2014,,,84.85,6,18-1,1,N,,반포대로,00275,00000,2121003,02,11650,0,11650,,10700,반포동,매매,201408,2014-08-11,26,25.7,135000,1591.0,5259.7
,래미안퍼스티지,11650-3559,0018,0001,2009,,,,"247,500",13,8,2014,,,198.04,21,18-1,1,N,,반포대로,00275,00000,2121003,02,11650,0,11650,,10700,반포동,매매,201408,2014-08-13,60,59.9,247500,1249.7,4131.4
,래미안퍼스티지,11650-3559,0018,0001,2009,,,,"240,000",14,8,2014,,,198.04,6,18-1,1,N,,반포대로,00275,00000,2121003,02,11650,0,11650,,10700,반포동,매매,201408,2014-08-14,60,59.9,240000,1211.9,4006.2
,래미안퍼스티지,11650-3559,0018,0001,2009,,,,"265,000",18,8,2014,,,222.76,17,18-1,1,N,,반포대로,00275,00000,2121003,02,11650,0,11650,,10700,반포동,매매,201408,2014-08-18,67,67.4,265000,1189.6,3932.6
,래미안퍼스티지,11650-3559,0018,0001,2009,,,,"135,000",18,8,2014,,,84.93,28,18-1,1,N,,반포대로,00275,00000,2121003,02,11650,0,11650,,10700,반포동,매매,201408,2014-08-18,26,25.7,135000,1589.5,5254.7
,래미안퍼스티지,11650-3559,0018,0001,2009,,,,"203,000",20,8,2014,,,136.65,8,18-1,1,N,,반포대로,00275,00000,2121003,02,11650,0,11650,,10700,반포동,매매,201408,2014-08-20,41,41.3,203000,1485.5,4910.9
,래미안퍼스티지,11650-3559,0018,0001,2009,,,,"142,100",20,8,2014,,,84.93,14,18-1,1,N,,반포대로,00275,00000,2121003,02,11650,0,11650,,10700,반포동,매매,201408,2014-08-20,26,25.7,142100,1673.1,5531.1
,래미안퍼스티지,11650-3559,0018,0001,2009,,,,"189,500",23,8,2014,,,117.12,22,18-1,1,N,,반포대로,00275,00000,2121003,02,11650,0,11650,,10700,반포동,매매,201408,2014-08-23,35,35.4,189500,1618.0,5348.8
,래미안퍼스티지,11650-3559,0018,0001,2009,,,,"230,000",23,8,2014,,,169.31,10,18-1,1,N,,반포대로,00275,00000,2121003,02,11650,0,11650,,10700,반포동,매매,201408,2014-08-23,51,51.2,230000,1358.5,4490.8
,래미안퍼스티지,11650-3559,0018,0001,2009,,,,"239,700",23,8,2014,,,198.22,4,18-1,1,N,,반포대로,00275,00000,2121003,02,11650,0,11650,,10700,반포동,매매,201408,2014-08-23,60,60.0,239700,1209.3,3997.6
,래미안퍼스티지,11650-3559,0018,0001,2009,,,,"257,000",23,8,2014,,,222.76,19,18-1,1,N,,반포대로,00275,00000,2121003,02,11650,0,11650,,10700,반포동,매매,201408,2014-08-23,67,67.4,257000,1153.7,3813.9
,래미안퍼스티지,11650-3559,0018,0001,2009,,,,"280,000",28,8,2014,,,222.76,9,18-1,1,N,,반포대로,00275,00000,2121003,02,11650,0,11650,,10700,반포동,매매,201408,2014-08-28,67,67.4,280000,1257.0,4155.3
,래미안퍼스티지,11650-3559,0018,0001,2009,,,,"104,500",28,8,2014,,,59.96,18,18-1,1,N,,반포대로,00275,00000,2121003,02,11650,0,11650,,10700,반포동,매매,201408,2014-08-28,18,18.1,104500,1742.8,5761.4
,래미안퍼스티지,11650-3559,0018,0001,2009,,,,"136,900",28,8,2014,,,84.93,24,18-1,1,N,,반포대로,00275,00000,2121003,02,11650,0,11650,,10700,반포동,매매,201408,2014-08-28,26,25.7,136900,1611.9,5328.7
,래미안퍼스티지,11650-3559,0018,0001,2009,,,,"137,800",29,8,2014,,,84.85,22,18-1,1,N,,반포대로,00275,00000,2121003,02,11650,0,11650,,10700,반포동,매매,201408,2014-08-29,26,25.7,137800,1624.0,5368.8
,래미안퍼스티지,11650-3559,0018,0001,2009,,,,"150,000",29,8,2014,,,84.93,9,18-1,1,N,,반포대로,00275,00000,2121003,02,11650,0,11650,,10700,반포동,매매,201408,2014-08-29,26,25.7,150000,1766.2,5838.6
,래미안퍼스티지,11650-3559,0018,0001,2009,,,,"260,000",1,9,2014,,,198.04,22,18-1,1,N,,반포대로,00275,00000,2121003,02,11650,0,11650,,10700,반포동,매매,201409,2014-09-01,60,59.9,260000,1312.9,4340.1
,래미안퍼스티지,11650-3559,0018,0001,2009,,,,"131,500",2,9,2014,,,84.93,29,18-1,1,N,,반포대로,00275,00000,2121003,02,11650,0,11650,,10700,반포동,매매,201409,2014-09-02,26,25.7,131500,1548.3,5118.5
,래미안퍼스티지,11650-3559,0018,0001,2009,,,,"104,500",3,9,2014,,,59.89,8,18-1,1,N,,반포대로,00275,00000,2121003,02,11650,0,11650,,10700,반포동,매매,201409,2014-09-03,18,18.1,104500,1744.9,5768.2
,래미안퍼스티지,11650-3559,0018,0001,2009,,,,"146,900",3,9,2014,,,84.93,17,18-1,1,N,,반포대로,00275,00000,2121003,02,11650,0,11650,,10700,반포동,매매,201409,2014-09-03,26,25.7,146900,1729.7,5717.9
,래미안퍼스티지,11650-3559,0018,0001,2009,,,,"223,000",6,9,2014,,,169.31,8,18-1,1,N,,반포대로,00275,00000,2121003,02,11650,0,11650,,10700,반포동,매매,201409,2014-09-06,51,51.2,223000,1317.1,4354.1
,래미안퍼스티지,11650-3559,0018,0001,2009,,,,"93,000",6,9,2014,,,59.96,2,18-1,1,N,,반포대로,00275,00000,2121003,02,11650,0,11650,,10700,반포동,매매,201409,2014-09-06,18,18.1,93000,1551.0,5127.4
,래미안퍼스티지,11650-3559,0018,0001,2009,,,,"290,000",11,9,2014,,,222.76,9,18-1,1,N,,반포대로,00275,00000,2121003,02,11650,0,11650,,10700,반포동,매매,201409,2014-09-11,67,67.4,290000,1301.8,4303.7
,래미안퍼스티지,11650-3559,0018,0001,2009,,,,"212,500",13,9,2014,,,135.92,23,18-1,1,N,,반포대로,00275,00000,2121003,02,11650,0,11650,,10700,반포동,매매,201409,2014-09-13,41,41.1,212500,1563.4,5168.4
,래미안퍼스티지,11650-3559,0018,0001,2009,,,,"220,000",13,9,2014,,,135.92,5,18-1,1,N,,반포대로,00275,00000,2121003,02,11650,0,11650,,10700,반포동,매매,201409,2014-09-13,41,41.1,220000,1618.6,5350.8
,래미안퍼스티지,11650-3559,0018,0001,2009,,,,"226,000",13,9,2014,,,168.65,8,18-1,1,N,,반포대로,00275,00000,2121003,02,11650,0,11650,,10700,반포동,매매,201409,2014-09-13,51,51.0,226000,1340.1,4429.9
,래미안퍼스티지,11650-3559,0018,0001,2009,,,,"143,000",16,9,2014,,,84.93,31,18-1,1,N,,반포대로,00275,00000,2121003,02,11650,0,11650,,10700,반포동,매매,201409,2014-09-16,26,25.7,143000,1683.7,5566.1
,래미안퍼스티지,11650-3559,0018,0001,2009,,,,"104,800",22,9,2014,,,59.96,26,18-1,1,N,,반포대로,00275,00000,2121003,02,11650,0,11650,,10700,반포동,매매,201409,2014-09-22,18,18.1,104800,1747.8,5778.0
,래미안퍼스티지,11650-3559,0018,0001,2009,,,,"149,000",24,9,2014,,,84.93,12,18-1,1,N,,반포대로,00275,00000,2121003,02,11650,0,11650,,10700,반포동,매매,201409,2014-09-24,26,25.7,149000,1754.4,5799.6
,래미안퍼스티지,11650-3559,0018,0001,2009,,,,"137,000",27,9,2014,,,84.85,14,18-1,1,N,,반포대로,00275,00000,2121003,02,11650,0,11650,,10700,반포동,매매,201409,2014-09-27,26,25.7,137000,1614.6,5337.6
,래미안퍼스티지,11650-3559,0018,0001,2009,,,,"105,000",1,10,2014,,,59.89,28,18-1,1,N,,반포대로,00275,00000,2121003,02,11650,0,11650,,10700,반포동,매매,201410,2014-10-01,18,18.1,105000,1753.2,5795.8
,래미안퍼스티지,11650-3559,0018,0001,2009,,,,"105,000",1,10,2014,,,59.96,24,18-1,1,N,,반포대로,00275,00000,2121003,02,11650,0,11650,,10700,반포동,매매,201410,2014-10-01,18,18.1,105000,1751.2,5789.0
,래미안퍼스티지,11650-3559,0018,0001,2009,,,,"250,000",3,10,2014,,,169.31,13,18-1,1,N,,반포대로,00275,00000,2121003,02,11650,0,11650,,10700,반포동,매매,201410,2014-10-03,51,51.2,250000,1476.6,4881.3
,래미안퍼스티지,11650-3559,0018,0001,2009,,,,"265,000",9,10,2014,,,222.76,8,18-1,1,N,,반포대로,00275,00000,2121003,02,11650,0,11650,,10700,반포동,매매,201410,2014-10-09,67,67.4,265000,1189.6,3932.6
,래미안퍼스티지,11650-3559,0018,0001,2009,,,,"231,000",10,10,2014,,,169.31,20,18-1,1,N,,반포대로,00275,00000,2121003,02,11650,0,11650,,10700,반포동,매매,201410,2014-10-10,51,51.2,231000,1364.4,4510.3
,래미안퍼스티지,11650-3559,0018,0001,2009,,,,"104,000",14,10,2014,,,59.96,22,18-1,1,N,,반포대로,00275,00000,2121003,02,11650,0,11650,,10700,반포동,매매,201410,2014-10-14,18,18.1,104000,1734.5,5733.9
,래미안퍼스티지,11650-3559,0018,0001,2009,,,,"149,000",14,10,2014,,,84.93,11,18-1,1,N,,반포대로,00275,00000,2121003,02,11650,0,11650,,10700,반포동,매매,201410,2014-10-14,26,25.7,149000,1754.4,5799.6
,래미안퍼스티지,11650-3559,0018,0001,2009,,,,"247,500",15,10,2014,,,198.22,13,18-1,1,N,,반포대로,00275,00000,2121003,02,11650,0,11650,,10700,반포동,매매,201410,2014-10-15,60,60.0,247500,1248.6,4127.7
,래미안퍼스티지,11650-3559,0018,0001,2009,,,,"147,600",15,10,2014,,,84.93,18,18-1,1,N,,반포대로,00275,00000,2121003,02,11650,0,11650,,10700,반포동,매매,201410,2014-10-15,26,25.7,147600,1737.9,5745.2
,래미안퍼스티지,11650-3559,0018,0001,2009,,,,"135,000",15,10,2014,,,84.93,17,18-1,1,N,,반포대로,00275,00000,2121003,02,11650,0,11650,,10700,반포동,매매,201410,2014-10-15,26,25.7,135000,1589.5,5254.7
,래미안퍼스티지,11650-3559,0018,0001,2009,,,,"273,000",17,10,2014,,,169.31,12,18-1,1,N,,반포대로,00275,00000,2121003,02,11650,0,11650,,10700,반포동,매매,201410,2014-10-17,51,51.2,273000,1612.4,5330.4
,래미안퍼스티지,11650-3559,0018,0001,2009,,,,"97,500",20,10,2014,,,59.89,30,18-1,1,N,,반포대로,00275,00000,2121003,02,11650,0,11650,,10700,반포동,매매,201410,2014-10-20,18,18.1,97500,1628.0,5381.8
,래미안퍼스티지,11650-3559,0018,0001,2009,,,,"150,000",20,10,2014,,,84.93,29,18-1,1,N,,반포대로,00275,00000,2121003,02,11650,0,11650,,10700,반포동,매매,201410,2014-10-20,26,25.7,150000,1766.2,5838.6
,래미안퍼스티지,11650-3559,0018,0001,2009,,,,"124,000",20,10,2014,,,84.93,1,18-1,1,N,,반포대로,00275,00000,2121003,02,11650,0,11650,,10700,반포동,매매,201410,2014-10-20,26,25.7,124000,1460.0,4826.6
,래미안퍼스티지,11650-3559,0018,0001,2009,,,,"104,500",22,10,2014,,,59.96,8,18-1,1,N,,반포대로,00275,00000,2121003,02,11650,0,11650,,10700,반포동,매매,201410,2014-10-22,18,18.1,104500,1742.8,5761.4
,래미안퍼스티지,11650-3559,0018,0001,2009,,,,"279,000",25,10,2014,,,198.04,16,18-1,1,N,,반포대로,00275,00000,2121003,02,11650,0,11650,,10700,반포동,매매,201410,2014-10-25,60,59.9,279000,1408.8,4657.2
,래미안퍼스티지,11650-3559,0018,0001,2009,,,,"198,000",27,10,2014,,,136.65,27,18-1,1,N,,반포대로,00275,00000,2121003,02,11650,0,11650,,10700,반포동,매매,201410,2014-10-27,41,41.3,198000,1449.0,4790.0
,래미안퍼스티지,11650-3559,0018,0001,2009,,,,"269,000",27,10,2014,,,169.31,18,18-1,1,N,,반포대로,00275,00000,2121003,02,11650,0,11650,,10700,반포동,매매,201410,2014-10-27,51,51.2,269000,1588.8,5252.3
,래미안퍼스티지,11650-3559,0018,0001,2009,,,,"183,000",2,11,2014,,,117.12,14,18-1,1,N,,반포대로,00275,00000,2121003,02,11650,0,11650,,10700,반포동,매매,201411,2014-11-02,35,35.4,183000,1562.5,5165.3
,래미안퍼스티지,11650-3559,0018,0001,2009,,,,"144,000",3,11,2014,,,84.93,28,18-1,1,N,,반포대로,00275,00000,2121003,02,11650,0,11650,,10700,반포동,매매,201411,2014-11-03,26,25.7,144000,1695.5,5605.0
,래미안퍼스티지,11650-3559,0018,0001,2009,,,,"149,500",4,11,2014,,,84.93,14,18-1,1,N,,반포대로,00275,00000,2121003,02,11650,0,11650,,10700,반포동,매매,201411,2014-11-04,26,25.7,149500,1760.3,5819.1
,래미안퍼스티지,11650-3559,0018,0001,2009,,,,"151,000",6,11,2014,,,84.93,11,18-1,1,N,,반포대로,00275,00000,2121003,02,11650,0,11650,,10700,반포동,매매,201411,2014-11-06,26,25.7,151000,1777.9,5877.5
,래미안퍼스티지,11650-3559,0018,0001,2009,,,,"147,500",7,11,2014,,,84.93,4,18-1,1,N,,반포대로,00275,00000,2121003,02,11650,0,11650,,10700,반포동,매매,201411,2014-11-07,26,25.7,147500,1736.7,5741.3
,래미안퍼스티지,11650-3559,0018,0001,2009,,,,"100,000",15,11,2014,,,59.96,4,18-1,1,N,,반포대로,00275,00000,2121003,02,11650,0,11650,,10700,반포동,매매,201411,2014-11-15,18,18.1,100000,1667.8,5513.3
,래미안퍼스티지,11650-3559,0018,0001,2009,,,,"255,000",19,11,2014,,,198.22,9,18-1,1,N,,반포대로,00275,00000,2121003,02,11650,0,11650,,10700,반포동,매매,201411,2014-11-19,60,60.0,255000,1286.4,4252.7
,래미안퍼스티지,11650-3559,0018,0001,2009,,,,"192,000",20,11,2014,,,117.12,21,18-1,1,N,,반포대로,00275,00000,2121003,02,11650,0,11650,,10700,반포동,매매,201411,2014-11-20,35,35.4,192000,1639.3,5419.3
,래미안퍼스티지,11650-3559,0018,0001,2009,,,,"264,500",22,11,2014,,,222.76,10,18-1,1,N,,반포대로,00275,00000,2121003,02,11650,0,11650,,10700,반포동,매매,201411,2014-11-22,67,67.4,264500,1187.4,3925.2
,래미안퍼스티지,11650-3559,0018,0001,2009,,,,"207,500",23,11,2014,,,136.65,23,18-1,1,N,,반포대로,00275,00000,2121003,02,11650,0,11650,,10700,반포동,매매,201411,2014-11-23,41,41.3,207500,1518.5,5019.8
,래미안퍼스티지,11650-3559,0018,0001,2009,,,,"207,000",24,11,2014,,,135.92,24,18-1,1,N,,반포대로,00275,00000,2121003,02,11650,0,11650,,10700,반포동,매매,201411,2014-11-24,41,41.1,207000,1523.0,5034.6
,래미안퍼스티지,11650-3559,0018,0001,2009,,,,"228,000",24,11,2014,,,168.65,29,18-1,1,N,,반포대로,00275,00000,2121003,02,11650,0,11650,,10700,반포동,매매,201411,2014-11-24,51,51.0,228000,1351.9,4469.2
,래미안퍼스티지,11650-3559,0018,0001,2009,,,,"105,000",24,11,2014,,,59.96,7,18-1,1,N,,반포대로,00275,00000,2121003,02,11650,0,11650,,10700,반포동,매매,201411,2014-11-24,18,18.1,105000,1751.2,5789.0
,래미안퍼스티지,11650-3559,0018,0001,2009,,,,"217,000",27,11,2014,,,135.92,30,18-1,1,N,,반포대로,00275,00000,2121003,02,11650,0,11650,,10700,반포동,매매,201411,2014-11-27,41,41.1,217000,1596.5,5277.8
,래미안퍼스티지,11650-3559,0018,0001,2009,,,,"137,000",27,11,2014,,,84.93,2,18-1,1,N,,반포대로,00275,00000,2121003,02,11650,0,11650,,10700,반포동,매매,201411,2014-11-27,26,25.7,137000,1613.1,5332.6
,래미안퍼스티지,11650-3559,0018,0001,2009,,,,"201,000",9,12,2014,,,136.65,4,18-1,1,N,,반포대로,00275,00000,2121003,02,11650,0,11650,,10700,반포동,매매,201412,2014-12-09,41,41.3,201000,1470.9,4862.5
,래미안퍼스티지,11650-3559,0018,0001,2009,,,,"300,000",9,12,2014,,,198.04,20,18-1,1,N,,반포대로,00275,00000,2121003,02,11650,0,11650,,10700,반포동,매매,201412,2014-12-09,60,59.9,300000,1514.8,5007.8
,래미안퍼스티지,11650-3559,0018,0001,2009,,,,"140,000",10,12,2014,,,84.93,12,18-1,1,N,,반포대로,00275,00000,2121003,02,11650,0,11650,,10700,반포동,매매,201412,2014-12-10,26,25.7,140000,1648.4,5449.3
,래미안퍼스티지,11650-3559,0018,0001,2009,,,,"298,000",11,12,2014,,,198.04,10,18-1,1,N,,반포대로,00275,00000,2121003,02,11650,0,11650,,10700,반포동,매매,201412,2014-12-11,60,59.9,298000,1504.7,4974.4
,래미안퍼스티지,11650-3559,0018,0001,2009,,,,"211,500",12,12,2014,,,135.92,17,18-1,1,N,,반포대로,00275,00000,2121003,02,11650,0,11650,,10700,반포동,매매,201412,2014-12-12,41,41.1,211500,1556.1,5144.0
,래미안퍼스티지,11650-3559,0018,0001,2009,,,,"105,000",13,12,2014,,,59.89,27,18-1,1,N,,반포대로,00275,00000,2121003,02,11650,0,11650,,10700,반포동,매매,201412,2014-12-13,18,18.1,105000,1753.2,5795.8
,래미안퍼스티지,11650-3559,0018,0001,2009,,,,"205,000",14,12,2014,,,135.92,29,18-1,1,N,,반포대로,00275,00000,2121003,02,11650,0,11650,,10700,반포동,매매,201412,2014-12-14,41,41.1,205000,1508.2,4985.9
,래미안퍼스티지,11650-3559,0018,0001,2009,,,,"137,000",23,12,2014,,,84.93,8,18-1,1,N,,반포대로,00275,00000,2121003,02,11650,0,11650,,10700,반포동,매매,201412,2014-12-23,26,25.7,137000,1613.1,5332.6
,래미안퍼스티지,11650-3559,0018,0001,2009,,,,"290,000",24,12,2014,,,198.04,20,18-1,1,N,,반포대로,00275,00000,2121003,02,11650,0,11650,,10700,반포동,매매,201412,2014-12-24,60,59.9,290000,1464.4,4840.9
,래미안퍼스티지,11650-3559,0018,0001,2009,,,,"240,000",31,12,2014,,,198.04,2,18-1,1,N,,반포대로,00275,00000,2121003,02,11650,0,11650,,10700,반포동,매매,201412,2014-12-31,60,59.9,240000,1211.9,4006.2
,래미안퍼스티지,11650-3559,0018,0001,2009,,,,"104,000",31,12,2014,,,59.89,26,18-1,1,N,,반포대로,00275,00000,2121003,02,11650,0,11650,,10700,반포동,매매,201412,2014-12-31,18,18.1,104000,1736.5,5740.6
,래미안퍼스티지,11650-3559,0018,0001,2009,,,,"99,000",9,1,2015,,,59.96,16,18-1,1,N,,반포대로,00275,00000,2121003,02,11650,0,11650,,10700,반포동,매매,201501,2015-01-09,18,18.1,99000,1651.1,5458.2
,래미안퍼스티지,11650-3559,0018,0001,2009,,,,"270,000",15,1,2015,,,198.04,4,18-1,1,N,,반포대로,00275,00000,2121003,02,11650,0,11650,,10700,반포동,매매,201501,2015-01-15,60,59.9,270000,1363.4,4507.0
,래미안퍼스티지,11650-3559,0018,0001,2009,,,,"265,000",16,1,2015,,,198.04,15,18-1,1,N,,반포대로,00275,00000,2121003,02,11650,0,11650,,10700,반포동,매매,201501,2015-01-16,60,59.9,265000,1338.1,4423.5
,래미안퍼스티지,11650-3559,0018,0001,2009,,,,"144,000",16,1,2015,,,84.93,6,18-1,1,N,,반포대로,00275,00000,2121003,02,11650,0,11650,,10700,반포동,매매,201501,2015-01-16,26,25.7,144000,1695.5,5605.0
,래미안퍼스티지,11650-3559,0018,0001,2009,,,,"106,500",19,1,2015,,,59.89,26,18-1,1,N,,반포대로,00275,00000,2121003,02,11650,0,11650,,10700,반포동,매매,201501,2015-01-19,18,18.1,106500,1778.3,5878.6
,래미안퍼스티지,11650-3559,0018,0001,2009,,,,"100,500",19,1,2015,,,59.98,22,18-1,1,N,,반포대로,00275,00000,2121003,02,11650,0,11650,,10700,반포동,매매,201501,2015-01-19,18,18.1,100500,1675.6,5539.1
,래미안퍼스티지,11650-3559,0018,0001,2009,,,,"198,000",20,1,2015,,,117.12,12,18-1,1,N,,반포대로,00275,00000,2121003,02,11650,0,11650,,10700,반포동,매매,201501,2015-01-20,35,35.4,198000,1690.6,5588.7
,래미안퍼스티지,11650-3559,0018,0001,2009,,,,"219,000",22,1,2015,,,135.92,10,18-1,1,N,,반포대로,00275,00000,2121003,02,11650,0,11650,,10700,반포동,매매,201501,2015-01-22,41,41.1,219000,1611.2,5326.4
,래미안퍼스티지,11650-3559,0018,0001,2009,,,,"228,000",22,1,2015,,,168.65,22,18-1,1,N,,반포대로,00275,00000,2121003,02,11650,0,11650,,10700,반포동,매매,201501,2015-01-22,51,51.0,228000,1351.9,4469.2
,래미안퍼스티지,11650-3559,0018,0001,2009,,,,"98,500",22,1,2015,,,59.98,17,18-1,1,N,,반포대로,00275,00000,2121003,02,11650,0,11650,,10700,반포동,매매,201501,2015-01-22,18,18.1,98500,1642.2,5428.8
,래미안퍼스티지,11650-3559,0018,0001,2009,,,,"135,000",24,1,2015,,,84.93,9,18-1,1,N,,반포대로,00275,00000,2121003,02,11650,0,11650,,10700,반포동,매매,201501,2015-01-24,26,25.7,135000,1589.5,5254.7
,래미안퍼스티지,11650-3559,0018,0001,2009,,,,"105,000",27,1,2015,,,59.96,29,18-1,1,N,,반포대로,00275,00000,2121003,02,11650,0,11650,,10700,반포동,매매,201501,2015-01-27,18,18.1,105000,1751.2,5789.0
,래미안퍼스티지,11650-3559,0018,0001,2009,,,,"278,000",28,1,2015,,,222.76,4,18-1,1,N,,반포대로,00275,00000,2121003,02,11650,0,11650,,10700,반포동,매매,201501,2015-01-28,67,67.4,278000,1248.0,4125.6
,래미안퍼스티지,11650-3559,0018,0001,2009,,,,"150,000",30,1,2015,,,84.93,28,18-1,1,N,,반포대로,00275,00000,2121003,02,11650,0,11650,,10700,반포동,매매,201501,2015-01-30,26,25.7,150000,1766.2,5838.6
,래미안퍼스티지,11650-3559,0018,0001,2009,,,,"195,000",31,1,2015,,,135.92,29,18-1,1,N,,반포대로,00275,00000,2121003,02,11650,0,11650,,10700,반포동,매매,201501,2015-01-31,41,41.1,195000,1434.7,4742.7
,래미안퍼스티지,11650-3559,0018,0001,2009,,,,"97,000",1,2,2015,,,59.89,2,18-1,1,N,,반포대로,00275,00000,2121003,02,11650,0,11650,,10700,반포동,매매,201502,2015-02-01,18,18.1,97000,1619.6,5354.2
,래미안퍼스티지,11650-3559,0018,0001,2009,,,,"194,500",2,2,2015,,,117.12,13,18-1,1,N,,반포대로,00275,00000,2121003,02,11650,0,11650,,10700,반포동,매매,201502,2015-02-02,35,35.4,194500,1660.7,5489.9
,래미안퍼스티지,11650-3559,0018,0001,2009,,,,"149,750",4,2,2015,,,84.93,25,18-1,1,N,,반포대로,00275,00000,2121003,02,11650,0,11650,,10700,반포동,매매,201502,2015-02-04,26,25.7,149750,1763.2,5828.8
,래미안퍼스티지,11650-3559,0018,0001,2009,,,,"308,000",5,2,2015,,,198.04,22,18-1,1,N,,반포대로,00275,00000,2121003,02,11650,0,11650,,10700,반포동,매매,201502,2015-02-05,60,59.9,308000,1555.2,5141.3
,래미안퍼스티지,11650-3559,0018,0001,2009,,,,"104,500",5,2,2015,,,59.96,10,18-1,1,N,,반포대로,00275,00000,2121003,02,11650,0,11650,,10700,반포동,매매,201502,2015-02-05,18,18.1,104500,1742.8,5761.4
,래미안퍼스티지,11650-3559,0018,0001,2009,,,,"277,000",6,2,2015,,,222.76,9,18-1,1,N,,반포대로,00275,00000,2121003,02,11650,0,11650,,10700,반포동,매매,201502,2015-02-06,67,67.4,277000,1243.5,4110.7
,래미안퍼스티지,11650-3559,0018,0001,2009,,,,"299,600",6,2,2015,,,222.76,11,18-1,1,N,,반포대로,00275,00000,2121003,02,11650,0,11650,,10700,반포동,매매,201502,2015-02-06,67,67.4,299600,1344.9,4446.1
,래미안퍼스티지,11650-3559,0018,0001,2009,,,,"153,000",7,2,2015,,,84.93,27,18-1,1,N,,반포대로,00275,00000,2121003,02,11650,0,11650,,10700,반포동,매매,201502,2015-02-07,26,25.7,153000,1801.5,5955.3
,래미안퍼스티지,11650-3559,0018,0001,2009,,,,"110,000",10,2,2015,,,59.89,13,18-1,1,N,,반포대로,00275,00000,2121003,02,11650,0,11650,,10700,반포동,매매,201502,2015-02-10,18,18.1,110000,1836.7,6071.8
,래미안퍼스티지,11650-3559,0018,0001,2009,,,,"154,000",16,2,2015,,,84.93,16,18-1,1,N,,반포대로,00275,00000,2121003,02,11650,0,11650,,10700,반포동,매매,201502,2015-02-16,26,25.7,154000,1813.3,5994.3
,래미안퍼스티지,11650-3559,0018,0001,2009,,,,"255,000",17,2,2015,,,198.22,19,18-1,1,N,,반포대로,00275,00000,2121003,02,11650,0,11650,,10700,반포동,매매,201502,2015-02-17,60,60.0,255000,1286.4,4252.7
,래미안퍼스티지,11650-3559,0018,0001,2009,,,,"215,000",24,2,2015,,,135.92,22,18-1,1,N,,반포대로,00275,00000,2121003,02,11650,0,11650,,10700,반포동,매매,201502,2015-02-24,41,41.1,215000,1581.8,5229.2
,래미안퍼스티지,11650-3559,0018,0001,2009,,,,"108,000",24,2,2015,,,59.96,18,18-1,1,N,,반포대로,00275,00000,2121003,02,11650,0,11650,,10700,반포동,매매,201502,2015-02-24,18,18.1,108000,1801.2,5954.4
,래미안퍼스티지,11650-3559,0018,0001,2009,,,,"144,500",25,2,2015,,,84.93,11,18-1,1,N,,반포대로,00275,00000,2121003,02,11650,0,11650,,10700,반포동,매매,201502,2015-02-25,26,25.7,144500,1701.4,5624.5
,래미안퍼스티지,11650-3559,0018,0001,2009,,,,"152,000",26,2,2015,,,84.93,20,18-1,1,N,,반포대로,00275,00000,2121003,02,11650,0,11650,,10700,반포동,매매,201502,2015-02-26,26,25.7,152000,1789.7,5916.4
,래미안퍼스티지,11650-3559,0018,0001,2009,,,,"142,500",28,2,2015,,,84.93,14,18-1,1,N,,반포대로,00275,00000,2121003,02,11650,0,11650,,10700,반포동,매매,201502,2015-02-28,26,25.7,142500,1677.9,5546.6
,래미안퍼스티지,11650-3559,0018,0001,2009,,,,"149,000",28,2,2015,,,84.93,26,18-1,1,N,,반포대로,00275,00000,2121003,02,11650,0,11650,,10700,반포동,매매,201502,2015-02-28,26,25.7,149000,1754.4,5799.6
,래미안퍼스티지,11650-3559,0018,0001,2009,,,,"240,000",3,3,2015,,,169.31,10,18-1,1,N,,반포대로,00275,00000,2121003,02,11650,0,11650,,10700,반포동,매매,201503,2015-03-03,51,51.2,240000,1417.5,4686.0
,래미안퍼스티지,11650-3559,0018,0001,2009,,,,"107,300",4,3,2015,,,59.89,17,18-1,1,N,,반포대로,00275,00000,2121003,02,11650,0,11650,,10700,반포동,매매,201503,2015-03-04,18,18.1,107300,1791.6,5922.7
,래미안퍼스티지,11650-3559,0018,0001,2009,,,,"219,000",7,3,2015,,,135.92,28,18-1,1,N,,반포대로,00275,00000,2121003,02,11650,0,11650,,10700,반포동,매매,201503,2015-03-07,41,41.1,219000,1611.2,5326.4
,래미안퍼스티지,11650-3559,0018,0001,2009,,,,"140,000",7,3,2015,,,84.93,8,18-1,1,N,,반포대로,00275,00000,2121003,02,11650,0,11650,,10700,반포동,매매,201503,2015-03-07,26,25.7,140000,1648.4,5449.3
,래미안퍼스티지,11650-3559,0018,0001,2009,,,,"300,000",9,3,2015,,,198.04,9,18-1,1,N,,반포대로,00275,00000,2121003,02,11650,0,11650,,10700,반포동,매매,201503,2015-03-09,60,59.9,300000,1514.8,5007.8
,래미안퍼스티지,11650-3559,0018,0001,2009,,,,"140,500",9,3,2015,,,84.93,10,18-1,1,N,,반포대로,00275,00000,2121003,02,11650,0,11650,,10700,반포동,매매,201503,2015-03-09,26,25.7,140500,1654.3,5468.8
,래미안퍼스티지,11650-3559,0018,0001,2009,,,,"230,000",11,3,2015,,,168.65,4,18-1,1,N,,반포대로,00275,00000,2121003,02,11650,0,11650,,10700,반포동,매매,201503,2015-03-11,51,51.0,230000,1363.8,4508.4
,래미안퍼스티지,11650-3559,0018,0001,2009,,,,"150,000",13,3,2015,,,84.93,12,18-1,1,N,,반포대로,00275,00000,2121003,02,11650,0,11650,,10700,반포동,매매,201503,2015-03-13,26,25.7,150000,1766.2,5838.6
,래미안퍼스티지,11650-3559,0018,0001,2009,,,,"245,000",14,3,2015,,,169.31,26,18-1,1,N,,반포대로,00275,00000,2121003,02,11650,0,11650,,10700,반포동,매매,201503,2015-03-14,51,51.2,245000,1447.0,4783.7
,래미안퍼스티지,11650-3559,0018,0001,2009,,,,"309,000",14,3,2015,,,222.76,23,18-1,1,N,,반포대로,00275,00000,2121003,02,11650,0,11650,,10700,반포동,매매,201503,2015-03-14,67,67.4,309000,1387.1,4585.6
,래미안퍼스티지,11650-3559,0018,0001,2009,,,,"142,500",14,3,2015,,,84.76,9,18-1,1,N,,반포대로,00275,00000,2121003,02,11650,0,11650,,10700,반포동,매매,201503,2015-03-14,26,25.6,142500,1681.2,5557.8
,래미안퍼스티지,11650-3559,0018,0001,2009,,,,"226,000",15,3,2015,,,135.92,13,18-1,1,N,,반포대로,00275,00000,2121003,02,11650,0,11650,,10700,반포동,매매,201503,2015-03-15,41,41.1,226000,1662.7,5496.7
,래미안퍼스티지,11650-3559,0018,0001,2009,,,,"150,000",15,3,2015,,,84.93,26,18-1,1,N,,반포대로,00275,00000,2121003,02,11650,0,11650,,10700,반포동,매매,201503,2015-03-15,26,25.7,150000,1766.2,5838.6
,래미안퍼스티지,11650-3559,0018,0001,2009,,,,"288,000",16,3,2015,,,198.04,22,18-1,1,N,,반포대로,00275,00000,2121003,02,11650,0,11650,,10700,반포동,매매,201503,2015-03-16,60,59.9,288000,1454.3,4807.5
,래미안퍼스티지,11650-3559,0018,0001,2009,,,,"139,800",16,3,2015,,,84.93,16,18-1,1,N,,반포대로,00275,00000,2121003,02,11650,0,11650,,10700,반포동,매매,201503,2015-03-16,26,25.7,139800,1646.1,5441.5
,래미안퍼스티지,11650-3559,0018,0001,2009,,,,"215,500",19,3,2015,,,135.92,31,18-1,1,N,,반포대로,00275,00000,2121003,02,11650,0,11650,,10700,반포동,매매,201503,2015-03-19,41,41.1,215500,1585.5,5241.3
,래미안퍼스티지,11650-3559,0018,0001,2009,,,,"106,800",22,3,2015,,,59.96,3,18-1,1,N,,반포대로,00275,00000,2121003,02,11650,0,11650,,10700,반포동,매매,201503,2015-03-22,18,18.1,106800,1781.2,5888.2
,래미안퍼스티지,11650-3559,0018,0001,2009,,,,"138,500",26,3,2015,,,84.85,24,18-1,1,N,,반포대로,00275,00000,2121003,02,11650,0,11650,,10700,반포동,매매,201503,2015-03-26,26,25.7,138500,1632.3,5396.0
,래미안퍼스티지,11650-3559,0018,0001,2009,,,,"135,000",26,3,2015,,,84.93,24,18-1,1,N,,반포대로,00275,00000,2121003,02,11650,0,11650,,10700,반포동,매매,201503,2015-03-26,26,25.7,135000,1589.5,5254.7
,래미안퍼스티지,11650-3559,0018,0001,2009,,,,"210,000",27,3,2015,,,135.92,22,18-1,1,N,,반포대로,00275,00000,2121003,02,11650,0,11650,,10700,반포동,매매,201503,2015-03-27,41,41.1,210000,1545.0,5107.5
,래미안퍼스티지,11650-3559,0018,0001,2009,,,,"277,000",27,3,2015,,,198.22,11,18-1,1,N,,반포대로,00275,00000,2121003,02,11650,0,11650,,10700,반포동,매매,201503,2015-03-27,60,60.0,277000,1397.4,4619.6
,래미안퍼스티지,11650-3559,0018,0001,2009,,,,"149,000",27,3,2015,,,84.93,3,18-1,1,N,,반포대로,00275,00000,2121003,02,11650,0,11650,,10700,반포동,매매,201503,2015-03-27,26,25.7,149000,1754.4,5799.6
,래미안퍼스티지,11650-3559,0018,0001,2009,,,,"194,400",28,3,2015,,,115.65,18,18-1,1,N,,반포대로,00275,00000,2121003,02,11650,0,11650,,10700,반포동,매매,201503,2015-03-28,35,35.0,194400,1680.9,5556.8
,래미안퍼스티지,11650-3559,0018,0001,2009,,,,"136,000",30,3,2015,,,84.93,7,18-1,1,N,,반포대로,00275,00000,2121003,02,11650,0,11650,,10700,반포동,매매,201503,2015-03-30,26,25.7,136000,1601.3,5293.6
,래미안퍼스티지,11650-3559,0018,0001,2009,,,,"143,000",31,3,2015,,,84.93,18,18-1,1,N,,반포대로,00275,00000,2121003,02,11650,0,11650,,10700,반포동,매매,201503,2015-03-31,26,25.7,143000,1683.7,5566.1
,래미안퍼스티지,11650-3559,0018,0001,2009,,,,"219,000",1,4,2015,,,135.92,22,18-1,1,N,,반포대로,00275,00000,2121003,02,11650,0,11650,,10700,반포동,매매,201504,2015-04-01,41,41.1,219000,1611.2,5326.4
,래미안퍼스티지,11650-3559,0018,0001,2009,,,,"199,000",3,4,2015,,,115.65,23,18-1,1,N,,반포대로,00275,00000,2121003,02,11650,0,11650,,10700,반포동,매매,201504,2015-04-03,35,35.0,199000,1720.7,5688.3
,래미안퍼스티지,11650-3559,0018,0001,2009,,,,"285,000",3,4,2015,,,198.04,11,18-1,1,N,,반포대로,00275,00000,2121003,02,11650,0,11650,,10700,반포동,매매,201504,2015-04-03,60,59.9,285000,1439.1,4757.4
,래미안퍼스티지,11650-3559,0018,0001,2009,,,,"198,000",4,4,2015,,,117.12,26,18-1,1,N,,반포대로,00275,00000,2121003,02,11650,0,11650,,10700,반포동,매매,201504,2015-04-04,35,35.4,198000,1690.6,5588.7
,래미안퍼스티지,11650-3559,0018,0001,2009,,,,"145,000",4,4,2015,,,84.93,4,18-1,1,N,,반포대로,00275,00000,2121003,02,11650,0,11650,,10700,반포동,매매,201504,2015-04-04,26,25.7,145000,1707.3,5644.0
,래미안퍼스티지,11650-3559,0018,0001,2009,,,,"162,000",6,4,2015,,,84.93,22,18-1,1,N,,반포대로,00275,00000,2121003,02,11650,0,11650,,10700,반포동,매매,201504,2015-04-06,26,25.7,162000,1907.5,6305.7
,래미안퍼스티지,11650-3559,0018,0001,2009,,,,"270,000",7,4,2015,,,222.15,4,18-1,1,N,,반포대로,00275,00000,2121003,02,11650,0,11650,,10700,반포동,매매,201504,2015-04-07,67,67.2,270000,1215.4,4017.9
,래미안퍼스티지,11650-3559,0018,0001,2009,,,,"287,000",8,4,2015,,,198.04,9,18-1,1,N,,반포대로,00275,00000,2121003,02,11650,0,11650,,10700,반포동,매매,201504,2015-04-08,60,59.9,287000,1449.2,4790.8
,래미안퍼스티지,11650-3559,0018,0001,2009,,,,"250,000",8,4,2015,,,198.22,26,18-1,1,N,,반포대로,00275,00000,2121003,02,11650,0,11650,,10700,반포동,매매,201504,2015-04-08,60,60.0,250000,1261.2,4169.4
,래미안퍼스티지,11650-3559,0018,0001,2009,,,,"157,000",8,4,2015,,,84.93,6,18-1,1,N,,반포대로,00275,00000,2121003,02,11650,0,11650,,10700,반포동,매매,201504,2015-04-08,26,25.7,157000,1848.6,6111.0
,래미안퍼스티지,11650-3559,0018,0001,2009,,,,"154,500",8,4,2015,,,84.93,14,18-1,1,N,,반포대로,00275,00000,2121003,02,11650,0,11650,,10700,반포동,매매,201504,2015-04-08,26,25.7,154500,1819.1,6013.7
,래미안퍼스티지,11650-3559,0018,0001,2009,,,,"152,000",10,4,2015,,,84.93,15,18-1,1,N,,반포대로,00275,00000,2121003,02,11650,0,11650,,10700,반포동,매매,201504,2015-04-10,26,25.7,152000,1789.7,5916.4
,래미안퍼스티지,11650-3559,0018,0001,2009,,,,"100,000",11,4,2015,,,59.89,27,18-1,1,N,,반포대로,00275,00000,2121003,02,11650,0,11650,,10700,반포동,매매,201504,2015-04-11,18,18.1,100000,1669.7,5519.8
,래미안퍼스티지,11650-3559,0018,0001,2009,,,,"210,000",12,4,2015,,,135.92,23,18-1,1,N,,반포대로,00275,00000,2121003,02,11650,0,11650,,10700,반포동,매매,201504,2015-04-12,41,41.1,210000,1545.0,5107.5
,래미안퍼스티지,11650-3559,0018,0001,2009,,,,"305,000",15,4,2015,,,198.04,8,18-1,1,N,,반포대로,00275,00000,2121003,02,11650,0,11650,,10700,반포동,매매,201504,2015-04-15,60,59.9,305000,1540.1,5091.2
,래미안퍼스티지,11650-3559,0018,0001,2009,,,,"113,000",15,4,2015,,,59.96,29,18-1,1,N,,반포대로,00275,00000,2121003,02,11650,0,11650,,10700,반포동,매매,201504,2015-04-15,18,18.1,113000,1884.6,6230.1
,래미안퍼스티지,11650-3559,0018,0001,2009,,,,"156,000",15,4,2015,,,84.93,25,18-1,1,N,,반포대로,00275,00000,2121003,02,11650,0,11650,,10700,반포동,매매,201504,2015-04-15,26,25.7,156000,1836.8,6072.1
,래미안퍼스티지,11650-3559,0018,0001,2009,,,,"140,000",16,4,2015,,,84.93,10,18-1,1,N,,반포대로,00275,00000,2121003,02,11650,0,11650,,10700,반포동,매매,201504,2015-04-16,26,25.7,140000,1648.4,5449.3
,래미안퍼스티지,11650-3559,0018,0001,2009,,,,"152,000",18,4,2015,,,84.93,8,18-1,1,N,,반포대로,00275,00000,2121003,02,11650,0,11650,,10700,반포동,매매,201504,2015-04-18,26,25.7,152000,1789.7,5916.4
,래미안퍼스티지,11650-3559,0018,0001,2009,,,,"280,000",21,4,2015,,,169.31,25,18-1,1,N,,반포대로,00275,00000,2121003,02,11650,0,11650,,10700,반포동,매매,201504,2015-04-21,51,51.2,280000,1653.8,5467.0
,래미안퍼스티지,11650-3559,0018,0001,2009,,,,"287,900",23,4,2015,,,222.76,18,18-1,1,N,,반포대로,00275,00000,2121003,02,11650,0,11650,,10700,반포동,매매,201504,2015-04-23,67,67.4,287900,1292.4,4272.5
,래미안퍼스티지,11650-3559,0018,0001,2009,,,,"196,000",24,4,2015,,,117.12,22,18-1,1,N,,반포대로,00275,00000,2121003,02,11650,0,11650,,10700,반포동,매매,201504,2015-04-24,35,35.4,196000,1673.5,5532.2
,래미안퍼스티지,11650-3559,0018,0001,2009,,,,"217,000",24,4,2015,,,135.92,13,18-1,1,N,,반포대로,00275,00000,2121003,02,11650,0,11650,,10700,반포동,매매,201504,2015-04-24,41,41.1,217000,1596.5,5277.8
,래미안퍼스티지,11650-3559,0018,0001,2009,,,,"145,000",24,4,2015,,,84.93,4,18-1,1,N,,반포대로,00275,00000,2121003,02,11650,0,11650,,10700,반포동,매매,201504,2015-04-24,26,25.7,145000,1707.3,5644.0
,래미안퍼스티지,11650-3559,0018,0001,2009,,,,"293,000",27,4,2015,,,222.76,14,18-1,1,N,,반포대로,00275,00000,2121003,02,11650,0,11650,,10700,반포동,매매,201504,2015-04-27,67,67.4,293000,1315.3,4348.2
,래미안퍼스티지,11650-3559,0018,0001,2009,,,,"330,000",29,4,2015,,,222.76,13,18-1,1,N,,반포대로,00275,00000,2121003,02,11650,0,11650,,10700,반포동,매매,201504,2015-04-29,67,67.4,330000,1481.4,4897.3
,래미안퍼스티지,11650-3559,0018,0001,2009,,,,"304,000",30,4,2015,,,198.04,17,18-1,1,N,,반포대로,00275,00000,2121003,02,11650,0,11650,,10700,반포동,매매,201504,2015-04-30,60,59.9,304000,1535.0,5074.5
,래미안퍼스티지,11650-3559,0018,0001,2009,,,,"154,000",30,4,2015,,,84.93,25,18-1,1,N,,반포대로,00275,00000,2121003,02,11650,0,11650,,10700,반포동,매매,201504,2015-04-30,26,25.7,154000,1813.3,5994.3
,래미안퍼스티지,11650-3559,0018,0001,2009,,,,"218,000",1,5,2015,,,135.92,20,18-1,1,N,,반포대로,00275,00000,2121003,02,11650,0,11650,,10700,반포동,매매,201505,2015-05-01,41,41.1,218000,1603.9,5302.1
,래미안퍼스티지,11650-3559,0018,0001,2009,,,,"267,000",1,5,2015,,,222.15,17,18-1,1,N,,반포대로,00275,00000,2121003,02,11650,0,11650,,10700,반포동,매매,201505,2015-05-01,67,67.2,267000,1201.9,3973.2
,래미안퍼스티지,11650-3559,0018,0001,2009,,,,"152,000",1,5,2015,,,84.93,23,18-1,1,N,,반포대로,00275,00000,2121003,02,11650,0,11650,,10700,반포동,매매,201505,2015-05-01,26,25.7,152000,1789.7,5916.4
,래미안퍼스티지,11650-3559,0018,0001,2009,,,,"192,900",4,5,2015,,,115.65,5,18-1,1,N,,반포대로,00275,00000,2121003,02,11650,0,11650,,10700,반포동,매매,201505,2015-05-04,35,35.0,192900,1668.0,5514.0
,래미안퍼스티지,11650-3559,0018,0001,2009,,,,"245,500",6,5,2015,,,169.31,27,18-1,1,N,,반포대로,00275,00000,2121003,02,11650,0,11650,,10700,반포동,매매,201505,2015-05-06,51,51.2,245500,1450.0,4793.4
,래미안퍼스티지,11650-3559,0018,0001,2009,,,,"188,000",7,5,2015,,,117.12,3,18-1,1,N,,반포대로,00275,00000,2121003,02,11650,0,11650,,10700,반포동,매매,201505,2015-05-07,35,35.4,188000,1605.2,5306.4
,래미안퍼스티지,11650-3559,0018,0001,2009,,,,"218,800",11,5,2015,,,135.92,23,18-1,1,N,,반포대로,00275,00000,2121003,02,11650,0,11650,,10700,반포동,매매,201505,2015-05-11,41,41.1,218800,1609.8,5321.6
,래미안퍼스티지,11650-3559,0018,0001,2009,,,,"196,500",12,5,2015,,,117.12,24,18-1,1,N,,반포대로,00275,00000,2121003,02,11650,0,11650,,10700,반포동,매매,201505,2015-05-12,35,35.4,196500,1677.8,5546.4
,래미안퍼스티지,11650-3559,0018,0001,2009,,,,"202,000",18,5,2015,,,117.12,12,18-1,1,N,,반포대로,00275,00000,2121003,02,11650,0,11650,,10700,반포동,매매,201505,2015-05-18,35,35.4,202000,1724.7,5701.6
,래미안퍼스티지,11650-3559,0018,0001,2009,,,,"220,000",18,5,2015,,,136.65,17,18-1,1,N,,반포대로,00275,00000,2121003,02,11650,0,11650,,10700,반포동,매매,201505,2015-05-18,41,41.3,220000,1610.0,5322.2
,래미안퍼스티지,11650-3559,0018,0001,2009,,,,"285,000",18,5,2015,,,169.31,5,18-1,1,N,,반포대로,00275,00000,2121003,02,11650,0,11650,,10700,반포동,매매,201505,2015-05-18,51,51.2,285000,1683.3,5564.7
,래미안퍼스티지,11650-3559,0018,0001,2009,,,,"285,000",18,5,2015,,,169.31,23,18-1,1,N,,반포대로,00275,00000,2121003,02,11650,0,11650,,10700,반포동,매매,201505,2015-05-18,51,51.2,285000,1683.3,5564.7
,래미안퍼스티지,11650-3559,0018,0001,2009,,,,"229,500",20,5,2015,,,169.31,2,18-1,1,N,,반포대로,00275,00000,2121003,02,11650,0,11650,,10700,반포동,매매,201505,2015-05-20,51,51.2,229500,1355.5,4481.0
,래미안퍼스티지,11650-3559,0018,0001,2009,,,,"154,000",21,5,2015,,,84.93,27,18-1,1,N,,반포대로,00275,00000,2121003,02,11650,0,11650,,10700,반포동,매매,201505,2015-05-21,26,25.7,154000,1813.3,5994.3
,래미안퍼스티지,11650-3559,0018,0001,2009,,,,"153,500",23,5,2015,,,84.93,27,18-1,1,N,,반포대로,00275,00000,2121003,02,11650,0,11650,,10700,반포동,매매,201505,2015-05-23,26,25.7,153500,1807.4,5974.8
,래미안퍼스티지,11650-3559,0018,0001,2009,,,,"143,100",24,5,2015,,,84.93,23,18-1,1,N,,반포대로,00275,00000,2121003,02,11650,0,11650,,10700,반포동,매매,201505,2015-05-24,26,25.7,143100,1684.9,5570.0
,래미안퍼스티지,11650-3559,0018,0001,2009,,,,"138,000",29,5,2015,,,84.93,12,18-1,1,N,,반포대로,00275,00000,2121003,02,11650,0,11650,,10700,반포동,매매,201505,2015-05-29,26,25.7,138000,1624.9,5371.5
,래미안퍼스티지,11650-3559,0018,0001,2009,,,,"148,000",30,5,2015,,,84.93,2,18-1,1,N,,반포대로,00275,00000,2121003,02,11650,0,11650,,10700,반포동,매매,201505,2015-05-30,26,25.7,148000,1742.6,5760.7
,래미안퍼스티지,11650-3559,0018,0001,2009,,,,"267,800",1,6,2015,,,198.22,23,18-1,1,N,,반포대로,00275,00000,2121003,02,11650,0,11650,,10700,반포동,매매,201506,2015-06-01,60,60.0,267800,1351.0,4466.2
,래미안퍼스티지,11650-3559,0018,0001,2009,,,,"149,000",2,6,2015,,,84.85,12,18-1,1,N,,반포대로,00275,00000,2121003,02,11650,0,11650,,10700,반포동,매매,201506,2015-06-02,26,25.7,149000,1756.0,5805.1
,래미안퍼스티지,11650-3559,0018,0001,2009,,,,"155,000",2,6,2015,,,84.93,27,18-1,1,N,,반포대로,00275,00000,2121003,02,11650,0,11650,,10700,반포동,매매,201506,2015-06-02,26,25.7,155000,1825.0,6033.2
,래미안퍼스티지,11650-3559,0018,0001,2009,,,,"223,500",3,6,2015,,,135.92,19,18-1,1,N,,반포대로,00275,00000,2121003,02,11650,0,11650,,10700,반포동,매매,201506,2015-06-03,41,41.1,223500,1644.3,5435.9
,래미안퍼스티지,11650-3559,0018,0001,2009,,,,"101,000",3,6,2015,,,59.89,28,18-1,1,N,,반포대로,00275,00000,2121003,02,11650,0,11650,,10700,반포동,매매,201506,2015-06-03,18,18.1,101000,1686.4,5575.0
,래미안퍼스티지,11650-3559,0018,0001,2009,,,,"141,000",3,6,2015,,,84.93,1,18-1,1,N,,반포대로,00275,00000,2121003,02,11650,0,11650,,10700,반포동,매매,201506,2015-06-03,26,25.7,141000,1660.2,5488.3
,래미안퍼스티지,11650-3559,0018,0001,2009,,,,"233,000",4,6,2015,,,135.92,14,18-1,1,N,,반포대로,00275,00000,2121003,02,11650,0,11650,,10700,반포동,매매,201506,2015-06-04,41,41.1,233000,1714.2,5666.9
,래미안퍼스티지,11650-3559,0018,0001,2009,,,,"245,000",4,6,2015,,,168.65,14,18-1,1,N,,반포대로,00275,00000,2121003,02,11650,0,11650,,10700,반포동,매매,201506,2015-06-04,51,51.0,245000,1452.7,4802.4
,래미안퍼스티지,11650-3559,0018,0001,2009,,,,"227,500",5,6,2015,,,135.92,22,18-1,1,N,,반포대로,00275,00000,2121003,02,11650,0,11650,,10700,반포동,매매,201506,2015-06-05,41,41.1,227500,1673.8,5533.2
,래미안퍼스티지,11650-3559,0018,0001,2009,,,,"300,000",9,6,2015,,,169.31,9,18-1,1,N,,반포대로,00275,00000,2121003,02,11650,0,11650,,10700,반포동,매매,201506,2015-06-09,51,51.2,300000,1771.9,5857.5
,래미안퍼스티지,11650-3559,0018,0001,2009,,,,"114,000",12,6,2015,,,59.96,30,18-1,1,N,,반포대로,00275,00000,2121003,02,11650,0,11650,,10700,반포동,매매,201506,2015-06-12,18,18.1,114000,1901.3,6285.2
,래미안퍼스티지,11650-3559,0018,0001,2009,,,,"107,000",15,6,2015,,,59.89,13,18-1,1,N,,반포대로,00275,00000,2121003,02,11650,0,11650,,10700,반포동,매매,201506,2015-06-15,18,18.1,107000,1786.6,5906.2
,래미안퍼스티지,11650-3559,0018,0001,2009,,,,"139,000",16,6,2015,,,84.93,7,18-1,1,N,,반포대로,00275,00000,2121003,02,11650,0,11650,,10700,반포동,매매,201506,2015-06-16,26,25.7,139000,1636.6,5410.4
,래미안퍼스티지,11650-3559,0018,0001,2009,,,,"162,000",18,6,2015,,,84.93,28,18-1,1,N,,반포대로,00275,00000,2121003,02,11650,0,11650,,10700,반포동,매매,201506,2015-06-18,26,25.7,162000,1907.5,6305.7
,래미안퍼스티지,11650-3559,0018,0001,2009,,,,"114,700",20,6,2015,,,59.89,22,18-1,1,N,,반포대로,00275,00000,2121003,02,11650,0,11650,,10700,반포동,매매,201506,2015-06-20,18,18.1,114700,1915.2,6331.2
,래미안퍼스티지,11650-3559,0018,0001,2009,,,,"161,000",22,6,2015,,,84.93,25,18-1,1,N,,반포대로,00275,00000,2121003,02,11650,0,11650,,10700,반포동,매매,201506,2015-06-22,26,25.7,161000,1895.7,6266.7
,래미안퍼스티지,11650-3559,0018,0001,2009,,,,"291,000",23,6,2015,,,222.76,10,18-1,1,N,,반포대로,00275,00000,2121003,02,11650,0,11650,,10700,반포동,매매,201506,2015-06-23,67,67.4,291000,1306.3,4318.5
,래미안퍼스티지,11650-3559,0018,0001,2009,,,,"280,000",24,6,2015,,,222.76,26,18-1,1,N,,반포대로,00275,00000,2121003,02,11650,0,11650,,10700,반포동,매매,201506,2015-06-24,67,67.4,280000,1257.0,4155.3
,래미안퍼스티지,11650-3559,0018,0001,2009,,,,"104,800",25,6,2015,,,59.96,1,18-1,1,N,,반포대로,00275,00000,2121003,02,11650,0,11650,,10700,반포동,매매,201506,2015-06-25,18,18.1,104800,1747.8,5778.0
,래미안퍼스티지,11650-3559,0018,0001,2009,,,,"231,000",26,6,2015,,,135.92,26,18-1,1,N,,반포대로,00275,00000,2121003,02,11650,0,11650,,10700,반포동,매매,201506,2015-06-26,41,41.1,231000,1699.5,5618.3
,래미안퍼스티지,11650-3559,0018,0001,2009,,,,"152,700",28,6,2015,,,84.93,4,18-1,1,N,,반포대로,00275,00000,2121003,02,11650,0,11650,,10700,반포동,매매,201506,2015-06-28,26,25.7,152700,1798.0,5943.7
,래미안퍼스티지,11650-3559,0018,0001,2009,,,,"200,000",29,6,2015,,,117.12,16,18-1,1,N,,반포대로,00275,00000,2121003,02,11650,0,11650,,10700,반포동,매매,201506,2015-06-29,35,35.4,200000,1707.7,5645.2
,래미안퍼스티지,11650-3559,0018,0001,2009,,,,"230,000",1,7,2015,,,135.92,14,18-1,1,N,,반포대로,00275,00000,2121003,02,11650,0,11650,,10700,반포동,매매,201507,2015-07-01,41,41.1,230000,1692.2,5594.0
,래미안퍼스티지,11650-3559,0018,0001,2009,,,,"149,000",1,7,2015,,,84.93,30,18-1,1,N,,반포대로,00275,00000,2121003,02,11650,0,11650,,10700,반포동,매매,201507,2015-07-01,26,25.7,149000,1754.4,5799.6
,래미안퍼스티지,11650-3559,0018,0001,2009,,,,"217,000",2,7,2015,,,135.92,19,18-1,1,N,,반포대로,00275,00000,2121003,02,11650,0,11650,,10700,반포동,매매,201507,2015-07-02,41,41.1,217000,1596.5,5277.8
,래미안퍼스티지,11650-3559,0018,0001,2009,,,,"198,000",3,7,2015,,,117.12,4,18-1,1,N,,반포대로,00275,00000,2121003,02,11650,0,11650,,10700,반포동,매매,201507,2015-07-03,35,35.4,198000,1690.6,5588.7
,래미안퍼스티지,11650-3559,0018,0001,2009,,,,"148,000",4,7,2015,,,84.93,22,18-1,1,N,,반포대로,00275,00000,2121003,02,11650,0,11650,,10700,반포동,매매,201507,2015-07-04,26,25.7,148000,1742.6,5760.7
,래미안퍼스티지,11650-3559,0018,0001,2009,,,,"205,000",14,7,2015,,,117.12,8,18-1,1,N,,반포대로,00275,00000,2121003,02,11650,0,11650,,10700,반포동,매매,201507,2015-07-14,35,35.4,205000,1750.3,5786.3
,래미안퍼스티지,11650-3559,0018,0001,2009,,,,"290,000",17,7,2015,,,169.31,30,18-1,1,N,,반포대로,00275,00000,2121003,02,11650,0,11650,,10700,반포동,매매,201507,2015-07-17,51,51.2,290000,1712.8,5662.3
,래미안퍼스티지,11650-3559,0018,0001,2009,,,,"140,000",17,7,2015,,,84.93,1,18-1,1,N,,반포대로,00275,00000,2121003,02,11650,0,11650,,10700,반포동,매매,201507,2015-07-17,26,25.7,140000,1648.4,5449.3
,래미안퍼스티지,11650-3559,0018,0001,2009,,,,"158,000",18,7,2015,,,84.93,6,18-1,1,N,,반포대로,00275,00000,2121003,02,11650,0,11650,,10700,반포동,매매,201507,2015-07-18,26,25.7,158000,1860.4,6150.0
,래미안퍼스티지,11650-3559,0018,0001,2009,,,,"295,000",20,7,2015,,,222.76,4,18-1,1,N,,반포대로,00275,00000,2121003,02,11650,0,11650,,10700,반포동,매매,201507,2015-07-20,67,67.4,295000,1324.3,4377.9
,래미안퍼스티지,11650-3559,0018,0001,2009,,,,"246,000",21,7,2015,,,169.31,29,18-1,1,N,,반포대로,00275,00000,2121003,02,11650,0,11650,,10700,반포동,매매,201507,2015-07-21,51,51.2,246000,1453.0,4803.2
,래미안퍼스티지,11650-3559,0018,0001,2009,,,,"153,000",27,7,2015,,,84.93,4,18-1,1,N,,반포대로,00275,00000,2121003,02,11650,0,11650,,10700,반포동,매매,201507,2015-07-27,26,25.7,153000,1801.5,5955.3
,래미안퍼스티지,11650-3559,0018,0001,2009,,,,"117,500",29,7,2015,,,59.89,8,18-1,1,N,,반포대로,00275,00000,2121003,02,11650,0,11650,,10700,반포동,매매,201507,2015-07-29,18,18.1,117500,1961.9,6485.7
,래미안퍼스티지,11650-3559,0018,0001,2009,,,,"159,500",29,7,2015,,,84.93,7,18-1,1,N,,반포대로,00275,00000,2121003,02,11650,0,11650,,10700,반포동,매매,201507,2015-07-29,26,25.7,159500,1878.0,6208.3
,래미안퍼스티지,11650-3559,0018,0001,2009,,,,"250,000",30,7,2015,,,169.31,12,18-1,1,N,,반포대로,00275,00000,2121003,02,11650,0,11650,,10700,반포동,매매,201507,2015-07-30,51,51.2,250000,1476.6,4881.3
,래미안퍼스티지,11650-3559,0018,0001,2009,,,,"208,000",1,8,2015,,,115.65,11,18-1,1,N,,반포대로,00275,00000,2121003,02,11650,0,11650,,10700,반포동,매매,201508,2015-08-01,35,35.0,208000,1798.5,5945.6
,래미안퍼스티지,11650-3559,0018,0001,2009,,,,"204,500",10,8,2015,,,115.65,8,18-1,1,N,,반포대로,00275,00000,2121003,02,11650,0,11650,,10700,반포동,매매,201508,2015-08-10,35,35.0,204500,1768.3,5845.5
,래미안퍼스티지,11650-3559,0018,0001,2009,,,,"239,000",21,8,2015,,,168.65,29,18-1,1,N,,반포대로,00275,00000,2121003,02,11650,0,11650,,10700,반포동,매매,201508,2015-08-21,51,51.0,239000,1417.1,4684.8
,래미안퍼스티지,11650-3559,0018,0001,2009,,,,"169,000",27,8,2015,,,84.93,8,18-1,1,N,,반포대로,00275,00000,2121003,02,11650,0,11650,,10700,반포동,매매,201508,2015-08-27,26,25.7,169000,1989.9,6578.1
,래미안퍼스티지,11650-3559,0018,0001,2009,,,,"195,000",29,8,2015,,,117.12,23,18-1,1,N,,반포대로,00275,00000,2121003,02,11650,0,11650,,10700,반포동,매매,201508,2015-08-29,35,35.4,195000,1665.0,5504.0
,래미안퍼스티지,11650-3559,0018,0001,2009,,,,"150,000",31,8,2015,,,84.93,18,18-1,1,N,,반포대로,00275,00000,2121003,02,11650,0,11650,,10700,반포동,매매,201508,2015-08-31,26,25.7,150000,1766.2,5838.6
,래미안퍼스티지,11650-3559,0018,0001,2009,,,,"243,000",3,9,2015,,,168.65,16,18-1,1,N,,반포대로,00275,00000,2121003,02,11650,0,11650,,10700,반포동,매매,201509,2015-09-03,51,51.0,243000,1440.9,4763.2
,래미안퍼스티지,11650-3559,0018,0001,2009,,,,"293,000",3,9,2015,,,169.31,21,18-1,1,N,,반포대로,00275,00000,2121003,02,11650,0,11650,,10700,반포동,매매,201509,2015-09-03,51,51.2,293000,1730.6,5720.9
,래미안퍼스티지,11650-3559,0018,0001,2009,,,,"163,200",3,9,2015,,,84.93,11,18-1,1,N,,반포대로,00275,00000,2121003,02,11650,0,11650,,10700,반포동,매매,201509,2015-09-03,26,25.7,163200,1921.6,6352.4
,래미안퍼스티지,11650-3559,0018,0001,2009,,,,"240,000",8,9,2015,,,169.31,5,18-1,1,N,,반포대로,00275,00000,2121003,02,11650,0,11650,,10700,반포동,매매,201509,2015-09-08,51,51.2,240000,1417.5,4686.0
,래미안퍼스티지,11650-3559,0018,0001,2009,,,,"149,200",11,9,2015,,,84.76,23,18-1,1,N,,반포대로,00275,00000,2121003,02,11650,0,11650,,10700,반포동,매매,201509,2015-09-11,26,25.6,149200,1760.3,5819.1
,래미안퍼스티지,11650-3559,0018,0001,2009,,,,"143,000",11,9,2015,,,84.93,25,18-1,1,N,,반포대로,00275,00000,2121003,02,11650,0,11650,,10700,반포동,매매,201509,2015-09-11,26,25.7,143000,1683.7,5566.1
,래미안퍼스티지,11650-3559,0018,0001,2009,,,,"317,000",12,9,2015,,,222.76,5,18-1,1,N,,반포대로,00275,00000,2121003,02,11650,0,11650,,10700,반포동,매매,201509,2015-09-12,67,67.4,317000,1423.1,4704.3
,래미안퍼스티지,11650-3559,0018,0001,2009,,,,"145,000",16,9,2015,,,84.93,9,18-1,1,N,,반포대로,00275,00000,2121003,02,11650,0,11650,,10700,반포동,매매,201509,2015-09-16,26,25.7,145000,1707.3,5644.0
,래미안퍼스티지,11650-3559,0018,0001,2009,,,,"230,000",19,9,2015,,,135.92,14,18-1,1,N,,반포대로,00275,00000,2121003,02,11650,0,11650,,10700,반포동,매매,201509,2015-09-19,41,41.1,230000,1692.2,5594.0
,래미안퍼스티지,11650-3559,0018,0001,2009,,,,"117,300",19,9,2015,,,59.96,20,18-1,1,N,,반포대로,00275,00000,2121003,02,11650,0,11650,,10700,반포동,매매,201509,2015-09-19,18,18.1,117300,1956.3,6467.2
,래미안퍼스티지,11650-3559,0018,0001,2009,,,,"138,000",19,9,2015,,,84.93,8,18-1,1,N,,반포대로,00275,00000,2121003,02,11650,0,11650,,10700,반포동,매매,201509,2015-09-19,26,25.7,138000,1624.9,5371.5
,래미안퍼스티지,11650-3559,0018,0001,2009,,,,"238,000",21,9,2015,,,135.92,12,18-1,1,N,,반포대로,00275,00000,2121003,02,11650,0,11650,,10700,반포동,매매,201509,2015-09-21,41,41.1,238000,1751.0,5788.6
,래미안퍼스티지,11650-3559,0018,0001,2009,,,,"117,000",21,9,2015,,,59.89,23,18-1,1,N,,반포대로,00275,00000,2121003,02,11650,0,11650,,10700,반포동,매매,201509,2015-09-21,18,18.1,117000,1953.6,6458.1
,래미안퍼스티지,11650-3559,0018,0001,2009,,,,"228,000",23,9,2015,,,136.65,5,18-1,1,N,,반포대로,00275,00000,2121003,02,11650,0,11650,,10700,반포동,매매,201509,2015-09-23,41,41.3,228000,1668.5,5515.7
,래미안퍼스티지,11650-3559,0018,0001,2009,,,,"303,000",25,9,2015,,,222.76,5,18-1,1,N,,반포대로,00275,00000,2121003,02,11650,0,11650,,10700,반포동,매매,201509,2015-09-25,67,67.4,303000,1360.2,4496.6
,래미안퍼스티지,11650-3559,0018,0001,2009,,,,"118,200",25,9,2015,,,59.89,24,18-1,1,N,,반포대로,00275,00000,2121003,02,11650,0,11650,,10700,반포동,매매,201509,2015-09-25,18,18.1,118200,1973.6,6524.4
,래미안퍼스티지,11650-3559,0018,0001,2009,,,,"308,000",2,10,2015,,,198.04,4,18-1,1,N,,반포대로,00275,00000,2121003,02,11650,0,11650,,10700,반포동,매매,201510,2015-10-02,60,59.9,308000,1555.2,5141.3
,래미안퍼스티지,11650-3559,0018,0001,2009,,,,"153,000",13,10,2015,,,84.85,19,18-1,1,N,,반포대로,00275,00000,2121003,02,11650,0,11650,,10700,반포동,매매,201510,2015-10-13,26,25.7,153000,1803.2,5961.0
,래미안퍼스티지,11650-3559,0018,0001,2009,,,,"159,000",14,10,2015,,,84.93,26,18-1,1,N,,반포대로,00275,00000,2121003,02,11650,0,11650,,10700,반포동,매매,201510,2015-10-14,26,25.7,159000,1872.1,6188.9
,래미안퍼스티지,11650-3559,0018,0001,2009,,,,"147,000",15,10,2015,,,84.85,22,18-1,1,N,,반포대로,00275,00000,2121003,02,11650,0,11650,,10700,반포동,매매,201510,2015-10-15,26,25.7,147000,1732.5,5727.2
,래미안퍼스티지,11650-3559,0018,0001,2009,,,,"150,000",16,10,2015,,,84.76,10,18-1,1,N,,반포대로,00275,00000,2121003,02,11650,0,11650,,10700,반포동,매매,201510,2015-10-16,26,25.6,150000,1769.7,5850.3
,래미안퍼스티지,11650-3559,0018,0001,2009,,,,"150,000",20,10,2015,,,84.76,7,18-1,1,N,,반포대로,00275,00000,2121003,02,11650,0,11650,,10700,반포동,매매,201510,2015-10-20,26,25.6,150000,1769.7,5850.3
,래미안퍼스티지,11650-3559,0018,0001,2009,,,,"325,000",24,10,2015,,,222.76,24,18-1,1,N,,반포대로,00275,00000,2121003,02,11650,0,11650,,10700,반포동,매매,201510,2015-10-24,67,67.4,325000,1459.0,4823.1
,래미안퍼스티지,11650-3559,0018,0001,2009,,,,"239,000",27,10,2015,,,168.65,30,18-1,1,N,,반포대로,00275,00000,2121003,02,11650,0,11650,,10700,반포동,매매,201510,2015-10-27,51,51.0,239000,1417.1,4684.8
,래미안퍼스티지,11650-3559,0018,0001,2009,,,,"107,000",27,10,2015,,,59.96,6,18-1,1,N,,반포대로,00275,00000,2121003,02,11650,0,11650,,10700,반포동,매매,201510,2015-10-27,18,18.1,107000,1784.5,5899.3
,래미안퍼스티지,11650-3559,0018,0001,2009,,,,"160,000",30,10,2015,,,84.93,22,18-1,1,N,,반포대로,00275,00000,2121003,02,11650,0,11650,,10700,반포동,매매,201510,2015-10-30,26,25.7,160000,1883.9,6227.8
,래미안퍼스티지,11650-3559,0018,0001,2009,,,,"238,500",3,11,2015,,,135.92,26,18-1,1,N,,반포대로,00275,00000,2121003,02,11650,0,11650,,10700,반포동,매매,201511,2015-11-03,41,41.1,238500,1754.7,5800.7
,래미안퍼스티지,11650-3559,0018,0001,2009,,,,"252,500",5,11,2015,,,168.65,30,18-1,1,N,,반포대로,00275,00000,2121003,02,11650,0,11650,,10700,반포동,매매,201511,2015-11-05,51,51.0,252500,1497.2,4949.4
,래미안퍼스티지,11650-3559,0018,0001,2009,,,,"247,000",5,11,2015,,,169.31,18,18-1,1,N,,반포대로,00275,00000,2121003,02,11650,0,11650,,10700,반포동,매매,201511,2015-11-05,51,51.2,247000,1458.9,4822.7
,래미안퍼스티지,11650-3559,0018,0001,2009,,,,"160,700",10,11,2015,,,84.93,8,18-1,1,N,,반포대로,00275,00000,2121003,02,11650,0,11650,,10700,반포동,매매,201511,2015-11-10,26,25.7,160700,1892.1,6255.1
,래미안퍼스티지,11650-3559,0018,0001,2009,,,,"306,500",11,11,2015,,,198.04,5,18-1,1,N,,반포대로,00275,00000,2121003,02,11650,0,11650,,10700,반포동,매매,201511,2015-11-11,60,59.9,306500,1547.7,5116.3
,래미안퍼스티지,11650-3559,0018,0001,2009,,,,"315,000",11,11,2015,,,198.04,24,18-1,1,N,,반포대로,00275,00000,2121003,02,11650,0,11650,,10700,반포동,매매,201511,2015-11-11,60,59.9,315000,1590.6,5258.2
,래미안퍼스티지,11650-3559,0018,0001,2009,,,,"244,000",16,11,2015,,,135.92,30,18-1,1,N,,반포대로,00275,00000,2121003,02,11650,0,11650,,10700,반포동,매매,201511,2015-11-16,41,41.1,244000,1795.2,5934.5
,래미안퍼스티지,11650-3559,0018,0001,2009,,,,"256,000",20,11,2015,,,169.31,28,18-1,1,N,,반포대로,00275,00000,2121003,02,11650,0,11650,,10700,반포동,매매,201511,2015-11-20,51,51.2,256000,1512.0,4998.4
,래미안퍼스티지,11650-3559,0018,0001,2009,,,,"290,000",24,11,2015,,,222.76,5,18-1,1,N,,반포대로,00275,00000,2121003,02,11650,0,11650,,10700,반포동,매매,201511,2015-11-24,67,67.4,290000,1301.8,4303.7
,래미안퍼스티지,11650-3559,0018,0001,2009,,,,"160,000",25,11,2015,,,84.93,22,18-1,1,N,,반포대로,00275,00000,2121003,02,11650,0,11650,,10700,반포동,매매,201511,2015-11-25,26,25.7,160000,1883.9,6227.8
,래미안퍼스티지,11650-3559,0018,0001,2009,,,,"160,000",27,11,2015,,,84.93,3,18-1,1,N,,반포대로,00275,00000,2121003,02,11650,0,11650,,10700,반포동,매매,201511,2015-11-27,26,25.7,160000,1883.9,6227.8
,래미안퍼스티지,11650-3559,0018,0001,2009,,,,"269,000",30,11,2015,,,168.65,10,18-1,1,N,,반포대로,00275,00000,2121003,02,11650,0,11650,,10700,반포동,매매,201511,2015-11-30,51,51.0,269000,1595.0,5272.8
,래미안퍼스티지,11650-3559,0018,0001,2009,,,,"209,000",8,12,2015,,,115.65,28,18-1,1,N,,반포대로,00275,00000,2121003,02,11650,0,11650,,10700,반포동,매매,201512,2015-12-08,35,35.0,209000,1807.2,5974.2
,래미안퍼스티지,11650-3559,0018,0001,2009,,,,"262,750",8,12,2015,,,198.04,8,18-1,1,N,,반포대로,00275,00000,2121003,02,11650,0,11650,,10700,반포동,매매,201512,2015-12-08,60,59.9,262750,1326.8,4386.0
,래미안퍼스티지,11650-3559,0018,0001,2009,,,,"161,500",8,12,2015,,,84.93,24,18-1,1,N,,반포대로,00275,00000,2121003,02,11650,0,11650,,10700,반포동,매매,201512,2015-12-08,26,25.7,161500,1901.6,6286.2
,래미안퍼스티지,11650-3559,0018,0001,2009,,,,"262,000",11,12,2015,,,198.04,1,18-1,1,N,,반포대로,00275,00000,2121003,02,11650,0,11650,,10700,반포동,매매,201512,2015-12-11,60,59.9,262000,1323.0,4373.5
,래미안퍼스티지,11650-3559,0018,0001,2009,,,,"295,000",12,12,2015,,,222.76,6,18-1,1,N,,반포대로,00275,00000,2121003,02,11650,0,11650,,10700,반포동,매매,201512,2015-12-12,67,67.4,295000,1324.3,4377.9
,래미안퍼스티지,11650-3559,0018,0001,2009,,,,"249,000",17,12,2015,,,169.31,16,18-1,1,N,,반포대로,00275,00000,2121003,02,11650,0,11650,,10700,반포동,매매,201512,2015-12-17,51,51.2,249000,1470.7,4861.8
,래미안퍼스티지,11650-3559,0018,0001,2009,,,,"150,000",6,1,2016,,,84.76,21,18-1,1,N,,반포대로,00275,00000,2121003,02,11650,0,11650,,10700,반포동,매매,201601,2016-01-06,26,25.6,150000,1769.7,5850.3
,래미안퍼스티지,11650-3559,0018,0001,2009,,,,"237,000",11,1,2016,,,135.92,6,18-1,1,N,,반포대로,00275,00000,2121003,02,11650,0,11650,,10700,반포동,매매,201601,2016-01-11,41,41.1,237000,1743.7,5764.2
,래미안퍼스티지,11650-3559,0018,0001,2009,,,,"279,000",13,1,2016,,,198.04,6,18-1,1,N,,반포대로,00275,00000,2121003,02,11650,0,11650,,10700,반포동,매매,201601,2016-01-13,60,59.9,279000,1408.8,4657.2
,래미안퍼스티지,11650-3559,0018,0001,2009,,,,"255,000",14,1,2016,,,168.65,4,18-1,1,N,,반포대로,00275,00000,2121003,02,11650,0,11650,,10700,반포동,매매,201601,2016-01-14,51,51.0,255000,1512.0,4998.4
,래미안퍼스티지,11650-3559,0018,0001,2009,,,,"154,000",14,1,2016,,,84.76,20,18-1,1,N,,반포대로,00275,00000,2121003,02,11650,0,11650,,10700,반포동,매매,201601,2016-01-14,26,25.6,154000,1816.9,6006.3
,래미안퍼스티지,11650-3559,0018,0001,2009,,,,"211,000",15,1,2016,,,115.65,24,18-1,1,N,,반포대로,00275,00000,2121003,02,11650,0,11650,,10700,반포동,매매,201601,2016-01-15,35,35.0,211000,1824.5,6031.3
,래미안퍼스티지,11650-3559,0018,0001,2009,,,,"307,000",16,1,2016,,,198.04,6,18-1,1,N,,반포대로,00275,00000,2121003,02,11650,0,11650,,10700,반포동,매매,201601,2016-01-16,60,59.9,307000,1550.2,5124.6
,래미안퍼스티지,11650-3559,0018,0001,2009,,,,"158,000",16,1,2016,,,84.93,10,18-1,1,N,,반포대로,00275,00000,2121003,02,11650,0,11650,,10700,반포동,매매,201601,2016-01-16,26,25.7,158000,1860.4,6150.0
,래미안퍼스티지,11650-3559,0018,0001,2009,,,,"240,000",19,1,2016,,,135.92,27,18-1,1,N,,반포대로,00275,00000,2121003,02,11650,0,11650,,10700,반포동,매매,201601,2016-01-19,41,41.1,240000,1765.7,5837.2
,래미안퍼스티지,11650-3559,0018,0001,2009,,,,"290,000",25,1,2016,,,222.76,4,18-1,1,N,,반포대로,00275,00000,2121003,02,11650,0,11650,,10700,반포동,매매,201601,2016-01-25,67,67.4,290000,1301.8,4303.7
,래미안퍼스티지,11650-3559,0018,0001,2009,,,,"263,000",28,1,2016,,,168.65,7,18-1,1,N,,반포대로,00275,00000,2121003,02,11650,0,11650,,10700,반포동,매매,201601,2016-01-28,51,51.0,263000,1559.4,5155.2
,래미안퍼스티지,11650-3559,0018,0001,2009,,,,"314,000",3,2,2016,,,222.76,16,18-1,1,N,,반포대로,00275,00000,2121003,02,11650,0,11650,,10700,반포동,매매,201602,2016-02-03,67,67.4,314000,1409.6,4659.8
,래미안퍼스티지,11650-3559,0018,0001,2009,,,,"243,000",4,2,2016,,,135.92,22,18-1,1,N,,반포대로,00275,00000,2121003,02,11650,0,11650,,10700,반포동,매매,201602,2016-02-04,41,41.1,243000,1787.8,5910.2
,래미안퍼스티지,11650-3559,0018,0001,2009,,,,"114,000",12,2,2016,,,59.89,19,18-1,1,N,,반포대로,00275,00000,2121003,02,11650,0,11650,,10700,반포동,매매,201602,2016-02-12,18,18.1,114000,1903.5,6292.6
,래미안퍼스티지,11650-3559,0018,0001,2009,,,,"118,000",13,2,2016,,,59.96,15,18-1,1,N,,반포대로,00275,00000,2121003,02,11650,0,11650,,10700,반포동,매매,201602,2016-02-13,18,18.1,118000,1968.0,6505.7
,래미안퍼스티지,11650-3559,0018,0001,2009,,,,"115,000",16,2,2016,,,59.89,28,18-1,1,N,,반포대로,00275,00000,2121003,02,11650,0,11650,,10700,반포동,매매,201602,2016-02-16,18,18.1,115000,1920.2,6347.8
,래미안퍼스티지,11650-3559,0018,0001,2009,,,,"107,000",18,2,2016,,,59.96,20,18-1,1,N,,반포대로,00275,00000,2121003,02,11650,0,11650,,10700,반포동,매매,201602,2016-02-18,18,18.1,107000,1784.5,5899.3
,래미안퍼스티지,11650-3559,0018,0001,2009,,,,"119,500",25,2,2016,,,59.89,30,18-1,1,N,,반포대로,00275,00000,2121003,02,11650,0,11650,,10700,반포동,매매,201602,2016-02-25,18,18.1,119500,1995.3,6596.1
,래미안퍼스티지,11650-3559,0018,0001,2009,,,,"158,000",1,3,2016,,,84.93,12,18-1,1,N,,반포대로,00275,00000,2121003,02,11650,0,11650,,10700,반포동,매매,201603,2016-03-01,26,25.7,158000,1860.4,6150.0
,래미안퍼스티지,11650-3559,0018,0001,2009,,,,"137,000",2,3,2016,,,84.93,12,18-1,1,N,,반포대로,00275,00000,2121003,02,11650,0,11650,,10700,반포동,매매,201603,2016-03-02,26,25.7,137000,1613.1,5332.6
,래미안퍼스티지,11650-3559,0018,0001,2009,,,,"282,000",10,3,2016,,,169.31,18,18-1,1,N,,반포대로,00275,00000,2121003,02,11650,0,11650,,10700,반포동,매매,201603,2016-03-10,51,51.2,282000,1665.6,5506.1
,래미안퍼스티지,11650-3559,0018,0001,2009,,,,"264,500",11,3,2016,,,168.65,9,18-1,1,N,,반포대로,00275,00000,2121003,02,11650,0,11650,,10700,반포동,매매,201603,2016-03-11,51,51.0,264500,1568.3,5184.6
,래미안퍼스티지,11650-3559,0018,0001,2009,,,,"139,000",12,3,2016,,,84.93,22,18-1,1,N,,반포대로,00275,00000,2121003,02,11650,0,11650,,10700,반포동,매매,201603,2016-03-12,26,25.7,139000,1636.6,5410.4
,래미안퍼스티지,11650-3559,0018,0001,2009,,,,"160,400",18,3,2016,,,84.93,23,18-1,1,N,,반포대로,00275,00000,2121003,02,11650,0,11650,,10700,반포동,매매,201603,2016-03-18,26,25.7,160400,1888.6,6243.4
,래미안퍼스티지,11650-3559,0018,0001,2009,,,,"248,000",19,3,2016,,,168.65,24,18-1,1,N,,반포대로,00275,00000,2121003,02,11650,0,11650,,10700,반포동,매매,201603,2016-03-19,51,51.0,248000,1470.5,4861.2
,래미안퍼스티지,11650-3559,0018,0001,2009,,,,"229,000",23,3,2016,,,136.65,11,18-1,1,N,,반포대로,00275,00000,2121003,02,11650,0,11650,,10700,반포동,매매,201603,2016-03-23,41,41.3,229000,1675.8,5539.9
,래미안퍼스티지,11650-3559,0018,0001,2009,,,,"153,000",24,3,2016,,,84.93,3,18-1,1,N,,반포대로,00275,00000,2121003,02,11650,0,11650,,10700,반포동,매매,201603,2016-03-24,26,25.7,153000,1801.5,5955.3
,래미안퍼스티지,11650-3559,0018,0001,2009,,,,"106,200",26,3,2016,,,59.98,7,18-1,1,N,,반포대로,00275,00000,2121003,02,11650,0,11650,,10700,반포동,매매,201603,2016-03-26,18,18.1,106200,1770.6,5853.2
,래미안퍼스티지,11650-3559,0018,0001,2009,,,,"170,000",29,3,2016,,,84.93,19,18-1,1,N,,반포대로,00275,00000,2121003,02,11650,0,11650,,10700,반포동,매매,201603,2016-03-29,26,25.7,170000,2001.6,6617.0
,래미안퍼스티지,11650-3559,0018,0001,2009,,,,"290,000",30,3,2016,,,222.76,12,18-1,1,N,,반포대로,00275,00000,2121003,02,11650,0,11650,,10700,반포동,매매,201603,2016-03-30,67,67.4,290000,1301.8,4303.7
,래미안퍼스티지,11650-3559,0018,0001,2009,,,,"106,500",1,4,2016,,,59.98,16,18-1,1,N,,반포대로,00275,00000,2121003,02,11650,0,11650,,10700,반포동,매매,201604,2016-04-01,18,18.1,106500,1775.6,5869.8
,래미안퍼스티지,11650-3559,0018,0001,2009,,,,"170,000",6,4,2016,,,84.93,19,18-1,1,N,,반포대로,00275,00000,2121003,02,11650,0,11650,,10700,반포동,매매,201604,2016-04-06,26,25.7,170000,2001.6,6617.0
,래미안퍼스티지,11650-3559,0018,0001,2009,,,,"140,000",6,4,2016,,,84.93,12,18-1,1,N,,반포대로,00275,00000,2121003,02,11650,0,11650,,10700,반포동,매매,201604,2016-04-06,26,25.7,140000,1648.4,5449.3
,래미안퍼스티지,11650-3559,0018,0001,2009,,,,"142,500",8,4,2016,,,84.93,12,18-1,1,N,,반포대로,00275,00000,2121003,02,11650,0,11650,,10700,반포동,매매,201604,2016-04-08,26,25.7,142500,1677.9,5546.6
,래미안퍼스티지,11650-3559,0018,0001,2009,,,,"252,400",11,4,2016,,,168.65,28,18-1,1,N,,반포대로,00275,00000,2121003,02,11650,0,11650,,10700,반포동,매매,201604,2016-04-11,51,51.0,252400,1496.6,4947.4
,래미안퍼스티지,11650-3559,0018,0001,2009,,,,"143,500",11,4,2016,,,84.93,11,18-1,1,N,,반포대로,00275,00000,2121003,02,11650,0,11650,,10700,반포동,매매,201604,2016-04-11,26,25.7,143500,1689.6,5585.6
,래미안퍼스티지,11650-3559,0018,0001,2009,,,,"245,000",13,4,2016,,,135.92,10,18-1,1,N,,반포대로,00275,00000,2121003,02,11650,0,11650,,10700,반포동,매매,201604,2016-04-13,41,41.1,245000,1802.5,5958.8
,래미안퍼스티지,11650-3559,0018,0001,2009,,,,"117,000",15,4,2016,,,59.89,7,18-1,1,N,,반포대로,00275,00000,2121003,02,11650,0,11650,,10700,반포동,매매,201604,2016-04-15,18,18.1,117000,1953.6,6458.1
,래미안퍼스티지,11650-3559,0018,0001,2009,,,,"143,000",15,4,2016,,,84.93,10,18-1,1,N,,반포대로,00275,00000,2121003,02,11650,0,11650,,10700,반포동,매매,201604,2016-04-15,26,25.7,143000,1683.7,5566.1
,래미안퍼스티지,11650-3559,0018,0001,2009,,,,"236,000",16,4,2016,,,135.92,10,18-1,1,N,,반포대로,00275,00000,2121003,02,11650,0,11650,,10700,반포동,매매,201604,2016-04-16,41,41.1,236000,1736.3,5739.9
,래미안퍼스티지,11650-3559,0018,0001,2009,,,,"205,000",16,4,2016,,,135.92,1,18-1,1,N,,반포대로,00275,00000,2121003,02,11650,0,11650,,10700,반포동,매매,201604,2016-04-16,41,41.1,205000,1508.2,4985.9
,래미안퍼스티지,11650-3559,0018,0001,2009,,,,"303,000",17,4,2016,,,169.31,15,18-1,1,N,,반포대로,00275,00000,2121003,02,11650,0,11650,,10700,반포동,매매,201604,2016-04-17,51,51.2,303000,1789.6,5916.1
,래미안퍼스티지,11650-3559,0018,0001,2009,,,,"162,000",18,4,2016,,,84.93,11,18-1,1,N,,반포대로,00275,00000,2121003,02,11650,0,11650,,10700,반포동,매매,201604,2016-04-18,26,25.7,162000,1907.5,6305.7
,래미안퍼스티지,11650-3559,0018,0001,2009,,,,"108,000",20,4,2016,,,59.98,10,18-1,1,N,,반포대로,00275,00000,2121003,02,11650,0,11650,,10700,반포동,매매,201604,2016-04-20,18,18.1,108000,1800.6,5952.4
,래미안퍼스티지,11650-3559,0018,0001,2009,,,,"160,000",24,4,2016,,,84.93,8,18-1,1,N,,반포대로,00275,00000,2121003,02,11650,0,11650,,10700,반포동,매매,201604,2016-04-24,26,25.7,160000,1883.9,6227.8
,래미안퍼스티지,11650-3559,0018,0001,2009,,,,"213,000",25,4,2016,,,115.65,9,18-1,1,N,,반포대로,00275,00000,2121003,02,11650,0,11650,,10700,반포동,매매,201604,2016-04-25,35,35.0,213000,1841.8,6088.5
,래미안퍼스티지,11650-3559,0018,0001,2009,,,,"260,000",25,4,2016,,,198.04,12,18-1,1,N,,반포대로,00275,00000,2121003,02,11650,0,11650,,10700,반포동,매매,201604,2016-04-25,60,59.9,260000,1312.9,4340.1
,래미안퍼스티지,11650-3559,0018,0001,2009,,,,"305,000",26,4,2016,,,222.76,23,18-1,1,N,,반포대로,00275,00000,2121003,02,11650,0,11650,,10700,반포동,매매,201604,2016-04-26,67,67.4,305000,1369.2,4526.3
,래미안퍼스티지,11650-3559,0018,0001,2009,,,,"320,000",27,4,2016,,,222.76,3,18-1,1,N,,반포대로,00275,00000,2121003,02,11650,0,11650,,10700,반포동,매매,201604,2016-04-27,67,67.4,320000,1436.5,4748.9
,래미안퍼스티지,11650-3559,0018,0001,2009,,,,"118,000",1,5,2016,,,59.89,10,18-1,1,N,,반포대로,00275,00000,2121003,02,11650,0,11650,,10700,반포동,매매,201605,2016-05-01,18,18.1,118000,1970.3,6513.3
,래미안퍼스티지,11650-3559,0018,0001,2009,,,,"243,800",8,5,2016,,,135.92,13,18-1,1,N,,반포대로,00275,00000,2121003,02,11650,0,11650,,10700,반포동,매매,201605,2016-05-08,41,41.1,243800,1793.7,5929.6
,래미안퍼스티지,11650-3559,0018,0001,2009,,,,"144,800",8,5,2016,,,84.93,8,18-1,1,N,,반포대로,00275,00000,2121003,02,11650,0,11650,,10700,반포동,매매,201605,2016-05-08,26,25.7,144800,1704.9,5636.2
,래미안퍼스티지,11650-3559,0018,0001,2009,,,,"149,000",9,5,2016,,,84.93,28,18-1,1,N,,반포대로,00275,00000,2121003,02,11650,0,11650,,10700,반포동,매매,201605,2016-05-09,26,25.7,149000,1754.4,5799.6
,래미안퍼스티지,11650-3559,0018,0001,2009,,,,"148,000",9,5,2016,,,84.93,5,18-1,1,N,,반포대로,00275,00000,2121003,02,11650,0,11650,,10700,반포동,매매,201605,2016-05-09,26,25.7,148000,1742.6,5760.7
,래미안퍼스티지,11650-3559,0018,0001,2009,,,,"154,000",9,5,2016,,,84.93,4,18-1,1,N,,반포대로,00275,00000,2121003,02,11650,0,11650,,10700,반포동,매매,201605,2016-05-09,26,25.7,154000,1813.3,5994.3
,래미안퍼스티지,11650-3559,0018,0001,2009,,,,"260,000",11,5,2016,,,198.04,19,18-1,1,N,,반포대로,00275,00000,2121003,02,11650,0,11650,,10700,반포동,매매,201605,2016-05-11,60,59.9,260000,1312.9,4340.1
,래미안퍼스티지,11650-3559,0018,0001,2009,,,,"252,500",13,5,2016,,,168.65,24,18-1,1,N,,반포대로,00275,00000,2121003,02,11650,0,11650,,10700,반포동,매매,201605,2016-05-13,51,51.0,252500,1497.2,4949.4
,래미안퍼스티지,11650-3559,0018,0001,2009,,,,"117,500",16,5,2016,,,59.89,6,18-1,1,N,,반포대로,00275,00000,2121003,02,11650,0,11650,,10700,반포동,매매,201605,2016-05-16,18,18.1,117500,1961.9,6485.7
,래미안퍼스티지,11650-3559,0018,0001,2009,,,,"161,000",16,5,2016,,,84.93,29,18-1,1,N,,반포대로,00275,00000,2121003,02,11650,0,11650,,10700,반포동,매매,201605,2016-05-16,26,25.7,161000,1895.7,6266.7
,래미안퍼스티지,11650-3559,0018,0001,2009,,,,"258,000",18,5,2016,,,168.65,25,18-1,1,N,,반포대로,00275,00000,2121003,02,11650,0,11650,,10700,반포동,매매,201605,2016-05-18,51,51.0,258000,1529.8,5057.2
,래미안퍼스티지,11650-3559,0018,0001,2009,,,,"320,000",18,5,2016,,,198.04,10,18-1,1,N,,반포대로,00275,00000,2121003,02,11650,0,11650,,10700,반포동,매매,201605,2016-05-18,60,59.9,320000,1615.8,5341.6
,래미안퍼스티지,11650-3559,0018,0001,2009,,,,"311,500",19,5,2016,,,222.76,20,18-1,1,N,,반포대로,00275,00000,2121003,02,11650,0,11650,,10700,반포동,매매,201605,2016-05-19,67,67.4,311500,1398.4,4622.7
,래미안퍼스티지,11650-3559,0018,0001,2009,,,,"328,000",19,5,2016,,,222.76,19,18-1,1,N,,반포대로,00275,00000,2121003,02,11650,0,11650,,10700,반포동,매매,201605,2016-05-19,67,67.4,328000,1472.4,4867.6
,래미안퍼스티지,11650-3559,0018,0001,2009,,,,"213,000",20,5,2016,,,115.65,14,18-1,1,N,,반포대로,00275,00000,2121003,02,11650,0,11650,,10700,반포동,매매,201605,2016-05-20,35,35.0,213000,1841.8,6088.5
,래미안퍼스티지,11650-3559,0018,0001,2009,,,,"320,000",20,5,2016,,,198.04,14,18-1,1,N,,반포대로,00275,00000,2121003,02,11650,0,11650,,10700,반포동,매매,201605,2016-05-20,60,59.9,320000,1615.8,5341.6
,래미안퍼스티지,11650-3559,0018,0001,2009,,,,"282,000",20,5,2016,,,222.15,3,18-1,1,N,,반포대로,00275,00000,2121003,02,11650,0,11650,,10700,반포동,매매,201605,2016-05-20,67,67.2,282000,1269.4,4196.4
,래미안퍼스티지,11650-3559,0018,0001,2009,,,,"293,000",20,5,2016,,,222.15,18,18-1,1,N,,반포대로,00275,00000,2121003,02,11650,0,11650,,10700,반포동,매매,201605,2016-05-20,67,67.2,293000,1318.9,4360.1
,래미안퍼스티지,11650-3559,0018,0001,2009,,,,"153,000",20,5,2016,,,84.93,24,18-1,1,N,,반포대로,00275,00000,2121003,02,11650,0,11650,,10700,반포동,매매,201605,2016-05-20,26,25.7,153000,1801.5,5955.3
,래미안퍼스티지,11650-3559,0018,0001,2009,,,,"216,000",23,5,2016,,,117.12,17,18-1,1,N,,반포대로,00275,00000,2121003,02,11650,0,11650,,10700,반포동,매매,201605,2016-05-23,35,35.4,216000,1844.3,6096.8
,래미안퍼스티지,11650-3559,0018,0001,2009,,,,"115,500",23,5,2016,,,59.96,3,18-1,1,N,,반포대로,00275,00000,2121003,02,11650,0,11650,,10700,반포동,매매,201605,2016-05-23,18,18.1,115500,1926.3,6367.9
,래미안퍼스티지,11650-3559,0018,0001,2009,,,,"161,000",23,5,2016,,,84.93,17,18-1,1,N,,반포대로,00275,00000,2121003,02,11650,0,11650,,10700,반포동,매매,201605,2016-05-23,26,25.7,161000,1895.7,6266.7
,래미안퍼스티지,11650-3559,0018,0001,2009,,,,"285,000",25,5,2016,,,222.76,1,18-1,1,N,,반포대로,00275,00000,2121003,02,11650,0,11650,,10700,반포동,매매,201605,2016-05-25,67,67.4,285000,1279.4,4229.5
,래미안퍼스티지,11650-3559,0018,0001,2009,,,,"109,000",25,5,2016,,,59.96,14,18-1,1,N,,반포대로,00275,00000,2121003,02,11650,0,11650,,10700,반포동,매매,201605,2016-05-25,18,18.1,109000,1817.9,6009.5
,래미안퍼스티지,11650-3559,0018,0001,2009,,,,"159,500",27,5,2016,,,84.93,9,18-1,1,N,,반포대로,00275,00000,2121003,02,11650,0,11650,,10700,반포동,매매,201605,2016-05-27,26,25.7,159500,1878.0,6208.3
,래미안퍼스티지,11650-3559,0018,0001,2009,,,,"156,500",30,5,2016,,,84.85,11,18-1,1,N,,반포대로,00275,00000,2121003,02,11650,0,11650,,10700,반포동,매매,201605,2016-05-30,26,25.7,156500,1844.4,6097.3
,래미안퍼스티지,11650-3559,0018,0001,2009,,,,"291,000",2,6,2016,,,169.31,22,18-1,1,N,,반포대로,00275,00000,2121003,02,11650,0,11650,,10700,반포동,매매,201606,2016-06-02,51,51.2,291000,1718.7,5681.8
,래미안퍼스티지,11650-3559,0018,0001,2009,,,,"330,000",3,6,2016,,,198.04,14,18-1,1,N,,반포대로,00275,00000,2121003,02,11650,0,11650,,10700,반포동,매매,201606,2016-06-03,60,59.9,330000,1666.3,5508.6
,래미안퍼스티지,11650-3559,0018,0001,2009,,,,"155,000",3,6,2016,,,84.93,2,18-1,1,N,,반포대로,00275,00000,2121003,02,11650,0,11650,,10700,반포동,매매,201606,2016-06-03,26,25.7,155000,1825.0,6033.2
,래미안퍼스티지,11650-3559,0018,0001,2009,,,,"268,000",4,6,2016,,,168.65,26,18-1,1,N,,반포대로,00275,00000,2121003,02,11650,0,11650,,10700,반포동,매매,201606,2016-06-04,51,51.0,268000,1589.1,5253.2
,래미안퍼스티지,11650-3559,0018,0001,2009,,,,"278,000",7,6,2016,,,198.22,21,18-1,1,N,,반포대로,00275,00000,2121003,02,11650,0,11650,,10700,반포동,매매,201606,2016-06-07,60,60.0,278000,1402.5,4636.3
,래미안퍼스티지,11650-3559,0018,0001,2009,,,,"115,000",7,6,2016,,,59.96,2,18-1,1,N,,반포대로,00275,00000,2121003,02,11650,0,11650,,10700,반포동,매매,201606,2016-06-07,18,18.1,115000,1917.9,6340.3
,래미안퍼스티지,11650-3559,0018,0001,2009,,,,"109,000",8,6,2016,,,59.89,13,18-1,1,N,,반포대로,00275,00000,2121003,02,11650,0,11650,,10700,반포동,매매,201606,2016-06-08,18,18.1,109000,1820.0,6016.6
,래미안퍼스티지,11650-3559,0018,0001,2009,,,,"321,000",10,6,2016,,,222.76,5,18-1,1,N,,반포대로,00275,00000,2121003,02,11650,0,11650,,10700,반포동,매매,201606,2016-06-10,67,67.4,321000,1441.0,4763.7
,래미안퍼스티지,11650-3559,0018,0001,2009,,,,"160,000",10,6,2016,,,84.93,24,18-1,1,N,,반포대로,00275,00000,2121003,02,11650,0,11650,,10700,반포동,매매,201606,2016-06-10,26,25.7,160000,1883.9,6227.8
,래미안퍼스티지,11650-3559,0018,0001,2009,,,,"119,500",11,6,2016,,,59.96,6,18-1,1,N,,반포대로,00275,00000,2121003,02,11650,0,11650,,10700,반포동,매매,201606,2016-06-11,18,18.1,119500,1993.0,6588.4
,래미안퍼스티지,11650-3559,0018,0001,2009,,,,"170,000",11,6,2016,,,84.93,21,18-1,1,N,,반포대로,00275,00000,2121003,02,11650,0,11650,,10700,반포동,매매,201606,2016-06-11,26,25.7,170000,2001.6,6617.0
,래미안퍼스티지,11650-3559,0018,0001,2009,,,,"165,000",12,6,2016,,,84.93,11,18-1,1,N,,반포대로,00275,00000,2121003,02,11650,0,11650,,10700,반포동,매매,201606,2016-06-12,26,25.7,165000,1942.8,6422.4
,래미안퍼스티지,11650-3559,0018,0001,2009,,,,"125,000",14,6,2016,,,59.96,23,18-1,1,N,,반포대로,00275,00000,2121003,02,11650,0,11650,,10700,반포동,매매,201606,2016-06-14,18,18.1,125000,2084.7,6891.7
,래미안퍼스티지,11650-3559,0018,0001,2009,,,,"320,000",16,6,2016,,,222.76,13,18-1,1,N,,반포대로,00275,00000,2121003,02,11650,0,11650,,10700,반포동,매매,201606,2016-06-16,67,67.4,320000,1436.5,4748.9
,래미안퍼스티지,11650-3559,0018,0001,2009,,,,"161,000",16,6,2016,,,84.93,11,18-1,1,N,,반포대로,00275,00000,2121003,02,11650,0,11650,,10700,반포동,매매,201606,2016-06-16,26,25.7,161000,1895.7,6266.7
,래미안퍼스티지,11650-3559,0018,0001,2009,,,,"113,000",17,6,2016,,,59.96,5,18-1,1,N,,반포대로,00275,00000,2121003,02,11650,0,11650,,10700,반포동,매매,201606,2016-06-17,18,18.1,113000,1884.6,6230.1
,래미안퍼스티지,11650-3559,0018,0001,2009,,,,"170,000",17,6,2016,,,84.93,4,18-1,1,N,,반포대로,00275,00000,2121003,02,11650,0,11650,,10700,반포동,매매,201606,2016-06-17,26,25.7,170000,2001.6,6617.0
,래미안퍼스티지,11650-3559,0018,0001,2009,,,,"162,000",18,6,2016,,,84.93,31,18-1,1,N,,반포대로,00275,00000,2121003,02,11650,0,11650,,10700,반포동,매매,201606,2016-06-18,26,25.7,162000,1907.5,6305.7
,래미안퍼스티지,11650-3559,0018,0001,2009,,,,"161,000",18,6,2016,,,84.93,11,18-1,1,N,,반포대로,00275,00000,2121003,02,11650,0,11650,,10700,반포동,매매,201606,2016-06-18,26,25.7,161000,1895.7,6266.7
,래미안퍼스티지,11650-3559,0018,0001,2009,,,,"143,800",22,6,2016,,,84.93,21,18-1,1,N,,반포대로,00275,00000,2121003,02,11650,0,11650,,10700,반포동,매매,201606,2016-06-22,26,25.7,143800,1693.2,5597.2
,래미안퍼스티지,11650-3559,0018,0001,2009,,,,"154,000",26,6,2016,,,84.93,4,18-1,1,N,,반포대로,00275,00000,2121003,02,11650,0,11650,,10700,반포동,매매,201606,2016-06-26,26,25.7,154000,1813.3,5994.3
,래미안퍼스티지,11650-3559,0018,0001,2009,,,,"250,000",27,6,2016,,,135.92,24,18-1,1,N,,반포대로,00275,00000,2121003,02,11650,0,11650,,10700,반포동,매매,201606,2016-06-27,41,41.1,250000,1839.3,6080.4
,래미안퍼스티지,11650-3559,0018,0001,2009,,,,"123,000",28,6,2016,,,59.96,27,18-1,1,N,,반포대로,00275,00000,2121003,02,11650,0,11650,,10700,반포동,매매,201606,2016-06-28,18,18.1,123000,2051.4,6781.4
,래미안퍼스티지,11650-3559,0018,0001,2009,,,,"157,000",30,6,2016,,,84.93,21,18-1,1,N,,반포대로,00275,00000,2121003,02,11650,0,11650,,10700,반포동,매매,201606,2016-06-30,26,25.7,157000,1848.6,6111.0
,래미안퍼스티지,11650-3559,0018,0001,2009,,,,"124,000",1,7,2016,,,59.89,13,18-1,1,N,,반포대로,00275,00000,2121003,02,11650,0,11650,,10700,반포동,매매,201607,2016-07-01,18,18.1,124000,2070.5,6844.5
,래미안퍼스티지,11650-3559,0018,0001,2009,,,,"113,500",1,7,2016,,,59.98,23,18-1,1,N,,반포대로,00275,00000,2121003,02,11650,0,11650,,10700,반포동,매매,201607,2016-07-01,18,18.1,113500,1892.3,6255.6
,래미안퍼스티지,11650-3559,0018,0001,2009,,,,"335,000",5,7,2016,,,222.76,12,18-1,1,N,,반포대로,00275,00000,2121003,02,11650,0,11650,,10700,반포동,매매,201607,2016-07-05,67,67.4,335000,1503.9,4971.5
,래미안퍼스티지,11650-3559,0018,0001,2009,,,,"155,000",6,7,2016,,,84.93,6,18-1,1,N,,반포대로,00275,00000,2121003,02,11650,0,11650,,10700,반포동,매매,201607,2016-07-06,26,25.7,155000,1825.0,6033.2
,래미안퍼스티지,11650-3559,0018,0001,2009,,,,"159,000",12,7,2016,,,84.93,7,18-1,1,N,,반포대로,00275,00000,2121003,02,11650,0,11650,,10700,반포동,매매,201607,2016-07-12,26,25.7,159000,1872.1,6188.9
,래미안퍼스티지,11650-3559,0018,0001,2009,,,,"114,000",13,7,2016,,,59.98,23,18-1,1,N,,반포대로,00275,00000,2121003,02,11650,0,11650,,10700,반포동,매매,201607,2016-07-13,18,18.1,114000,1900.6,6283.1
,래미안퍼스티지,11650-3559,0018,0001,2009,,,,"152,500",13,7,2016,,,84.93,15,18-1,1,N,,반포대로,00275,00000,2121003,02,11650,0,11650,,10700,반포동,매매,201607,2016-07-13,26,25.7,152500,1795.6,5935.9
,래미안퍼스티지,11650-3559,0018,0001,2009,,,,"224,000",19,7,2016,,,117.12,11,18-1,1,N,,반포대로,00275,00000,2121003,02,11650,0,11650,,10700,반포동,매매,201607,2016-07-19,35,35.4,224000,1912.6,6322.6
,래미안퍼스티지,11650-3559,0018,0001,2009,,,,"275,000",19,7,2016,,,168.65,8,18-1,1,N,,반포대로,00275,00000,2121003,02,11650,0,11650,,10700,반포동,매매,201607,2016-07-19,51,51.0,275000,1630.6,5390.4
,래미안퍼스티지,11650-3559,0018,0001,2009,,,,"167,000",19,7,2016,,,84.93,28,18-1,1,N,,반포대로,00275,00000,2121003,02,11650,0,11650,,10700,반포동,매매,201607,2016-07-19,26,25.7,167000,1966.3,6500.3
,래미안퍼스티지,11650-3559,0018,0001,2009,,,,"167,000",19,7,2016,,,84.93,19,18-1,1,N,,반포대로,00275,00000,2121003,02,11650,0,11650,,10700,반포동,매매,201607,2016-07-19,26,25.7,167000,1966.3,6500.3
,래미안퍼스티지,11650-3559,0018,0001,2009,,,,"254,000",26,7,2016,,,135.92,23,18-1,1,N,,반포대로,00275,00000,2121003,02,11650,0,11650,,10700,반포동,매매,201607,2016-07-26,41,41.1,254000,1868.7,6177.7
,래미안퍼스티지,11650-3559,0018,0001,2009,,,,"131,000",28,7,2016,,,59.96,21,18-1,1,N,,반포대로,00275,00000,2121003,02,11650,0,11650,,10700,반포동,매매,201607,2016-07-28,18,18.1,131000,2184.8,7222.5
,래미안퍼스티지,11650-3559,0018,0001,2009,,,,"163,500",28,7,2016,,,84.93,12,18-1,1,N,,반포대로,00275,00000,2121003,02,11650,0,11650,,10700,반포동,매매,201607,2016-07-28,26,25.7,163500,1925.1,6364.0
,래미안퍼스티지,11650-3559,0018,0001,2009,,,,"114,000",30,7,2016,,,59.98,6,18-1,1,N,,반포대로,00275,00000,2121003,02,11650,0,11650,,10700,반포동,매매,201607,2016-07-30,18,18.1,114000,1900.6,6283.1
,래미안퍼스티지,11650-3559,0018,0001,2009,,,,"290,000",1,8,2016,,,169.31,24,18-1,1,N,,반포대로,00275,00000,2121003,02,11650,0,11650,,10700,반포동,매매,201608,2016-08-01,51,51.2,290000,1712.8,5662.3
,래미안퍼스티지,11650-3559,0018,0001,2009,,,,"331,000",3,8,2016,,,198.04,21,18-1,1,N,,반포대로,00275,00000,2121003,02,11650,0,11650,,10700,반포동,매매,201608,2016-08-03,60,59.9,331000,1671.4,5525.2
,래미안퍼스티지,11650-3559,0018,0001,2009,,,,"168,000",3,8,2016,,,84.93,26,18-1,1,N,,반포대로,00275,00000,2121003,02,11650,0,11650,,10700,반포동,매매,201608,2016-08-03,26,25.7,168000,1978.1,6539.2
,래미안퍼스티지,11650-3559,0018,0001,2009,,,,"182,000",4,8,2016,,,115.65,1,18-1,1,N,,반포대로,00275,00000,2121003,02,11650,0,11650,,10700,반포동,매매,201608,2016-08-04,35,35.0,182000,1573.7,5202.4
,래미안퍼스티지,11650-3559,0018,0001,2009,,,,"161,000",10,8,2016,,,84.76,24,18-1,1,N,,반포대로,00275,00000,2121003,02,11650,0,11650,,10700,반포동,매매,201608,2016-08-10,26,25.6,161000,1899.5,6279.3
,래미안퍼스티지,11650-3559,0018,0001,2009,,,,"160,000",11,8,2016,,,84.76,13,18-1,1,N,,반포대로,00275,00000,2121003,02,11650,0,11650,,10700,반포동,매매,201608,2016-08-11,26,25.6,160000,1887.7,6240.3
,래미안퍼스티지,11650-3559,0018,0001,2009,,,,"155,000",13,8,2016,,,84.76,23,18-1,1,N,,반포대로,00275,00000,2121003,02,11650,0,11650,,10700,반포동,매매,201608,2016-08-13,26,25.6,155000,1828.7,6045.3
,래미안퍼스티지,11650-3559,0018,0001,2009,,,,"159,000",16,8,2016,,,84.93,19,18-1,1,N,,반포대로,00275,00000,2121003,02,11650,0,11650,,10700,반포동,매매,201608,2016-08-16,26,25.7,159000,1872.1,6188.9
,래미안퍼스티지,11650-3559,0018,0001,2009,,,,"247,500",17,8,2016,,,135.92,18,18-1,1,N,,반포대로,00275,00000,2121003,02,11650,0,11650,,10700,반포동,매매,201608,2016-08-17,41,41.1,247500,1820.9,6019.6
,래미안퍼스티지,11650-3559,0018,0001,2009,,,,"155,000",17,8,2016,,,84.93,31,18-1,1,N,,반포대로,00275,00000,2121003,02,11650,0,11650,,10700,반포동,매매,201608,2016-08-17,26,25.7,155000,1825.0,6033.2
,래미안퍼스티지,11650-3559,0018,0001,2009,,,,"250,000",18,8,2016,,,135.92,30,18-1,1,N,,반포대로,00275,00000,2121003,02,11650,0,11650,,10700,반포동,매매,201608,2016-08-18,41,41.1,250000,1839.3,6080.4
,래미안퍼스티지,11650-3559,0018,0001,2009,,,,"163,000",18,8,2016,,,84.85,20,18-1,1,N,,반포대로,00275,00000,2121003,02,11650,0,11650,,10700,반포동,매매,201608,2016-08-18,26,25.7,163000,1921.0,6350.6
,래미안퍼스티지,11650-3559,0018,0001,2009,,,,"160,000",18,8,2016,,,84.93,27,18-1,1,N,,반포대로,00275,00000,2121003,02,11650,0,11650,,10700,반포동,매매,201608,2016-08-18,26,25.7,160000,1883.9,6227.8
,래미안퍼스티지,11650-3559,0018,0001,2009,,,,"160,000",20,8,2016,,,84.76,20,18-1,1,N,,반포대로,00275,00000,2121003,02,11650,0,11650,,10700,반포동,매매,201608,2016-08-20,26,25.6,160000,1887.7,6240.3
,래미안퍼스티지,11650-3559,0018,0001,2009,,,,"159,000",26,8,2016,,,84.93,28,18-1,1,N,,반포대로,00275,00000,2121003,02,11650,0,11650,,10700,반포동,매매,201608,2016-08-26,26,25.7,159000,1872.1,6188.9
,래미안퍼스티지,11650-3559,0018,0001,2009,,,,"291,000",27,8,2016,,,169.31,20,18-1,1,N,,반포대로,00275,00000,2121003,02,11650,0,11650,,10700,반포동,매매,201608,2016-08-27,51,51.2,291000,1718.7,5681.8
,래미안퍼스티지,11650-3559,0018,0001,2009,,,,"298,000",28,8,2016,,,169.31,16,18-1,1,N,,반포대로,00275,00000,2121003,02,11650,0,11650,,10700,반포동,매매,201608,2016-08-28,51,51.2,298000,1760.1,5818.5
,래미안퍼스티지,11650-3559,0018,0001,2009,,,,"117,000",2,9,2016,,,59.89,25,18-1,1,N,,반포대로,00275,00000,2121003,02,11650,0,11650,,10700,반포동,매매,201609,2016-09-02,18,18.1,117000,1953.6,6458.1
,래미안퍼스티지,11650-3559,0018,0001,2009,,,,"169,000",3,9,2016,,,84.93,29,18-1,1,N,,반포대로,00275,00000,2121003,02,11650,0,11650,,10700,반포동,매매,201609,2016-09-03,26,25.7,169000,1989.9,6578.1
,래미안퍼스티지,11650-3559,0018,0001,2009,,,,"133,000",5,9,2016,,,59.96,16,18-1,1,N,,반포대로,00275,00000,2121003,02,11650,0,11650,,10700,반포동,매매,201609,2016-09-05,18,18.1,133000,2218.1,7332.7
,래미안퍼스티지,11650-3559,0018,0001,2009,,,,"164,500",5,9,2016,,,84.93,5,18-1,1,N,,반포대로,00275,00000,2121003,02,11650,0,11650,,10700,반포동,매매,201609,2016-09-05,26,25.7,164500,1936.9,6403.0
,래미안퍼스티지,11650-3559,0018,0001,2009,,,,"164,000",6,9,2016,,,84.93,23,18-1,1,N,,반포대로,00275,00000,2121003,02,11650,0,11650,,10700,반포동,매매,201609,2016-09-06,26,25.7,164000,1931.0,6383.5
,래미안퍼스티지,11650-3559,0018,0001,2009,,,,"293,500",8,9,2016,,,169.31,9,18-1,1,N,,반포대로,00275,00000,2121003,02,11650,0,11650,,10700,반포동,매매,201609,2016-09-08,51,51.2,293500,1733.5,5730.6
,래미안퍼스티지,11650-3559,0018,0001,2009,,,,"312,000",19,9,2016,,,222.76,26,18-1,1,N,,반포대로,00275,00000,2121003,02,11650,0,11650,,10700,반포동,매매,201609,2016-09-19,67,67.4,312000,1400.6,4630.1
,래미안퍼스티지,11650-3559,0018,0001,2009,,,,"283,000",21,9,2016,,,169.31,4,18-1,1,N,,반포대로,00275,00000,2121003,02,11650,0,11650,,10700,반포동,매매,201609,2016-09-21,51,51.2,283000,1671.5,5525.6
,래미안퍼스티지,11650-3559,0018,0001,2009,,,,"301,800",21,9,2016,,,222.76,7,18-1,1,N,,반포대로,00275,00000,2121003,02,11650,0,11650,,10700,반포동,매매,201609,2016-09-21,67,67.4,301800,1354.8,4478.8
,래미안퍼스티지,11650-3559,0018,0001,2009,,,,"151,000",21,9,2016,,,84.76,13,18-1,1,N,,반포대로,00275,00000,2121003,02,11650,0,11650,,10700,반포동,매매,201609,2016-09-21,26,25.6,151000,1781.5,5889.3
,래미안퍼스티지,11650-3559,0018,0001,2009,,,,"265,000",22,9,2016,,,168.65,16,18-1,1,N,,반포대로,00275,00000,2121003,02,11650,0,11650,,10700,반포동,매매,201609,2016-09-22,51,51.0,265000,1571.3,5194.4
,래미안퍼스티지,11650-3559,0018,0001,2009,,,,"300,500",24,9,2016,,,198.04,14,18-1,1,N,,반포대로,00275,00000,2121003,02,11650,0,11650,,10700,반포동,매매,201609,2016-09-24,60,59.9,300500,1517.4,5016.1
,래미안퍼스티지,11650-3559,0018,0001,2009,,,,"250,000",26,9,2016,,,135.92,25,18-1,1,N,,반포대로,00275,00000,2121003,02,11650,0,11650,,10700,반포동,매매,201609,2016-09-26,41,41.1,250000,1839.3,6080.4
,래미안퍼스티지,11650-3559,0018,0001,2009,,,,"303,500",27,9,2016,,,169.31,26,18-1,1,N,,반포대로,00275,00000,2121003,02,11650,0,11650,,10700,반포동,매매,201609,2016-09-27,51,51.2,303500,1792.6,5925.9
,래미안퍼스티지,11650-3559,0018,0001,2009,,,,"179,300",27,9,2016,,,84.93,31,18-1,1,N,,반포대로,00275,00000,2121003,02,11650,0,11650,,10700,반포동,매매,201609,2016-09-27,26,25.7,179300,2111.2,6979.0
,래미안퍼스티지,11650-3559,0018,0001,2009,,,,"265,000",1,10,2016,,,168.65,18,18-1,1,N,,반포대로,00275,00000,2121003,02,11650,0,11650,,10700,반포동,매매,201610,2016-10-01,51,51.0,265000,1571.3,5194.4
,래미안퍼스티지,11650-3559,0018,0001,2009,,,,"229,000",6,10,2016,,,117.12,13,18-1,1,N,,반포대로,00275,00000,2121003,02,11650,0,11650,,10700,반포동,매매,201610,2016-10-06,35,35.4,229000,1955.3,6463.7
,래미안퍼스티지,11650-3559,0018,0001,2009,,,,"269,000",6,10,2016,,,168.65,20,18-1,1,N,,반포대로,00275,00000,2121003,02,11650,0,11650,,10700,반포동,매매,201610,2016-10-06,51,51.0,269000,1595.0,5272.8
,래미안퍼스티지,11650-3559,0018,0001,2009,,,,"174,000",7,10,2016,,,84.93,13,18-1,1,N,,반포대로,00275,00000,2121003,02,11650,0,11650,,10700,반포동,매매,201610,2016-10-07,26,25.7,174000,2048.7,6772.7
,래미안퍼스티지,11650-3559,0018,0001,2009,,,,"240,000",11,10,2016,,,135.92,29,18-1,1,N,,반포대로,00275,00000,2121003,02,11650,0,11650,,10700,반포동,매매,201610,2016-10-11,41,41.1,240000,1765.7,5837.2
,래미안퍼스티지,11650-3559,0018,0001,2009,,,,"259,000",13,10,2016,,,135.92,20,18-1,1,N,,반포대로,00275,00000,2121003,02,11650,0,11650,,10700,반포동,매매,201610,2016-10-13,41,41.1,259000,1905.5,6299.3
,래미안퍼스티지,11650-3559,0018,0001,2009,,,,"173,800",13,10,2016,,,84.93,21,18-1,1,N,,반포대로,00275,00000,2121003,02,11650,0,11650,,10700,반포동,매매,201610,2016-10-13,26,25.7,173800,2046.4,6765.0
,래미안퍼스티지,11650-3559,0018,0001,2009,,,,"282,500",14,10,2016,,,198.22,10,18-1,1,N,,반포대로,00275,00000,2121003,02,11650,0,11650,,10700,반포동,매매,201610,2016-10-14,60,60.0,282500,1425.2,4711.4
,래미안퍼스티지,11650-3559,0018,0001,2009,,,,"220,000",17,10,2016,,,117.12,4,18-1,1,N,,반포대로,00275,00000,2121003,02,11650,0,11650,,10700,반포동,매매,201610,2016-10-17,35,35.4,220000,1878.4,6209.7
,래미안퍼스티지,11650-3559,0018,0001,2009,,,,"130,000",17,10,2016,,,59.89,12,18-1,1,N,,반포대로,00275,00000,2121003,02,11650,0,11650,,10700,반포동,매매,201610,2016-10-17,18,18.1,130000,2170.6,7175.7
,래미안퍼스티지,11650-3559,0018,0001,2009,,,,"305,000",26,10,2016,,,198.04,17,18-1,1,N,,반포대로,00275,00000,2121003,02,11650,0,11650,,10700,반포동,매매,201610,2016-10-26,60,59.9,305000,1540.1,5091.2
,래미안퍼스티지,11650-3559,0018,0001,2009,,,,"163,000",27,10,2016,,,84.93,32,18-1,1,N,,반포대로,00275,00000,2121003,02,11650,0,11650,,10700,반포동,매매,201610,2016-10-27,26,25.7,163000,1919.2,6344.6
,래미안퍼스티지,11650-3559,0018,0001,2009,,,,"154,500",7,11,2016,,,84.93,26,18-1,1,N,,반포대로,00275,00000,2121003,02,11650,0,11650,,10700,반포동,매매,201611,2016-11-07,26,25.7,154500,1819.1,6013.7
,래미안퍼스티지,11650-3559,0018,0001,2009,,,,"140,000",8,11,2016,,,59.89,11,18-1,1,N,,반포대로,00275,00000,2121003,02,11650,0,11650,,10700,반포동,매매,201611,2016-11-08,18,18.1,140000,2337.6,7727.7
,래미안퍼스티지,11650-3559,0018,0001,2009,,,,"310,000",9,11,2016,,,222.15,25,18-1,1,N,,반포대로,00275,00000,2121003,02,11650,0,11650,,10700,반포동,매매,201611,2016-11-09,67,67.2,310000,1395.5,4613.1
,래미안퍼스티지,11650-3559,0018,0001,2009,,,,"228,000",12,11,2016,,,115.65,17,18-1,1,N,,반포대로,00275,00000,2121003,02,11650,0,11650,,10700,반포동,매매,201611,2016-11-12,35,35.0,228000,1971.5,6517.3
,래미안퍼스티지,11650-3559,0018,0001,2009,,,,"290,000",14,11,2016,,,168.65,9,18-1,1,N,,반포대로,00275,00000,2121003,02,11650,0,11650,,10700,반포동,매매,201611,2016-11-14,51,51.0,290000,1719.5,5684.4
,래미안퍼스티지,11650-3559,0018,0001,2009,,,,"299,700",18,11,2016,,,198.04,10,18-1,1,N,,반포대로,00275,00000,2121003,02,11650,0,11650,,10700,반포동,매매,201611,2016-11-18,60,59.9,299700,1513.3,5002.8
,래미안퍼스티지,11650-3559,0018,0001,2009,,,,"299,700",21,11,2016,,,198.04,10,18-1,1,N,,반포대로,00275,00000,2121003,02,11650,0,11650,,10700,반포동,매매,201611,2016-11-21,60,59.9,299700,1513.3,5002.8
,래미안퍼스티지,11650-3559,0018,0001,2009,,,,"167,000",21,11,2016,,,84.93,8,18-1,1,N,,반포대로,00275,00000,2121003,02,11650,0,11650,,10700,반포동,매매,201611,2016-11-21,26,25.7,167000,1966.3,6500.3
,래미안퍼스티지,11650-3559,0018,0001,2009,,,,"120,000",22,11,2016,,,59.96,22,18-1,1,N,,반포대로,00275,00000,2121003,02,11650,0,11650,,10700,반포동,매매,201611,2016-11-22,18,18.1,120000,2001.3,6616.0
,래미안퍼스티지,11650-3559,0018,0001,2009,,,,"285,000",2,12,2016,,,169.31,25,18-1,1,N,,반포대로,00275,00000,2121003,02,11650,0,11650,,10700,반포동,매매,201612,2016-12-02,51,51.2,285000,1683.3,5564.7
,래미안퍼스티지,11650-3559,0018,0001,2009,,,,"171,000",2,12,2016,,,84.93,7,18-1,1,N,,반포대로,00275,00000,2121003,02,11650,0,11650,,10700,반포동,매매,201612,2016-12-02,26,25.7,171000,2013.4,6656.0
,래미안퍼스티지,11650-3559,0018,0001,2009,,,,"270,000",9,12,2016,,,169.31,25,18-1,1,N,,반포대로,00275,00000,2121003,02,11650,0,11650,,10700,반포동,매매,201612,2016-12-09,51,51.2,270000,1594.7,5271.8
,래미안퍼스티지,11650-3559,0018,0001,2009,,,,"159,000",9,12,2016,,,84.93,30,18-1,1,N,,반포대로,00275,00000,2121003,02,11650,0,11650,,10700,반포동,매매,201612,2016-12-09,26,25.7,159000,1872.1,6188.9
,래미안퍼스티지,11650-3559,0018,0001,2009,,,,"249,000",29,12,2016,,,135.92,10,18-1,1,N,,반포대로,00275,00000,2121003,02,11650,0,11650,,10700,반포동,매매,201612,2016-12-29,41,41.1,249000,1832.0,6056.1
,래미안퍼스티지,11650-3559,0018,0001,2009,,,,"173,500",3,1,2017,,,84.93,17,18-1,1,N,,반포대로,00275,00000,2121003,02,11650,0,11650,,10700,반포동,매매,201701,2017-01-03,26,25.7,173500,2042.9,6753.3
,래미안퍼스티지,11650-3559,0018,0001,2009,,,,"335,000",6,1,2017,,,222.76,5,18-1,1,N,,반포대로,00275,00000,2121003,02,11650,0,11650,,10700,반포동,매매,201701,2017-01-06,67,67.4,335000,1503.9,4971.5
,래미안퍼스티지,11650-3559,0018,0001,2009,,,,"167,000",9,1,2017,,,84.93,4,18-1,1,N,,반포대로,00275,00000,2121003,02,11650,0,11650,,10700,반포동,매매,201701,2017-01-09,26,25.7,167000,1966.3,6500.3
,래미안퍼스티지,11650-3559,0018,0001,2009,,,,"320,000",10,1,2017,,,222.76,26,18-1,1,N,,반포대로,00275,00000,2121003,02,11650,0,11650,,10700,반포동,매매,201701,2017-01-10,67,67.4,320000,1436.5,4748.9
,래미안퍼스티지,11650-3559,0018,0001,2009,,,,"166,000",24,1,2017,,,84.93,15,18-1,1,N,,반포대로,00275,00000,2121003,02,11650,0,11650,,10700,반포동,매매,201701,2017-01-24,26,25.7,166000,1954.6,6461.4
,래미안퍼스티지,11650-3559,0018,0001,2009,,,,"270,000",7,2,2017,,,168.65,12,18-1,1,N,,반포대로,00275,00000,2121003,02,11650,0,11650,,10700,반포동,매매,201702,2017-02-07,51,51.0,270000,1600.9,5292.4
,래미안퍼스티지,11650-3559,0018,0001,2009,,,,"164,800",9,2,2017,,,84.93,5,18-1,1,N,,반포대로,00275,00000,2121003,02,11650,0,11650,,10700,반포동,매매,201702,2017-02-09,26,25.7,164800,1940.4,6414.6
,래미안퍼스티지,11650-3559,0018,0001,2009,,,,"268,000",11,2,2017,,,169.31,26,18-1,1,N,,반포대로,00275,00000,2121003,02,11650,0,11650,,10700,반포동,매매,201702,2017-02-11,51,51.2,268000,1582.9,5232.7
,래미안퍼스티지,11650-3559,0018,0001,2009,,,,"290,000",17,2,2017,,,198.22,22,18-1,1,N,,반포대로,00275,00000,2121003,02,11650,0,11650,,10700,반포동,매매,201702,2017-02-17,60,60.0,290000,1463.0,4836.5
,래미안퍼스티지,11650-3559,0018,0001,2009,,,,"172,500",24,2,2017,,,84.93,12,18-1,1,N,,반포대로,00275,00000,2121003,02,11650,0,11650,,10700,반포동,매매,201702,2017-02-24,26,25.7,172500,2031.1,6714.4
,래미안퍼스티지,11650-3559,0018,0001,2009,,,,"139,500",25,2,2017,,,59.89,6,18-1,1,N,,반포대로,00275,00000,2121003,02,11650,0,11650,,10700,반포동,매매,201702,2017-02-25,18,18.1,139500,2329.3,7700.1
,래미안퍼스티지,11650-3559,0018,0001,2009,,,,"138,800",25,2,2017,,,59.96,26,18-1,1,N,,반포대로,00275,00000,2121003,02,11650,0,11650,,10700,반포동,매매,201702,2017-02-25,18,18.1,138800,2314.9,7652.5
,래미안퍼스티지,11650-3559,0018,0001,2009,,,,"180,000",27,2,2017,,,84.93,26,18-1,1,N,,반포대로,00275,00000,2121003,02,11650,0,11650,,10700,반포동,매매,201702,2017-02-27,26,25.7,180000,2119.4,7006.3
,래미안퍼스티지,11650-3559,0018,0001,2009,,,,"238,000",7,3,2017,,,117.12,25,18-1,1,N,,반포대로,00275,00000,2121003,02,11650,0,11650,,10700,반포동,매매,201703,2017-03-07,35,35.4,238000,2032.1,6717.7
,래미안퍼스티지,11650-3559,0018,0001,2009,,,,"253,000",8,3,2017,,,135.92,15,18-1,1,N,,반포대로,00275,00000,2121003,02,11650,0,11650,,10700,반포동,매매,201703,2017-03-08,41,41.1,253000,1861.4,6153.4
,래미안퍼스티지,11650-3559,0018,0001,2009,,,,"160,000",8,3,2017,,,84.93,27,18-1,1,N,,반포대로,00275,00000,2121003,02,11650,0,11650,,10700,반포동,매매,201703,2017-03-08,26,25.7,160000,1883.9,6227.8
,래미안퍼스티지,11650-3559,0018,0001,2009,,,,"164,800",14,3,2017,,,84.93,21,18-1,1,N,,반포대로,00275,00000,2121003,02,11650,0,11650,,10700,반포동,매매,201703,2017-03-14,26,25.7,164800,1940.4,6414.6
,래미안퍼스티지,11650-3559,0018,0001,2009,,,,"157,650",15,3,2017,,,84.93,31,18-1,1,N,,반포대로,00275,00000,2121003,02,11650,0,11650,,10700,반포동,매매,201703,2017-03-15,26,25.7,157650,1856.2,6136.3
,래미안퍼스티지,11650-3559,0018,0001,2009,,,,"275,500",17,3,2017,,,169.31,29,18-1,1,N,,반포대로,00275,00000,2121003,02,11650,0,11650,,10700,반포동,매매,201703,2017-03-17,51,51.2,275500,1627.2,5379.2
,래미안퍼스티지,11650-3559,0018,0001,2009,,,,"352,000",24,3,2017,,,222.76,25,18-1,1,N,,반포대로,00275,00000,2121003,02,11650,0,11650,,10700,반포동,매매,201703,2017-03-24,67,67.4,352000,1580.2,5223.7
,래미안퍼스티지,11650-3559,0018,0001,2009,,,,"174,000",24,3,2017,,,84.93,6,18-1,1,N,,반포대로,00275,00000,2121003,02,11650,0,11650,,10700,반포동,매매,201703,2017-03-24,26,25.7,174000,2048.7,6772.7
,래미안퍼스티지,11650-3559,0018,0001,2009,,,,"123,500",27,3,2017,,,59.89,27,18-1,1,N,,반포대로,00275,00000,2121003,02,11650,0,11650,,10700,반포동,매매,201703,2017-03-27,18,18.1,123500,2062.1,6816.9
,래미안퍼스티지,11650-3559,0018,0001,2009,,,,"140,000",29,3,2017,,,59.89,13,18-1,1,N,,반포대로,00275,00000,2121003,02,11650,0,11650,,10700,반포동,매매,201703,2017-03-29,18,18.1,140000,2337.6,7727.7
,래미안퍼스티지,11650-3559,0018,0001,2009,,,,"181,000",29,3,2017,,,84.93,9,18-1,1,N,,반포대로,00275,00000,2121003,02,11650,0,11650,,10700,반포동,매매,201703,2017-03-29,26,25.7,181000,2131.2,7045.2
,래미안퍼스티지,11650-3559,0018,0001,2009,,,,"310,000",3,4,2017,,,198.04,3,18-1,1,N,,반포대로,00275,00000,2121003,02,11650,0,11650,,10700,반포동,매매,201704,2017-04-03,60,59.9,310000,1565.3,5174.7
,래미안퍼스티지,11650-3559,0018,0001,2009,,,,"272,500",6,4,2017,,,168.65,22,18-1,1,N,,반포대로,00275,00000,2121003,02,11650,0,11650,,10700,반포동,매매,201704,2017-04-06,51,51.0,272500,1615.8,5341.4
,래미안퍼스티지,11650-3559,0018,0001,2009,,,,"340,000",8,4,2017,,,198.04,4,18-1,1,N,,반포대로,00275,00000,2121003,02,11650,0,11650,,10700,반포동,매매,201704,2017-04-08,60,59.9,340000,1716.8,5675.5
,래미안퍼스티지,11650-3559,0018,0001,2009,,,,"140,000",11,4,2017,,,59.89,29,18-1,1,N,,반포대로,00275,00000,2121003,02,11650,0,11650,,10700,반포동,매매,201704,2017-04-11,18,18.1,140000,2337.6,7727.7
,래미안퍼스티지,11650-3559,0018,0001,2009,,,,"157,500",17,4,2017,,,84.93,14,18-1,1,N,,반포대로,00275,00000,2121003,02,11650,0,11650,,10700,반포동,매매,201704,2017-04-17,26,25.7,157500,1854.5,6130.5
,래미안퍼스티지,11650-3559,0018,0001,2009,,,,"321,000",20,4,2017,,,222.76,11,18-1,1,N,,반포대로,00275,00000,2121003,02,11650,0,11650,,10700,반포동,매매,201704,2017-04-20,67,67.4,321000,1441.0,4763.7
,래미안퍼스티지,11650-3559,0018,0001,2009,,,,"183,000",24,4,2017,,,84.93,22,18-1,1,N,,반포대로,00275,00000,2121003,02,11650,0,11650,,10700,반포동,매매,201704,2017-04-24,26,25.7,183000,2154.7,7123.1
,래미안퍼스티지,11650-3559,0018,0001,2009,,,,"300,000",27,4,2017,,,198.04,9,18-1,1,N,,반포대로,00275,00000,2121003,02,11650,0,11650,,10700,반포동,매매,201704,2017-04-27,60,59.9,300000,1514.8,5007.8
,래미안퍼스티지,11650-3559,0018,0001,2009,,,,"165,600",28,4,2017,,,84.93,24,18-1,1,N,,반포대로,00275,00000,2121003,02,11650,0,11650,,10700,반포동,매매,201704,2017-04-28,26,25.7,165600,1949.8,6445.8
,래미안퍼스티지,11650-3559,0018,0001,2009,,,,"143,000",29,4,2017,,,59.96,11,18-1,1,N,,반포대로,00275,00000,2121003,02,11650,0,11650,,10700,반포동,매매,201704,2017-04-29,18,18.1,143000,2384.9,7884.1
,래미안퍼스티지,11650-3559,0018,0001,2009,,,,"305,000",1,5,2017,,,222.15,10,18-1,1,N,,반포대로,00275,00000,2121003,02,11650,0,11650,,10700,반포동,매매,201705,2017-05-01,67,67.2,305000,1372.9,4538.7
,래미안퍼스티지,11650-3559,0018,0001,2009,,,,"118,500",1,5,2017,,,59.89,26,18-1,1,N,,반포대로,00275,00000,2121003,02,11650,0,11650,,10700,반포동,매매,201705,2017-05-01,18,18.1,118500,1978.6,6540.9
,래미안퍼스티지,11650-3559,0018,0001,2009,,,,"174,000",2,5,2017,,,84.93,12,18-1,1,N,,반포대로,00275,00000,2121003,02,11650,0,11650,,10700,반포동,매매,201705,2017-05-02,26,25.7,174000,2048.7,6772.7
,래미안퍼스티지,11650-3559,0018,0001,2009,,,,"127,500",3,5,2017,,,59.96,13,18-1,1,N,,반포대로,00275,00000,2121003,02,11650,0,11650,,10700,반포동,매매,201705,2017-05-03,18,18.1,127500,2126.4,7029.5
,래미안퍼스티지,11650-3559,0018,0001,2009,,,,"159,500",4,5,2017,,,84.93,20,18-1,1,N,,반포대로,00275,00000,2121003,02,11650,0,11650,,10700,반포동,매매,201705,2017-05-04,26,25.7,159500,1878.0,6208.3
,래미안퍼스티지,11650-3559,0018,0001,2009,,,,"310,000",9,5,2017,,,222.15,24,18-1,1,N,,반포대로,00275,00000,2121003,02,11650,0,11650,,10700,반포동,매매,201705,2017-05-09,67,67.2,310000,1395.5,4613.1
,래미안퍼스티지,11650-3559,0018,0001,2009,,,,"173,500",11,5,2017,,,84.93,7,18-1,1,N,,반포대로,00275,00000,2121003,02,11650,0,11650,,10700,반포동,매매,201705,2017-05-11,26,25.7,173500,2042.9,6753.3
,래미안퍼스티지,11650-3559,0018,0001,2009,,,,"159,000",13,5,2017,,,84.93,10,18-1,1,N,,반포대로,00275,00000,2121003,02,11650,0,11650,,10700,반포동,매매,201705,2017-05-13,26,25.7,159000,1872.1,6188.9
,래미안퍼스티지,11650-3559,0018,0001,2009,,,,"286,000",17,5,2017,,,168.65,29,18-1,1,N,,반포대로,00275,00000,2121003,02,11650,0,11650,,10700,반포동,매매,201705,2017-05-17,51,51.0,286000,1695.8,5606.0
,래미안퍼스티지,11650-3559,0018,0001,2009,,,,"302,000",18,5,2017,,,169.31,19,18-1,1,N,,반포대로,00275,00000,2121003,02,11650,0,11650,,10700,반포동,매매,201705,2017-05-18,51,51.2,302000,1783.7,5896.6
,래미안퍼스티지,11650-3559,0018,0001,2009,,,,"269,000",19,5,2017,,,168.65,9,18-1,1,N,,반포대로,00275,00000,2121003,02,11650,0,11650,,10700,반포동,매매,201705,2017-05-19,51,51.0,269000,1595.0,5272.8
,래미안퍼스티지,11650-3559,0018,0001,2009,,,,"235,500",20,5,2017,,,117.12,9,18-1,1,N,,반포대로,00275,00000,2121003,02,11650,0,11650,,10700,반포동,매매,201705,2017-05-20,35,35.4,235500,2010.8,6647.2
,래미안퍼스티지,11650-3559,0018,0001,2009,,,,"180,000",20,5,2017,,,84.93,6,18-1,1,N,,반포대로,00275,00000,2121003,02,11650,0,11650,,10700,반포동,매매,201705,2017-05-20,26,25.7,180000,2119.4,7006.3
,래미안퍼스티지,11650-3559,0018,0001,2009,,,,"183,000",20,5,2017,,,84.93,4,18-1,1,N,,반포대로,00275,00000,2121003,02,11650,0,11650,,10700,반포동,매매,201705,2017-05-20,26,25.7,183000,2154.7,7123.1
,래미안퍼스티지,11650-3559,0018,0001,2009,,,,"228,500",23,5,2017,,,115.65,2,18-1,1,N,,반포대로,00275,00000,2121003,02,11650,0,11650,,10700,반포동,매매,201705,2017-05-23,35,35.0,228500,1975.8,6531.6
,래미안퍼스티지,11650-3559,0018,0001,2009,,,,"175,000",25,5,2017,,,84.76,16,18-1,1,N,,반포대로,00275,00000,2121003,02,11650,0,11650,,10700,반포동,매매,201705,2017-05-25,26,25.6,175000,2064.7,6825.3
,래미안퍼스티지,11650-3559,0018,0001,2009,,,,"169,000",25,5,2017,,,84.85,6,18-1,1,N,,반포대로,00275,00000,2121003,02,11650,0,11650,,10700,반포동,매매,201705,2017-05-25,26,25.7,169000,1991.8,6584.3
,래미안퍼스티지,11650-3559,0018,0001,2009,,,,"236,500",26,5,2017,,,135.92,1,18-1,1,N,,반포대로,00275,00000,2121003,02,11650,0,11650,,10700,반포동,매매,201705,2017-05-26,41,41.1,236500,1740.0,5752.1
,래미안퍼스티지,11650-3559,0018,0001,2009,,,,"344,000",26,5,2017,,,222.76,14,18-1,1,N,,반포대로,00275,00000,2121003,02,11650,0,11650,,10700,반포동,매매,201705,2017-05-26,67,67.4,344000,1544.3,5105.0
,래미안퍼스티지,11650-3559,0018,0001,2009,,,,"279,500",27,5,2017,,,198.04,1,18-1,1,N,,반포대로,00275,00000,2121003,02,11650,0,11650,,10700,반포동,매매,201705,2017-05-27,60,59.9,279500,1411.3,4665.6
,래미안퍼스티지,11650-3559,0018,0001,2009,,,,"143,500",27,5,2017,,,59.89,12,18-1,1,N,,반포대로,00275,00000,2121003,02,11650,0,11650,,10700,반포동,매매,201705,2017-05-27,18,18.1,143500,2396.1,7920.9
,래미안퍼스티지,11650-3559,0018,0001,2009,,,,"280,000",31,5,2017,,,168.65,17,18-1,1,N,,반포대로,00275,00000,2121003,02,11650,0,11650,,10700,반포동,매매,201705,2017-05-31,51,51.0,280000,1660.2,5488.4
,래미안퍼스티지,11650-3559,0018,0001,2009,,,,"279,000",2,6,2017,,,135.92,28,18-1,1,N,,반포대로,00275,00000,2121003,02,11650,0,11650,,10700,반포동,매매,201706,2017-06-02,41,41.1,279000,2052.7,6785.7
,래미안퍼스티지,11650-3559,0018,0001,2009,,,,"310,000",2,6,2017,,,198.22,11,18-1,1,N,,반포대로,00275,00000,2121003,02,11650,0,11650,,10700,반포동,매매,201706,2017-06-02,60,60.0,310000,1563.9,5170.0
,래미안퍼스티지,11650-3559,0018,0001,2009,,,,"146,000",3,6,2017,,,59.96,20,18-1,1,N,,반포대로,00275,00000,2121003,02,11650,0,11650,,10700,반포동,매매,201706,2017-06-03,18,18.1,146000,2435.0,8049.5
,래미안퍼스티지,11650-3559,0018,0001,2009,,,,"176,500",6,6,2017,,,84.93,15,18-1,1,N,,반포대로,00275,00000,2121003,02,11650,0,11650,,10700,반포동,매매,201706,2017-06-06,26,25.7,176500,2078.2,6870.1
,래미안퍼스티지,11650-3559,0018,0001,2009,,,,"147,000",7,6,2017,,,59.96,17,18-1,1,N,,반포대로,00275,00000,2121003,02,11650,0,11650,,10700,반포동,매매,201706,2017-06-07,18,18.1,147000,2451.6,8104.6
,래미안퍼스티지,11650-3559,0018,0001,2009,,,,"133,500",7,6,2017,,,59.96,1,18-1,1,N,,반포대로,00275,00000,2121003,02,11650,0,11650,,10700,반포동,매매,201706,2017-06-07,18,18.1,133500,2226.5,7360.3
,래미안퍼스티지,11650-3559,0018,0001,2009,,,,"173,500",7,6,2017,,,84.85,22,18-1,1,N,,반포대로,00275,00000,2121003,02,11650,0,11650,,10700,반포동,매매,201706,2017-06-07,26,25.7,173500,2044.8,6759.6
,래미안퍼스티지,11650-3559,0018,0001,2009,,,,"146,000",9,6,2017,,,59.96,26,18-1,1,N,,반포대로,00275,00000,2121003,02,11650,0,11650,,10700,반포동,매매,201706,2017-06-09,18,18.1,146000,2435.0,8049.5
,래미안퍼스티지,11650-3559,0018,0001,2009,,,,"279,000",17,6,2017,,,135.92,26,18-1,1,N,,반포대로,00275,00000,2121003,02,11650,0,11650,,10700,반포동,매매,201706,2017-06-17,41,41.1,279000,2052.7,6785.7
,래미안퍼스티지,11650-3559,0018,0001,2009,,,,"170,000",17,6,2017,,,84.93,18,18-1,1,N,,반포대로,00275,00000,2121003,02,11650,0,11650,,10700,반포동,매매,201706,2017-06-17,26,25.7,170000,2001.6,6617.0
,래미안퍼스티지,11650-3559,0018,0001,2009,,,,"182,150",18,6,2017,,,84.93,11,18-1,1,N,,반포대로,00275,00000,2121003,02,11650,0,11650,,10700,반포동,매매,201706,2017-06-18,26,25.7,182150,2144.7,7090.0
,래미안퍼스티지,11650-3559,0018,0001,2009,,,,"170,000",25,6,2017,,,84.93,15,18-1,1,N,,반포대로,00275,00000,2121003,02,11650,0,11650,,10700,반포동,매매,201706,2017-06-25,26,25.7,170000,2001.6,6617.0
,래미안퍼스티지,11650-3559,0018,0001,2009,,,,"328,800",26,6,2017,,,222.76,4,18-1,1,N,,반포대로,00275,00000,2121003,02,11650,0,11650,,10700,반포동,매매,201706,2017-06-26,67,67.4,328800,1476.0,4879.5
,래미안퍼스티지,11650-3559,0018,0001,2009,,,,"180,000",29,6,2017,,,84.93,27,18-1,1,N,,반포대로,00275,00000,2121003,02,11650,0,11650,,10700,반포동,매매,201706,2017-06-29,26,25.7,180000,2119.4,7006.3
,래미안퍼스티지,11650-3559,0018,0001,2009,,,,"321,000",1,7,2017,,,198.04,19,18-1,1,N,,반포대로,00275,00000,2121003,02,11650,0,11650,,10700,반포동,매매,201707,2017-07-01,60,59.9,321000,1620.9,5358.3
,래미안퍼스티지,11650-3559,0018,0001,2009,,,,"319,500",3,7,2017,,,198.04,5,18-1,1,N,,반포대로,00275,00000,2121003,02,11650,0,11650,,10700,반포동,매매,201707,2017-07-03,60,59.9,319500,1613.3,5333.3
,래미안퍼스티지,11650-3559,0018,0001,2009,,,,"149,800",4,7,2017,,,59.96,4,18-1,1,N,,반포대로,00275,00000,2121003,02,11650,0,11650,,10700,반포동,매매,201707,2017-07-04,18,18.1,149800,2498.3,8259.0
,래미안퍼스티지,11650-3559,0018,0001,2009,,,,"329,000",5,7,2017,,,222.76,13,18-1,1,N,,반포대로,00275,00000,2121003,02,11650,0,11650,,10700,반포동,매매,201707,2017-07-05,67,67.4,329000,1476.9,4882.4
,래미안퍼스티지,11650-3559,0018,0001,2009,,,,"260,000",7,7,2017,,,169.31,1,18-1,1,N,,반포대로,00275,00000,2121003,02,11650,0,11650,,10700,반포동,매매,201707,2017-07-07,51,51.2,260000,1535.6,5076.5
,래미안퍼스티지,11650-3559,0018,0001,2009,,,,"318,000",10,7,2017,,,198.04,20,18-1,1,N,,반포대로,00275,00000,2121003,02,11650,0,11650,,10700,반포동,매매,201707,2017-07-10,60,59.9,318000,1605.7,5308.2
,래미안퍼스티지,11650-3559,0018,0001,2009,,,,"185,000",10,7,2017,,,84.93,27,18-1,1,N,,반포대로,00275,00000,2121003,02,11650,0,11650,,10700,반포동,매매,201707,2017-07-10,26,25.7,185000,2178.3,7200.9
,래미안퍼스티지,11650-3559,0018,0001,2009,,,,"172,500",12,7,2017,,,84.93,1,18-1,1,N,,반포대로,00275,00000,2121003,02,11650,0,11650,,10700,반포동,매매,201707,2017-07-12,26,25.7,172500,2031.1,6714.4
,래미안퍼스티지,11650-3559,0018,0001,2009,,,,"378,000",14,7,2017,,,222.76,23,18-1,1,N,,반포대로,00275,00000,2121003,02,11650,0,11650,,10700,반포동,매매,201707,2017-07-14,67,67.4,378000,1696.9,5609.6
,래미안퍼스티지,11650-3559,0018,0001,2009,,,,"379,500",14,7,2017,,,222.76,16,18-1,1,N,,반포대로,00275,00000,2121003,02,11650,0,11650,,10700,반포동,매매,201707,2017-07-14,67,67.4,379500,1703.6,5631.9
,래미안퍼스티지,11650-3559,0018,0001,2009,,,,"199,000",15,7,2017,,,84.93,25,18-1,1,N,,반포대로,00275,00000,2121003,02,11650,0,11650,,10700,반포동,매매,201707,2017-07-15,26,25.7,199000,2343.1,7745.8
,래미안퍼스티지,11650-3559,0018,0001,2009,,,,"298,000",20,7,2017,,,168.65,20,18-1,1,N,,반포대로,00275,00000,2121003,02,11650,0,11650,,10700,반포동,매매,201707,2017-07-20,51,51.0,298000,1767.0,5841.3
,래미안퍼스티지,11650-3559,0018,0001,2009,,,,"151,800",20,7,2017,,,59.89,4,18-1,1,N,,반포대로,00275,00000,2121003,02,11650,0,11650,,10700,반포동,매매,201707,2017-07-20,18,18.1,151800,2534.6,8379.0
,래미안퍼스티지,11650-3559,0018,0001,2009,,,,"179,600",21,7,2017,,,84.93,29,18-1,1,N,,반포대로,00275,00000,2121003,02,11650,0,11650,,10700,반포동,매매,201707,2017-07-21,26,25.7,179600,2114.7,6990.7
,래미안퍼스티지,11650-3559,0018,0001,2009,,,,"190,000",28,7,2017,,,84.76,10,18-1,1,N,,반포대로,00275,00000,2121003,02,11650,0,11650,,10700,반포동,매매,201707,2017-07-28,26,25.6,190000,2241.6,7410.4
,래미안퍼스티지,11650-3559,0018,0001,2009,,,,"200,000",28,7,2017,,,84.93,16,18-1,1,N,,반포대로,00275,00000,2121003,02,11650,0,11650,,10700,반포동,매매,201707,2017-07-28,26,25.7,200000,2354.9,7784.8
,래미안퍼스티지,11650-3559,0018,0001,2009,,,,"190,000",29,7,2017,,,84.93,29,18-1,1,N,,반포대로,00275,00000,2121003,02,11650,0,11650,,10700,반포동,매매,201707,2017-07-29,26,25.7,190000,2237.1,7395.5
,래미안퍼스티지,11650-3559,0018,0001,2009,,,,"182,500",12,8,2017,,,84.93,29,18-1,1,N,,반포대로,00275,00000,2121003,02,11650,0,11650,,10700,반포동,매매,201708,2017-08-12,26,25.7,182500,2148.8,7103.6
,래미안퍼스티지,11650-3559,0018,0001,2009,,,,"170,000",18,8,2017,,,84.76,11,18-1,1,N,,반포대로,00275,00000,2121003,02,11650,0,11650,,10700,반포동,매매,201708,2017-08-18,26,25.6,170000,2005.7,6630.3
,래미안퍼스티지,11650-3559,0018,0001,2009,,,,"137,000",28,8,2017,,,59.98,20,18-1,1,N,,반포대로,00275,00000,2121003,02,11650,0,11650,,10700,반포동,매매,201708,2017-08-28,18,18.1,137000,2284.1,7550.8
,래미안퍼스티지,11650-3559,0018,0001,2009,,,,"268,000",4,9,2017,,,135.92,9,18-1,1,N,,반포대로,00275,00000,2121003,02,11650,0,11650,,10700,반포동,매매,201709,2017-09-04,41,41.1,268000,1971.7,6518.2
,래미안퍼스티지,11650-3559,0018,0001,2009,,,,"316,000",7,9,2017,,,198.04,15,18-1,1,N,,반포대로,00275,00000,2121003,02,11650,0,11650,,10700,반포동,매매,201709,2017-09-07,60,59.9,316000,1595.6,5274.9
,래미안퍼스티지,11650-3559,0018,0001,2009,,,,"310,000",9,9,2017,,,198.22,26,18-1,1,N,,반포대로,00275,00000,2121003,02,11650,0,11650,,10700,반포동,매매,201709,2017-09-09,60,60.0,310000,1563.9,5170.0
,래미안퍼스티지,11650-3559,0018,0001,2009,,,,"190,000",9,9,2017,,,84.93,29,18-1,1,N,,반포대로,00275,00000,2121003,02,11650,0,11650,,10700,반포동,매매,201709,2017-09-09,26,25.7,190000,2237.1,7395.5
,래미안퍼스티지,11650-3559,0018,0001,2009,,,,"190,000",12,9,2017,,,84.85,19,18-1,1,N,,반포대로,00275,00000,2121003,02,11650,0,11650,,10700,반포동,매매,201709,2017-09-12,26,25.7,190000,2239.2,7402.5
,래미안퍼스티지,11650-3559,0018,0001,2009,,,,"285,000",15,9,2017,,,168.65,5,18-1,1,N,,반포대로,00275,00000,2121003,02,11650,0,11650,,10700,반포동,매매,201709,2017-09-15,51,51.0,285000,1689.9,5586.4
,래미안퍼스티지,11650-3559,0018,0001,2009,,,,"195,500",17,9,2017,,,84.93,27,18-1,1,N,,반포대로,00275,00000,2121003,02,11650,0,11650,,10700,반포동,매매,201709,2017-09-17,26,25.7,195500,2301.9,7609.6
,래미안퍼스티지,11650-3559,0018,0001,2009,,,,"200,000",21,9,2017,,,84.93,10,18-1,1,N,,반포대로,00275,00000,2121003,02,11650,0,11650,,10700,반포동,매매,201709,2017-09-21,26,25.7,200000,2354.9,7784.8
,래미안퍼스티지,11650-3559,0018,0001,2009,,,,"197,000",21,9,2017,,,84.93,19,18-1,1,N,,반포대로,00275,00000,2121003,02,11650,0,11650,,10700,반포동,매매,201709,2017-09-21,26,25.7,197000,2319.6,7668.0
,래미안퍼스티지,11650-3559,0018,0001,2009,,,,"192,500",23,9,2017,,,84.93,15,18-1,1,N,,반포대로,00275,00000,2121003,02,11650,0,11650,,10700,반포동,매매,201709,2017-09-23,26,25.7,192500,2266.6,7492.8
,래미안퍼스티지,11650-3559,0018,0001,2009,,,,"195,000",23,9,2017,,,84.93,28,18-1,1,N,,반포대로,00275,00000,2121003,02,11650,0,11650,,10700,반포동,매매,201709,2017-09-23,26,25.7,195000,2296.0,7590.1
,래미안퍼스티지,11650-3559,0018,0001,2009,,,,"153,000",27,9,2017,,,59.96,21,18-1,1,N,,반포대로,00275,00000,2121003,02,11650,0,11650,,10700,반포동,매매,201709,2017-09-27,18,18.1,153000,2551.7,8435.4
,래미안퍼스티지,11650-3559,0018,0001,2009,,,,"340,000",28,9,2017,,,222.76,11,18-1,1,N,,반포대로,00275,00000,2121003,02,11650,0,11650,,10700,반포동,매매,201709,2017-09-28,67,67.4,340000,1526.3,5045.7
,래미안퍼스티지,11650-3559,0018,0001,2009,,,,"154,500",29,9,2017,,,59.96,18,18-1,1,N,,반포대로,00275,00000,2121003,02,11650,0,11650,,10700,반포동,매매,201709,2017-09-29,18,18.1,154500,2576.7,8518.1
,래미안퍼스티지,11650-3559,0018,0001,2009,,,,"190,000",29,9,2017,,,84.93,26,18-1,1,N,,반포대로,00275,00000,2121003,02,11650,0,11650,,10700,반포동,매매,201709,2017-09-29,26,25.7,190000,2237.1,7395.5
,래미안퍼스티지,11650-3559,0018,0001,2009,,,,"343,000",12,10,2017,,,222.76,24,18-1,1,N,,반포대로,00275,00000,2121003,02,11650,0,11650,,10700,반포동,매매,201710,2017-10-12,67,67.4,343000,1539.8,5090.2
,래미안퍼스티지,11650-3559,0018,0001,2009,,,,"195,000",16,10,2017,,,84.93,6,18-1,1,N,,반포대로,00275,00000,2121003,02,11650,0,11650,,10700,반포동,매매,201710,2017-10-16,26,25.7,195000,2296.0,7590.1
,래미안퍼스티지,11650-3559,0018,0001,2009,,,,"200,000",17,10,2017,,,84.93,14,18-1,1,N,,반포대로,00275,00000,2121003,02,11650,0,11650,,10700,반포동,매매,201710,2017-10-17,26,25.7,200000,2354.9,7784.8
,래미안퍼스티지,11650-3559,0018,0001,2009,,,,"323,000",18,10,2017,,,198.04,8,18-1,1,N,,반포대로,00275,00000,2121003,02,11650,0,11650,,10700,반포동,매매,201710,2017-10-18,60,59.9,323000,1631.0,5391.7
,래미안퍼스티지,11650-3559,0018,0001,2009,,,,"197,000",18,10,2017,,,84.93,20,18-1,1,N,,반포대로,00275,00000,2121003,02,11650,0,11650,,10700,반포동,매매,201710,2017-10-18,26,25.7,197000,2319.6,7668.0
,래미안퍼스티지,11650-3559,0018,0001,2009,,,,"200,000",22,10,2017,,,84.93,4,18-1,1,N,,반포대로,00275,00000,2121003,02,11650,0,11650,,10700,반포동,매매,201710,2017-10-22,26,25.7,200000,2354.9,7784.8
,래미안퍼스티지,11650-3559,0018,0001,2009,,,,"370,000",25,10,2017,,,198.04,9,18-1,1,N,,반포대로,00275,00000,2121003,02,11650,0,11650,,10700,반포동,매매,201710,2017-10-25,60,59.9,370000,1868.3,6176.3
,래미안퍼스티지,11650-3559,0018,0001,2009,,,,"272,000",26,10,2017,,,135.92,18,18-1,1,N,,반포대로,00275,00000,2121003,02,11650,0,11650,,10700,반포동,매매,201710,2017-10-26,41,41.1,272000,2001.2,6615.5
,래미안퍼스티지,11650-3559,0018,0001,2009,,,,"320,000",27,10,2017,,,198.04,16,18-1,1,N,,반포대로,00275,00000,2121003,02,11650,0,11650,,10700,반포동,매매,201710,2017-10-27,60,59.9,320000,1615.8,5341.6
,래미안퍼스티지,11650-3559,0018,0001,2009,,,,"187,000",27,10,2017,,,84.93,29,18-1,1,N,,반포대로,00275,00000,2121003,02,11650,0,11650,,10700,반포동,매매,201710,2017-10-27,26,25.7,187000,2201.8,7278.8
,래미안퍼스티지,11650-3559,0018,0001,2009,,,,"250,000",28,10,2017,,,117.12,19,18-1,1,N,,반포대로,00275,00000,2121003,02,11650,0,11650,,10700,반포동,매매,201710,2017-10-28,35,35.4,250000,2134.6,7056.4
,래미안퍼스티지,11650-3559,0018,0001,2009,,,,"199,700",28,10,2017,,,84.93,2,18-1,1,N,,반포대로,00275,00000,2121003,02,11650,0,11650,,10700,반포동,매매,201710,2017-10-28,26,25.7,199700,2351.3,7773.1
,래미안퍼스티지,11650-3559,0018,0001,2009,,,,"156,500",2,11,2017,,,59.96,18,18-1,1,N,,반포대로,00275,00000,2121003,02,11650,0,11650,,10700,반포동,매매,201711,2017-11-02,18,18.1,156500,2610.1,8628.4
,래미안퍼스티지,11650-3559,0018,0001,2009,,,,"325,000",8,11,2017,,,169.31,11,18-1,1,N,,반포대로,00275,00000,2121003,02,11650,0,11650,,10700,반포동,매매,201711,2017-11-08,51,51.2,325000,1919.6,6345.7
,래미안퍼스티지,11650-3559,0018,0001,2009,,,,"300,000",11,11,2017,,,198.04,4,18-1,1,N,,반포대로,00275,00000,2121003,02,11650,0,11650,,10700,반포동,매매,201711,2017-11-11,60,59.9,300000,1514.8,5007.8
,래미안퍼스티지,11650-3559,0018,0001,2009,,,,"160,000",11,11,2017,,,59.89,30,18-1,1,N,,반포대로,00275,00000,2121003,02,11650,0,11650,,10700,반포동,매매,201711,2017-11-11,18,18.1,160000,2671.6,8831.7
,래미안퍼스티지,11650-3559,0018,0001,2009,,,,"210,000",13,11,2017,,,84.93,22,18-1,1,N,,반포대로,00275,00000,2121003,02,11650,0,11650,,10700,반포동,매매,201711,2017-11-13,26,25.7,210000,2472.6,8174.0
,래미안퍼스티지,11650-3559,0018,0001,2009,,,,"198,500",14,11,2017,,,84.93,4,18-1,1,N,,반포대로,00275,00000,2121003,02,11650,0,11650,,10700,반포동,매매,201711,2017-11-14,26,25.7,198500,2337.2,7726.4
,래미안퍼스티지,11650-3559,0018,0001,2009,,,,"210,000",16,11,2017,,,84.93,26,18-1,1,N,,반포대로,00275,00000,2121003,02,11650,0,11650,,10700,반포동,매매,201711,2017-11-16,26,25.7,210000,2472.6,8174.0
,래미안퍼스티지,11650-3559,0018,0001,2009,,,,"325,000",17,11,2017,,,198.22,24,18-1,1,N,,반포대로,00275,00000,2121003,02,11650,0,11650,,10700,반포동,매매,201711,2017-11-17,60,60.0,325000,1639.6,5420.2
,래미안퍼스티지,11650-3559,0018,0001,2009,,,,"328,000",18,11,2017,,,222.15,19,18-1,1,N,,반포대로,00275,00000,2121003,02,11650,0,11650,,10700,반포동,매매,201711,2017-11-18,67,67.2,328000,1476.5,4880.9
,래미안퍼스티지,11650-3559,0018,0001,2009,,,,"265,000",20,11,2017,,,115.65,6,18-1,1,N,,반포대로,00275,00000,2121003,02,11650,0,11650,,10700,반포동,매매,201711,2017-11-20,35,35.0,265000,2291.4,7574.9
,래미안퍼스티지,11650-3559,0018,0001,2009,,,,"360,000",23,11,2017,,,198.04,15,18-1,1,N,,반포대로,00275,00000,2121003,02,11650,0,11650,,10700,반포동,매매,201711,2017-11-23,60,59.9,360000,1817.8,6009.3
,래미안퍼스티지,11650-3559,0018,0001,2009,,,,"315,000",24,11,2017,,,168.65,26,18-1,1,N,,반포대로,00275,00000,2121003,02,11650,0,11650,,10700,반포동,매매,201711,2017-11-24,51,51.0,315000,1867.8,6174.5
,래미안퍼스티지,11650-3559,0018,0001,2009,,,,"159,000",24,11,2017,,,59.96,24,18-1,1,N,,반포대로,00275,00000,2121003,02,11650,0,11650,,10700,반포동,매매,201711,2017-11-24,18,18.1,159000,2651.8,8766.2
,래미안퍼스티지,11650-3559,0018,0001,2009,,,,"300,000",25,11,2017,,,135.92,21,18-1,1,N,,반포대로,00275,00000,2121003,02,11650,0,11650,,10700,반포동,매매,201711,2017-11-25,41,41.1,300000,2207.2,7296.5
,래미안퍼스티지,11650-3559,0018,0001,2009,,,,"300,000",29,11,2017,,,169.31,3,18-1,1,N,,반포대로,00275,00000,2121003,02,11650,0,11650,,10700,반포동,매매,201711,2017-11-29,51,51.2,300000,1771.9,5857.5
,래미안퍼스티지,11650-3559,0018,0001,2009,,,,"210,000",29,11,2017,,,84.93,21,18-1,1,N,,반포대로,00275,00000,2121003,02,11650,0,11650,,10700,반포동,매매,201711,2017-11-29,26,25.7,210000,2472.6,8174.0
,래미안퍼스티지,11650-3559,0018,0001,2009,,,,"199,000",1,12,2017,,,84.93,8,18-1,1,N,,반포대로,00275,00000,2121003,02,11650,0,11650,,10700,반포동,매매,201712,2017-12-01,26,25.7,199000,2343.1,7745.8
,래미안퍼스티지,11650-3559,0018,0001,2009,,,,"190,000",2,12,2017,,,84.93,7,18-1,1,N,,반포대로,00275,00000,2121003,02,11650,0,11650,,10700,반포동,매매,201712,2017-12-02,26,25.7,190000,2237.1,7395.5
,래미안퍼스티지,11650-3559,0018,0001,2009,,,,"205,000",6,12,2017,,,84.93,4,18-1,1,N,,반포대로,00275,00000,2121003,02,11650,0,11650,,10700,반포동,매매,201712,2017-12-06,26,25.7,205000,2413.8,7979.4
,래미안퍼스티지,11650-3559,0018,0001,2009,,,,"320,000",7,12,2017,,,198.22,25,18-1,1,N,,반포대로,00275,00000,2121003,02,11650,0,11650,,10700,반포동,매매,201712,2017-12-07,60,60.0,320000,1614.4,5336.8
,래미안퍼스티지,11650-3559,0018,0001,2009,,,,"220,000",7,12,2017,,,84.93,14,18-1,1,N,,반포대로,00275,00000,2121003,02,11650,0,11650,,10700,반포동,매매,201712,2017-12-07,26,25.7,220000,2590.4,8563.2
,래미안퍼스티지,11650-3559,0018,0001,2009,,,,"274,500",9,12,2017,,,169.31,1,18-1,1,N,,반포대로,00275,00000,2121003,02,11650,0,11650,,10700,반포동,매매,201712,2017-12-09,51,51.2,274500,1621.3,5359.6
,래미안퍼스티지,11650-3559,0018,0001,2009,,,,"165,000",9,12,2017,,,59.96,29,18-1,1,N,,반포대로,00275,00000,2121003,02,11650,0,11650,,10700,반포동,매매,201712,2017-12-09,18,18.1,165000,2751.8,9097.0
,래미안퍼스티지,11650-3559,0018,0001,2009,,,,"315,000",12,12,2017,,,168.65,13,18-1,1,N,,반포대로,00275,00000,2121003,02,11650,0,11650,,10700,반포동,매매,201712,2017-12-12,51,51.0,315000,1867.8,6174.5
,래미안퍼스티지,11650-3559,0018,0001,2009,,,,"315,000",13,12,2017,,,198.04,13,18-1,1,N,,반포대로,00275,00000,2121003,02,11650,0,11650,,10700,반포동,매매,201712,2017-12-13,60,59.9,315000,1590.6,5258.2
,래미안퍼스티지,11650-3559,0018,0001,2009,,,,"226,000",13,12,2017,,,84.93,26,18-1,1,N,,반포대로,00275,00000,2121003,02,11650,0,11650,,10700,반포동,매매,201712,2017-12-13,26,25.7,226000,2661.0,8796.8
,래미안퍼스티지,11650-3559,0018,0001,2009,,,,"214,800",25,12,2017,,,84.93,29,18-1,1,N,,반포대로,00275,00000,2121003,02,11650,0,11650,,10700,반포동,매매,201712,2017-12-25,26,25.7,214800,2529.1,8360.8
,래미안퍼스티지,11650-3559,0018,0001,2009,,,,"222,000",26,12,2017,,,84.93,3,18-1,1,N,,반포대로,00275,00000,2121003,02,11650,0,11650,,10700,반포동,매매,201712,2017-12-26,26,25.7,222000,2613.9,8641.1
,래미안퍼스티지,11650-3559,0018,0001,2009,,,,"330,000",5,1,2018,,,198.22,17,18-1,1,N,,반포대로,00275,00000,2121003,02,11650,0,11650,,10700,반포동,매매,201801,2018-01-05,60,60.0,330000,1664.8,5503.6
,래미안퍼스티지,11650-3559,0018,0001,2009,,,,"145,000",8,1,2018,,,59.89,14,18-1,1,N,,반포대로,00275,00000,2121003,02,11650,0,11650,,10700,반포동,매매,201801,2018-01-08,18,18.1,145000,2421.1,8003.7
,래미안퍼스티지,11650-3559,0018,0001,2009,,,,"210,000",8,1,2018,,,84.93,1,18-1,1,N,,반포대로,00275,00000,2121003,02,11650,0,11650,,10700,반포동,매매,201801,2018-01-08,26,25.7,210000,2472.6,8174.0
,래미안퍼스티지,11650-3559,0018,0001,2009,,,,"236,000",11,1,2018,,,84.93,25,18-1,1,N,,반포대로,00275,00000,2121003,02,11650,0,11650,,10700,반포동,매매,201801,2018-01-11,26,25.7,236000,2778.8,9186.0
,래미안퍼스티지,11650-3559,0018,0001,2009,,,,"360,000",13,1,2018,,,222.15,12,18-1,1,N,,반포대로,00275,00000,2121003,02,11650,0,11650,,10700,반포동,매매,201801,2018-01-13,67,67.2,360000,1620.5,5357.1
,래미안퍼스티지,11650-3559,0018,0001,2009,,,,"211,000",13,1,2018,,,84.93,8,18-1,1,N,,반포대로,00275,00000,2121003,02,11650,0,11650,,10700,반포동,매매,201801,2018-01-13,26,25.7,211000,2484.4,8212.9
,래미안퍼스티지,11650-3559,0018,0001,2009,,,,"230,000",13,1,2018,,,84.93,27,18-1,1,N,,반포대로,00275,00000,2121003,02,11650,0,11650,,10700,반포동,매매,201801,2018-01-13,26,25.7,230000,2708.1,8952.5
,래미안퍼스티지,11650-3559,0018,0001,2009,,,,"275,000",14,1,2018,,,117.12,13,18-1,1,N,,반포대로,00275,00000,2121003,02,11650,0,11650,,10700,반포동,매매,201801,2018-01-14,35,35.4,275000,2348.0,7762.1
,래미안퍼스티지,11650-3559,0018,0001,2009,,,,"242,500",20,1,2018,,,84.93,15,18-1,1,N,,반포대로,00275,00000,2121003,02,11650,0,11650,,10700,반포동,매매,201801,2018-01-20,26,25.7,242500,2855.3,9439.0
,래미안퍼스티지,11650-3559,0018,0001,2009,,,,"240,000",20,1,2018,,,84.93,30,18-1,1,N,,반포대로,00275,00000,2121003,02,11650,0,11650,,10700,반포동,매매,201801,2018-01-20,26,25.7,240000,2825.9,9341.7
,래미안퍼스티지,11650-3559,0018,0001,2009,,,,"236,000",22,1,2018,,,84.93,31,18-1,1,N,,반포대로,00275,00000,2121003,02,11650,0,11650,,10700,반포동,매매,201801,2018-01-22,26,25.7,236000,2778.8,9186.0
,래미안퍼스티지,11650-3559,0018,0001,2009,,,,"320,000",24,1,2018,,,135.92,2,18-1,1,N,,반포대로,00275,00000,2121003,02,11650,0,11650,,10700,반포동,매매,201801,2018-01-24,41,41.1,320000,2354.3,7782.9
,래미안퍼스티지,11650-3559,0018,0001,2009,,,,"330,000",24,1,2018,,,168.65,24,18-1,1,N,,반포대로,00275,00000,2121003,02,11650,0,11650,,10700,반포동,매매,201801,2018-01-24,51,51.0,330000,1956.7,6468.5
,래미안퍼스티지,11650-3559,0018,0001,2009,,,,"329,000",6,2,2018,,,135.92,6,18-1,1,N,,반포대로,00275,00000,2121003,02,11650,0,11650,,10700,반포동,매매,201802,2018-02-06,41,41.1,329000,2420.5,8001.8
,래미안퍼스티지,11650-3559,0018,0001,2009,,,,"315,000",8,2,2018,,,135.92,4,18-1,1,N,,반포대로,00275,00000,2121003,02,11650,0,11650,,10700,반포동,매매,201802,2018-02-08,41,41.1,315000,2317.5,7661.3
,래미안퍼스티지,11650-3559,0018,0001,2009,,,,"310,000",13,2,2018,,,222.76,12,18-1,1,N,,반포대로,00275,00000,2121003,02,11650,0,11650,,10700,반포동,매매,201802,2018-02-13,67,67.4,310000,1391.6,4600.5
,래미안퍼스티지,11650-3559,0018,0001,2009,,,,"340,000",14,2,2018,,,198.22,22,18-1,1,N,,반포대로,00275,00000,2121003,02,11650,0,11650,,10700,반포동,매매,201802,2018-02-14,60,60.0,340000,1715.3,5670.3
,래미안퍼스티지,11650-3559,0018,0001,2009,,,,"300,000",21,2,2018,,,168.65,3,18-1,1,N,,반포대로,00275,00000,2121003,02,11650,0,11650,,10700,반포동,매매,201802,2018-02-21,51,51.0,300000,1778.8,5880.5
,래미안퍼스티지,11650-3559,0018,0001,2009,,,,"395,000",21,2,2018,,,222.76,5,18-1,1,N,,반포대로,00275,00000,2121003,02,11650,0,11650,,10700,반포동,매매,201802,2018-02-21,67,67.4,395000,1773.2,5861.9
,래미안퍼스티지,11650-3559,0018,0001,2009,,,,"320,000",22,2,2018,,,198.04,15,18-1,1,N,,반포대로,00275,00000,2121003,02,11650,0,11650,,10700,반포동,매매,201802,2018-02-22,60,59.9,320000,1615.8,5341.6
,래미안퍼스티지,11650-3559,0018,0001,2009,,,,"320,000",24,2,2018,,,169.31,2,18-1,1,N,,반포대로,00275,00000,2121003,02,11650,0,11650,,10700,반포동,매매,201802,2018-02-24,51,51.2,320000,1890.0,6248.0
,래미안퍼스티지,11650-3559,0018,0001,2009,,,,"330,000",1,3,2018,,,135.92,21,18-1,1,N,,반포대로,00275,00000,2121003,02,11650,0,11650,,10700,반포동,매매,201803,2018-03-01,41,41.1,330000,2427.9,8026.1
,래미안퍼스티지,11650-3559,0018,0001,2009,,,,"240,000",2,3,2018,,,84.93,20,18-1,1,N,,반포대로,00275,00000,2121003,02,11650,0,11650,,10700,반포동,매매,201803,2018-03-02,26,25.7,240000,2825.9,9341.7
,래미안퍼스티지,11650-3559,0018,0001,2009,,,,"380,000",9,3,2018,,,222.76,7,18-1,1,N,,반포대로,00275,00000,2121003,02,11650,0,11650,,10700,반포동,매매,201803,2018-03-09,67,67.4,380000,1705.9,5639.3
,래미안퍼스티지,11650-3559,0018,0001,2009,,,,"225,000",9,3,2018,,,84.93,12,18-1,1,N,,반포대로,00275,00000,2121003,02,11650,0,11650,,10700,반포동,매매,201803,2018-03-09,26,25.7,225000,2649.2,8757.9
,래미안퍼스티지,11650-3559,0018,0001,2009,,,,"320,000",10,3,2018,,,198.04,1,18-1,1,N,,반포대로,00275,00000,2121003,02,11650,0,11650,,10700,반포동,매매,201803,2018-03-10,60,59.9,320000,1615.8,5341.6
,래미안퍼스티지,11650-3559,0018,0001,2009,,,,"240,000",10,3,2018,,,84.93,30,18-1,1,N,,반포대로,00275,00000,2121003,02,11650,0,11650,,10700,반포동,매매,201803,2018-03-10,26,25.7,240000,2825.9,9341.7
,래미안퍼스티지,11650-3559,0018,0001,2009,,,,"185,000",20,3,2018,,,59.96,17,18-1,1,N,,반포대로,00275,00000,2121003,02,11650,0,11650,,10700,반포동,매매,201803,2018-03-20,18,18.1,185000,3085.4,10199.7
,래미안퍼스티지,11650-3559,0018,0001,2009,,,,"267,000",21,4,2018,,,117.12,22,18-1,1,N,,반포대로,00275,00000,2121003,02,11650,0,11650,,10700,반포동,매매,201804,2018-04-21,35,35.4,267000,2279.7,7536.3
,래미안퍼스티지,11650-3559,0018,0001,2009,,,,"330,000",4,5,2018,,,135.92,14,18-1,1,N,,반포대로,00275,00000,2121003,02,11650,0,11650,,10700,반포동,매매,201805,2018-05-04,41,41.1,330000,2427.9,8026.1
,래미안퍼스티지,11650-3559,0018,0001,2009,,,,"227,000",8,5,2018,,,84.93,20,18-1,1,N,,반포대로,00275,00000,2121003,02,11650,0,11650,,10700,반포동,매매,201805,2018-05-08,26,25.7,227000,2672.8,8835.7
,래미안퍼스티지,11650-3559,0018,0001,2009,,,,"308,000",23,5,2018,,,168.65,6,18-1,1,N,,반포대로,00275,00000,2121003,02,11650,0,11650,,10700,반포동,매매,201805,2018-05-23,51,51.0,308000,1826.3,6037.3
,래미안퍼스티지,11650-3559,0018,0001,2009,,,,"348,000",24,5,2018,,,169.31,22,18-1,1,N,,반포대로,00275,00000,2121003,02,11650,0,11650,,10700,반포동,매매,201805,2018-05-24,51,51.2,348000,2055.4,6794.7
,래미안퍼스티지,11650-3559,0018,0001,2009,,,,"398,000",7,6,2018,,,222.76,6,18-1,1,N,,반포대로,00275,00000,2121003,02,11650,0,11650,,10700,반포동,매매,201806,2018-06-07,67,67.4,398000,1786.7,5906.4
,래미안퍼스티지,11650-3559,0018,0001,2009,,,,"208,000",8,6,2018,,,84.93,15,18-1,1,N,,반포대로,00275,00000,2121003,02,11650,0,11650,,10700,반포동,매매,201806,2018-06-08,26,25.7,208000,2449.1,8096.2
,래미안퍼스티지,11650-3559,0018,0001,2009,,,,"311,000",13,6,2018,,,135.92,22,18-1,1,N,,반포대로,00275,00000,2121003,02,11650,0,11650,,10700,반포동,매매,201806,2018-06-13,41,41.1,311000,2288.1,7564.0
,래미안퍼스티지,11650-3559,0018,0001,2009,,,,"315,000",18,6,2018,,,135.92,26,18-1,1,N,,반포대로,00275,00000,2121003,02,11650,0,11650,,10700,반포동,매매,201806,2018-06-18,41,41.1,315000,2317.5,7661.3
,래미안퍼스티지,11650-3559,0018,0001,2009,,,,"234,000",6,7,2018,,,84.93,7,18-1,1,N,,반포대로,00275,00000,2121003,02,11650,0,11650,,10700,반포동,매매,201807,2018-07-06,26,25.7,234000,2755.2,9108.2
,래미안퍼스티지,11650-3559,0018,0001,2009,,,,"222,500",11,7,2018,,,84.93,29,18-1,1,N,,반포대로,00275,00000,2121003,02,11650,0,11650,,10700,반포동,매매,201807,2018-07-11,26,25.7,222500,2619.8,8660.5
,래미안퍼스티지,11650-3559,0018,0001,2009,,,,"230,000",14,7,2018,,,84.93,21,18-1,1,N,,반포대로,00275,00000,2121003,02,11650,0,11650,,10700,반포동,매매,201807,2018-07-14,26,25.7,230000,2708.1,8952.5
,래미안퍼스티지,11650-3559,0018,0001,2009,,,,"240,000",21,7,2018,,,84.93,15,18-1,1,N,,반포대로,00275,00000,2121003,02,11650,0,11650,,10700,반포동,매매,201807,2018-07-21,26,25.7,240000,2825.9,9341.7
,래미안퍼스티지,11650-3559,0018,0001,2009,,,,"249,000",23,7,2018,,,84.93,30,18-1,1,N,,반포대로,00275,00000,2121003,02,11650,0,11650,,10700,반포동,매매,201807,2018-07-23,26,25.7,249000,2931.8,9692.0
,래미안퍼스티지,11650-3559,0018,0001,2009,,,,"410,000",26,7,2018,,,222.76,5,18-1,1,N,,반포대로,00275,00000,2121003,02,11650,0,11650,,10700,반포동,매매,201807,2018-07-26,67,67.4,410000,1840.5,6084.5
,래미안퍼스티지,11650-3559,0018,0001,2009,,,,"415,000",28,7,2018,,,222.76,7,18-1,1,N,,반포대로,00275,00000,2121003,02,11650,0,11650,,10700,반포동,매매,201807,2018-07-28,67,67.4,415000,1863.0,6158.7
,래미안퍼스티지,11650-3559,0018,0001,2009,,,,"200,000",28,7,2018,,,59.96,13,18-1,1,N,,반포대로,00275,00000,2121003,02,11650,0,11650,,10700,반포동,매매,201807,2018-07-28,18,18.1,200000,3335.6,11026.7
,래미안퍼스티지,11650-3559,0018,0001,2009,,,,"359,000",29,7,2018,,,198.04,10,18-1,1,N,,반포대로,00275,00000,2121003,02,11650,0,11650,,10700,반포동,매매,201807,2018-07-29,60,59.9,359000,1812.8,5992.6
,래미안퍼스티지,11650-3559,0018,0001,2009,,,,"215,000",30,7,2018,,,84.93,23,18-1,1,N,,반포대로,00275,00000,2121003,02,11650,0,11650,,10700,반포동,매매,201807,2018-07-30,26,25.7,215000,2531.5,8368.6
,래미안퍼스티지,11650-3559,0018,0001,2009,,,,"188,500",3,8,2018,,,59.96,30,18-1,1,N,,반포대로,00275,00000,2121003,02,11650,0,11650,,10700,반포동,매매,201808,2018-08-03,18,18.1,188500,3143.8,10392.7
,래미안퍼스티지,11650-3559,0018,0001,2009,,,,"177,000",4,8,2018,,,59.96,9,18-1,1,N,,반포대로,00275,00000,2121003,02,11650,0,11650,,10700,반포동,매매,201808,2018-08-04,18,18.1,177000,2952.0,9758.6
,래미안퍼스티지,11650-3559,0018,0001,2009,,,,"244,500",4,8,2018,,,84.93,30,18-1,1,N,,반포대로,00275,00000,2121003,02,11650,0,11650,,10700,반포동,매매,201808,2018-08-04,26,25.7,244500,2878.8,9516.9
,래미안퍼스티지,11650-3559,0018,0001,2009,,,,"324,000",6,8,2018,,,135.92,21,18-1,1,N,,반포대로,00275,00000,2121003,02,11650,0,11650,,10700,반포동,매매,201808,2018-08-06,41,41.1,324000,2383.8,7880.2
,래미안퍼스티지,11650-3559,0018,0001,2009,,,,"388,000",8,8,2018,,,198.22,12,18-1,1,N,,반포대로,00275,00000,2121003,02,11650,0,11650,,10700,반포동,매매,201808,2018-08-08,60,60.0,388000,1957.4,6470.8
,래미안퍼스티지,11650-3559,0018,0001,2009,,,,"239,000",8,8,2018,,,84.93,28,18-1,1,N,,반포대로,00275,00000,2121003,02,11650,0,11650,,10700,반포동,매매,201808,2018-08-08,26,25.7,239000,2814.1,9302.8
,래미안퍼스티지,11650-3559,0018,0001,2009,,,,"350,000",11,8,2018,,,168.65,25,18-1,1,N,,반포대로,00275,00000,2121003,02,11650,0,11650,,10700,반포동,매매,201808,2018-08-11,51,51.0,350000,2075.3,6860.5
,래미안퍼스티지,11650-3559,0018,0001,2009,,,,"181,500",11,8,2018,,,59.96,26,18-1,1,N,,반포대로,00275,00000,2121003,02,11650,0,11650,,10700,반포동,매매,201808,2018-08-11,18,18.1,181500,3027.0,10006.7
,래미안퍼스티지,11650-3559,0018,0001,2009,,,,"255,000",11,8,2018,,,84.93,30,18-1,1,N,,반포대로,00275,00000,2121003,02,11650,0,11650,,10700,반포동,매매,201808,2018-08-11,26,25.7,255000,3002.5,9925.6
,래미안퍼스티지,11650-3559,0018,0001,2009,,,,"330,000",13,8,2018,,,135.92,22,18-1,1,N,,반포대로,00275,00000,2121003,02,11650,0,11650,,10700,반포동,매매,201808,2018-08-13,41,41.1,330000,2427.9,8026.1
,래미안퍼스티지,11650-3559,0018,0001,2009,,,,"249,000",13,8,2018,,,84.93,24,18-1,1,N,,반포대로,00275,00000,2121003,02,11650,0,11650,,10700,반포동,매매,201808,2018-08-13,26,25.7,249000,2931.8,9692.0
,래미안퍼스티지,11650-3559,0018,0001,2009,,,,"255,000",18,8,2018,,,84.93,21,18-1,1,N,,반포대로,00275,00000,2121003,02,11650,0,11650,,10700,반포동,매매,201808,2018-08-18,26,25.7,255000,3002.5,9925.6
,래미안퍼스티지,11650-3559,0018,0001,2009,,,,"447,000",25,8,2018,,,198.04,19,18-1,1,N,,반포대로,00275,00000,2121003,02,11650,0,11650,,10700,반포동,매매,201808,2018-08-25,60,59.9,447000,2257.1,7461.6
,래미안퍼스티지,11650-3559,0018,0001,2009,,,,"398,000",26,8,2018,,,198.04,13,18-1,1,N,,반포대로,00275,00000,2121003,02,11650,0,11650,,10700,반포동,매매,201808,2018-08-26,60,59.9,398000,2009.7,6643.6
,래미안퍼스티지,11650-3559,0018,0001,2009,,,,"183,000",28,8,2018,,,59.96,6,18-1,1,N,,반포대로,00275,00000,2121003,02,11650,0,11650,,10700,반포동,매매,201808,2018-08-28,18,18.1,183000,3052.0,10089.4
,래미안퍼스티지,11650-3559,0018,0001,2009,,,,"177,000",1,9,2018,,,59.89,1,18-1,1,N,,반포대로,00275,00000,2121003,02,11650,0,11650,,10700,반포동,매매,201809,2018-09-01,18,18.1,177000,2955.4,9770.0
,래미안퍼스티지,11650-3559,0018,0001,2009,,,,"350,000",3,9,2018,,,135.92,10,18-1,1,N,,반포대로,00275,00000,2121003,02,11650,0,11650,,10700,반포동,매매,201809,2018-09-03,41,41.1,350000,2575.0,8512.6
,래미안퍼스티지,11650-3559,0018,0001,2009,,,,"363,000",3,9,2018,,,169.31,13,18-1,1,N,,반포대로,00275,00000,2121003,02,11650,0,11650,,10700,반포동,매매,201809,2018-09-03,51,51.2,363000,2144.0,7087.6
,래미안퍼스티지,11650-3559,0018,0001,2009,,,,"310,000",5,9,2018,,,115.65,5,18-1,1,N,,반포대로,00275,00000,2121003,02,11650,0,11650,,10700,반포동,매매,201809,2018-09-05,35,35.0,310000,2680.5,8861.2
,래미안퍼스티지,11650-3559,0018,0001,2009,,,,"266,500",12,9,2018,,,84.93,27,18-1,1,N,,반포대로,00275,00000,2121003,02,11650,0,11650,,10700,반포동,매매,201809,2018-09-12,26,25.7,266500,3137.9,10373.2
,래미안퍼스티지,11650-3559,0018,0001,2009,,,,"365,000",13,9,2018,,,169.31,20,18-1,1,N,,반포대로,00275,00000,2121003,02,11650,0,11650,,10700,반포동,매매,201809,2018-09-13,51,51.2,365000,2155.8,7126.7
,래미안퍼스티지,11650-3559,0018,0001,2009,,,,"270,000",22,9,2018,,,84.93,25,18-1,1,N,,반포대로,00275,00000,2121003,02,11650,0,11650,,10700,반포동,매매,201809,2018-09-22,26,25.7,270000,3179.1,10509.4
,래미안퍼스티지,11650-3559,0018,0001,2009,,,,"367,000",1,11,2018,,,168.65,18,18-1,1,N,,반포대로,00275,00000,2121003,02,11650,0,11650,,10700,반포동,매매,201811,2018-11-01,51,51.0,367000,2176.1,7193.8
,래미안퍼스티지,11650-3559,0018,0001,2009,,,,"430,000",2,11,2018,,,222.76,19,18-1,1,N,,반포대로,00275,00000,2121003,02,11650,0,11650,,10700,반포동,매매,201811,2018-11-02,67,67.4,430000,1930.3,6381.3
,래미안퍼스티지,11650-3559,0018,0001,2009,,,,"390,000",7,12,2018,,,222.15,18,18-1,1,N,,반포대로,00275,00000,2121003,02,11650,0,11650,,10700,반포동,매매,201812,2018-12-07,67,67.2,390000,1755.6,5803.6
,래미안퍼스티지,11650-3559,0018,0001,2009,,,,"374,000",7,12,2018,,,222.15,5,18-1,1,N,,반포대로,00275,00000,2121003,02,11650,0,11650,,10700,반포동,매매,201812,2018-12-07,67,67.2,374000,1683.5,5565.5
,래미안퍼스티지,11650-3559,0018,0001,2009,,,,"199,000",7,12,2018,,,59.96,26,18-1,1,N,,반포대로,00275,00000,2121003,02,11650,0,11650,,10700,반포동,매매,201812,2018-12-07,18,18.1,199000,3318.9,10971.6
,래미안퍼스티지,11650-3559,0018,0001,2009,,,,"231,000",9,3,2019,,,84.93,28,18-1,1,N,,반포대로,00275,00000,2121003,02,11650,0,11650,,10700,반포동,매매,201903,2019-03-09,26,25.7,231000,2719.9,8991.4
,래미안퍼스티지,11650-3559,0018,0001,2009,,,,"315,000",21,3,2019,,,136.65,5,18-1,1,N,,반포대로,00275,00000,2121003,02,11650,0,11650,,10700,반포동,매매,201903,2019-03-21,41,41.3,315000,2305.2,7620.4
,래미안퍼스티지,11650-3559,0018,0001,2009,,,,"217,000",21,3,2019,,,84.93,21,18-1,1,N,,반포대로,00275,00000,2121003,02,11650,0,11650,,10700,반포동,매매,201903,2019-03-21,26,25.7,217000,2555.0,8446.5
,래미안퍼스티지,11650-3559,0018,0001,2009,,,,"175,000",8,4,2019,,,59.89,1,18-1,1,N,,반포대로,00275,00000,2121003,02,11650,0,11650,,10700,반포동,매매,201904,2019-04-08,18,18.1,175000,2922.0,9659.6
,래미안퍼스티지,11650-3559,0018,0001,2009,,,,"350,000",17,4,2019,,,168.65,19,18-1,1,N,,반포대로,00275,00000,2121003,02,11650,0,11650,,10700,반포동,매매,201904,2019-04-17,51,51.0,350000,2075.3,6860.5
,래미안퍼스티지,11650-3559,0018,0001,2009,,,,"317,000",23,4,2019,,,135.92,9,18-1,1,N,,반포대로,00275,00000,2121003,02,11650,0,11650,,10700,반포동,매매,201904,2019-04-23,41,41.1,317000,2332.3,7710.0
,래미안퍼스티지,11650-3559,0018,0001,2009,,,,"247,000",23,4,2019,,,84.93,4,18-1,1,N,,반포대로,00275,00000,2121003,02,11650,0,11650,,10700,반포동,매매,201904,2019-04-23,26,25.7,247000,2908.3,9614.2
,래미안퍼스티지,11650-3559,0018,0001,2009,,,,"256,000",27,4,2019,,,84.93,23,18-1,1,N,,반포대로,00275,00000,2121003,02,11650,0,11650,,10700,반포동,매매,201904,2019-04-27,26,25.7,256000,3014.2,9964.5
,래미안퍼스티지,11650-3559,0018,0001,2009,,,,"301,000",1,5,2019,,,135.92,1,18-1,1,N,,반포대로,00275,00000,2121003,02,11650,0,11650,,10700,반포동,매매,201905,2019-05-01,41,41.1,301000,2214.5,7320.8
,래미안퍼스티지,11650-3559,0018,0001,2009,,,,"192,000",1,5,2019,,,59.96,25,18-1,1,N,,반포대로,00275,00000,2121003,02,11650,0,11650,,10700,반포동,매매,201905,2019-05-01,18,18.1,192000,3202.1,10585.6
,래미안퍼스티지,11650-3559,0018,0001,2009,,,,"322,000",9,5,2019,,,135.92,15,18-1,1,N,,반포대로,00275,00000,2121003,02,11650,0,11650,,10700,반포동,매매,201905,2019-05-09,41,41.1,322000,2369.0,7831.6
,래미안퍼스티지,11650-3559,0018,0001,2009,,,,"428,000",9,5,2019,,,222.76,13,18-1,1,N,,반포대로,00275,00000,2121003,02,11650,0,11650,,10700,반포동,매매,201905,2019-05-09,67,67.4,428000,1921.4,6351.6
,래미안퍼스티지,11650-3559,0018,0001,2009,,,,"172,000",10,5,2019,,,59.89,16,18-1,1,N,,반포대로,00275,00000,2121003,02,11650,0,11650,,10700,반포동,매매,201905,2019-05-10,18,18.1,172000,2871.9,9494.0
,래미안퍼스티지,11650-3559,0018,0001,2009,,,,"182,000",11,5,2019,,,59.96,19,18-1,1,N,,반포대로,00275,00000,2121003,02,11650,0,11650,,10700,반포동,매매,201905,2019-05-11,18,18.1,182000,3035.4,10034.3
,래미안퍼스티지,11650-3559,0018,0001,2009,,,,"320,000",13,5,2019,,,136.65,18,18-1,1,N,,반포대로,00275,00000,2121003,02,11650,0,11650,,10700,반포동,매매,201905,2019-05-13,41,41.3,320000,2341.7,7741.4
,래미안퍼스티지,11650-3559,0018,0001,2009,,,,"170,500",18,5,2019,,,59.89,2,18-1,1,N,,반포대로,00275,00000,2121003,02,11650,0,11650,,10700,반포동,매매,201905,2019-05-18,18,18.1,170500,2846.9,9411.2
,래미안퍼스티지,11650-3559,0018,0001,2009,,,,"296,000",20,5,2019,,,115.65,10,18-1,1,N,,반포대로,00275,00000,2121003,02,11650,0,11650,,10700,반포동,매매,201905,2019-05-20,35,35.0,296000,2559.4,8461.0
,래미안퍼스티지,11650-3559,0018,0001,2009,,,,"339,000",24,5,2019,,,135.92,14,18-1,1,N,,반포대로,00275,00000,2121003,02,11650,0,11650,,10700,반포동,매매,201905,2019-05-24,41,41.1,339000,2494.1,8245.0
,래미안퍼스티지,11650-3559,0018,0001,2009,,,,"368,000",25,5,2019,,,198.22,11,18-1,1,N,,반포대로,00275,00000,2121003,02,11650,0,11650,,10700,반포동,매매,201905,2019-05-25,60,60.0,368000,1856.5,6137.3
,래미안퍼스티지,11650-3559,0018,0001,2009,,,,"401,000",27,5,2019,,,198.04,24,18-1,1,N,,반포대로,00275,00000,2121003,02,11650,0,11650,,10700,반포동,매매,201905,2019-05-27,60,59.9,401000,2024.8,6693.7
,래미안퍼스티지,11650-3559,0018,0001,2009,,,,"285,000",27,5,2019,,,84.93,15,18-1,1,N,,반포대로,00275,00000,2121003,02,11650,0,11650,,10700,반포동,매매,201905,2019-05-27,26,25.7,285000,3355.7,11093.3
,래미안퍼스티지,11650-3559,0018,0001,2009,,,,"400,000",3,6,2019,,,169.31,15,18-1,1,N,,반포대로,00275,00000,2121003,02,11650,0,11650,,10700,반포동,매매,201906,2019-06-03,51,51.2,400000,2362.5,7810.1
,래미안퍼스티지,11650-3559,0018,0001,2009,,,,"184,000",3,6,2019,,,59.89,12,18-1,1,N,,반포대로,00275,00000,2121003,02,11650,0,11650,,10700,반포동,매매,201906,2019-06-03,18,18.1,184000,3072.3,10156.4
,래미안퍼스티지,11650-3559,0018,0001,2009,,,,"380,000",4,6,2019,,,169.31,16,18-1,1,N,,반포대로,00275,00000,2121003,02,11650,0,11650,,10700,반포동,매매,201906,2019-06-04,51,51.2,380000,2244.4,7419.5
,래미안퍼스티지,11650-3559,0018,0001,2009,,,,"260,000",5,6,2019,,,84.93,24,18-1,1,N,,반포대로,00275,00000,2121003,02,11650,0,11650,,10700,반포동,매매,201906,2019-06-05,26,25.7,260000,3061.3,10120.2
,래미안퍼스티지,11650-3559,0018,0001,2009,,,,"359,000",8,6,2019,,,135.92,12,18-1,1,N,,반포대로,00275,00000,2121003,02,11650,0,11650,,10700,반포동,매매,201906,2019-06-08,41,41.1,359000,2641.3,8731.5
,래미안퍼스티지,11650-3559,0018,0001,2009,,,,"247,000",8,6,2019,,,84.93,20,18-1,1,N,,반포대로,00275,00000,2121003,02,11650,0,11650,,10700,반포동,매매,201906,2019-06-08,26,25.7,247000,2908.3,9614.2
,래미안퍼스티지,11650-3559,0018,0001,2009,,,,"190,000",13,6,2019,,,59.96,19,18-1,1,N,,반포대로,00275,00000,2121003,02,11650,0,11650,,10700,반포동,매매,201906,2019-06-13,18,18.1,190000,3168.8,10475.4
,래미안퍼스티지,11650-3559,0018,0001,2009,,,,"237,000",16,6,2019,,,84.93,31,18-1,1,N,,반포대로,00275,00000,2121003,02,11650,0,11650,,10700,반포동,매매,201906,2019-06-16,26,25.7,237000,2790.5,9224.9
,래미안퍼스티지,11650-3559,0018,0001,2009,,,,"259,500",17,6,2019,,,84.93,9,18-1,1,N,,반포대로,00275,00000,2121003,02,11650,0,11650,,10700,반포동,매매,201906,2019-06-17,26,25.7,259500,3055.5,10100.7
,래미안퍼스티지,11650-3559,0018,0001,2009,,,,"260,000",17,6,2019,,,84.93,14,18-1,1,N,,반포대로,00275,00000,2121003,02,11650,0,11650,,10700,반포동,매매,201906,2019-06-17,26,25.7,260000,3061.3,10120.2
,래미안퍼스티지,11650-3559,0018,0001,2009,,,,"379,000",21,6,2019,,,168.65,22,18-1,1,N,,반포대로,00275,00000,2121003,02,11650,0,11650,,10700,반포동,매매,201906,2019-06-21,51,51.0,379000,2247.3,7429.0
,래미안퍼스티지,11650-3559,0018,0001,2009,,,,"235,000",22,6,2019,,,84.93,18,18-1,1,N,,반포대로,00275,00000,2121003,02,11650,0,11650,,10700,반포동,매매,201906,2019-06-22,26,25.7,235000,2767.0,9147.1
,래미안퍼스티지,11650-3559,0018,0001,2009,,,,"194,500",23,6,2019,,,59.96,27,18-1,1,N,,반포대로,00275,00000,2121003,02,11650,0,11650,,10700,반포동,매매,201906,2019-06-23,18,18.1,194500,3243.8,10723.5
,래미안퍼스티지,11650-3559,0018,0001,2009,,,,"418,500",25,6,2019,,,222.76,4,18-1,1,N,,반포대로,00275,00000,2121003,02,11650,0,11650,,10700,반포동,매매,201906,2019-06-25,67,67.4,418500,1878.7,6210.6
,래미안퍼스티지,11650-3559,0018,0001,2009,,,,"194,500",26,6,2019,,,59.89,18,18-1,1,N,,반포대로,00275,00000,2121003,02,11650,0,11650,,10700,반포동,매매,201906,2019-06-26,18,18.1,194500,3247.6,10736.0
,래미안퍼스티지,11650-3559,0018,0001,2009,,,,"360,000",27,6,2019,,,135.92,8,18-1,1,N,,반포대로,00275,00000,2121003,02,11650,0,11650,,10700,반포동,매매,201906,2019-06-27,41,41.1,360000,2648.6,8755.8
,래미안퍼스티지,11650-3559,0018,0001,2009,,,,"400,000",29,6,2019,,,168.65,8,18-1,1,N,,반포대로,00275,00000,2121003,02,11650,0,11650,,10700,반포동,매매,201906,2019-06-29,51,51.0,400000,2371.8,7840.6
,래미안퍼스티지,11650-3559,0018,0001,2009,,,,"247,500",29,6,2019,,,84.85,16,18-1,1,N,,반포대로,00275,00000,2121003,02,11650,0,11650,,10700,반포동,매매,201906,2019-06-29,26,25.7,247500,2916.9,9642.7
,래미안퍼스티지,11650-3559,0018,0001,2009,,,,"260,000",1,7,2019,,,84.93,17,18-1,1,N,,반포대로,00275,00000,2121003,02,11650,0,11650,,10700,반포동,매매,201907,2019-07-01,26,25.7,260000,3061.3,10120.2
,래미안퍼스티지,11650-3559,0018,0001,2009,,,,"184,500",2,7,2019,,,59.96,25,18-1,1,N,,반포대로,00275,00000,2121003,02,11650,0,11650,,10700,반포동,매매,201907,2019-07-02,18,18.1,184500,3077.1,10172.1
,래미안퍼스티지,11650-3559,0018,0001,2009,,,,"275,000",2,7,2019,,,84.93,16,18-1,1,N,,반포대로,00275,00000,2121003,02,11650,0,11650,,10700,반포동,매매,201907,2019-07-02,26,25.7,275000,3238.0,10704.1
,래미안퍼스티지,11650-3559,0018,0001,2009,,,,"280,000",3,7,2019,,,84.93,8,18-1,1,N,,반포대로,00275,00000,2121003,02,11650,0,11650,,10700,반포동,매매,201907,2019-07-03,26,25.7,280000,3296.8,10898.7
,래미안퍼스티지,11650-3559,0018,0001,2009,,,,"430,000",5,7,2019,,,198.04,24,18-1,1,N,,반포대로,00275,00000,2121003,02,11650,0,11650,,10700,반포동,매매,201907,2019-07-05,60,59.9,430000,2171.3,7177.8
,래미안퍼스티지,11650-3559,0018,0001,2009,,,,"265,000",5,7,2019,,,84.85,17,18-1,1,N,,반포대로,00275,00000,2121003,02,11650,0,11650,,10700,반포동,매매,201907,2019-07-05,26,25.7,265000,3123.2,10324.5
,래미안퍼스티지,11650-3559,0018,0001,2009,,,,"445,000",6,7,2019,,,198.04,12,18-1,1,N,,반포대로,00275,00000,2121003,02,11650,0,11650,,10700,반포동,매매,201907,2019-07-06,60,59.9,445000,2247.0,7428.2
,래미안퍼스티지,11650-3559,0018,0001,2009,,,,"199,000",6,7,2019,,,59.89,17,18-1,1,N,,반포대로,00275,00000,2121003,02,11650,0,11650,,10700,반포동,매매,201907,2019-07-06,18,18.1,199000,3322.8,10984.4
,래미안퍼스티지,11650-3559,0018,0001,2009,,,,"260,000",6,7,2019,,,84.93,21,18-1,1,N,,반포대로,00275,00000,2121003,02,11650,0,11650,,10700,반포동,매매,201907,2019-07-06,26,25.7,260000,3061.3,10120.2
,래미안퍼스티지,11650-3559,0018,0001,2009,,,,"265,000",7,7,2019,,,84.93,11,18-1,1,N,,반포대로,00275,00000,2121003,02,11650,0,11650,,10700,반포동,매매,201907,2019-07-07,26,25.7,265000,3120.2,10314.8
,래미안퍼스티지,11650-3559,0018,0001,2009,,,,"255,000",8,7,2019,,,84.85,21,18-1,1,N,,반포대로,00275,00000,2121003,02,11650,0,11650,,10700,반포동,매매,201907,2019-07-08,26,25.7,255000,3005.3,9934.9
,래미안퍼스티지,11650-3559,0018,0001,2009,,,,"410,000",10,7,2019,,,222.15,23,18-1,1,N,,반포대로,00275,00000,2121003,02,11650,0,11650,,10700,반포동,매매,201907,2019-07-10,67,67.2,410000,1845.6,6101.2
,래미안퍼스티지,11650-3559,0018,0001,2009,,,,"390,000",13,7,2019,,,169.31,6,18-1,1,N,,반포대로,00275,00000,2121003,02,11650,0,11650,,10700,반포동,매매,201907,2019-07-13,51,51.2,390000,2303.5,7614.8
,래미안퍼스티지,11650-3559,0018,0001,2009,,,,"186,000",15,7,2019,,,59.96,3,18-1,1,N,,반포대로,00275,00000,2121003,02,11650,0,11650,,10700,반포동,매매,201907,2019-07-15,18,18.1,186000,3102.1,10254.8
,래미안퍼스티지,11650-3559,0018,0001,2009,,,,"239,500",15,7,2019,,,84.93,1,18-1,1,N,,반포대로,00275,00000,2121003,02,11650,0,11650,,10700,반포동,매매,201907,2019-07-15,26,25.7,239500,2820.0,9322.3
,래미안퍼스티지,11650-3559,0018,0001,2009,,,,"193,600",16,7,2019,,,59.96,29,18-1,1,N,,반포대로,00275,00000,2121003,02,11650,0,11650,,10700,반포동,매매,201907,2019-07-16,18,18.1,193600,3228.8,10673.8
,래미안퍼스티지,11650-3559,0018,0001,2009,,,,"210,000",17,7,2019,,,59.96,25,18-1,1,N,,반포대로,00275,00000,2121003,02,11650,0,11650,,10700,반포동,매매,201907,2019-07-17,18,18.1,210000,3502.3,11578.0
,래미안퍼스티지,11650-3559,0018,0001,2009,,,,"270,000",18,7,2019,,,84.93,3,18-1,1,N,,반포대로,00275,00000,2121003,02,11650,0,11650,,10700,반포동,매매,201907,2019-07-18,26,25.7,270000,3179.1,10509.4
,래미안퍼스티지,11650-3559,0018,0001,2009,,,,"264,000",24,7,2019,,,84.93,17,18-1,1,N,,반포대로,00275,00000,2121003,02,11650,0,11650,,10700,반포동,매매,201907,2019-07-24,26,25.7,264000,3108.4,10275.9
,래미안퍼스티지,11650-3559,0018,0001,2009,,,,"217,000",26,7,2019,,,59.89,7,18-1,1,N,,반포대로,00275,00000,2121003,02,11650,0,11650,,10700,반포동,매매,201907,2019-07-26,18,18.1,217000,3623.3,11977.9
,래미안퍼스티지,11650-3559,0018,0001,2009,,,,"400,000",2,8,2019,,,168.65,19,18-1,1,N,,반포대로,00275,00000,2121003,02,11650,0,11650,,10700,반포동,매매,201908,2019-08-02,51,51.0,400000,2371.8,7840.6
,래미안퍼스티지,11650-3559,0018,0001,2009,,,,"262,000",3,8,2019,,,84.93,2,18-1,1,N,,반포대로,00275,00000,2121003,02,11650,0,11650,,10700,반포동,매매,201908,2019-08-03,26,25.7,262000,3084.9,10198.0
,래미안퍼스티지,11650-3559,0018,0001,2009,,,,"280,000",3,8,2019,,,84.93,27,18-1,1,N,,반포대로,00275,00000,2121003,02,11650,0,11650,,10700,반포동,매매,201908,2019-08-03,26,25.7,280000,3296.8,10898.7
,래미안퍼스티지,11650-3559,0018,0001,2009,,,,"480,000",8,8,2019,,,222.76,26,18-1,1,N,,반포대로,00275,00000,2121003,02,11650,0,11650,,10700,반포동,매매,201908,2019-08-08,67,67.4,480000,2154.8,7123.3
,래미안퍼스티지,11650-3559,0018,0001,2009,,,,"275,000",9,8,2019,,,84.93,8,18-1,1,N,,반포대로,00275,00000,2121003,02,11650,0,11650,,10700,반포동,매매,201908,2019-08-09,26,25.7,275000,3238.0,10704.1
,래미안퍼스티지,11650-3559,0018,0001,2009,,,,"375,000",10,8,2019,,,135.92,6,18-1,1,N,,반포대로,00275,00000,2121003,02,11650,0,11650,,10700,반포동,매매,201908,2019-08-10,41,41.1,375000,2759.0,9120.6
,래미안퍼스티지,11650-3559,0018,0001,2009,,,,"430,000",10,8,2019,,,222.15,20,18-1,1,N,,반포대로,00275,00000,2121003,02,11650,0,11650,,10700,반포동,매매,201908,2019-08-10,67,67.2,430000,1935.6,6398.8
,래미안퍼스티지,11650-3559,0018,0001,2009,,,,"210,000",14,8,2019,,,59.89,4,18-1,1,N,,반포대로,00275,00000,2121003,02,11650,0,11650,,10700,반포동,매매,201908,2019-08-14,18,18.1,210000,3506.4,11591.6
,래미안퍼스티지,11650-3559,0018,0001,2009,,,,"340,000",15,8,2019,,,117.12,21,18-1,1,N,,반포대로,00275,00000,2121003,02,11650,0,11650,,10700,반포동,매매,201908,2019-08-15,35,35.4,340000,2903.0,9596.8
,래미안퍼스티지,11650-3559,0018,0001,2009,,,,"330,000",20,8,2019,,,115.65,28,18-1,1,N,,반포대로,00275,00000,2121003,02,11650,0,11650,,10700,반포동,매매,201908,2019-08-20,35,35.0,330000,2853.4,9432.9
,래미안퍼스티지,11650-3559,0018,0001,2009,,,,"291,350",26,8,2019,,,84.93,8,18-1,1,N,,반포대로,00275,00000,2121003,02,11650,0,11650,,10700,반포동,매매,201908,2019-08-26,26,25.7,291350,3430.5,11340.5
,래미안퍼스티지,11650-3559,0018,0001,2009,,,,"367,000",28,8,2019,,,136.65,12,18-1,1,N,,반포대로,00275,00000,2121003,02,11650,0,11650,,10700,반포동,매매,201908,2019-08-28,41,41.3,367000,2685.7,8878.4
,래미안퍼스티지,11650-3559,0018,0001,2009,,,,"275,000",1,9,2019,,,84.93,17,18-1,1,N,,반포대로,00275,00000,2121003,02,11650,0,11650,,10700,반포동,매매,201909,2019-09-01,26,25.7,275000,3238.0,10704.1
,래미안퍼스티지,11650-3559,0018,0001,2009,,,,"200,000",9,9,2019,,,59.96,7,18-1,1,N,,반포대로,00275,00000,2121003,02,11650,0,11650,,10700,반포동,매매,201909,2019-09-09,18,18.1,200000,3335.6,11026.7
,래미안퍼스티지,11650-3559,0018,0001,2009,,,,"349,500",28,9,2019,,,115.65,18,18-1,1,N,,반포대로,00275,00000,2121003,02,11650,0,11650,,10700,반포동,매매,201909,2019-09-28,35,35.0,349500,3022.0,9990.3
,래미안퍼스티지,11650-3559,0018,0001,2009,,,,"284,000",5,10,2019,,,84.93,30,18-1,1,N,,반포대로,00275,00000,2121003,02,11650,0,11650,,10700,반포동,매매,201910,2019-10-05,26,25.7,284000,3343.9,11054.4
,래미안퍼스티지,11650-3559,0018,0001,2009,,,,"300,000",9,10,2019,,,84.93,19,18-1,1,N,,반포대로,00275,00000,2121003,02,11650,0,11650,,10700,반포동,매매,201910,2019-10-09,26,25.7,300000,3532.3,11677.1
,래미안퍼스티지,11650-3559,0018,0001,2009,,,,"295,000",10,10,2019,,,84.93,30,18-1,1,N,,반포대로,00275,00000,2121003,02,11650,0,11650,,10700,반포동,매매,201910,2019-10-10,26,25.7,295000,3473.4,11482.5
,래미안퍼스티지,11650-3559,0018,0001,2009,,,,"229,000",11,10,2019,,,59.96,17,18-1,1,N,,반포대로,00275,00000,2121003,02,11650,0,11650,,10700,반포동,매매,201910,2019-10-11,18,18.1,229000,3819.2,12625.6
,래미안퍼스티지,11650-3559,0018,0001,2009,,,,"310,000",15,10,2019,,,84.93,20,18-1,1,N,,반포대로,00275,00000,2121003,02,11650,0,11650,,10700,반포동,매매,201910,2019-10-15,26,25.7,310000,3650.1,12066.4
,래미안퍼스티지,11650-3559,0018,0001,2009,,,,"299,900",19,10,2019,,,84.93,4,18-1,1,N,,반포대로,00275,00000,2121003,02,11650,0,11650,,10700,반포동,매매,201910,2019-10-19,26,25.7,299900,3531.1,11673.3
,래미안퍼스티지,11650-3559,0018,0001,2009,,,,"295,000",22,10,2019,,,84.93,20,18-1,1,N,,반포대로,00275,00000,2121003,02,11650,0,11650,,10700,반포동,매매,201910,2019-10-22,26,25.7,295000,3473.4,11482.5
,래미안퍼스티지,11650-3559,0018,0001,2009,,,,"370,000",24,10,2019,,,117.12,15,18-1,1,N,,반포대로,00275,00000,2121003,02,11650,0,11650,,10700,반포동,매매,201910,2019-10-24,35,35.4,370000,3159.2,10443.5
,래미안퍼스티지,11650-3559,0018,0001,2009,,,,"400,000",30,10,2019,,,198.04,5,18-1,1,N,,반포대로,00275,00000,2121003,02,11650,0,11650,,10700,반포동,매매,201910,2019-10-30,60,59.9,400000,2019.8,6677.0
,래미안퍼스티지,11650-3559,0018,0001,2009,,,,"226,000",30,10,2019,,,59.89,4,18-1,1,N,,반포대로,00275,00000,2121003,02,11650,0,11650,,10700,반포동,매매,201910,2019-10-30,18,18.1,226000,3773.6,12474.7
,래미안퍼스티지,11650-3559,0018,0001,2009,,,,"211,000",30,10,2019,,,59.96,15,18-1,1,N,,반포대로,00275,00000,2121003,02,11650,0,11650,,10700,반포동,매매,201910,2019-10-30,18,18.1,211000,3519.0,11633.2
,래미안퍼스티지,11650-3559,0018,0001,2009,,,,"500,000",1,11,2019,,,222.76,16,18-1,1,N,,반포대로,00275,00000,2121003,02,11650,0,11650,,10700,반포동,매매,201911,2019-11-01,67,67.4,500000,2244.6,7420.1
,래미안퍼스티지,11650-3559,0018,0001,2009,,,,"302,000",11,11,2019,,,84.93,18,18-1,1,N,,반포대로,00275,00000,2121003,02,11650,0,11650,,10700,반포동,매매,201911,2019-11-11,26,25.7,302000,3555.9,11755.0
,래미안퍼스티지,11650-3559,0018,0001,2009,,,,"410,000",16,11,2019,,,168.65,7,18-1,1,N,,반포대로,00275,00000,2121003,02,11650,0,11650,,10700,반포동,매매,201911,2019-11-16,51,51.0,410000,2431.1,8036.6
,래미안퍼스티지,11650-3559,0018,0001,2009,,,,"420,000",21,11,2019,,,169.31,12,18-1,1,N,,반포대로,00275,00000,2121003,02,11650,0,11650,,10700,반포동,매매,201911,2019-11-21,51,51.2,420000,2480.7,8200.6
,래미안퍼스티지,11650-3559,0018,0001,2009,,,,"291,000",30,11,2019,,,84.93,14,18-1,1,N,,반포대로,00275,00000,2121003,02,11650,0,11650,,10700,반포동,매매,201911,2019-11-30,26,25.7,291000,3426.4,11326.8
,래미안퍼스티지,11650-3559,0018,0001,2009,,,,"302,000",1,12,2019,,,84.93,10,18-1,1,N,,반포대로,00275,00000,2121003,02,11650,0,11650,,10700,반포동,매매,201912,2019-12-01,26,25.7,302000,3555.9,11755.0
,래미안퍼스티지,11650-3559,0018,0001,2009,,,,"235,000",2,12,2019,,,59.89,26,18-1,1,N,,반포대로,00275,00000,2121003,02,11650,0,11650,,10700,반포동,매매,201912,2019-12-02,18,18.1,235000,3923.9,12971.5
,래미안퍼스티지,11650-3559,0018,0001,2009,,,,"309,000",12,12,2019,,,84.93,25,18-1,1,N,,반포대로,00275,00000,2121003,02,11650,0,11650,,10700,반포동,매매,201912,2019-12-12,26,25.7,309000,3638.3,12027.5
,래미안퍼스티지,11650-3559,0018,0001,2009,,,,"225,000",17,12,2019,,,59.96,25,18-1,1,N,,반포대로,00275,00000,2121003,02,11650,0,11650,,10700,반포동,매매,201912,2019-12-17,18,18.1,225000,3752.5,12405.0
,래미안퍼스티지,11650-3559,0018,0001,2009,,,,"270,000",21,12,2019,,,84.93,8,18-1,1,N,,반포대로,00275,00000,2121003,02,11650,0,11650,,10700,반포동,매매,201912,2019-12-21,26,25.7,270000,3179.1,10509.4
,래미안퍼스티지,11650-3559,0018,0001,2009,,,,"219,500",9,1,2020,,,59.89,22,18-1,1,N,,반포대로,00275,00000,2121003,02,11650,0,11650,,10700,반포동,매매,202001,2020-01-09,18,18.1,219500,3665.1,12115.9
,래미안퍼스티지,11650-3559,0018,0001,2009,,,,"214,000",22,1,2020,,,59.89,11,18-1,1,N,,반포대로,00275,00000,2121003,02,11650,0,11650,,10700,반포동,매매,202001,2020-01-22,18,18.1,214000,3573.2,11812.3
,래미안퍼스티지,11650-3559,0018,0001,2009,,,,"470,000",10,2,2020,,,198.04,7,18-1,1,N,,반포대로,00275,00000,2121003,02,11650,0,11650,,10700,반포동,매매,202002,2020-02-10,60,59.9,470000,2373.3,7845.5
,래미안퍼스티지,11650-3559,0018,0001,2009,,,,"210,000",20,2,2020,,,59.96,3,18-1,1,N,,반포대로,00275,00000,2121003,02,11650,0,11650,,10700,반포동,매매,202002,2020-02-20,18,18.1,210000,3502.3,11578.0
,래미안퍼스티지,11650-3559,0018,0001,2009,,,,"230,000",6,3,2020,,,59.89,26,18-1,1,N,,반포대로,00275,00000,2121003,02,11650,0,11650,,10700,반포동,매매,202003,2020-03-06,18,18.1,230000,3840.4,12695.5
,래미안퍼스티지,11650-3559,0018,0001,2009,,,,"208,000",4,4,2020,,,59.89,3,18-1,1,N,,반포대로,00275,00000,2121003,02,11650,0,11650,,10700,반포동,매매,202004,2020-04-04,18,18.1,208000,3473.0,11481.2
,래미안퍼스티지,11650-3559,0018,0001,2009,,,,"390,000",16,4,2020,,,168.65,17,18-1,1,N,,반포대로,00275,00000,2121003,02,11650,0,11650,,10700,반포동,매매,202004,2020-04-16,51,51.0,390000,2312.5,7644.6
,래미안퍼스티지,11650-3559,0018,0001,2009,,,,"275,000",16,4,2020,,,84.93,11,18-1,1,N,,반포대로,00275,00000,2121003,02,11650,0,11650,,10700,반포동,매매,202004,2020-04-16,26,25.7,275000,3238.0,10704.1
,래미안퍼스티지,11650-3559,0018,0001,2009,,,,"391,000",24,4,2020,,,198.04,7,18-1,1,N,,반포대로,00275,00000,2121003,02,11650,0,11650,,10700,반포동,매매,202004,2020-04-24,60,59.9,391000,1974.3,6526.8
,래미안퍼스티지,11650-3559,0018,0001,2009,,,,"262,000",24,4,2020,,,84.93,31,18-1,1,N,,반포대로,00275,00000,2121003,02,11650,0,11650,,10700,반포동,매매,202004,2020-04-24,26,25.7,262000,3084.9,10198.0
,래미안퍼스티지,11650-3559,0018,0001,2009,,,,"273,000",25,4,2020,,,84.93,18,18-1,1,N,,반포대로,00275,00000,2121003,02,11650,0,11650,,10700,반포동,매매,202004,2020-04-25,26,25.7,273000,3214.4,10626.2
,래미안퍼스티지,11650-3559,0018,0001,2009,,,,"279,000",3,5,2020,,,84.93,22,18-1,1,N,,반포대로,00275,00000,2121003,02,11650,0,11650,,10700,반포동,매매,202005,2020-05-03,26,25.7,279000,3285.1,10859.7
,래미안퍼스티지,11650-3559,0018,0001,2009,,,,"192,500",5,5,2020,,,59.96,12,18-1,1,N,,반포대로,00275,00000,2121003,02,11650,0,11650,,10700,반포동,매매,202005,2020-05-05,18,18.1,192500,3210.5,10613.2
,래미안퍼스티지,11650-3559,0018,0001,2009,,,,"402,500",7,5,2020,,,198.22,13,18-1,1,N,,반포대로,00275,00000,2121003,02,11650,0,11650,,10700,반포동,매매,202005,2020-05-07,60,60.0,402500,2030.6,6712.7
,래미안퍼스티지,11650-3559,0018,0001,2009,,,,"282,000",7,5,2020,,,84.93,16,18-1,1,N,,반포대로,00275,00000,2121003,02,11650,0,11650,,10700,반포동,매매,202005,2020-05-07,26,25.7,282000,3320.4,10976.5
,래미안퍼스티지,11650-3559,0018,0001,2009,,,,"191,000",8,5,2020,,,59.89,3,18-1,1,N,,반포대로,00275,00000,2121003,02,11650,0,11650,,10700,반포동,매매,202005,2020-05-08,18,18.1,191000,3189.2,10542.8
,래미안퍼스티지,11650-3559,0018,0001,2009,,,,"261,000",9,5,2020,,,84.85,16,18-1,1,N,,반포대로,00275,00000,2121003,02,11650,0,11650,,10700,반포동,매매,202005,2020-05-09,26,25.7,261000,3076.0,10168.7
,래미안퍼스티지,11650-3559,0018,0001,2009,,,,"450,000",12,5,2020,,,222.76,18,18-1,1,N,,반포대로,00275,00000,2121003,02,11650,0,11650,,10700,반포동,매매,202005,2020-05-12,67,67.4,450000,2020.1,6678.1
,래미안퍼스티지,11650-3559,0018,0001,2009,,,,"215,000",14,5,2020,,,59.96,11,18-1,1,N,,반포대로,00275,00000,2121003,02,11650,0,11650,,10700,반포동,매매,202005,2020-05-14,18,18.1,215000,3585.7,11853.7
,래미안퍼스티지,11650-3559,0018,0001,2009,,,,"266,000",15,5,2020,,,84.85,3,18-1,1,N,,반포대로,00275,00000,2121003,02,11650,0,11650,,10700,반포동,매매,202005,2020-05-15,26,25.7,266000,3134.9,10363.5
,래미안퍼스티지,11650-3559,0018,0001,2009,,,,"282,500",15,5,2020,,,84.93,9,18-1,1,N,,반포대로,00275,00000,2121003,02,11650,0,11650,,10700,반포동,매매,202005,2020-05-15,26,25.7,282500,3326.3,10996.0
,래미안퍼스티지,11650-3559,0018,0001,2009,,,,"489,000",16,5,2020,,,222.76,8,18-1,1,N,,반포대로,00275,00000,2121003,02,11650,0,11650,,10700,반포동,매매,202005,2020-05-16,67,67.4,489000,2195.2,7256.9
,래미안퍼스티지,11650-3559,0018,0001,2009,,20.06.16,O,"489,000",16,5,2020,,,222.76,8,18-1,1,N,,반포대로,00275,00000,2121003,02,11650,0,11650,,10700,반포동,매매,202005,2020-05-16,67,67.4,489000,2195.2,7256.9
,래미안퍼스티지,11650-3559,0018,0001,2009,,,,"285,000",17,5,2020,,,84.93,25,18-1,1,N,,반포대로,00275,00000,2121003,02,11650,0,11650,,10700,반포동,매매,202005,2020-05-17,26,25.7,285000,3355.7,11093.3
,래미안퍼스티지,11650-3559,0018,0001,2009,,,,"260,000",20,5,2020,,,84.85,20,18-1,1,N,,반포대로,00275,00000,2121003,02,11650,0,11650,,10700,반포동,매매,202005,2020-05-20,26,25.7,260000,3064.2,10129.7
,래미안퍼스티지,11650-3559,0018,0001,2009,,,,"279,500",20,5,2020,,,84.93,29,18-1,1,N,,반포대로,00275,00000,2121003,02,11650,0,11650,,10700,반포동,매매,202005,2020-05-20,26,25.7,279500,3290.9,10879.2
,래미안퍼스티지,11650-3559,0018,0001,2009,,,,"265,000",5,6,2020,,,84.93,19,18-1,1,N,,반포대로,00275,00000,2121003,02,11650,0,11650,,10700,반포동,매매,202006,2020-06-05,26,25.7,265000,3120.2,10314.8
,래미안퍼스티지,11650-3559,0018,0001,2009,,,,"299,000",7,6,2020,,,84.93,24,18-1,1,N,,반포대로,00275,00000,2121003,02,11650,0,11650,,10700,반포동,매매,202006,2020-06-07,26,25.7,299000,3520.5,11638.2
,래미안퍼스티지,11650-3559,0018,0001,2009,,,,"379,000",9,6,2020,,,135.92,7,18-1,1,N,,반포대로,00275,00000,2121003,02,11650,0,11650,,10700,반포동,매매,202006,2020-06-09,41,41.1,379000,2788.4,9217.9
,래미안퍼스티지,11650-3559,0018,0001,2009,,,,"380,000",10,6,2020,,,136.65,20,18-1,1,N,,반포대로,00275,00000,2121003,02,11650,0,11650,,10700,반포동,매매,202006,2020-06-10,41,41.3,380000,2780.8,9192.9
,래미안퍼스티지,11650-3559,0018,0001,2009,,,,"285,000",10,6,2020,,,84.93,9,18-1,1,N,,반포대로,00275,00000,2121003,02,11650,0,11650,,10700,반포동,매매,202006,2020-06-10,26,25.7,285000,3355.7,11093.3
,래미안퍼스티지,11650-3559,0018,0001,2009,,,,"264,000",13,6,2020,,,84.93,5,18-1,1,N,,반포대로,00275,00000,2121003,02,11650,0,11650,,10700,반포동,매매,202006,2020-06-13,26,25.7,264000,3108.4,10275.9
,래미안퍼스티지,11650-3559,0018,0001,2009,,,,"425,000",14,6,2020,,,198.22,7,18-1,1,N,,반포대로,00275,00000,2121003,02,11650,0,11650,,10700,반포동,매매,202006,2020-06-14,60,60.0,425000,2144.1,7087.9
,래미안퍼스티지,11650-3559,0018,0001,2009,,,,"227,000",16,6,2020,,,59.96,20,18-1,1,N,,반포대로,00275,00000,2121003,02,11650,0,11650,,10700,반포동,매매,202006,2020-06-16,18,18.1,227000,3785.9,12515.3
,래미안퍼스티지,11650-3559,0018,0001,2009,,,,"242,000",27,6,2020,,,59.89,23,18-1,1,N,,반포대로,00275,00000,2121003,02,11650,0,11650,,10700,반포동,매매,202006,2020-06-27,18,18.1,242000,4040.7,13357.9
,래미안퍼스티지,11650-3559,0018,0001,2009,,,,"205,000",27,6,2020,,,59.96,7,18-1,1,N,,반포대로,00275,00000,2121003,02,11650,0,11650,,10700,반포동,매매,202006,2020-06-27,18,18.1,205000,3418.9,11302.4
,래미안퍼스티지,11650-3559,0018,0001,2009,,,,"310,000",27,6,2020,,,84.93,11,18-1,1,N,,반포대로,00275,00000,2121003,02,11650,0,11650,,10700,반포동,매매,202006,2020-06-27,26,25.7,310000,3650.1,12066.4
,래미안퍼스티지,11650-3559,0018,0001,2009,,,,"475,000",29,6,2020,,,222.76,3,18-1,1,N,,반포대로,00275,00000,2121003,02,11650,0,11650,,10700,반포동,매매,202006,2020-06-29,67,67.4,475000,2132.3,7049.1
,래미안퍼스티지,11650-3559,0018,0001,2009,,,,"234,000",29,6,2020,,,59.96,27,18-1,1,N,,반포대로,00275,00000,2121003,02,11650,0,11650,,10700,반포동,매매,202006,2020-06-29,18,18.1,234000,3902.6,12901.2
,래미안퍼스티지,11650-3559,0018,0001,2009,,,,"265,000",30,6,2020,,,84.93,23,18-1,1,N,,반포대로,00275,00000,2121003,02,11650,0,11650,,10700,반포동,매매,202006,2020-06-30,26,25.7,265000,3120.2,10314.8
,래미안퍼스티지,11650-3559,0018,0001,2009,,,,"235,000",3,7,2020,,,59.89,30,18-1,1,N,,반포대로,00275,00000,2121003,02,11650,0,11650,,10700,반포동,매매,202007,2020-07-03,18,18.1,235000,3923.9,12971.5
,래미안퍼스티지,11650-3559,0018,0001,2009,,,,"215,000",3,7,2020,,,59.96,7,18-1,1,N,,반포대로,00275,00000,2121003,02,11650,0,11650,,10700,반포동,매매,202007,2020-07-03,18,18.1,215000,3585.7,11853.7
,래미안퍼스티지,11650-3559,0018,0001,2009,,,,"410,000",5,7,2020,,,135.92,22,18-1,1,N,,반포대로,00275,00000,2121003,02,11650,0,11650,,10700,반포동,매매,202007,2020-07-05,41,41.1,410000,3016.5,9971.9
,래미안퍼스티지,11650-3559,0018,0001,2009,,,,"297,000",5,7,2020,,,84.85,8,18-1,1,N,,반포대로,00275,00000,2121003,02,11650,0,11650,,10700,반포동,매매,202007,2020-07-05,26,25.7,297000,3500.3,11571.3
,래미안퍼스티지,11650-3559,0018,0001,2009,,,,"410,000",6,7,2020,,,168.65,12,18-1,1,N,,반포대로,00275,00000,2121003,02,11650,0,11650,,10700,반포동,매매,202007,2020-07-06,51,51.0,410000,2431.1,8036.6
,래미안퍼스티지,11650-3559,0018,0001,2009,,,,"295,000",6,7,2020,,,84.93,3,18-1,1,N,,반포대로,00275,00000,2121003,02,11650,0,11650,,10700,반포동,매매,202007,2020-07-06,26,25.7,295000,3473.4,11482.5
,래미안퍼스티지,11650-3559,0018,0001,2009,,,,"285,000",8,7,2020,,,84.93,8,18-1,1,N,,반포대로,00275,00000,2121003,02,11650,0,11650,,10700,반포동,매매,202007,2020-07-08,26,25.7,285000,3355.7,11093.3
,래미안퍼스티지,11650-3559,0018,0001,2009,,,,"310,000",15,7,2020,,,84.93,7,18-1,1,N,,반포대로,00275,00000,2121003,02,11650,0,11650,,10700,반포동,매매,202007,2020-07-15,26,25.7,310000,3650.1,12066.4
,래미안퍼스티지,11650-3559,0018,0001,2009,,,,"405,000",25,7,2020,,,198.04,25,18-1,1,N,,반포대로,00275,00000,2121003,02,11650,0,11650,,10700,반포동,매매,202007,2020-07-25,60,59.9,405000,2045.0,6760.5
,래미안퍼스티지,11650-3559,0018,0001,2009,,21.01.20,O,"210,000",27,7,2020,,,59.89,26,18-1,1,N,,반포대로,00275,00000,2121003,02,11650,0,11650,,10700,반포동,매매,202007,2020-07-27,18,18.1,210000,3506.4,11591.6
,래미안퍼스티지,11650-3559,0018,0001,2009,,,,"297,000",27,7,2020,,,84.93,22,18-1,1,N,,반포대로,00275,00000,2121003,02,11650,0,11650,,10700,반포동,매매,202007,2020-07-27,26,25.7,297000,3497.0,11560.4
,래미안퍼스티지,11650-3559,0018,0001,2009,,,,"299,000",1,8,2020,,,84.93,12,18-1,1,N,,반포대로,00275,00000,2121003,02,11650,0,11650,,10700,반포동,매매,202008,2020-08-01,26,25.7,299000,3520.5,11638.2
,래미안퍼스티지,11650-3559,0018,0001,2009,,,,"428,000",3,8,2020,,,222.15,10,18-1,1,N,,반포대로,00275,00000,2121003,02,11650,0,11650,,10700,반포동,매매,202008,2020-08-03,67,67.2,428000,1926.6,6369.0
,래미안퍼스티지,11650-3559,0018,0001,2009,,,,"420,000",4,8,2020,,,168.65,5,18-1,1,N,,반포대로,00275,00000,2121003,02,11650,0,11650,,10700,반포동,매매,202008,2020-08-04,51,51.0,420000,2490.4,8232.6
,래미안퍼스티지,11650-3559,0018,0001,2009,,,,"430,000",5,8,2020,,,168.65,13,18-1,1,N,,반포대로,00275,00000,2121003,02,11650,0,11650,,10700,반포동,매매,202008,2020-08-05,51,51.0,430000,2549.7,8428.7
,래미안퍼스티지,11650-3559,0018,0001,2009,,,,"360,000",7,8,2020,,,136.65,14,18-1,1,N,,반포대로,00275,00000,2121003,02,11650,0,11650,,10700,반포동,매매,202008,2020-08-07,41,41.3,360000,2634.5,8709.0
,래미안퍼스티지,11650-3559,0018,0001,2009,,,,"379,000",8,8,2020,,,115.65,6,18-1,1,N,,반포대로,00275,00000,2121003,02,11650,0,11650,,10700,반포동,매매,202008,2020-08-08,35,35.0,379000,3277.1,10833.5
,래미안퍼스티지,11650-3559,0018,0001,2009,,,,"310,000",8,8,2020,,,84.93,25,18-1,1,N,,반포대로,00275,00000,2121003,02,11650,0,11650,,10700,반포동,매매,202008,2020-08-08,26,25.7,310000,3650.1,12066.4
,래미안퍼스티지,11650-3559,0018,0001,2009,,,,"295,000",14,8,2020,,,84.93,6,18-1,1,N,,반포대로,00275,00000,2121003,02,11650,0,11650,,10700,반포동,매매,202008,2020-08-14,26,25.7,295000,3473.4,11482.5
,래미안퍼스티지,11650-3559,0018,0001,2009,,20.12.01,O,"320,000",17,8,2020,,,84.93,16,18-1,1,N,,반포대로,00275,00000,2121003,02,11650,0,11650,,10700,반포동,매매,202008,2020-08-17,26,25.7,320000,3767.8,12455.6
,래미안퍼스티지,11650-3559,0018,0001,2009,,,,"306,000",21,8,2020,,,84.93,11,18-1,1,N,,반포대로,00275,00000,2121003,02,11650,0,11650,,10700,반포동,매매,202008,2020-08-21,26,25.7,306000,3603.0,11910.7
,래미안퍼스티지,11650-3559,0018,0001,2009,,,,"307,000",24,8,2020,,,84.93,19,18-1,1,N,,반포대로,00275,00000,2121003,02,11650,0,11650,,10700,반포동,매매,202008,2020-08-24,26,25.7,307000,3614.7,11949.6
,래미안퍼스티지,11650-3559,0018,0001,2009,,,,"307,000",29,8,2020,,,84.93,17,18-1,1,N,,반포대로,00275,00000,2121003,02,11650,0,11650,,10700,반포동,매매,202008,2020-08-29,26,25.7,307000,3614.7,11949.6
,래미안퍼스티지,11650-3559,0018,0001,2009,,,,"315,000",5,9,2020,,,84.93,21,18-1,1,N,,반포대로,00275,00000,2121003,02,11650,0,11650,,10700,반포동,매매,202009,2020-09-05,26,25.7,315000,3708.9,12261.0
,래미안퍼스티지,11650-3559,0018,0001,2009,,,,"230,000",7,9,2020,,,59.96,6,18-1,1,N,,반포대로,00275,00000,2121003,02,11650,0,11650,,10700,반포동,매매,202009,2020-09-07,18,18.1,230000,3835.9,12680.7
,래미안퍼스티지,11650-3559,0018,0001,2009,,,,"230,000",12,9,2020,,,59.89,27,18-1,1,N,,반포대로,00275,00000,2121003,02,11650,0,11650,,10700,반포동,매매,202009,2020-09-12,18,18.1,230000,3840.4,12695.5
,래미안퍼스티지,11650-3559,0018,0001,2009,,,,"301,000",12,9,2020,,,84.93,10,18-1,1,N,,반포대로,00275,00000,2121003,02,11650,0,11650,,10700,반포동,매매,202009,2020-09-12,26,25.7,301000,3544.1,11716.1
,래미안퍼스티지,11650-3559,0018,0001,2009,,,,"487,000",19,9,2020,,,222.76,7,18-1,1,N,,반포대로,00275,00000,2121003,02,11650,0,11650,,10700,반포동,매매,202009,2020-09-19,67,67.4,487000,2186.2,7227.2
,래미안퍼스티지,11650-3559,0018,0001,2009,,,,"440,000",23,9,2020,,,198.22,20,18-1,1,N,,반포대로,00275,00000,2121003,02,11650,0,11650,,10700,반포동,매매,202009,2020-09-23,60,60.0,440000,2219.8,7338.1
,래미안퍼스티지,11650-3559,0018,0001,2009,,,,"296,000",23,9,2020,,,84.93,21,18-1,1,N,,반포대로,00275,00000,2121003,02,11650,0,11650,,10700,반포동,매매,202009,2020-09-23,26,25.7,296000,3485.2,11521.5
,래미안퍼스티지,11650-3559,0018,0001,2009,,,,"423,000",24,9,2020,,,168.65,4,18-1,1,N,,반포대로,00275,00000,2121003,02,11650,0,11650,,10700,반포동,매매,202009,2020-09-24,51,51.0,423000,2508.2,8291.5
,래미안퍼스티지,11650-3559,0018,0001,2009,,,,"240,000",13,10,2020,,,59.96,16,18-1,1,N,,반포대로,00275,00000,2121003,02,11650,0,11650,,10700,반포동,매매,202010,2020-10-13,18,18.1,240000,4002.7,13232.0
,래미안퍼스티지,11650-3559,0018,0001,2009,,,,"427,000",14,10,2020,,,169.31,17,18-1,1,N,,반포대로,00275,00000,2121003,02,11650,0,11650,,10700,반포동,매매,202010,2020-10-14,51,51.2,427000,2522.0,8337.2
,래미안퍼스티지,11650-3559,0018,0001,2009,,,,"230,000",19,10,2020,,,59.89,6,18-1,1,N,,반포대로,00275,00000,2121003,02,11650,0,11650,,10700,반포동,매매,202010,2020-10-19,18,18.1,230000,3840.4,12695.5
,래미안퍼스티지,11650-3559,0018,0001,2009,,,,"425,000",20,10,2020,,,135.92,7,18-1,1,N,,반포대로,00275,00000,2121003,02,11650,0,11650,,10700,반포동,매매,202010,2020-10-20,41,41.1,425000,3126.8,10336.7
,래미안퍼스티지,11650-3559,0018,0001,2009,,,,"225,000",22,10,2020,,,59.96,3,18-1,1,N,,반포대로,00275,00000,2121003,02,11650,0,11650,,10700,반포동,매매,202010,2020-10-22,18,18.1,225000,3752.5,12405.0
,래미안퍼스티지,11650-3559,0018,0001,2009,,,,"232,000",24,10,2020,,,59.96,21,18-1,1,N,,반포대로,00275,00000,2121003,02,11650,0,11650,,10700,반포동,매매,202010,2020-10-24,18,18.1,232000,3869.2,12791.0
,래미안퍼스티지,11650-3559,0018,0001,2009,,,,"322,000",25,10,2020,,,84.93,17,18-1,1,N,,반포대로,00275,00000,2121003,02,11650,0,11650,,10700,반포동,매매,202010,2020-10-25,26,25.7,322000,3791.4,12533.5
,래미안퍼스티지,11650-3559,0018,0001,2009,,,,"230,000",27,10,2020,,,59.96,26,18-1,1,N,,반포대로,00275,00000,2121003,02,11650,0,11650,,10700,반포동,매매,202010,2020-10-27,18,18.1,230000,3835.9,12680.7
,래미안퍼스티지,11650-3559,0018,0001,2009,,,,"310,000",31,10,2020,,,84.93,22,18-1,1,N,,반포대로,00275,00000,2121003,02,11650,0,11650,,10700,반포동,매매,202010,2020-10-31,26,25.7,310000,3650.1,12066.4
,래미안퍼스티지,11650-3559,0018,0001,2009,,,,"480,000",17,11,2020,,,198.04,20,18-1,1,N,,반포대로,00275,00000,2121003,02,11650,0,11650,,10700,반포동,매매,202011,2020-11-17,60,59.9,480000,2423.8,8012.4
,래미안퍼스티지,11650-3559,0018,0001,2009,,,,"240,000",20,11,2020,,,59.96,25,18-1,1,N,,반포대로,00275,00000,2121003,02,11650,0,11650,,10700,반포동,매매,202011,2020-11-20,18,18.1,240000,4002.7,13232.0
,래미안퍼스티지,11650-3559,0018,0001,2009,,,,"389,500",27,11,2020,,,115.65,14,18-1,1,N,,반포대로,00275,00000,2121003,02,11650,0,11650,,10700,반포동,매매,202011,2020-11-27,35,35.0,389500,3367.9,11133.7
,래미안퍼스티지,11650-3559,0018,0001,2009,,,,"315,000",27,11,2020,,,84.93,19,18-1,1,N,,반포대로,00275,00000,2121003,02,11650,0,11650,,10700,반포동,매매,202011,2020-11-27,26,25.7,315000,3708.9,12261.0
,래미안퍼스티지,11650-3559,0018,0001,2009,,,,"235,000",1,12,2020,,,59.89,7,18-1,1,N,,반포대로,00275,00000,2121003,02,11650,0,11650,,10700,반포동,매매,202012,2020-12-01,18,18.1,235000,3923.9,12971.5
,래미안퍼스티지,11650-3559,0018,0001,2009,,,,"320,000",1,12,2020,,,84.93,16,18-1,1,N,,반포대로,00275,00000,2121003,02,11650,0,11650,,10700,반포동,매매,202012,2020-12-01,26,25.7,320000,3767.8,12455.6
,래미안퍼스티지,11650-3559,0018,0001,2009,,,,"317,000",5,12,2020,,,84.93,7,18-1,1,N,,반포대로,00275,00000,2121003,02,11650,0,11650,,10700,반포동,매매,202012,2020-12-05,26,25.7,317000,3732.5,12338.9
,래미안퍼스티지,11650-3559,0018,0001,2009,,,,"390,000",11,12,2020,,,117.12,19,18-1,1,N,,반포대로,00275,00000,2121003,02,11650,0,11650,,10700,반포동,매매,202012,2020-12-11,35,35.4,390000,3329.9,11008.0
,래미안퍼스티지,11650-3559,0018,0001,2009,,,,"523,000",13,12,2020,,,222.76,17,18-1,1,N,,반포대로,00275,00000,2121003,02,11650,0,11650,,10700,반포동,매매,202012,2020-12-13,67,67.4,523000,2347.8,7761.4
,래미안퍼스티지,11650-3559,0018,0001,2009,,,,"440,000",15,12,2020,,,198.04,25,18-1,1,N,,반포대로,00275,00000,2121003,02,11650,0,11650,,10700,반포동,매매,202012,2020-12-15,60,59.9,440000,2221.8,7344.7
,래미안퍼스티지,11650-3559,0018,0001,2009,,,,"220,000",19,12,2020,,,59.96,2,18-1,1,N,,반포대로,00275,00000,2121003,02,11650,0,11650,,10700,반포동,매매,202012,2020-12-19,18,18.1,220000,3669.1,12129.4
,래미안퍼스티지,11650-3559,0018,0001,2009,,,,"470,000",21,12,2020,,,198.04,15,18-1,1,N,,반포대로,00275,00000,2121003,02,11650,0,11650,,10700,반포동,매매,202012,2020-12-21,60,59.9,470000,2373.3,7845.5
,래미안퍼스티지,11650-3559,0018,0001,2009,,,,"315,000",21,12,2020,,,84.93,7,18-1,1,N,,반포대로,00275,00000,2121003,02,11650,0,11650,,10700,반포동,매매,202012,2020-12-21,26,25.7,315000,3708.9,12261.0
,래미안퍼스티지,11650-3559,0018,0001,2009,,,,"218,000",25,12,2020,,,59.89,3,18-1,1,N,,반포대로,00275,00000,2121003,02,11650,0,11650,,10700,반포동,매매,202012,2020-12-25,18,18.1,218000,3640.0,12033.1
,래미안퍼스티지,11650-3559,0018,0001,2009,,,,"244,500",31,12,2020,,,59.89,29,18-1,1,N,,반포대로,00275,00000,2121003,02,11650,0,11650,,10700,반포동,매매,202012,2020-12-31,18,18.1,244500,4082.5,13495.9
,래미안퍼스티지,11650-3559,0018,0001,2009,,,,"307,500",14,1,2021,,,84.93,2,18-1,1,N,,반포대로,00275,00000,2121003,02,11650,0,11650,,10700,반포동,매매,202101,2021-01-14,26,25.7,307500,3620.6,11969.1
,래미안퍼스티지,11650-3559,0018,0001,2009,,,,"458,000",16,1,2021,,,198.22,9,18-1,1,N,,반포대로,00275,00000,2121003,02,11650,0,11650,,10700,반포동,매매,202101,2021-01-16,60,60.0,458000,2310.6,7638.3
,래미안퍼스티지,11650-3559,0018,0001,2009,,,,"250,000",17,1,2021,,,59.89,18,18-1,1,N,,반포대로,00275,00000,2121003,02,11650,0,11650,,10700,반포동,매매,202101,2021-01-17,18,18.1,250000,4174.3,13799.5
,래미안퍼스티지,11650-3559,0018,0001,2009,,,,"410,000",18,1,2021,,,115.65,18,18-1,1,N,,반포대로,00275,00000,2121003,02,11650,0,11650,,10700,반포동,매매,202101,2021-01-18,35,35.0,410000,3545.2,11719.7
,래미안퍼스티지,11650-3559,0018,0001,2009,,,,"290,500",19,1,2021,,,84.93,20,18-1,1,N,,반포대로,00275,00000,2121003,02,11650,0,11650,,10700,반포동,매매,202101,2021-01-19,26,25.7,290500,3420.5,11307.4
,래미안퍼스티지,11650-3559,0018,0001,2009,,,,"445,000",23,1,2021,,,198.04,9,18-1,1,N,,반포대로,00275,00000,2121003,02,11650,0,11650,,10700,반포동,매매,202101,2021-01-23,60,59.9,445000,2247.0,7428.2
,래미안퍼스티지,11650-3559,0018,0001,2009,,,,"320,000",23,1,2021,,,84.93,17,18-1,1,N,,반포대로,00275,00000,2121003,02,11650,0,11650,,10700,반포동,매매,202101,2021-01-23,26,25.7,320000,3767.8,12455.6
,래미안퍼스티지,11650-3559,0018,0001,2009,,,,"487,000",2,2,2021,,,198.04,22,18-1,1,N,,반포대로,00275,00000,2121003,02,11650,0,11650,,10700,반포동,매매,202102,2021-02-02,60,59.9,487000,2459.1,8129.3
,래미안퍼스티지,11650-3559,0018,0001,2009,,,,"439,000",9,2,2021,,,169.31,3,18-1,1,N,,반포대로,00275,00000,2121003,02,11650,0,11650,,10700,반포동,매매,202102,2021-02-09,51,51.2,439000,2592.9,8571.5
,래미안퍼스티지,11650-3559,0018,0001,2009,,,,"460,000",10,2,2021,,,168.65,27,18-1,1,N,,반포대로,00275,00000,2121003,02,11650,0,11650,,10700,반포동,매매,202102,2021-02-10,51,51.0,460000,2727.5,9016.7
,래미안퍼스티지,11650-3559,0018,0001,2009,,,,"315,000",10,2,2021,,,84.93,18,18-1,1,N,,반포대로,00275,00000,2121003,02,11650,0,11650,,10700,반포동,매매,202102,2021-02-10,26,25.7,315000,3708.9,12261.0
,래미안퍼스티지,11650-3559,0018,0001,2009,,,,"320,000",18,2,2021,,,84.93,12,18-1,1,N,,반포대로,00275,00000,2121003,02,11650,0,11650,,10700,반포동,매매,202102,2021-02-18,26,25.7,320000,3767.8,12455.6
,래미안퍼스티지,11650-3559,0018,0001,2009,,,,"260,000",19,2,2021,,,84.93,5,18-1,1,N,,반포대로,00275,00000,2121003,02,11650,0,11650,,10700,반포동,매매,202102,2021-02-19,26,25.7,260000,3061.3,10120.2
,래미안퍼스티지,11650-3559,0018,0001,2009,,,,"414,000",22,2,2021,,,115.65,20,18-1,1,N,,반포대로,00275,00000,2121003,02,11650,0,11650,,10700,반포동,매매,202102,2021-02-22,35,35.0,414000,3579.8,11834.0
,래미안퍼스티지,11650-3559,0018,0001,2009,,,,"312,000",25,2,2021,,,84.93,14,18-1,1,N,,반포대로,00275,00000,2121003,02,11650,0,11650,,10700,반포동,매매,202102,2021-02-25,26,25.7,312000,3673.6,12144.2
,래미안퍼스티지,11650-3559,0018,0001,2009,,,,"470,000",1,3,2021,,,198.04,24,18-1,1,N,,반포대로,00275,00000,2121003,02,11650,0,11650,,10700,반포동,매매,202103,2021-03-01,60,59.9,470000,2373.3,7845.5
,래미안퍼스티지,11650-3559,0018,0001,2009,,,,"260,000",1,3,2021,,,59.96,7,18-1,1,N,,반포대로,00275,00000,2121003,02,11650,0,11650,,10700,반포동,매매,202103,2021-03-01,18,18.1,260000,4336.2,14334.7
,래미안퍼스티지,11650-3559,0018,0001,2009,,,,"485,000",4,3,2021,,,198.22,16,18-1,1,N,,반포대로,00275,00000,2121003,02,11650,0,11650,,10700,반포동,매매,202103,2021-03-04,60,60.0,485000,2446.8,8088.6
,래미안퍼스티지,11650-3559,0018,0001,2009,,,,"480,000",9,3,2021,,,198.04,21,18-1,1,N,,반포대로,00275,00000,2121003,02,11650,0,11650,,10700,반포동,매매,202103,2021-03-09,60,59.9,480000,2423.8,8012.4
,래미안퍼스티지,11650-3559,0018,0001,2009,,,,"290,000",23,3,2021,,,84.93,21,18-1,1,N,,반포대로,00275,00000,2121003,02,11650,0,11650,,10700,반포동,매매,202103,2021-03-23,26,25.7,290000,3414.6,11287.9
,래미안퍼스티지,11650-3559,0018,0001,2009,,,,"472,000",29,3,2021,,,198.22,8,18-1,1,N,,반포대로,00275,00000,2121003,02,11650,0,11650,,10700,반포동,매매,202103,2021-03-29,60,60.0,472000,2381.2,7871.7
,래미안퍼스티지,11650-3559,0018,0001,2009,,,,"308,000",14,4,2021,,,84.93,29,18-1,1,N,,반포대로,00275,00000,2121003,02,11650,0,11650,,10700,반포동,매매,202104,2021-04-14,26,25.7,308000,3626.5,11988.5
,래미안퍼스티지,11650-3559,0018,0001,2009,,,,"330,000",23,4,2021,,,84.93,23,18-1,1,N,,반포대로,00275,00000,2121003,02,11650,0,11650,,10700,반포동,매매,202104,2021-04-23,26,25.7,330000,3885.6,12844.9
,래미안퍼스티지,11650-3559,0018,0001,2009,,,,"480,000",26,4,2021,,,198.04,24,18-1,1,N,,반포대로,00275,00000,2121003,02,11650,0,11650,,10700,반포동,매매,202104,2021-04-26,60,59.9,480000,2423.8,8012.4
,래미안퍼스티지,11650-3559,0018,0001,2009,,,,"262,000",28,4,2021,,,59.96,28,18-1,1,N,,반포대로,00275,00000,2121003,02,11650,0,11650,,10700,반포동,매매,202104,2021-04-28,18,18.1,262000,4369.6,14445.0
,래미안퍼스티지,11650-3559,0018,0001,2009,,,,"335,000",28,4,2021,,,84.93,29,18-1,1,N,,반포대로,00275,00000,2121003,02,11650,0,11650,,10700,반포동,매매,202104,2021-04-28,26,25.7,335000,3944.4,13039.5
,래미안퍼스티지,11650-3559,0018,0001,2009,,,,"329,000",15,5,2021,,,84.93,5,18-1,1,N,,반포대로,00275,00000,2121003,02,11650,0,11650,,10700,반포동,매매,202105,2021-05-15,26,25.7,329000,3873.8,12805.9
,래미안퍼스티지,11650-3559,0018,0001,2009,,,,"320,000",25,5,2021,,,84.93,19,18-1,1,N,,반포대로,00275,00000,2121003,02,11650,0,11650,,10700,반포동,매매,202105,2021-05-25,26,25.7,320000,3767.8,12455.6
,래미안퍼스티지,11650-3559,0018,0001,2009,,,,"275,000",15,6,2021,,,59.89,24,18-1,1,N,,반포대로,00275,00000,2121003,02,11650,0,11650,,10700,반포동,매매,202106,2021-06-15,18,18.1,275000,4591.8,15179.4
,래미안퍼스티지,11650-3559,0018,0001,2009,,,,"458,000",19,6,2021,,,135.92,26,18-1,1,N,,반포대로,00275,00000,2121003,02,11650,0,11650,,10700,반포동,매매,202106,2021-06-19,41,41.1,458000,3369.6,11139.3
,래미안퍼스티지,11650-3559,0018,0001,2009,,,,"345,000",8,7,2021,,,84.93,20,18-1,1,N,,반포대로,00275,00000,2121003,02,11650,0,11650,,10700,반포동,매매,202107,2021-07-08,26,25.7,345000,4062.2,13428.7
,래미안퍼스티지,11650-3559,0018,0001,2009,,,,"324,000",8,7,2021,,,84.93,10,18-1,1,N,,반포대로,00275,00000,2121003,02,11650,0,11650,,10700,반포동,매매,202107,2021-07-08,26,25.7,324000,3814.9,12611.3
,래미안퍼스티지,11650-3559,0018,0001,2009,,,,"509,000",9,7,2021,,,198.22,12,18-1,1,N,,반포대로,00275,00000,2121003,02,11650,0,11650,,10700,반포동,매매,202107,2021-07-09,60,60.0,509000,2567.9,8488.8
,래미안퍼스티지,11650-3559,0018,0001,2009,,,,"350,000",11,7,2021,,,84.93,10,18-1,1,N,,반포대로,00275,00000,2121003,02,11650,0,11650,,10700,반포동,매매,202107,2021-07-11,26,25.7,350000,4121.0,13623.3
,래미안퍼스티지,11650-3559,0018,0001,2009,,,,"458,000",17,7,2021,,,135.92,29,18-1,1,N,,반포대로,00275,00000,2121003,02,11650,0,11650,,10700,반포동,매매,202107,2021-07-17,41,41.1,458000,3369.6,11139.3
,래미안퍼스티지,11650-3559,0018,0001,2009,,,,"360,000",17,7,2021,,,84.93,19,18-1,1,N,,반포대로,00275,00000,2121003,02,11650,0,11650,,10700,반포동,매매,202107,2021-07-17,26,25.7,360000,4238.8,14012.6
,래미안퍼스티지,11650-3559,0018,0001,2009,,,,"265,000",25,7,2021,,,59.96,4,18-1,1,N,,반포대로,00275,00000,2121003,02,11650,0,11650,,10700,반포동,매매,202107,2021-07-25,18,18.1,265000,4419.6,14610.4
,래미안퍼스티지,11650-3559,0018,0001,2009,,,,"510,000",27,7,2021,,,169.31,21,18-1,1,N,,반포대로,00275,00000,2121003,02,11650,0,11650,,10700,반포동,매매,202107,2021-07-27,51,51.2,510000,3012.2,9957.8
,래미안퍼스티지,11650-3559,0018,0001,2009,,,,"527,000",7,8,2021,,,169.31,26,18-1,1,N,,반포대로,00275,00000,2121003,02,11650,0,11650,,10700,반포동,매매,202108,2021-08-07,51,51.2,527000,3112.6,10289.7
,래미안퍼스티지,11650-3559,0018,0001,2009,,,,"495,000",14,8,2021,,,168.65,4,18-1,1,N,,반포대로,00275,00000,2121003,02,11650,0,11650,,10700,반포동,매매,202108,2021-08-14,51,51.0,495000,2935.1,9702.8
,래미안퍼스티지,11650-3559,0018,0001,2009,,,,"552,000",19,8,2021,,,198.22,25,18-1,1,N,,반포대로,00275,00000,2121003,02,11650,0,11650,,10700,반포동,매매,202108,2021-08-19,60,60.0,552000,2784.8,9205.9
,래미안퍼스티지,11650-3559,0018,0001,2009,,,,"360,000",24,8,2021,,,84.93,17,18-1,1,N,,반포대로,00275,00000,2121003,02,11650,0,11650,,10700,반포동,매매,202108,2021-08-24,26,25.7,360000,4238.8,14012.6
,래미안퍼스티지,11650-3559,0018,0001,2009,,,,"350,000",28,8,2021,,,84.93,18,18-1,1,N,,반포대로,00275,00000,2121003,02,11650,0,11650,,10700,반포동,매매,202108,2021-08-28,26,25.7,350000,4121.0,13623.3
,래미안퍼스티지,11650-3559,0018,0001,2009,,,,"360,000",3,9,2021,,,84.76,13,18-1,1,N,,반포대로,00275,00000,2121003,02,11650,0,11650,,10700,반포동,매매,202109,2021-09-03,26,25.6,360000,4247.3,14040.7
,래미안퍼스티지,11650-3559,0018,0001,2009,,,,"351,000",11,9,2021,,,84.93,18,18-1,1,N,,반포대로,00275,00000,2121003,02,11650,0,11650,,10700,반포동,매매,202109,2021-09-11,26,25.7,351000,4132.8,13662.3
,래미안퍼스티지,11650-3559,0018,0001,2009,,,,"300,000",9,10,2021,,,59.89,20,18-1,1,N,,반포대로,00275,00000,2121003,02,11650,0,11650,,10700,반포동,매매,202110,2021-10-09,18,18.1,300000,5009.2,16559.4
,래미안퍼스티지,11650-3559,0018,0001,2009,,,,"380,000",15,10,2021,,,84.93,15,18-1,1,N,,반포대로,00275,00000,2121003,02,11650,0,11650,,10700,반포동,매매,202110,2021-10-15,26,25.7,380000,4474.3,14791.1
,래미안퍼스티지,11650-3559,0018,0001,2009,,,,"548,000",19,10,2021,,,222.76,23,18-1,1,N,,반포대로,00275,00000,2121003,02,11650,0,11650,,10700,반포동,매매,202110,2021-10-19,67,67.4,548000,2460.0,8132.4
,래미안퍼스티지,11650-3559,0018,0001,2009,,,,"729,000",22,10,2021,,,222.76,16,18-1,1,N,,반포대로,00275,00000,2121003,02,11650,0,11650,,10700,반포동,매매,202110,2021-10-22,67,67.4,729000,3272.6,10818.5
,래미안퍼스티지,11650-3559,0018,0001,2009,,,,"425,000",4,11,2021,중개거래,서울 서초구,117.12,24,18-1,1,N,,반포대로,00275,00000,2121003,02,11650,0,11650,,10700,반포동,매매,202111,2021-11-04,35,35.4,425000,3628.8,11995.9
,래미안퍼스티지,11650-3559,0018,0001,2009,,,,"380,000",9,11,2021,중개거래,서울 서초구,84.93,22,18-1,1,N,,반포대로,00275,00000,2121003,02,11650,0,11650,,10700,반포동,매매,202111,2021-11-09,26,25.7,380000,4474.3,14791.1
,래미안퍼스티지,11650-3559,0018,0001,2009,,,,"344,000",24,11,2021,중개거래,서울 서초구 서울 성북구,84.93,13,18-1,1,N,,반포대로,00275,00000,2121003,02,11650,0,11650,,10700,반포동,매매,202111,2021-11-24,26,25.7,344000,4050.4,13389.8
,래미안퍼스티지,11650-3559,0018,0001,2009,,,,"745,000",5,1,2022,중개거래,서울 서초구,222.76,25,18-1,1,N,,반포대로,00275,00000,2121003,02,11650,0,11650,,10700,반포동,매매,202201,2022-01-05,67,67.4,745000,3344.4,11055.9
,래미안퍼스티지,11650-3559,0018,0001,2009,,,,"375,000",11,1,2022,중개거래,서울 서초구,84.93,7,18-1,1,N,,반포대로,00275,00000,2121003,02,11650,0,11650,,10700,반포동,매매,202201,2022-01-11,26,25.7,375000,4415.4,14596.4
,래미안퍼스티지,11650-3559,0018,0001,2009,,,,"380,000",15,1,2022,중개거래,서울 서초구,84.93,9,18-1,1,N,,반포대로,00275,00000,2121003,02,11650,0,11650,,10700,반포동,매매,202201,2022-01-15,26,25.7,380000,4474.3,14791.1
,래미안퍼스티지,11650-3559,0018,0001,2009,,,,"600,000",20,1,2022,중개거래,서울 서초구,168.65,20,18-1,1,N,,반포대로,00275,00000,2121003,02,11650,0,11650,,10700,반포동,매매,202201,2022-01-20,51,51.0,600000,3557.7,11760.9
,래미안퍼스티지,11650-3559,0018,0001,2009,,,,"360,000",1,3,2022,중개거래,서울 서초구,84.93,14,18-1,1,N,,반포대로,00275,00000,2121003,02,11650,0,11650,,10700,반포동,매매,202203,2022-03-01,26,25.7,360000,4238.8,14012.6
,래미안퍼스티지,11650-3559,0018,0001,2009,,,,"545,000",4,3,2022,중개거래,서울 서초구,135.92,18,18-1,1,N,,반포대로,00275,00000,2121003,02,11650,0,11650,,10700,반포동,매매,202203,2022-03-04,41,41.1,545000,4009.7,13255.3
,래미안퍼스티지,11650-3559,0018,0001,2009,,,,"760,000",7,3,2022,중개거래,서울 서초구,222.76,26,18-1,1,N,,반포대로,00275,00000,2121003,02,11650,0,11650,,10700,반포동,매매,202203,2022-03-07,67,67.4,760000,3411.7,11278.5
,래미안퍼스티지,11650-3559,0018,0001,2009,,,,"360,000",26,3,2022,중개거래,서울 서초구,84.93,7,18-1,1,N,,반포대로,00275,00000,2121003,02,11650,0,11650,,10700,반포동,매매,202203,2022-03-26,26,25.7,360000,4238.8,14012.6
,래미안퍼스티지,11650-3559,0018,0001,2009,,,,"352,000",26,3,2022,중개거래,서울 서초구,84.93,16,18-1,1,N,,반포대로,00275,00000,2121003,02,11650,0,11650,,10700,반포동,매매,202203,2022-03-26,26,25.7,352000,4144.6,13701.2
,래미안퍼스티지,11650-3559,0018,0001,2009,,,,"800,000",28,3,2022,중개거래,서울 서초구,222.76,22,18-1,1,N,,반포대로,00275,00000,2121003,02,11650,0,11650,,10700,반포동,매매,202203,2022-03-28,67,67.4,800000,3591.3,11872.1
,래미안퍼스티지,11650-3559,0018,0001,2009,,,,"365,000",30,3,2022,중개거래,서울 서초구,84.93,24,18-1,1,N,,반포대로,00275,00000,2121003,02,11650,0,11650,,10700,반포동,매매,202203,2022-03-30,26,25.7,365000,4297.7,14207.2
,래미안퍼스티지,11650-3559,0018,0001,2009,,22.05.24,O,"365,000",30,3,2022,중개거래,서울 서초구,84.93,24,18-1,1,N,,반포대로,00275,00000,2121003,02,11650,0,11650,,10700,반포동,매매,202203,2022-03-30,26,25.7,365000,4297.7,14207.2
,래미안퍼스티지,11650-3559,0018,0001,2009,,,,"380,000",9,4,2022,중개거래,서울 서초구,84.93,11,18-1,1,N,,반포대로,00275,00000,2121003,02,11650,0,11650,,10700,반포동,매매,202204,2022-04-09,26,25.7,380000,4474.3,14791.1
,래미안퍼스티지,11650-3559,0018,0001,2009,,,,"530,000",13,4,2022,중개거래,서울 서초구,135.92,16,18-1,1,N,,반포대로,00275,00000,2121003,02,11650,0,11650,,10700,반포동,매매,202204,2022-04-13,41,41.1,530000,3899.4,12890.5
,래미안퍼스티지,11650-3559,0018,0001,2009,,,,"530,000",15,4,2022,중개거래,서울 서초구,135.92,4,18-1,1,N,,반포대로,00275,00000,2121003,02,11650,0,11650,,10700,반포동,매매,202204,2022-04-15,41,41.1,530000,3899.4,12890.5
,래미안퍼스티지,11650-3559,0018,0001,2009,,,,"715,000",20,4,2022,중개거래,서울 서초구,198.04,21,18-1,1,N,,반포대로,00275,00000,2121003,02,11650,0,11650,,10700,반포동,매매,202204,2022-04-20,60,59.9,715000,3610.4,11935.2
,래미안퍼스티지,11650-3559,0018,0001,2009,,,,"252,500",20,4,2022,중개거래,서울 강남구 서울 서초구,59.96,23,18-1,1,N,,반포대로,00275,00000,2121003,02,11650,0,11650,,10700,반포동,매매,202204,2022-04-20,18,18.1,252500,4211.1,13921.2
,래미안퍼스티지,11650-3559,0018,0001,2009,,,,"384,000",23,4,2022,중개거래,서울 서초구,84.93,11,18-1,1,N,,반포대로,00275,00000,2121003,02,11650,0,11650,,10700,반포동,매매,202204,2022-04-23,26,25.7,384000,4521.4,14946.7
,래미안퍼스티지,11650-3559,0018,0001,2009,,,,"380,000",1,5,2022,중개거래,서울 서초구,84.85,19,18-1,1,N,,반포대로,00275,00000,2121003,02,11650,0,11650,,10700,반포동,매매,202205,2022-05-01,26,25.7,380000,4478.5,14805.0
,래미안퍼스티지,11650-3559,0018,0001,2009,,,,"545,000",26,5,2022,중개거래,서울 서초구,135.92,2,18-1,1,N,,반포대로,00275,00000,2121003,02,11650,0,11650,,10700,반포동,매매,202205,2022-05-26,41,41.1,545000,4009.7,13255.3
,래미안퍼스티지,11650-3559,0018,0001,2009,,,,"390,000",28,5,2022,중개거래,서울 서초구,84.93,28,18-1,1,N,,반포대로,00275,00000,2121003,02,11650,0,11650,,10700,반포동,매매,202205,2022-05-28,26,25.7,390000,4592.0,15180.3
,래미안퍼스티지,11650-3559,0018,0001,2009,,,,"559,000",19,6,2022,중개거래,경기 구리시 서울 서초구,135.92,14,18-1,1,N,,반포대로,00275,00000,2121003,02,11650,0,11650,,10700,반포동,매매,202206,2022-06-19,41,41.1,559000,4112.7,13595.8
,래미안퍼스티지,11650-3559,0018,0001,2009,,22.07.01,O,"559,000",19,6,2022,중개거래,서울 서초구,135.92,14,18-1,1,N,,반포대로,00275,00000,2121003,02,11650,0,11650,,10700,반포동,매매,202206,2022-06-19,41,41.1,559000,4112.7,13595.8
,래미안퍼스티지,11650-3559,0018,0001,2009,,22.12.20,O,"840,000",14,7,2022,중개거래,서울 서초구,222.76,22,18-1,1,N,,반포대로,00275,00000,2121003,02,11650,0,11650,,10700,반포동,매매,202207,2022-07-14,67,67.4,840000,3770.9,12465.8
,래미안퍼스티지,11650-3559,0018,0001,2009,,22.11.02,O,"378,000",16,8,2022,중개거래,서울 서초구,84.93,27,18-1,1,N,,반포대로,00275,00000,2121003,02,11650,0,11650,,10700,반포동,매매,202208,2022-08-16,26,25.7,378000,4450.7,14713.2
,래미안퍼스티지,11650-3559,0018,0001,2009,,,,"255,000",25,8,2022,중개거래,서울 강동구 서울 서초구,59.89,27,18-1,1,N,,반포대로,00275,00000,2121003,02,11650,0,11650,,10700,반포동,매매,202208,2022-08-25,18,18.1,255000,4257.8,14075.5
,래미안퍼스티지,11650-3559,0018,0001,2009,,,,"493,000",21,9,2022,중개거래,서울 서초구,115.65,17,18-1,1,N,,반포대로,00275,00000,2121003,02,11650,0,11650,,10700,반포동,매매,202209,2022-09-21,35,35.0,493000,4262.9,14092.2
,래미안퍼스티지,11650-3559,0018,0001,2009,,,,"269,000",1,11,2022,중개거래,서울 서초구,59.96,8,18-1,1,N,,반포대로,00275,00000,2121003,02,11650,0,11650,,10700,반포동,매매,202211,2022-11-01,18,18.1,269000,4486.3,14830.9
,래미안퍼스티지,11650-3559,0018,0001,2009,,,,"365,000",2,11,2022,중개거래,서울 서초구,84.93,27,18-1,1,N,,반포대로,00275,00000,2121003,02,11650,0,11650,,10700,반포동,매매,202211,2022-11-02,26,25.7,365000,4297.7,14207.2
,래미안퍼스티지,11650-3559,0018,0001,2009,,,,"840,000",28,11,2022,중개거래,서울 서초구,222.76,22,18-1,1,N,,반포대로,00275,00000,2121003,02,11650,0,11650,,10700,반포동,매매,202211,2022-11-28,67,67.4,840000,3770.9,12465.8
,래미안퍼스티지,11650-3559,0018,0001,2009,,,,"310,000",26,12,2022,중개거래,서울 강남구,84.93,21,18-1,1,N,,반포대로,00275,00000,2121003,02,11650,0,11650,,10700,반포동,매매,202212,2022-12-26,26,25.7,310000,3650.1,12066.4
,래미안퍼스티지,11650-3559,0018,0001,2009,,23.02.24,O,"310,000",26,12,2022,중개거래,서울 강남구,84.93,21,18-1,1,N,,반포대로,00275,00000,2121003,02,11650,0,11650,,10700,반포동,매매,202212,2022-12-26,26,25.7,310000,3650.1,12066.4
103,래미안퍼스티지,11650-3559,0018,0001,2009,,,,"300,000",1,1,2023,중개거래,서울 서초구,84.85,19,18-1,1,N,23.03.30,반포대로,00275,00000,2121003,02,11650,0,11650,,10700,반포동,매매,202301,2023-01-01,26,25.7,300000,3535.7,11688.2
107,래미안퍼스티지,11650-3559,0018,0001,2009,,,,"329,000",12,1,2023,중개거래,서울 서초구,84.93,17,18-1,1,N,23.05.30,반포대로,00275,00000,2121003,02,11650,0,11650,,10700,반포동,매매,202301,2023-01-12,26,25.7,329000,3873.8,12805.9
,래미안퍼스티지,11650-3559,0018,0001,2009,,24.01.25,O,"775,000",29,1,2023,중개거래,서울 서초구,198.04,22,18-1,1,N,,반포대로,00275,00000,2121003,02,11650,0,11650,,10700,반포동,매매,202301,2023-01-29,60,59.9,775000,3913.4,12936.8
103,래미안퍼스티지,11650-3559,0018,0001,2009,,,,"315,000",4,2,2023,중개거래,서울 서초구,84.85,16,18-1,1,N,23.03.06,반포대로,00275,00000,2121003,02,11650,0,11650,,10700,반포동,매매,202302,2023-02-04,26,25.7,315000,3712.4,12272.6
,래미안퍼스티지,11650-3559,0018,0001,2009,,23.03.04,O,"315,000",4,2,2023,중개거래,서울 서초구,84.85,16,18-1,1,N,,반포대로,00275,00000,2121003,02,11650,0,11650,,10700,반포동,매매,202302,2023-02-04,26,25.7,315000,3712.4,12272.6
111,래미안퍼스티지,11650-3559,0018,0001,2009,,,,"330,000",5,2,2023,중개거래,서울 서초구,84.93,10,18-1,1,N,23.06.30,반포대로,00275,00000,2121003,02,11650,0,11650,,10700,반포동,매매,202302,2023-02-05,26,25.7,330000,3885.6,12844.9
109,래미안퍼스티지,11650-3559,0018,0001,2009,,,,"325,000",16,2,2023,중개거래,서울 서초구,84.93,18,18-1,1,N,23.09.11,반포대로,00275,00000,2121003,02,11650,0,11650,,10700,반포동,매매,202302,2023-02-16,26,25.7,325000,3826.7,12650.2
109,래미안퍼스티지,11650-3559,0018,0001,2009,,,,"315,000",21,2,2023,중개거래,서울 강남구 서울 서초구,84.93,19,18-1,1,N,23.05.31,반포대로,00275,00000,2121003,02,11650,0,11650,,10700,반포동,매매,202302,2023-02-21,26,25.7,315000,3708.9,12261.0
107,래미안퍼스티지,11650-3559,0018,0001,2009,,,,"340,000",24,2,2023,중개거래,서울 서초구,84.93,15,18-1,1,N,23.05.30,반포대로,00275,00000,2121003,02,11650,0,11650,,10700,반포동,매매,202302,2023-02-24,26,25.7,340000,4003.3,13234.1
104,래미안퍼스티지,11650-3559,0018,0001,2009,,,,"241,000",6,3,2023,중개거래,서울 서초구,59.89,23,18-1,1,N,23.06.30,반포대로,00275,00000,2121003,02,11650,0,11650,,10700,반포동,매매,202303,2023-03-06,18,18.1,241000,4024.0,13302.7
102,래미안퍼스티지,11650-3559,0018,0001,2009,,,,"340,000",11,3,2023,중개거래,서울 서초구,84.93,28,18-1,1,N,23.05.26,반포대로,00275,00000,2121003,02,11650,0,11650,,10700,반포동,매매,202303,2023-03-11,26,25.7,340000,4003.3,13234.1
104,래미안퍼스티지,11650-3559,0018,0001,2009,,,,"241,000",19,3,2023,중개거래,서울 서초구,59.96,4,18-1,1,N,23.05.26,반포대로,00275,00000,2121003,02,11650,0,11650,,10700,반포동,매매,202303,2023-03-19,18,18.1,241000,4019.3,13287.2
114,래미안퍼스티지,11650-3559,0018,0001,2009,,,,"500,000",23,3,2023,중개거래,서울 서초구,135.92,19,18-1,1,N,23.06.29,반포대로,00275,00000,2121003,02,11650,0,11650,,10700,반포동,매매,202303,2023-03-23,41,41.1,500000,3678.6,12160.8
107,래미안퍼스티지,11650-3559,0018,0001,2009,,,,"350,000",6,4,2023,중개거래,서울 서초구,84.93,27,18-1,1,N,23.05.08,반포대로,00275,00000,2121003,02,11650,0,11650,,10700,반포동,매매,202304,2023-04-06,26,25.7,350000,4121.0,13623.3
121,래미안퍼스티지,11650-3559,0018,0001,2009,,,,"810,000",7,4,2023,중개거래,서울 서초구,222.76,25,18-1,1,N,23.04.28,반포대로,00275,00000,2121003,02,11650,0,11650,,10700,반포동,매매,202304,2023-04-07,67,67.4,810000,3636.2,12020.6
127,래미안퍼스티지,11650-3559,0018,0001,2009,,,,"310,000",10,4,2023,중개거래,서울 서초구,84.93,19,18-1,1,N,23.07.03,반포대로,00275,00000,2121003,02,11650,0,11650,,10700,반포동,매매,202304,2023-04-10,26,25.7,310000,3650.1,12066.4
119,래미안퍼스티지,11650-3559,0018,0001,2009,,,,"580,000",11,4,2023,중개거래,서울 서초구,169.31,27,18-1,1,N,23.06.29,반포대로,00275,00000,2121003,02,11650,0,11650,,10700,반포동,매매,202304,2023-04-11,51,51.2,580000,3425.7,11324.6
104,래미안퍼스티지,11650-3559,0018,0001,2009,,,,"240,000",20,4,2023,중개거래,서울 서초구,59.89,27,18-1,1,N,23.05.30,반포대로,00275,00000,2121003,02,11650,0,11650,,10700,반포동,매매,202304,2023-04-20,18,18.1,240000,4007.3,13247.5
104,래미안퍼스티지,11650-3559,0018,0001,2009,,,,"239,300",22,4,2023,중개거래,서울 서초구,59.89,3,18-1,1,N,23.06.15,반포대로,00275,00000,2121003,02,11650,0,11650,,10700,반포동,매매,202304,2023-04-22,18,18.1,239300,3995.7,13208.8
111,래미안퍼스티지,11650-3559,0018,0001,2009,,,,"357,000",13,5,2023,중개거래,서울 서초구 서울 양천구,84.93,19,18-1,1,N,23.05.30,반포대로,00275,00000,2121003,02,11650,0,11650,,10700,반포동,매매,202305,2023-05-13,26,25.7,357000,4203.5,13895.8
125,래미안퍼스티지,11650-3559,0018,0001,2009,,,,"235,000",18,5,2023,중개거래,서울 서초구,59.96,17,18-1,1,N,23.08.01,반포대로,00275,00000,2121003,02,11650,0,11650,,10700,반포동,매매,202305,2023-05-18,18,18.1,235000,3919.3,12956.4
103,래미안퍼스티지,11650-3559,0018,0001,2009,,,,"345,000",3,6,2023,중개거래,서울 서초구,84.85,15,18-1,1,N,23.07.25,반포대로,00275,00000,2121003,02,11650,0,11650,,10700,반포동,매매,202306,2023-06-03,26,25.7,345000,4066.0,13441.4
112,래미안퍼스티지,11650-3559,0018,0001,2009,,,,"505,000",13,6,2023,중개거래,서울 서초구,117.12,8,18-1,1,N,23.08.28,반포대로,00275,00000,2121003,02,11650,0,11650,,10700,반포동,매매,202306,2023-06-13,35,35.4,505000,4311.8,14254.0
127,래미안퍼스티지,11650-3559,0018,0001,2009,,,,"327,500",14,6,2023,중개거래,서울 서초구,84.93,16,18-1,1,N,23.09.12,반포대로,00275,00000,2121003,02,11650,0,11650,,10700,반포동,매매,202306,2023-06-14,26,25.7,327500,3856.1,12747.6
109,래미안퍼스티지,11650-3559,0018,0001,2009,,,,"360,000",19,6,2023,중개거래,서울 서초구,84.93,25,18-1,1,N,23.10.20,반포대로,00275,00000,2121003,02,11650,0,11650,,10700,반포동,매매,202306,2023-06-19,26,25.7,360000,4238.8,14012.6
109,래미안퍼스티지,11650-3559,0018,0001,2009,,,,"354,500",23,6,2023,중개거래,서울 서초구,84.93,24,18-1,1,N,23.08.31,반포대로,00275,00000,2121003,02,11650,0,11650,,10700,반포동,매매,202306,2023-06-23,26,25.7,354500,4174.0,13798.5
125,래미안퍼스티지,11650-3559,0018,0001,2009,,,,"249,000",24,6,2023,중개거래,서울 서초구,59.89,18,18-1,1,N,23.12.27,반포대로,00275,00000,2121003,02,11650,0,11650,,10700,반포동,매매,202306,2023-06-24,18,18.1,249000,4157.6,13744.3
110,래미안퍼스티지,11650-3559,0018,0001,2009,,,,"480,000",27,6,2023,중개거래,서울 서초구,117.12,14,18-1,1,N,23.07.28,반포대로,00275,00000,2121003,02,11650,0,11650,,10700,반포동,매매,202306,2023-06-27,35,35.4,480000,4098.4,13548.4
114,래미안퍼스티지,11650-3559,0018,0001,2009,,,,"525,000",29,6,2023,중개거래,서울 서초구,135.92,30,18-1,1,N,23.10.11,반포대로,00275,00000,2121003,02,11650,0,11650,,10700,반포동,매매,202306,2023-06-29,41,41.1,525000,3862.6,12768.9
119,래미안퍼스티지,11650-3559,0018,0001,2009,,,,"640,000",7,7,2023,중개거래,서울 서초구,168.65,28,18-1,1,N,23.12.07,반포대로,00275,00000,2121003,02,11650,0,11650,,10700,반포동,매매,202307,2023-07-07,51,51.0,640000,3794.8,12545.0
105,래미안퍼스티지,11650-3559,0018,0001,2009,,,,"250,000",8,7,2023,중개거래,서울 서초구,59.89,4,18-1,1,N,23.11.03,반포대로,00275,00000,2121003,02,11650,0,11650,,10700,반포동,매매,202307,2023-07-08,18,18.1,250000,4174.3,13799.5
126,래미안퍼스티지,11650-3559,0018,0001,2009,,,,"240,000",9,7,2023,중개거래,서울 서초구,59.98,17,18-1,1,N,23.08.31,반포대로,00275,00000,2121003,02,11650,0,11650,,10700,반포동,매매,202307,2023-07-09,18,18.1,240000,4001.3,13227.6
126,래미안퍼스티지,11650-3559,0018,0001,2009,,,,"247,000",17,7,2023,중개거래,서울 서초구,59.98,18,18-1,1,N,23.09.25,반포대로,00275,00000,2121003,02,11650,0,11650,,10700,반포동,매매,202307,2023-07-17,18,18.1,247000,4118.0,13613.4
107,래미안퍼스티지,11650-3559,0018,0001,2009,,,,"355,000",22,7,2023,중개거래,서울 서초구,84.93,20,18-1,1,N,23.12.07,반포대로,00275,00000,2121003,02,11650,0,11650,,10700,반포동,매매,202307,2023-07-22,26,25.7,355000,4179.9,13818.0
101,래미안퍼스티지,11650-3559,0018,0001,2009,,,,"361,500",23,7,2023,중개거래,서울 서초구,84.93,18,18-1,1,N,23.12.19,반포대로,00275,00000,2121003,02,11650,0,11650,,10700,반포동,매매,202307,2023-07-23,26,25.7,361500,4256.4,14071.0
109,래미안퍼스티지,11650-3559,0018,0001,2009,,,,"369,000",26,7,2023,중개거래,서울 서초구,84.93,25,18-1,1,N,23.11.30,반포대로,00275,00000,2121003,02,11650,0,11650,,10700,반포동,매매,202307,2023-07-26,26,25.7,369000,4344.8,14362.9
106,래미안퍼스티지,11650-3559,0018,0001,2009,,,,"273,500",28,7,2023,중개거래,서울 서초구,59.89,16,18-1,1,N,23.10.23,반포대로,00275,00000,2121003,02,11650,0,11650,,10700,반포동,매매,202307,2023-07-28,18,18.1,273500,4566.7,15096.6
120,래미안퍼스티지,11650-3559,0018,0001,2009,,,,"346,000",2,8,2023,중개거래,서울 서초구,84.93,25,18-1,1,N,23.11.13,반포대로,00275,00000,2121003,02,11650,0,11650,,10700,반포동,매매,202308,2023-08-02,26,25.7,346000,4073.9,13467.6
117,래미안퍼스티지,11650-3559,0018,0001,2009,,,,"640,000",18,8,2023,중개거래,서울 서초구,168.65,21,18-1,1,N,24.02.28,반포대로,00275,00000,2121003,02,11650,0,11650,,10700,반포동,매매,202308,2023-08-18,51,51.0,640000,3794.8,12545.0
104,래미안퍼스티지,11650-3559,0018,0001,2009,,,,"257,000",23,8,2023,중개거래,서울 서초구,59.96,6,18-1,1,N,23.12.08,반포대로,00275,00000,2121003,02,11650,0,11650,,10700,반포동,매매,202308,2023-08-23,18,18.1,257000,4286.2,14169.3
101,래미안퍼스티지,11650-3559,0018,0001,2009,,,,"354,000",23,8,2023,중개거래,서울 서초구,84.93,6,18-1,1,N,23.12.14,반포대로,00275,00000,2121003,02,11650,0,11650,,10700,반포동,매매,202308,2023-08-23,26,25.7,354000,4168.1,13779.0
106,래미안퍼스티지,11650-3559,0018,0001,2009,,,,"260,000",24,8,2023,중개거래,서울 서초구,59.96,25,18-1,1,N,23.12.01,반포대로,00275,00000,2121003,02,11650,0,11650,,10700,반포동,매매,202308,2023-08-24,18,18.1,260000,4336.2,14334.7
104,래미안퍼스티지,11650-3559,0018,0001,2009,,,,"269,000",25,8,2023,중개거래,서울 서초구,59.96,24,18-1,1,N,23.12.01,반포대로,00275,00000,2121003,02,11650,0,11650,,10700,반포동,매매,202308,2023-08-25,18,18.1,269000,4486.3,14830.9
125,래미안퍼스티지,11650-3559,0018,0001,2009,,,,"225,000",29,8,2023,중개거래,서울 서초구 인천 부평구,59.96,2,18-1,1,N,23.11.20,반포대로,00275,00000,2121003,02,11650,0,11650,,10700,반포동,매매,202308,2023-08-29,18,18.1,225000,3752.5,12405.0
116,래미안퍼스티지,11650-3559,0018,0001,2009,,,,"354,000",29,8,2023,중개거래,서울 서초구 인천 연수구,84.93,21,18-1,1,N,23.12.07,반포대로,00275,00000,2121003,02,11650,0,11650,,10700,반포동,매매,202308,2023-08-29,26,25.7,354000,4168.1,13779.0
109,래미안퍼스티지,11650-3559,0018,0001,2009,,,,"368,000",30,8,2023,중개거래,서울 서초구,84.93,11,18-1,1,N,24.02.15,반포대로,00275,00000,2121003,02,11650,0,11650,,10700,반포동,매매,202308,2023-08-30,26,25.7,368000,4333.0,14324.0
127,래미안퍼스티지,11650-3559,0018,0001,2009,,,,"338,000",3,9,2023,중개거래,"서울 서초구, 서울 은평구",84.93,17,18-1,1,N,24.02.23,반포대로,00275,00000,2121003,02,11650,0,11650,,10700,반포동,매매,202309,2023-09-03,26,25.7,338000,3979.7,13156.3
119,래미안퍼스티지,11650-3559,0018,0001,2009,,,,"620,000",5,9,2023,중개거래,서울 서초구,169.31,12,18-1,1,N,24.01.10,반포대로,00275,00000,2121003,02,11650,0,11650,,10700,반포동,매매,202309,2023-09-05,51,51.2,620000,3661.9,12105.6
106,래미안퍼스티지,11650-3559,0018,0001,2009,,,,"274,500",16,9,2023,중개거래,서울 서초구,59.89,17,18-1,1,N,24.01.19,반포대로,00275,00000,2121003,02,11650,0,11650,,10700,반포동,매매,202309,2023-09-16,18,18.1,274500,4583.4,15151.8
125,래미안퍼스티지,11650-3559,0018,0001,2009,,,,"255,500",16,9,2023,중개거래,서울 서초구,59.96,24,18-1,1,N,24.01.29,반포대로,00275,00000,2121003,02,11650,0,11650,,10700,반포동,매매,202309,2023-09-16,18,18.1,255500,4261.2,14086.6
101,래미안퍼스티지,11650-3559,0018,0001,2009,,,,"358,000",19,9,2023,중개거래,서울 서초구,84.93,16,18-1,1,N,23.12.05,반포대로,00275,00000,2121003,02,11650,0,11650,,10700,반포동,매매,202309,2023-09-19,26,25.7,358000,4215.2,13934.7
118,래미안퍼스티지,11650-3559,0018,0001,2009,,,,"685,000",1,10,2023,중개거래,서울 서초구,198.04,14,18-1,1,N,23.12.07,반포대로,00275,00000,2121003,02,11650,0,11650,,10700,반포동,매매,202310,2023-10-01,60,59.9,685000,3458.9,11434.4
112,래미안퍼스티지,11650-3559,0018,0001,2009,,,,"549,000",7,11,2023,중개거래,서울 서초구,135.92,21,18-1,1,N,24.01.09,반포대로,00275,00000,2121003,02,11650,0,11650,,10700,반포동,매매,202311,2023-11-07,41,41.1,549000,4039.1,13352.6
111,래미안퍼스티지,11650-3559,0018,0001,2009,,,,"395,000",7,12,2023,중개거래,서울 서초구,84.93,16,18-1,1,N,24.02.27,반포대로,00275,00000,2121003,02,11650,0,11650,,10700,반포동,매매,202312,2023-12-07,26,25.7,395000,4650.9,15374.9
,래미안퍼스티지,11650-3559,0018,0001,2009,,24.01.04,O,"395,000",7,12,2023,중개거래,서울 서초구,84.93,16,18-1,1,N,,반포대로,00275,00000,2121003,02,11650,0,11650,,10700,반포동,매매,202312,2023-12-07,26,25.7,395000,4650.9,15374.9
110,래미안퍼스티지,11650-3559,0018,0001,2009,,,,"480,000",14,12,2023,중개거래,서울 서초구,115.65,15,18-1,1,N,24.08.13,반포대로,00275,00000,2121003,02,11650,0,11650,,10700,반포동,매매,202312,2023-12-14,35,35.0,480000,4150.5,13720.6
120,래미안퍼스티지,11650-3559,0018,0001,2009,,,,"350,000",19,12,2023,중개거래,서울 서초구,84.93,16,18-1,1,N,24.02.27,반포대로,00275,00000,2121003,02,11650,0,11650,,10700,반포동,매매,202312,2023-12-19,26,25.7,350000,4121.0,13623.3
117,래미안퍼스티지,11650-3559,0018,0001,2009,,,,"775,000",29,12,2023,중개거래,서울 서초구,198.04,22,18-1,1,N,24.03.29,반포대로,00275,00000,2121003,02,11650,0,11650,,10700,반포동,매매,202312,2023-12-29,60,59.9,775000,3913.4,12936.8
104,래미안퍼스티지,11650-3559,0018,0001,2009,개인,,,"258,000",13,1,2024,중개거래,서울 서초구,59.96,13,18-1,1,N,24.01.31,반포대로,00275,00000,2121003,02,11650,0,11650,개인,10700,반포동,매매,202401,2024-01-13,18,18.1,258000,4302.9,14224.4
101,래미안퍼스티지,11650-3559,0018,0001,2009,개인,,,"362,000",20,1,2024,중개거래,서울 서초구,84.93,15,18-1,1,N,24.03.27,반포대로,00275,00000,2121003,02,11650,0,11650,개인,10700,반포동,매매,202401,2024-01-20,26,25.7,362000,4262.3,14090.4
106,래미안퍼스티지,11650-3559,0018,0001,2009,개인,,,"262,000",27,1,2024,중개거래,서울 서초구,59.96,27,18-1,1,N,24.04.15,반포대로,00275,00000,2121003,02,11650,0,11650,법인,10700,반포동,매매,202401,2024-01-27,18,18.1,262000,4369.6,14445.0
107,래미안퍼스티지,11650-3559,0018,0001,2009,개인,,,"357,000",27,1,2024,중개거래,인천 서해구,84.93,14,18-1,1,N,24.04.05,반포대로,00275,00000,2121003,02,11650,0,11650,개인,10700,반포동,매매,202401,2024-01-27,26,25.7,357000,4203.5,13895.8
106,래미안퍼스티지,11650-3559,0018,0001,2009,개인,,,"264,000",3,2,2024,중개거래,서울 서초구,59.96,17,18-1,1,N,24.04.30,반포대로,00275,00000,2121003,02,11650,0,11650,개인,10700,반포동,매매,202402,2024-02-03,18,18.1,264000,4402.9,14555.2
116,래미안퍼스티지,11650-3559,0018,0001,2009,개인,,,"340,000",3,2,2024,중개거래,서울 서초구,84.93,11,18-1,1,N,24.05.14,반포대로,00275,00000,2121003,02,11650,0,11650,개인,10700,반포동,매매,202402,2024-02-03,26,25.7,340000,4003.3,13234.1
121,래미안퍼스티지,11650-3559,0018,0001,2009,개인,,,"740,000",7,2,2024,중개거래,서울 서초구,198.22,5,18-1,1,N,24.05.30,반포대로,00275,00000,2121003,02,11650,0,11650,개인,10700,반포동,매매,202402,2024-02-07,60,60.0,740000,3733.2,12341.3
121,래미안퍼스티지,11650-3559,0018,0001,2009,개인,,,"785,000",18,2,2024,중개거래,"서울 서초구, 서울 송파구",222.76,25,18-1,1,N,24.02.29,반포대로,00275,00000,2121003,02,11650,0,11650,개인,10700,반포동,매매,202402,2024-02-18,67,67.4,785000,3524.0,11649.5
,래미안퍼스티지,11650-3559,0018,0001,2009,개인,24.02.28,O,"785,000",18,2,2024,중개거래,서울 서초구,222.76,25,18-1,1,N,,반포대로,00275,00000,2121003,02,11650,0,11650,개인,10700,반포동,매매,202402,2024-02-18,67,67.4,785000,3524.0,11649.5
106,래미안퍼스티지,11650-3559,0018,0001,2009,개인,,,"269,000",28,2,2024,중개거래,서울 서초구,59.89,26,18-1,1,N,24.05.10,반포대로,00275,00000,2121003,02,11650,0,11650,개인,10700,반포동,매매,202402,2024-02-28,18,18.1,269000,4491.6,14848.2
119,래미안퍼스티지,11650-3559,0018,0001,2009,개인,,,"597,000",29,2,2024,중개거래,서울 서초구,168.65,11,18-1,1,N,24.07.10,반포대로,00275,00000,2121003,02,11650,0,11650,개인,10700,반포동,매매,202402,2024-02-29,51,51.0,597000,3539.9,11702.1
108,래미안퍼스티지,11650-3559,0018,0001,2009,개인,,,"370,000",2,3,2024,중개거래,서울 서초구,84.93,30,18-1,1,N,24.06.10,반포대로,00275,00000,2121003,02,11650,0,11650,개인,10700,반포동,매매,202403,2024-03-02,26,25.7,370000,4356.5,14401.8
104,래미안퍼스티지,11650-3559,0018,0001,2009,개인,,,"268,000",17,3,2024,중개거래,서울 서초구,59.96,10,18-1,1,N,24.06.07,반포대로,00275,00000,2121003,02,11650,0,11650,개인,10700,반포동,매매,202403,2024-03-17,18,18.1,268000,4469.6,14775.8
106,래미안퍼스티지,11650-3559,0018,0001,2009,개인,,,"264,000",17,3,2024,중개거래,서울 서초구,59.96,30,18-1,1,N,24.05.24,반포대로,00275,00000,2121003,02,11650,0,11650,개인,10700,반포동,매매,202403,2024-03-17,18,18.1,264000,4402.9,14555.2
117,래미안퍼스티지,11650-3559,0018,0001,2009,개인,,,"605,000",19,3,2024,중개거래,서울 서초구,168.65,10,18-1,1,N,24.07.29,반포대로,00275,00000,2121003,02,11650,0,11650,개인,10700,반포동,매매,202403,2024-03-19,51,51.0,605000,3587.3,11858.9
102,래미안퍼스티지,11650-3559,0018,0001,2009,개인,,,"331,000",23,3,2024,중개거래,서울 서초구,84.93,1,18-1,1,N,24.07.31,반포대로,00275,00000,2121003,02,11650,0,11650,개인,10700,반포동,매매,202403,2024-03-23,26,25.7,331000,3897.3,12883.8
106,래미안퍼스티지,11650-3559,0018,0001,2009,개인,,,"273,000",6,4,2024,중개거래,서울 서초구,59.96,20,18-1,1,N,24.08.30,반포대로,00275,00000,2121003,02,11650,0,11650,개인,10700,반포동,매매,202404,2024-04-06,18,18.1,273000,4553.0,15051.4
104,래미안퍼스티지,11650-3559,0018,0001,2009,개인,,,"277,000",8,4,2024,중개거래,"서울 서초구, 서울 성동구",59.96,18,18-1,1,N,24.06.28,반포대로,00275,00000,2121003,02,11650,0,11650,개인,10700,반포동,매매,202404,2024-04-08,18,18.1,277000,4619.7,15272.0
108,래미안퍼스티지,11650-3559,0018,0001,2009,개인,,,"379,500",10,4,2024,중개거래,서울 서초구,84.93,31,18-1,1,N,24.07.15,반포대로,00275,00000,2121003,02,11650,0,11650,개인,10700,반포동,매매,202404,2024-04-10,26,25.7,379500,4468.4,14771.6
125,래미안퍼스티지,11650-3559,0018,0001,2009,개인,,,"265,000",13,4,2024,중개거래,서울 서초구,59.96,29,18-1,1,N,24.07.29,반포대로,00275,00000,2121003,02,11650,0,11650,개인,10700,반포동,매매,202404,2024-04-13,18,18.1,265000,4419.6,14610.4
121,래미안퍼스티지,11650-3559,0018,0001,2009,개인,,,"828,000",19,4,2024,중개거래,서울 서초구,222.76,18,18-1,1,N,24.05.31,반포대로,00275,00000,2121003,02,11650,0,11650,개인,10700,반포동,매매,202404,2024-04-19,67,67.4,828000,3717.0,12287.7
102,래미안퍼스티지,11650-3559,0018,0001,2009,개인,,,"360,000",20,4,2024,중개거래,서울 서초구,84.93,31,18-1,1,N,24.05.22,반포대로,00275,00000,2121003,02,11650,0,11650,개인,10700,반포동,매매,202404,2024-04-20,26,25.7,360000,4238.8,14012.6
111,래미안퍼스티지,11650-3559,0018,0001,2009,개인,,,"385,000",27,4,2024,중개거래,서울 서초구,84.93,22,18-1,1,N,24.10.30,반포대로,00275,00000,2121003,02,11650,0,11650,개인,10700,반포동,매매,202404,2024-04-27,26,25.7,385000,4533.1,14985.7
128,래미안퍼스티지,11650-3559,0018,0001,2009,개인,,,"343,000",2,5,2024,중개거래,서울 서초구,84.93,5,18-1,1,N,24.07.30,반포대로,00275,00000,2121003,02,11650,0,11650,개인,10700,반포동,매매,202405,2024-05-02,26,25.7,343000,4038.6,13350.9
115,래미안퍼스티지,11650-3559,0018,0001,2009,개인,,,"532,000",6,5,2024,중개거래,서울 서초구,135.92,12,18-1,1,N,24.09.03,반포대로,00275,00000,2121003,02,11650,0,11650,개인,10700,반포동,매매,202405,2024-05-06,41,41.1,532000,3914.1,12939.1
118,래미안퍼스티지,11650-3559,0018,0001,2009,개인,,,"745,000",6,5,2024,중개거래,"서울 동작구, 서울 서초구",198.04,16,18-1,1,N,24.12.30,반포대로,00275,00000,2121003,02,11650,0,11650,개인,10700,반포동,매매,202405,2024-05-06,60,59.9,745000,3761.9,12436.0
102,래미안퍼스티지,11650-3559,0018,0001,2009,개인,,,"385,000",7,5,2024,중개거래,서울 서초구,84.93,17,18-1,1,N,24.08.13,반포대로,00275,00000,2121003,02,11650,0,11650,개인,10700,반포동,매매,202405,2024-05-07,26,25.7,385000,4533.1,14985.7
108,래미안퍼스티지,11650-3559,0018,0001,2009,개인,,,"378,000",8,5,2024,중개거래,서울 서초구,84.93,26,18-1,1,N,24.09.13,반포대로,00275,00000,2121003,02,11650,0,11650,개인,10700,반포동,매매,202405,2024-05-08,26,25.7,378000,4450.7,14713.2
111,래미안퍼스티지,11650-3559,0018,0001,2009,개인,,,"386,000",9,5,2024,중개거래,서울 서초구,84.93,21,18-1,1,N,24.09.26,반포대로,00275,00000,2121003,02,11650,0,11650,개인,10700,반포동,매매,202405,2024-05-09,26,25.7,386000,4544.9,15024.6
108,래미안퍼스티지,11650-3559,0018,0001,2009,개인,,,"378,000",15,5,2024,중개거래,서울 서초구,84.93,29,18-1,1,N,24.08.09,반포대로,00275,00000,2121003,02,11650,0,11650,개인,10700,반포동,매매,202405,2024-05-15,26,25.7,378000,4450.7,14713.2
118,래미안퍼스티지,11650-3559,0018,0001,2009,개인,,,"720,000",16,5,2024,중개거래,"서울 강남구, 서울 서초구",198.04,19,18-1,1,N,24.08.30,반포대로,00275,00000,2121003,02,11650,0,11650,개인,10700,반포동,매매,202405,2024-05-16,60,59.9,720000,3635.6,12018.7
103,래미안퍼스티지,11650-3559,0018,0001,2009,개인,,,"364,500",18,5,2024,중개거래,서울 서초구,84.85,15,18-1,1,N,24.10.18,반포대로,00275,00000,2121003,02,11650,0,11650,개인,10700,반포동,매매,202405,2024-05-18,26,25.7,364500,4295.8,14201.1
127,래미안퍼스티지,11650-3559,0018,0001,2009,개인,,,"343,000",18,5,2024,중개거래,서울 서초구,84.93,3,18-1,1,N,24.08.06,반포대로,00275,00000,2121003,02,11650,0,11650,개인,10700,반포동,매매,202405,2024-05-18,26,25.7,343000,4038.6,13350.9
109,래미안퍼스티지,11650-3559,0018,0001,2009,개인,,,"384,000",18,5,2024,중개거래,"서울 서초구, 서울 송파구",84.93,22,18-1,1,N,24.08.05,반포대로,00275,00000,2121003,02,11650,0,11650,개인,10700,반포동,매매,202405,2024-05-18,26,25.7,384000,4521.4,14946.7
128,래미안퍼스티지,11650-3559,0018,0001,2009,개인,,,"350,000",21,5,2024,중개거래,서울 서초구,84.93,22,18-1,1,N,24.08.13,반포대로,00275,00000,2121003,02,11650,0,11650,개인,10700,반포동,매매,202405,2024-05-21,26,25.7,350000,4121.0,13623.3
117,래미안퍼스티지,11650-3559,0018,0001,2009,개인,,,"621,000",24,5,2024,중개거래,서울 서초구,168.65,22,18-1,1,N,24.11.20,반포대로,00275,00000,2121003,02,11650,0,11650,개인,10700,반포동,매매,202405,2024-05-24,51,51.0,621000,3682.2,12172.6
111,래미안퍼스티지,11650-3559,0018,0001,2009,개인,,,"375,000",24,5,2024,중개거래,서울 서초구,84.93,26,18-1,1,N,24.06.13,반포대로,00275,00000,2121003,02,11650,0,11650,개인,10700,반포동,매매,202405,2024-05-24,26,25.7,375000,4415.4,14596.4
127,래미안퍼스티지,11650-3559,0018,0001,2009,개인,,,"360,000",25,5,2024,중개거래,서울 서초구,84.93,27,18-1,1,N,25.01.06,반포대로,00275,00000,2121003,02,11650,0,11650,개인,10700,반포동,매매,202405,2024-05-25,26,25.7,360000,4238.8,14012.6
116,래미안퍼스티지,11650-3559,0018,0001,2009,개인,,,"364,500",25,5,2024,중개거래,서울 서초구,84.93,7,18-1,1,N,24.11.01,반포대로,00275,00000,2121003,02,11650,0,11650,개인,10700,반포동,매매,202405,2024-05-25,26,25.7,364500,4291.8,14187.7
120,래미안퍼스티지,11650-3559,0018,0001,2009,개인,,,"380,000",26,5,2024,중개거래,서울 서초구,84.93,17,18-1,1,N,24.05.30,반포대로,00275,00000,2121003,02,11650,0,11650,개인,10700,반포동,매매,202405,2024-05-26,26,25.7,380000,4474.3,14791.1
110,래미안퍼스티지,11650-3559,0018,0001,2009,개인,,,"500,000",28,5,2024,중개거래,서울 서초구,117.12,15,18-1,1,N,24.08.14,반포대로,00275,00000,2121003,02,11650,0,11650,개인,10700,반포동,매매,202405,2024-05-28,35,35.4,500000,4269.1,14112.9
109,래미안퍼스티지,11650-3559,0018,0001,2009,개인,,,"384,000",31,5,2024,중개거래,서울 서초구,84.93,26,18-1,1,N,24.11.27,반포대로,00275,00000,2121003,02,11650,0,11650,개인,10700,반포동,매매,202405,2024-05-31,26,25.7,384000,4521.4,14946.7
101,래미안퍼스티지,11650-3559,0018,0001,2009,개인,,,"390,000",1,6,2024,중개거래,서울 서초구,84.93,19,18-1,1,N,24.08.30,반포대로,00275,00000,2121003,02,11650,0,11650,개인,10700,반포동,매매,202406,2024-06-01,26,25.7,390000,4592.0,15180.3
108,래미안퍼스티지,11650-3559,0018,0001,2009,개인,,,"387,000",5,6,2024,중개거래,서울 서초구,84.93,15,18-1,1,N,24.10.15,반포대로,00275,00000,2121003,02,11650,0,11650,개인,10700,반포동,매매,202406,2024-06-05,26,25.7,387000,4556.7,15063.5
116,래미안퍼스티지,11650-3559,0018,0001,2009,개인,,,"400,000",8,6,2024,중개거래,서울 서초구,84.93,29,18-1,1,N,25.02.27,반포대로,00275,00000,2121003,02,11650,0,11650,개인,10700,반포동,매매,202406,2024-06-08,26,25.7,400000,4709.8,15569.5
104,래미안퍼스티지,11650-3559,0018,0001,2009,개인,,,"280,000",10,6,2024,중개거래,서울 서초구,59.89,14,18-1,1,N,24.09.03,반포대로,00275,00000,2121003,02,11650,0,11650,개인,10700,반포동,매매,202406,2024-06-10,18,18.1,280000,4675.2,15455.4
,래미안퍼스티지,11650-3559,0018,0001,2009,개인,24.07.29,O,"280,000",10,6,2024,중개거래,서울 서초구,59.89,14,18-1,1,N,,반포대로,00275,00000,2121003,02,11650,0,11650,개인,10700,반포동,매매,202406,2024-06-10,18,18.1,280000,4675.2,15455.4
111,래미안퍼스티지,11650-3559,0018,0001,2009,개인,,,"400,000",12,6,2024,중개거래,서울 서초구,84.93,28,18-1,1,N,24.08.29,반포대로,00275,00000,2121003,02,11650,0,11650,개인,10700,반포동,매매,202406,2024-06-12,26,25.7,400000,4709.8,15569.5
105,래미안퍼스티지,11650-3559,0018,0001,2009,개인,,,"310,000",13,6,2024,중개거래,서울 서초구,59.96,19,18-1,1,N,24.09.26,반포대로,00275,00000,2121003,02,11650,0,11650,개인,10700,반포동,매매,202406,2024-06-13,18,18.1,310000,5170.1,17091.4
108,래미안퍼스티지,11650-3559,0018,0001,2009,개인,,,"383,000",16,6,2024,중개거래,서울 서초구,84.93,13,18-1,1,N,24.09.05,반포대로,00275,00000,2121003,02,11650,0,11650,개인,10700,반포동,매매,202406,2024-06-16,26,25.7,383000,4509.6,14907.8
120,래미안퍼스티지,11650-3559,0018,0001,2009,개인,,,"377,000",18,6,2024,중개거래,서울 서초구,84.93,29,18-1,1,N,24.09.27,반포대로,00275,00000,2121003,02,11650,0,11650,개인,10700,반포동,매매,202406,2024-06-18,26,25.7,377000,4438.9,14674.3
119,래미안퍼스티지,11650-3559,0018,0001,2009,개인,,,"625,000",21,6,2024,중개거래,서울 서초구,169.31,13,18-1,1,N,24.09.26,반포대로,00275,00000,2121003,02,11650,0,11650,개인,10700,반포동,매매,202406,2024-06-21,51,51.2,625000,3691.5,12203.2
116,래미안퍼스티지,11650-3559,0018,0001,2009,개인,,,"375,000",22,6,2024,중개거래,서울 서초구,84.93,14,18-1,1,N,24.12.30,반포대로,00275,00000,2121003,02,11650,0,11650,개인,10700,반포동,매매,202406,2024-06-22,26,25.7,375000,4415.4,14596.4
102,래미안퍼스티지,11650-3559,0018,0001,2009,개인,,,"400,000",22,6,2024,중개거래,서울 서초구,84.93,17,18-1,1,N,24.09.13,반포대로,00275,00000,2121003,02,11650,0,11650,개인,10700,반포동,매매,202406,2024-06-22,26,25.7,400000,4709.8,15569.5
105,래미안퍼스티지,11650-3559,0018,0001,2009,개인,,,"305,000",23,6,2024,중개거래,서울 서초구,59.89,14,18-1,1,N,24.09.30,반포대로,00275,00000,2121003,02,11650,0,11650,개인,10700,반포동,매매,202406,2024-06-23,18,18.1,305000,5092.7,16835.3
104,래미안퍼스티지,11650-3559,0018,0001,2009,개인,,,"309,500",24,6,2024,중개거래,서울 서초구,59.89,21,18-1,1,N,24.08.26,반포대로,00275,00000,2121003,02,11650,0,11650,개인,10700,반포동,매매,202406,2024-06-24,18,18.1,309500,5167.8,17083.7
111,래미안퍼스티지,11650-3559,0018,0001,2009,개인,,,"400,000",24,6,2024,중개거래,서울 서초구,84.93,13,18-1,1,N,24.09.06,반포대로,00275,00000,2121003,02,11650,0,11650,개인,10700,반포동,매매,202406,2024-06-24,26,25.7,400000,4709.8,15569.5
120,래미안퍼스티지,11650-3559,0018,0001,2009,개인,,,"400,000",24,6,2024,중개거래,서울 서초구,84.93,6,18-1,1,N,24.10.25,반포대로,00275,00000,2121003,02,11650,0,11650,개인,10700,반포동,매매,202406,2024-06-24,26,25.7,400000,4709.8,15569.5
125,래미안퍼스티지,11650-3559,0018,0001,2009,개인,,,"290,000",26,6,2024,중개거래,"서울 마포구, 서울 서초구",59.96,27,18-1,1,N,24.12.13,반포대로,00275,00000,2121003,02,11650,0,11650,개인,10700,반포동,매매,202406,2024-06-26,18,18.1,290000,4836.6,15988.7
103,래미안퍼스티지,11650-3559,0018,0001,2009,개인,,,"377,000",1,7,2024,중개거래,서울 서초구,84.85,22,18-1,1,N,24.10.21,반포대로,00275,00000,2121003,02,11650,0,11650,개인,10700,반포동,매매,202407,2024-07-01,26,25.7,377000,4443.1,14688.1
120,래미안퍼스티지,11650-3559,0018,0001,2009,개인,,,"370,000",1,7,2024,중개거래,서울 서초구,84.93,9,18-1,1,N,24.09.30,반포대로,00275,00000,2121003,02,11650,0,11650,개인,10700,반포동,매매,202407,2024-07-01,26,25.7,370000,4356.5,14401.8
125,래미안퍼스티지,11650-3559,0018,0001,2009,개인,,,"307,000",8,7,2024,중개거래,서울 서초구,59.96,21,18-1,1,N,24.07.25,반포대로,00275,00000,2121003,02,11650,0,11650,개인,10700,반포동,매매,202407,2024-07-08,18,18.1,307000,5120.1,16926.0
109,래미안퍼스티지,11650-3559,0018,0001,2009,개인,,,"405,000",8,7,2024,중개거래,서울 서초구,84.93,21,18-1,1,N,24.11.29,반포대로,00275,00000,2121003,02,11650,0,11650,개인,10700,반포동,매매,202407,2024-07-08,26,25.7,405000,4768.6,15764.1
111,래미안퍼스티지,11650-3559,0018,0001,2009,개인,,,"410,000",8,7,2024,중개거래,서울 서초구,84.93,32,18-1,1,N,24.10.31,반포대로,00275,00000,2121003,02,11650,0,11650,개인,10700,반포동,매매,202407,2024-07-08,26,25.7,410000,4827.5,15958.8
128,래미안퍼스티지,11650-3559,0018,0001,2009,개인,,,"380,000",9,7,2024,중개거래,"서울 서초구, 서울 양천구",84.93,3,18-1,1,N,24.11.07,반포대로,00275,00000,2121003,02,11650,0,11650,개인,10700,반포동,매매,202407,2024-07-09,26,25.7,380000,4474.3,14791.1
108,래미안퍼스티지,11650-3559,0018,0001,2009,개인,,,"410,000",10,7,2024,중개거래,서울 서초구,84.93,28,18-1,1,N,24.10.29,반포대로,00275,00000,2121003,02,11650,0,11650,개인,10700,반포동,매매,202407,2024-07-10,26,25.7,410000,4827.5,15958.8
121,래미안퍼스티지,11650-3559,0018,0001,2009,개인,,,"720,000",13,7,2024,중개거래,서울 서초구,198.22,6,18-1,1,N,24.09.09,반포대로,00275,00000,2121003,02,11650,0,11650,개인,10700,반포동,매매,202407,2024-07-13,60,60.0,720000,3632.3,12007.7
120,래미안퍼스티지,11650-3559,0018,0001,2009,개인,,,"420,000",13,7,2024,중개거래,서울 서초구,84.93,21,18-1,1,N,24.10.11,반포대로,00275,00000,2121003,02,11650,0,11650,개인,10700,반포동,매매,202407,2024-07-13,26,25.7,420000,4945.2,16348.0
104,래미안퍼스티지,11650-3559,0018,0001,2009,개인,,,"320,000",19,7,2024,중개거래,서울 서초구,59.96,19,18-1,1,N,24.11.07,반포대로,00275,00000,2121003,02,11650,0,11650,개인,10700,반포동,매매,202407,2024-07-19,18,18.1,320000,5336.9,17642.7
111,래미안퍼스티지,11650-3559,0018,0001,2009,개인,,,"430,000",24,7,2024,중개거래,서울 서초구,84.93,17,18-1,1,N,24.12.20,반포대로,00275,00000,2121003,02,11650,0,11650,개인,10700,반포동,매매,202407,2024-07-24,26,25.7,430000,5063.0,16737.2
113,래미안퍼스티지,11650-3559,0018,0001,2009,개인,,,"700,000",28,7,2024,중개거래,"서울 강남구, 서울 서초구",169.31,10,18-1,1,N,25.01.23,반포대로,00275,00000,2121003,02,11650,0,11650,개인,10700,반포동,매매,202407,2024-07-28,51,51.2,700000,4134.4,13667.6
109,래미안퍼스티지,11650-3559,0018,0001,2009,개인,,,"419,000",31,7,2024,중개거래,서울 서초구,84.93,21,18-1,1,N,24.11.01,반포대로,00275,00000,2121003,02,11650,0,11650,개인,10700,반포동,매매,202407,2024-07-31,26,25.7,419000,4933.5,16309.1
117,래미안퍼스티지,11650-3559,0018,0001,2009,개인,,,"760,000",3,8,2024,중개거래,서울 서초구,198.04,20,18-1,1,N,24.11.01,반포대로,00275,00000,2121003,02,11650,0,11650,개인,10700,반포동,매매,202408,2024-08-03,60,59.9,760000,3837.6,12686.4
102,래미안퍼스티지,11650-3559,0018,0001,2009,개인,,,"427,500",11,8,2024,중개거래,서울 서초구,84.93,5,18-1,1,N,24.10.15,반포대로,00275,00000,2121003,02,11650,0,11650,개인,10700,반포동,매매,202408,2024-08-11,26,25.7,427500,5033.6,16639.9
112,래미안퍼스티지,11650-3559,0018,0001,2009,개인,,,"537,000",13,8,2024,중개거래,서울 서초구,117.12,14,18-1,1,N,24.12.27,반포대로,00275,00000,2121003,02,11650,0,11650,개인,10700,반포동,매매,202408,2024-08-13,35,35.4,537000,4585.0,15157.2
125,래미안퍼스티지,11650-3559,0018,0001,2009,개인,,,"299,000",17,8,2024,중개거래,서울 서초구,59.89,3,18-1,1,N,24.10.29,반포대로,00275,00000,2121003,02,11650,0,11650,개인,10700,반포동,매매,202408,2024-08-17,18,18.1,299000,4992.5,16504.2
112,래미안퍼스티지,11650-3559,0018,0001,2009,개인,,,"595,000",20,8,2024,중개거래,서울 서초구,135.92,21,18-1,1,N,24.11.20,반포대로,00275,00000,2121003,02,11650,0,11650,개인,10700,반포동,매매,202408,2024-08-20,41,41.1,595000,4377.6,14471.4
127,래미안퍼스티지,11650-3559,0018,0001,2009,개인,,,"400,000",26,8,2024,중개거래,서울 서초구,84.93,11,18-1,1,N,24.12.02,반포대로,00275,00000,2121003,02,11650,0,11650,개인,10700,반포동,매매,202408,2024-08-26,26,25.7,400000,4709.8,15569.5
108,래미안퍼스티지,11650-3559,0018,0001,2009,개인,,,"430,000",5,9,2024,중개거래,서울 서초구,84.93,9,18-1,1,N,25.01.10,반포대로,00275,00000,2121003,02,11650,0,11650,개인,10700,반포동,매매,202409,2024-09-05,26,25.7,430000,5063.0,16737.2
123,래미안퍼스티지,11650-3559,0018,0001,2009,개인,,,"706,000",6,9,2024,중개거래,서울 서초구,198.22,4,18-1,1,N,25.01.10,반포대로,00275,00000,2121003,02,11650,0,11650,개인,10700,반포동,매매,202409,2024-09-06,60,60.0,706000,3561.7,11774.3
,래미안퍼스티지,11650-3559,0018,0001,2009,개인,25.01.09,O,"706,000",6,9,2024,중개거래,서울 서초구,198.22,4,18-1,1,N,,반포대로,00275,00000,2121003,02,11650,0,11650,개인,10700,반포동,매매,202409,2024-09-06,60,60.0,706000,3561.7,11774.3
123,래미안퍼스티지,11650-3559,0018,0001,2009,개인,,,"706,000",6,9,2024,중개거래,서울 서초구,198.22,4,18-1,1,N,25.01.10,반포대로,00275,00000,2121003,02,11650,0,11650,개인,10700,반포동,매매,202409,2024-09-06,60,60.0,706000,3561.7,11774.3
124,래미안퍼스티지,11650-3559,0018,0001,2009,개인,,,"790,000",7,9,2024,중개거래,서울 서초구,222.15,20,18-1,1,N,25.01.08,반포대로,00275,00000,2121003,02,11650,0,11650,개인,10700,반포동,매매,202409,2024-09-07,67,67.2,790000,3556.2,11755.9
104,래미안퍼스티지,11650-3559,0018,0001,2009,개인,,,"340,000",9,10,2024,중개거래,"서울 서초구, 서울 송파구",59.89,25,18-1,1,N,25.01.17,반포대로,00275,00000,2121003,02,11650,0,11650,개인,10700,반포동,매매,202410,2024-10-09,18,18.1,340000,5677.1,18767.3
126,래미안퍼스티지,11650-3559,0018,0001,2009,개인,,,"310,000",18,10,2024,중개거래,서울 서초구,59.98,9,18-1,1,N,24.12.30,반포대로,00275,00000,2121003,02,11650,0,11650,개인,10700,반포동,매매,202410,2024-10-18,18,18.1,310000,5168.4,17085.7
120,래미안퍼스티지,11650-3559,0018,0001,2009,개인,,,"422,000",24,10,2024,중개거래,서울 서초구,84.93,32,18-1,1,N,25.01.10,반포대로,00275,00000,2121003,02,11650,0,11650,개인,10700,반포동,매매,202410,2024-10-24,26,25.7,422000,4968.8,16425.9
107,래미안퍼스티지,11650-3559,0018,0001,2009,개인,,,"440,000",4,11,2024,중개거래,서울 서초구,84.93,21,18-1,1,N,25.02.28,반포대로,00275,00000,2121003,02,11650,0,11650,개인,10700,반포동,매매,202411,2024-11-04,26,25.7,440000,5180.7,17126.5
102,래미안퍼스티지,11650-3559,0018,0001,2009,개인,,,"429,000",5,11,2024,중개거래,서울 서초구,84.93,9,18-1,1,N,25.02.03,반포대로,00275,00000,2121003,02,11650,0,11650,개인,10700,반포동,매매,202411,2024-11-05,26,25.7,429000,5051.2,16698.3
114,래미안퍼스티지,11650-3559,0018,0001,2009,개인,,,"602,500",6,11,2024,중개거래,서울 서초구,135.92,8,18-1,1,N,25.03.05,반포대로,00275,00000,2121003,02,11650,0,11650,개인,10700,반포동,매매,202411,2024-11-06,41,41.1,602500,4432.8,14653.8
106,래미안퍼스티지,11650-3559,0018,0001,2009,개인,,,"340,000",6,11,2024,중개거래,서울 서초구,59.96,15,18-1,1,N,25.02.03,반포대로,00275,00000,2121003,02,11650,0,11650,개인,10700,반포동,매매,202411,2024-11-06,18,18.1,340000,5670.4,18745.4
,래미안퍼스티지,11650-3559,0018,0001,2009,개인,24.12.30,O,"614,000",13,11,2024,중개거래,서울 서초구,135.92,26,18-1,1,N,,반포대로,00275,00000,2121003,02,11650,0,11650,개인,10700,반포동,매매,202411,2024-11-13,41,41.1,614000,4517.4,14933.5
103,래미안퍼스티지,11650-3559,0018,0001,2009,개인,,,"410,000",23,11,2024,중개거래,서울 서초구,84.76,24,18-1,1,N,25.02.20,반포대로,00275,00000,2121003,02,11650,0,11650,개인,10700,반포동,매매,202411,2024-11-23,26,25.6,410000,4837.2,15990.8
128,래미안퍼스티지,11650-3559,0018,0001,2009,개인,,,"410,000",26,11,2024,중개거래,서울 서초구,84.93,18,18-1,1,N,25.02.26,반포대로,00275,00000,2121003,02,11650,0,11650,개인,10700,반포동,매매,202411,2024-11-26,26,25.7,410000,4827.5,15958.8
,래미안퍼스티지,11650-3559,0018,0001,2009,개인,25.01.11,O,"438,000",4,12,2024,중개거래,서울 서초구,84.93,15,18-1,1,N,,반포대로,00275,00000,2121003,02,11650,0,11650,개인,10700,반포동,매매,202412,2024-12-04,26,25.7,438000,5157.2,17048.6
105,래미안퍼스티지,11650-3559,0018,0001,2009,개인,,,"325,000",6,12,2024,중개거래,서울 서초구,59.89,5,18-1,1,N,25.03.14,반포대로,00275,00000,2121003,02,11650,0,11650,개인,10700,반포동,매매,202412,2024-12-06,18,18.1,325000,5426.6,17939.3
116,래미안퍼스티지,11650-3559,0018,0001,2009,개인,,,"427,000",9,12,2024,중개거래,서울 서초구,84.93,4,18-1,1,N,25.02.24,반포대로,00275,00000,2121003,02,11650,0,11650,개인,10700,반포동,매매,202412,2024-12-09,26,25.7,427000,5027.7,16620.5
101,래미안퍼스티지,11650-3559,0018,0001,2009,개인,,,"435,000",10,12,2024,중개거래,서울 서초구,84.93,6,18-1,1,N,25.03.07,반포대로,00275,00000,2121003,02,11650,0,11650,개인,10700,반포동,매매,202412,2024-12-10,26,25.7,435000,5121.9,16931.9
101,래미안퍼스티지,11650-3559,0018,0001,2009,개인,,,"435,000",20,12,2024,중개거래,서울 서초구,84.93,10,18-1,1,N,25.02.24,반포대로,00275,00000,2121003,02,11650,0,11650,개인,10700,반포동,매매,202412,2024-12-20,26,25.7,435000,5121.9,16931.9
117,래미안퍼스티지,11650-3559,0018,0001,2009,개인,,,"670,000",21,12,2024,중개거래,서울 서초구,168.65,19,18-1,1,N,25.03.20,반포대로,00275,00000,2121003,02,11650,0,11650,개인,10700,반포동,매매,202412,2024-12-21,51,51.0,670000,3972.7,13133.0
119,래미안퍼스티지,11650-3559,0018,0001,2009,개인,,,"650,000",26,12,2024,중개거래,서울 서초구,168.65,9,18-1,1,N,25.04.10,반포대로,00275,00000,2121003,02,11650,0,11650,개인,10700,반포동,매매,202412,2024-12-26,51,51.0,650000,3854.1,12741.0
123,래미안퍼스티지,11650-3559,0018,0001,2009,개인,,,"690,000",26,12,2024,중개거래,서울 서초구,198.22,21,18-1,1,N,25.04.11,반포대로,00275,00000,2121003,02,11650,0,11650,개인,10700,반포동,매매,202412,2024-12-26,60,60.0,690000,3481.0,11507.4
108,래미안퍼스티지,11650-3559,0018,0001,2009,개인,,,"442,000",31,12,2024,중개거래,서울 서초구,84.93,15,18-1,1,N,25.05.15,반포대로,00275,00000,2121003,02,11650,0,11650,개인,10700,반포동,매매,202412,2024-12-31,26,25.7,442000,5204.3,17204.3
110,래미안퍼스티지,11650-3559,0018,0001,2009,개인,,,"550,000",2,1,2025,중개거래,서울 서초구,117.12,6,18-1,1,N,25.06.05,반포대로,00275,00000,2121003,02,11650,0,11650,개인,10700,반포동,매매,202501,2025-01-02,35,35.4,550000,4696.0,15524.2
112,래미안퍼스티지,11650-3559,0018,0001,2009,개인,,,"610,000",4,1,2025,중개거래,"서울 강남구, 서울 서초구",135.92,26,18-1,1,N,25.04.30,반포대로,00275,00000,2121003,02,11650,0,11650,개인,10700,반포동,매매,202501,2025-01-04,41,41.1,610000,4487.9,14836.2
112,래미안퍼스티지,11650-3559,0018,0001,2009,개인,,,"620,000",6,1,2025,중개거래,서울 강남구,135.92,24,18-1,1,N,25.03.28,반포대로,00275,00000,2121003,02,11650,0,11650,개인,10700,반포동,매매,202501,2025-01-06,41,41.1,620000,4561.5,15079.4
124,래미안퍼스티지,11650-3559,0018,0001,2009,개인,,,"700,000",10,1,2025,중개거래,서울 서초구,198.04,8,18-1,1,N,25.04.11,반포대로,00275,00000,2121003,02,11650,0,11650,개인,10700,반포동,매매,202501,2025-01-10,60,59.9,700000,3534.6,11684.8
105,래미안퍼스티지,11650-3559,0018,0001,2009,개인,,,"337,000",13,1,2025,중개거래,서울 서초구,59.96,17,18-1,1,N,25.03.28,반포대로,00275,00000,2121003,02,11650,0,11650,개인,10700,반포동,매매,202501,2025-01-13,18,18.1,337000,5620.4,18580.0
107,래미안퍼스티지,11650-3559,0018,0001,2009,개인,,,"427,000",14,1,2025,중개거래,서울 서초구,84.93,15,18-1,1,N,25.02.10,반포대로,00275,00000,2121003,02,11650,0,11650,개인,10700,반포동,매매,202501,2025-01-14,26,25.7,427000,5027.7,16620.5
128,래미안퍼스티지,11650-3559,0018,0001,2009,개인,,,"417,500",18,1,2025,중개거래,서울 서초구,84.93,10,18-1,1,N,25.02.26,반포대로,00275,00000,2121003,02,11650,0,11650,개인,10700,반포동,매매,202501,2025-01-18,26,25.7,417500,4915.8,16250.7
115,래미안퍼스티지,11650-3559,0018,0001,2009,개인,,,"559,000",21,1,2025,중개거래,서울 서초구,117.12,5,18-1,1,N,25.05.20,반포대로,00275,00000,2121003,02,11650,0,11650,개인,10700,반포동,매매,202501,2025-01-21,35,35.4,559000,4772.9,15778.2
128,래미안퍼스티지,11650-3559,0018,0001,2009,개인,,,"412,000",21,1,2025,중개거래,서울 서초구,84.93,7,18-1,1,N,25.05.29,반포대로,00275,00000,2121003,02,11650,0,11650,개인,10700,반포동,매매,202501,2025-01-21,26,25.7,412000,4851.1,16036.6
105,래미안퍼스티지,11650-3559,0018,0001,2009,개인,,,"339,500",22,1,2025,중개거래,서울 서초구,59.96,30,18-1,1,N,25.05.02,반포대로,00275,00000,2121003,02,11650,0,11650,개인,10700,반포동,매매,202501,2025-01-22,18,18.1,339500,5662.1,18717.8
119,래미안퍼스티지,11650-3559,0018,0001,2009,개인,,,"670,000",25,1,2025,중개거래,서울 서초구,169.31,15,18-1,1,N,25.05.29,반포대로,00275,00000,2121003,02,11650,0,11650,개인,10700,반포동,매매,202501,2025-01-25,51,51.2,670000,3957.2,13081.8
110,래미안퍼스티지,11650-3559,0018,0001,2009,개인,,,"564,000",1,2,2025,중개거래,서울 서초구,117.12,17,18-1,1,N,25.05.09,반포대로,00275,00000,2121003,02,11650,0,11650,개인,10700,반포동,매매,202502,2025-02-01,35,35.4,564000,4815.6,15919.3
124,래미안퍼스티지,11650-3559,0018,0001,2009,개인,,,"715,000",7,2,2025,중개거래,서울 서초구,198.04,16,18-1,1,N,25.05.15,반포대로,00275,00000,2121003,02,11650,0,11650,개인,10700,반포동,매매,202502,2025-02-07,60,59.9,715000,3610.4,11935.2
109,래미안퍼스티지,11650-3559,0018,0001,2009,개인,,,"438,000",7,2,2025,중개거래,서울 서초구,84.93,7,18-1,1,N,25.03.28,반포대로,00275,00000,2121003,02,11650,0,11650,개인,10700,반포동,매매,202502,2025-02-07,26,25.7,438000,5157.2,17048.6
116,래미안퍼스티지,11650-3559,0018,0001,2009,개인,,,"449,000",8,2,2025,중개거래,서울 서초구,84.93,9,18-1,1,N,25.04.24,반포대로,00275,00000,2121003,02,11650,0,11650,개인,10700,반포동,매매,202502,2025-02-08,26,25.7,449000,5286.7,17476.8
116,래미안퍼스티지,11650-3559,0018,0001,2009,개인,,,"437,000",8,2,2025,중개거래,서울 서초구,84.93,22,18-1,1,N,25.09.30,반포대로,00275,00000,2121003,02,11650,0,11650,개인,10700,반포동,매매,202502,2025-02-08,26,25.7,437000,5145.4,17009.7
128,래미안퍼스티지,11650-3559,0018,0001,2009,개인,,,"398,000",11,2,2025,중개거래,"서울 강남구, 서울 서초구",84.93,19,18-1,1,N,25.05.30,반포대로,00275,00000,2121003,02,11650,0,11650,개인,10700,반포동,매매,202502,2025-02-11,26,25.7,398000,4686.2,15491.7
118,래미안퍼스티지,11650-3559,0018,0001,2009,개인,,,"710,000",13,2,2025,중개거래,서울 서초구,198.04,4,18-1,1,N,25.11.28,반포대로,00275,00000,2121003,02,11650,0,11650,개인,10700,반포동,매매,202502,2025-02-13,60,59.9,710000,3585.1,11851.7
128,래미안퍼스티지,11650-3559,0018,0001,2009,개인,,,"410,000",13,2,2025,중개거래,서울 서초구,84.93,13,18-1,1,N,25.05.30,반포대로,00275,00000,2121003,02,11650,0,11650,개인,10700,반포동,매매,202502,2025-02-13,26,25.7,410000,4827.5,15958.8
108,래미안퍼스티지,11650-3559,0018,0001,2009,개인,,,"440,000",13,2,2025,중개거래,서울 서초구,84.93,25,18-1,1,N,25.05.15,반포대로,00275,00000,2121003,02,11650,0,11650,개인,10700,반포동,매매,202502,2025-02-13,26,25.7,440000,5180.7,17126.5
116,래미안퍼스티지,11650-3559,0018,0001,2009,개인,,,"450,000",16,2,2025,중개거래,서울 서초구,84.93,6,18-1,1,N,25.06.09,반포대로,00275,00000,2121003,02,11650,0,11650,개인,10700,반포동,매매,202502,2025-02-16,26,25.7,450000,5298.5,17515.7
117,래미안퍼스티지,11650-3559,0018,0001,2009,개인,,,"775,000",17,2,2025,중개거래,서울 서초구,198.04,7,18-1,1,N,25.05.27,반포대로,00275,00000,2121003,02,11650,0,11650,개인,10700,반포동,매매,202502,2025-02-17,60,59.9,775000,3913.4,12936.8
114,래미안퍼스티지,11650-3559,0018,0001,2009,개인,,,"630,000",18,2,2025,중개거래,서울 서초구,135.92,24,18-1,1,N,25.09.02,반포대로,00275,00000,2121003,02,11650,0,11650,개인,10700,반포동,매매,202502,2025-02-18,41,41.1,630000,4635.1,15322.6
117,래미안퍼스티지,11650-3559,0018,0001,2009,개인,,,"726,000",18,2,2025,중개거래,서울 서초구,198.04,3,18-1,1,N,25.06.25,반포대로,00275,00000,2121003,02,11650,0,11650,개인,10700,반포동,매매,202502,2025-02-18,60,59.9,726000,3665.9,12118.8
104,래미안퍼스티지,11650-3559,0018,0001,2009,개인,,,"340,000",18,2,2025,중개거래,서울 서초구,59.96,9,18-1,1,N,25.07.31,반포대로,00275,00000,2121003,02,11650,0,11650,개인,10700,반포동,매매,202502,2025-02-18,18,18.1,340000,5670.4,18745.4
128,래미안퍼스티지,11650-3559,0018,0001,2009,개인,,,"422,000",18,2,2025,중개거래,"서울 서초구, 서울 송파구",84.93,16,18-1,1,N,25.07.15,반포대로,00275,00000,2121003,02,11650,0,11650,개인,10700,반포동,매매,202502,2025-02-18,26,25.7,422000,4968.8,16425.9
109,래미안퍼스티지,11650-3559,0018,0001,2009,개인,,,"450,000",19,2,2025,중개거래,"서울 강남구, 서울 서초구",84.93,6,18-1,1,N,25.05.23,반포대로,00275,00000,2121003,02,11650,0,11650,개인,10700,반포동,매매,202502,2025-02-19,26,25.7,450000,5298.5,17515.7
128,래미안퍼스티지,11650-3559,0018,0001,2009,개인,,,"423,000",20,2,2025,중개거래,서울 서초구,84.93,21,18-1,1,N,25.05.26,반포대로,00275,00000,2121003,02,11650,0,11650,개인,10700,반포동,매매,202502,2025-02-20,26,25.7,423000,4980.6,16464.8
123,래미안퍼스티지,11650-3559,0018,0001,2009,개인,,,"730,000",21,2,2025,중개거래,서울 서초구,198.22,25,18-1,1,N,25.10.31,반포대로,00275,00000,2121003,02,11650,0,11650,개인,10700,반포동,매매,202502,2025-02-21,60,60.0,730000,3682.8,12174.5
121,래미안퍼스티지,11650-3559,0018,0001,2009,개인,,,"900,000",21,2,2025,중개거래,서울 서초구,222.76,20,18-1,1,N,25.07.22,반포대로,00275,00000,2121003,02,11650,0,11650,개인,10700,반포동,매매,202502,2025-02-21,67,67.4,900000,4040.2,13356.2
113,래미안퍼스티지,11650-3559,0018,0001,2009,개인,,,"750,000",22,2,2025,중개거래,서울 서초구,169.31,20,18-1,1,N,25.05.28,반포대로,00275,00000,2121003,02,11650,0,11650,개인,10700,반포동,매매,202502,2025-02-22,51,51.2,750000,4429.7,14643.8
105,래미안퍼스티지,11650-3559,0018,0001,2009,개인,,,"333,000",24,2,2025,중개거래,서울 서초구,59.96,2,18-1,1,N,25.06.26,반포대로,00275,00000,2121003,02,11650,0,11650,개인,10700,반포동,매매,202502,2025-02-24,18,18.1,333000,5553.7,18359.4
116,래미안퍼스티지,11650-3559,0018,0001,2009,개인,,,"470,000",26,2,2025,중개거래,서울 서초구,84.93,13,18-1,1,N,25.05.28,반포대로,00275,00000,2121003,02,11650,0,11650,개인,10700,반포동,매매,202502,2025-02-26,26,25.7,470000,5534.0,18294.2
105,래미안퍼스티지,11650-3559,0018,0001,2009,개인,,,"346,000",28,2,2025,중개거래,"서울 서초구, 서울 용산구",59.96,11,18-1,1,N,25.07.10,반포대로,00275,00000,2121003,02,11650,0,11650,개인,10700,반포동,매매,202502,2025-02-28,18,18.1,346000,5770.5,19076.2
123,래미안퍼스티지,11650-3559,0018,0001,2009,개인,,,"835,000",1,3,2025,중개거래,서울 서초구,222.76,8,18-1,1,N,25.07.14,반포대로,00275,00000,2121003,02,11650,0,11650,개인,10700,반포동,매매,202503,2025-03-01,67,67.4,835000,3748.4,12391.6
125,래미안퍼스티지,11650-3559,0018,0001,2009,개인,,,"350,000",4,3,2025,중개거래,서울 서초구,59.96,9,18-1,1,N,26.07.21,반포대로,00275,00000,2121003,02,11650,0,11650,개인,10700,반포동,매매,202503,2025-03-04,18,18.1,350000,5837.2,19296.7
128,래미안퍼스티지,11650-3559,0018,0001,2009,개인,,,"410,000",6,3,2025,중개거래,서울 서초구,84.93,4,18-1,1,N,25.08.28,반포대로,00275,00000,2121003,02,11650,0,11650,개인,10700,반포동,매매,202503,2025-03-06,26,25.7,410000,4827.5,15958.8
115,래미안퍼스티지,11650-3559,0018,0001,2009,개인,,,"665,000",8,3,2025,중개거래,"서울 강남구, 서울 서초구",135.92,20,18-1,1,N,25.07.15,반포대로,00275,00000,2121003,02,11650,0,11650,개인,10700,반포동,매매,202503,2025-03-08,41,41.1,665000,4892.6,16173.9
,래미안퍼스티지,11650-3559,0018,0001,2009,개인,25.07.30,O,"336,000",8,3,2025,중개거래,서울 서초구,59.89,17,18-1,1,N,,반포대로,00275,00000,2121003,02,11650,0,11650,개인,10700,반포동,매매,202503,2025-03-08,18,18.1,336000,5610.3,18546.5
127,래미안퍼스티지,11650-3559,0018,0001,2009,개인,,,"449,000",9,3,2025,중개거래,서울 서초구,84.93,18,18-1,1,N,25.06.16,반포대로,00275,00000,2121003,02,11650,0,11650,개인,10700,반포동,매매,202503,2025-03-09,26,25.7,449000,5286.7,17476.8
124,래미안퍼스티지,11650-3559,0018,0001,2009,개인,,,"785,000",13,3,2025,중개거래,"서울 금천구, 서울 서초구",198.04,23,18-1,1,N,25.08.28,반포대로,00275,00000,2121003,02,11650,0,11650,개인,10700,반포동,매매,202503,2025-03-13,60,59.9,785000,3963.8,13103.7
124,래미안퍼스티지,11650-3559,0018,0001,2009,개인,,,"745,000",14,3,2025,중개거래,서울 서초구,198.04,2,18-1,1,N,25.08.07,반포대로,00275,00000,2121003,02,11650,0,11650,개인,10700,반포동,매매,202503,2025-03-14,60,59.9,745000,3761.9,12436.0
122,래미안퍼스티지,11650-3559,0018,0001,2009,개인,,,"778,000",14,3,2025,중개거래,서울 서초구,198.22,21,18-1,1,N,26.02.25,반포대로,00275,00000,2121003,02,11650,0,11650,개인,10700,반포동,매매,202503,2025-03-14,60,60.0,778000,3924.9,12975.0
124,래미안퍼스티지,11650-3559,0018,0001,2009,개인,,,"780,000",17,3,2025,중개거래,서울 서초구,222.15,24,18-1,1,N,25.05.27,반포대로,00275,00000,2121003,02,11650,0,11650,개인,10700,반포동,매매,202503,2025-03-17,67,67.2,780000,3511.1,11607.1
126,래미안퍼스티지,11650-3559,0018,0001,2009,개인,,,"340,000",18,3,2025,중개거래,서울 서초구,59.98,7,18-1,1,N,25.07.31,반포대로,00275,00000,2121003,02,11650,0,11650,개인,10700,반포동,매매,202503,2025-03-18,18,18.1,340000,5668.6,18739.1
107,래미안퍼스티지,11650-3559,0018,0001,2009,개인,,,"497,500",18,3,2025,중개거래,서울 서초구,84.93,23,18-1,1,N,25.07.31,반포대로,00275,00000,2121003,02,11650,0,11650,개인,10700,반포동,매매,202503,2025-03-18,26,25.7,497500,5857.8,19364.6
128,래미안퍼스티지,11650-3559,0018,0001,2009,개인,,,"455,000",20,3,2025,중개거래,서울 서초구,84.93,18,18-1,1,N,25.08.18,반포대로,00275,00000,2121003,02,11650,0,11650,개인,10700,반포동,매매,202503,2025-03-20,26,25.7,455000,5357.4,17710.3
119,래미안퍼스티지,11650-3559,0018,0001,2009,개인,,,"730,000",22,3,2025,중개거래,서울 서초구,169.31,19,18-1,1,N,26.01.05,반포대로,00275,00000,2121003,02,11650,0,11650,개인,10700,반포동,매매,202503,2025-03-22,51,51.2,730000,4311.6,14253.3
108,래미안퍼스티지,11650-3559,0018,0001,2009,개인,,,"495,000",22,3,2025,중개거래,서울 서초구,84.93,6,18-1,1,N,25.06.30,반포대로,00275,00000,2121003,02,11650,0,11650,개인,10700,반포동,매매,202503,2025-03-22,26,25.7,495000,5828.3,19267.3
122,래미안퍼스티지,11650-3559,0018,0001,2009,개인,,,"850,000",23,3,2025,중개거래,"서울 강남구, 서울 서초구",222.76,12,18-1,1,N,25.05.29,반포대로,00275,00000,2121003,02,11650,0,11650,개인,10700,반포동,매매,202503,2025-03-23,67,67.4,850000,3815.8,12614.2
122,래미안퍼스티지,11650-3559,0018,0001,2009,개인,,,"839,900",23,3,2025,중개거래,서울 서초구,222.76,21,18-1,1,N,26.02.06,반포대로,00275,00000,2121003,02,11650,0,11650,개인,10700,반포동,매매,202503,2025-03-23,67,67.4,839900,3770.4,12464.3
107,래미안퍼스티지,11650-3559,0018,0001,2009,개인,,,"475,400",23,3,2025,중개거래,서울 서초구,84.93,26,18-1,1,N,25.07.18,반포대로,00275,00000,2121003,02,11650,0,11650,개인,10700,반포동,매매,202503,2025-03-23,26,25.7,475400,5597.6,18504.4
128,래미안퍼스티지,11650-3559,0018,0001,2009,개인,,,"450,000",29,4,2025,중개거래,서울 서초구,84.93,8,18-1,1,N,25.08.07,반포대로,00275,00000,2121003,02,11650,0,11650,개인,10700,반포동,매매,202504,2025-04-29,26,25.7,450000,5298.5,17515.7
,래미안퍼스티지,11650-3559,0018,0001,2009,개인,25.05.29,O,"450,000",29,4,2025,중개거래,서울 서초구,84.93,8,18-1,1,N,,반포대로,00275,00000,2121003,02,11650,0,11650,개인,10700,반포동,매매,202504,2025-04-29,26,25.7,450000,5298.5,17515.7
,래미안퍼스티지,11650-3559,0018,0001,2009,개인,25.06.12,O,"450,000",28,5,2025,중개거래,서울 서초구,84.93,8,18-1,1,N,,반포대로,00275,00000,2121003,02,11650,0,11650,개인,10700,반포동,매매,202505,2025-05-28,26,25.7,450000,5298.5,17515.7
104,래미안퍼스티지,11650-3559,0018,0001,2009,개인,,,"400,000",16,6,2025,중개거래,"서울 강남구, 서울 서초구",59.96,6,18-1,1,N,25.10.02,반포대로,00275,00000,2121003,02,11650,0,11650,개인,10700,반포동,매매,202506,2025-06-16,18,18.1,400000,6671.1,22053.4
,래미안퍼스티지,11650-3559,0018,0001,2009,개인,25.06.20,O,"400,000",16,6,2025,중개거래,"서울 강남구, 서울 서초구",59.96,6,18-1,1,N,,반포대로,00275,00000,2121003,02,11650,0,11650,개인,10700,반포동,매매,202506,2025-06-16,18,18.1,400000,6671.1,22053.4
107,래미안퍼스티지,11650-3559,0018,0001,2009,개인,,,"520,000",16,6,2025,중개거래,서울 서초구,84.93,5,18-1,1,N,25.09.04,반포대로,00275,00000,2121003,02,11650,0,11650,개인,10700,반포동,매매,202506,2025-06-16,26,25.7,520000,6122.7,20240.4
128,래미안퍼스티지,11650-3559,0018,0001,2009,개인,,,"482,000",20,6,2025,중개거래,서울 서초구,84.93,21,18-1,1,N,25.08.29,반포대로,00275,00000,2121003,02,11650,0,11650,개인,10700,반포동,매매,202506,2025-06-20,26,25.7,482000,5675.3,18761.3
118,래미안퍼스티지,11650-3559,0018,0001,2009,개인,,,"775,000",27,6,2025,중개거래,서울 서초구,198.04,3,18-1,1,N,25.09.26,반포대로,00275,00000,2121003,02,11650,0,11650,개인,10700,반포동,매매,202506,2025-06-27,60,59.9,775000,3913.4,12936.8
117,래미안퍼스티지,11650-3559,0018,0001,2009,개인,,,"850,000",27,6,2025,중개거래,서울 서초구,198.04,11,18-1,1,N,25.09.11,반포대로,00275,00000,2121003,02,11650,0,11650,개인,10700,반포동,매매,202506,2025-06-27,60,59.9,850000,4292.1,14188.7
128,래미안퍼스티지,11650-3559,0018,0001,2009,개인,,,"480,000",3,7,2025,중개거래,"서울 금천구, 서울 서초구",84.93,27,18-1,1,N,25.10.24,반포대로,00275,00000,2121003,02,11650,0,11650,개인,10700,반포동,매매,202507,2025-07-03,26,25.7,480000,5651.7,18683.4
,래미안퍼스티지,11650-3559,0018,0001,2009,개인,25.07.19,O,"480,000",3,7,2025,중개거래,"서울 금천구, 서울 서초구",84.93,27,18-1,1,N,,반포대로,00275,00000,2121003,02,11650,0,11650,개인,10700,반포동,매매,202507,2025-07-03,26,25.7,480000,5651.7,18683.4
118,래미안퍼스티지,11650-3559,0018,0001,2009,개인,,,"850,000",4,7,2025,중개거래,서울 서초구,198.04,26,18-1,1,N,25.10.30,반포대로,00275,00000,2121003,02,11650,0,11650,개인,10700,반포동,매매,202507,2025-07-04,60,59.9,850000,4292.1,14188.7
115,래미안퍼스티지,11650-3559,0018,0001,2009,개인,,,"750,000",9,9,2025,중개거래,"서울 강남구, 서울 서초구",135.92,5,18-1,1,N,25.11.21,반포대로,00275,00000,2121003,02,11650,0,11650,개인,10700,반포동,매매,202509,2025-09-09,41,41.1,750000,5518.0,18241.2
118,래미안퍼스티지,11650-3559,0018,0001,2009,개인,,,"785,000",12,9,2025,중개거래,서울 서초구,198.04,18,18-1,1,N,25.11.17,반포대로,00275,00000,2121003,02,11650,0,11650,개인,10700,반포동,매매,202509,2025-09-12,60,59.9,785000,3963.8,13103.7
121,래미안퍼스티지,11650-3559,0018,0001,2009,개인,,,"890,000",26,9,2025,중개거래,서울 서초구,222.76,6,18-1,1,N,25.10.31,반포대로,00275,00000,2121003,02,11650,0,11650,개인,10700,반포동,매매,202509,2025-09-26,67,67.4,890000,3995.3,13207.8
101,래미안퍼스티지,11650-3559,0018,0001,2009,개인,,,"552,500",11,11,2025,중개거래,서울 서초구,84.93,26,18-1,1,N,26.02.27,반포대로,00275,00000,2121003,02,11650,0,11650,개인,10700,반포동,매매,202511,2025-11-11,26,25.7,552500,6505.4,21505.4
125,래미안퍼스티지,11650-3559,0018,0001,2009,개인,,,"395,000",15,11,2025,중개거래,서울 서초구,59.96,28,18-1,1,N,26.02.25,반포대로,00275,00000,2121003,02,11650,0,11650,개인,10700,반포동,매매,202511,2025-11-15,18,18.1,395000,6587.7,21777.7
122,래미안퍼스티지,11650-3559,0018,0001,2009,개인,,,"780,000",19,11,2025,중개거래,서울 서초구,198.22,20,18-1,1,N,26.01.28,반포대로,00275,00000,2121003,02,11650,0,11650,개인,10700,반포동,매매,202511,2025-11-19,60,60.0,780000,3935.0,13008.4
102,래미안퍼스티지,11650-3559,0018,0001,2009,개인,,,"532,000",24,11,2025,중개거래,서울 서초구,84.93,22,18-1,1,N,26.01.30,반포대로,00275,00000,2121003,02,11650,0,11650,개인,10700,반포동,매매,202511,2025-11-24,26,25.7,532000,6264.0,20707.5
109,래미안퍼스티지,11650-3559,0018,0001,2009,개인,,,"550,000",26,11,2025,중개거래,서울 서초구,84.93,24,18-1,1,N,26.01.20,반포대로,00275,00000,2121003,02,11650,0,11650,개인,10700,반포동,매매,202511,2025-11-26,26,25.7,550000,6475.9,21408.1
109,래미안퍼스티지,11650-3559,0018,0001,2009,개인,,,"515,000",29,11,2025,중개거래,서울 서초구,84.93,26,18-1,1,N,26.03.27,반포대로,00275,00000,2121003,02,11650,0,11650,개인,10700,반포동,매매,202511,2025-11-29,26,25.7,515000,6063.8,20045.8
118,래미안퍼스티지,11650-3559,0018,0001,2009,개인,,,"770,000",5,12,2025,중개거래,서울 서초구,168.65,28,18-1,1,N,26.01.20,반포대로,00275,00000,2121003,02,11650,0,11650,개인,10700,반포동,매매,202512,2025-12-05,51,51.0,770000,4565.7,15093.2
120,래미안퍼스티지,11650-3559,0018,0001,2009,개인,,,"515,000",19,12,2025,중개거래,서울 서초구,84.93,2,18-1,1,N,26.02.13,반포대로,00275,00000,2121003,02,11650,0,11650,개인,10700,반포동,매매,202512,2025-12-19,26,25.7,515000,6063.8,20045.8
113,래미안퍼스티지,11650-3559,0018,0001,2009,개인,,,"799,000",22,12,2025,중개거래,서울 서초구,169.31,19,18-1,1,N,26.02.26,반포대로,00275,00000,2121003,02,11650,0,11650,개인,10700,반포동,매매,202512,2025-12-22,51,51.2,799000,4719.2,15600.6
105,래미안퍼스티지,11650-3559,0018,0001,2009,개인,,,"408,000",25,12,2025,중개거래,서울 서초구,59.96,2,18-1,1,N,26.05.26,반포대로,00275,00000,2121003,02,11650,0,11650,개인,10700,반포동,매매,202512,2025-12-25,18,18.1,408000,6804.5,22494.4
123,래미안퍼스티지,11650-3559,0018,0001,2009,개인,,,"845,000",29,12,2025,중개거래,서울 서초구,198.22,24,18-1,1,N,26.03.10,반포대로,00275,00000,2121003,02,11650,0,11650,개인,10700,반포동,매매,202512,2025-12-29,60,60.0,845000,4262.9,14092.4
123,래미안퍼스티지,11650-3559,0018,0001,2009,개인,,,"960,000",13,1,2026,중개거래,서울 서초구,222.76,24,18-1,1,N,26.01.13,반포대로,00275,00000,2121003,02,11650,0,11650,개인,10700,반포동,매매,202601,2026-01-13,67,67.4,960000,4309.6,14246.6
127,래미안퍼스티지,11650-3559,0018,0001,2009,개인,,,"470,000",17,1,2026,중개거래,서울 서초구,84.93,15,18-1,1,N,26.03.30,반포대로,00275,00000,2121003,02,11650,0,11650,개인,10700,반포동,매매,202601,2026-01-17,26,25.7,470000,5534.0,18294.2
105,래미안퍼스티지,11650-3559,0018,0001,2009,개인,,,"435,000",31,1,2026,중개거래,"서울 서초구, 서울 용산구",59.96,21,18-1,1,N,26.04.20,반포대로,00275,00000,2121003,02,11650,0,11650,개인,10700,반포동,매매,202601,2026-01-31,18,18.1,435000,7254.8,23983.0
105,래미안퍼스티지,11650-3559,0018,0001,2009,개인,,,"445,000",3,2,2026,중개거래,서울 서초구,59.89,15,18-1,1,N,26.04.30,반포대로,00275,00000,2121003,02,11650,0,11650,개인,10700,반포동,매매,202602,2026-02-03,18,18.1,445000,7430.3,24563.0
111,래미안퍼스티지,11650-3559,0018,0001,2009,개인,,,"575,000",3,2,2026,중개거래,서울 서초구,84.93,9,18-1,1,N,26.04.30,반포대로,00275,00000,2121003,02,11650,0,11650,개인,10700,반포동,매매,202602,2026-02-03,26,25.7,575000,6770.3,22381.2
105,래미안퍼스티지,11650-3559,0018,0001,2009,개인,,,"409,000",4,2,2026,중개거래,서울 서초구,59.96,1,18-1,1,N,26.05.28,반포대로,00275,00000,2121003,02,11650,0,11650,개인,10700,반포동,매매,202602,2026-02-04,18,18.1,409000,6821.2,22549.6
,래미안퍼스티지,11650-3559,0018,0001,2009,개인,26.06.22,O,"409,000",4,2,2026,중개거래,서울 서초구,59.96,1,18-1,1,N,,반포대로,00275,00000,2121003,02,11650,0,11650,개인,10700,반포동,매매,202602,2026-02-04,18,18.1,409000,6821.2,22549.6
107,래미안퍼스티지,11650-3559,0018,0001,2009,개인,,,"570,000",21,2,2026,중개거래,서울 서초구,84.93,13,18-1,1,N,26.05.21,반포대로,00275,00000,2121003,02,11650,0,11650,개인,10700,반포동,매매,202602,2026-02-21,26,25.7,570000,6711.4,22186.6
113,래미안퍼스티지,11650-3559,0018,0001,2009,개인,,,"810,000",23,2,2026,중개거래,서울 서초구,169.31,8,18-1,1,N,26.06.30,반포대로,00275,00000,2121003,02,11650,0,11650,개인,10700,반포동,매매,202602,2026-02-23,51,51.2,810000,4784.1,15815.4
107,래미안퍼스티지,11650-3559,0018,0001,2009,개인,,,"550,000",7,3,2026,중개거래,서울 서초구,84.93,21,18-1,1,N,26.03.30,반포대로,00275,00000,2121003,02,11650,0,11650,개인,10700,반포동,매매,202603,2026-03-07,26,25.7,550000,6475.9,21408.1
117,래미안퍼스티지,11650-3559,0018,0001,2009,개인,,,"734,500",25,3,2026,중개거래,서울 서초구,168.65,14,18-1,1,N,26.05.29,반포대로,00275,00000,2121003,02,11650,0,11650,개인,10700,반포동,매매,202603,2026-03-25,51,51.0,734500,4355.2,14397.3
105,래미안퍼스티지,11650-3559,0018,0001,2009,개인,,,"402,000",6,4,2026,중개거래,서울 서초구,59.96,6,18-1,1,N,26.05.06,반포대로,00275,00000,2121003,02,11650,0,11650,개인,10700,반포동,매매,202604,2026-04-06,18,18.1,402000,6704.5,22163.6
116,래미안퍼스티지,11650-3559,0018,0001,2009,개인,,,"500,000",11,4,2026,중개거래,서울 서초구,84.93,18,18-1,1,N,26.06.30,반포대로,00275,00000,2121003,02,11650,0,11650,개인,10700,반포동,매매,202604,2026-04-11,26,25.7,500000,5887.2,19461.9
119,래미안퍼스티지,11650-3559,0018,0001,2009,개인,,,"700,000",20,4,2026,중개거래,서울 서초구,168.65,13,18-1,1,N,26.07.10,반포대로,00275,00000,2121003,02,11650,0,11650,개인,10700,반포동,매매,202604,2026-04-20,51,51.0,700000,4150.6,13721.1
105,래미안퍼스티지,11650-3559,0018,0001,2009,개인,,,"420,000",23,4,2026,중개거래,서울 서초구,59.96,4,18-1,1,N,26.05.28,반포대로,00275,00000,2121003,02,11650,0,11650,개인,10700,반포동,매매,202604,2026-04-23,18,18.1,420000,7004.7,23156.0
104,래미안퍼스티지,11650-3559,0018,0001,2009,개인,,,"400,000",25,4,2026,중개거래,서울 서초구,59.89,24,18-1,1,N,26.07.03,반포대로,00275,00000,2121003,02,11650,0,11650,개인,10700,반포동,매매,202604,2026-04-25,18,18.1,400000,6678.9,22079.1
,래미안퍼스티지,11650-3559,0018,0001,2009,개인,,,"781,000",29,4,2026,중개거래,서울 서초구,198.04,7,18-1,1,N,,반포대로,00275,00000,2121003,02,11650,0,11650,개인,10700,반포동,매매,202604,2026-04-29,60,59.9,781000,3943.6,13036.9
120,래미안퍼스티지,11650-3559,0018,0001,2009,개인,,,"490,000",29,4,2026,중개거래,서울 서초구,84.93,22,18-1,1,N,26.05.29,반포대로,00275,00000,2121003,02,11650,0,11650,개인,10700,반포동,매매,202604,2026-04-29,26,25.7,490000,5769.5,19072.7
,래미안퍼스티지,11650-3559,0018,0001,2009,개인,,,"730,000",6,5,2026,중개거래,서울 서초구,168.65,29,18-1,1,N,,반포대로,00275,00000,2121003,02,11650,0,11650,개인,10700,반포동,매매,202605,2026-05-06,51,51.0,730000,4328.5,14309.1
,래미안퍼스티지,11650-3559,0018,0001,2009,개인,,,"805,000",6,5,2026,중개거래,서울 서초구,198.04,13,18-1,1,N,,반포대로,00275,00000,2121003,02,11650,0,11650,개인,10700,반포동,매매,202605,2026-05-06,60,59.9,805000,4064.8,13437.5
,래미안퍼스티지,11650-3559,0018,0001,2009,개인,,,"372,000",6,5,2026,중개거래,서울 서초구,59.89,4,18-1,1,N,,반포대로,00275,00000,2121003,02,11650,0,11650,개인,10700,반포동,매매,202605,2026-05-06,18,18.1,372000,6211.4,20533.6
,래미안퍼스티지,11650-3559,0018,0001,2009,개인,,,"785,000",8,5,2026,중개거래,서울 서초구,198.04,16,18-1,1,N,,반포대로,00275,00000,2121003,02,11650,0,11650,개인,10700,반포동,매매,202605,2026-05-08,60,59.9,785000,3963.8,13103.7
,래미안퍼스티지,11650-3559,0018,0001,2009,개인,,,"520,000",13,5,2026,중개거래,서울 서초구,84.93,23,18-1,1,N,,반포대로,00275,00000,2121003,02,11650,0,11650,개인,10700,반포동,매매,202605,2026-05-13,26,25.7,520000,6122.7,20240.4
,래미안퍼스티지,11650-3559,0018,0001,2009,개인,,,"730,000",15,5,2026,중개거래,서울 서초구,169.31,20,18-1,1,N,,반포대로,00275,00000,2121003,02,11650,0,11650,개인,10700,반포동,매매,202605,2026-05-15,51,51.2,730000,4311.6,14253.3
,래미안퍼스티지,11650-3559,0018,0001,2009,개인,,,"500,000",22,5,2026,중개거래,서울 서초구,84.93,19,18-1,1,N,,반포대로,00275,00000,2121003,02,11650,0,11650,개인,10700,반포동,매매,202605,2026-05-22,26,25.7,500000,5887.2,19461.9
,래미안퍼스티지,11650-3559,0018,0001,2009,개인,,,"515,000",27,5,2026,중개거래,서울 서초구,84.93,15,18-1,1,N,,반포대로,00275,00000,2121003,02,11650,0,11650,개인,10700,반포동,매매,202605,2026-05-27,26,25.7,515000,6063.8,20045.8
,래미안퍼스티지,11650-3559,0018,0001,2009,개인,,,"770,000",30,5,2026,중개거래,서울 서초구,198.04,14,18-1,1,N,,반포대로,00275,00000,2121003,02,11650,0,11650,개인,10700,반포동,매매,202605,2026-05-30,60,59.9,770000,3888.1,12853.3
,래미안퍼스티지,11650-3559,0018,0001,2009,개인,,,"800,000",3,6,2026,중개거래,서울 서초구,222.76,22,18-1,1,N,,반포대로,00275,00000,2121003,02,11650,0,11650,개인,10700,반포동,매매,202606,2026-06-03,67,67.4,800000,3591.3,11872.1
,래미안퍼스티지,11650-3559,0018,0001,2009,개인,,,"545,000",17,6,2026,중개거래,서울 서초구,84.93,25,18-1,1,N,,반포대로,00275,00000,2121003,02,11650,0,11650,개인,10700,반포동,매매,202606,2026-06-17,26,25.7,545000,6417.0,21213.5
