단지명,단지일련번호,건축년도,계약기간,계약구분,계약일,계약월,계약년도,보증금액,전용면적,층,지번,월세금액,종전계약보증금,종전계약월세,roadnm,roadnmbcd,roadnmbonbun,roadnmbubun,roadnmcd,roadnmseq,roadnmsggcd,지역코드,법정동,갱신요구권사용,거래구분,조회년월,계약일자,평형,평수,보증금_만원,월세_만원,임대유형
래미안퍼스티지,11650-3559,2009,,,24,1,2011,"10,000",84.93,13,18-1,330,,,반포대로 275,0,00275,00000,2121003,2,11650,11650,반포동,,전월세,201101,2011-01-24,26,25.7,10000,330,월세
래미안퍼스티지,11650-3559,2009,,,14,2,2011,"20,000",84.93,13,18-1,250,,,반포대로 275,0,00275,00000,2121003,2,11650,11650,반포동,,전월세,201102,2011-02-14,26,25.7,20000,250,월세
래미안퍼스티지,11650-3559,2009,,,19,2,2011,"25,000",84.93,24,18-1,240,,,반포대로 275,0,00275,00000,2121003,2,11650,11650,반포동,,전월세,201102,2011-02-19,26,25.7,25000,240,월세
래미안퍼스티지,11650-3559,2009,,,23,3,2011,"15,000",168.65,12,18-1,100,,,반포대로 275,0,00275,00000,2121003,2,11650,11650,반포동,,전월세,201103,2011-03-23,51,51.0,15000,100,월세
래미안퍼스티지,11650-3559,2009,,,23,3,2011,"16,000",84.93,8,18-1,270,,,반포대로 275,0,00275,00000,2121003,2,11650,11650,반포동,,전월세,201103,2011-03-23,26,25.7,16000,270,월세
래미안퍼스티지,11650-3559,2009,,,26,3,2011,"40,000",84.93,16,18-1,100,,,반포대로 275,0,00275,00000,2121003,2,11650,11650,반포동,,전월세,201103,2011-03-26,26,25.7,40000,100,월세
래미안퍼스티지,11650-3559,2009,,,5,4,2011,"45,000",84.93,21,18-1,120,,,반포대로 275,0,00275,00000,2121003,2,11650,11650,반포동,,전월세,201104,2011-04-05,26,25.7,45000,120,월세
래미안퍼스티지,11650-3559,2009,,,9,4,2011,"35,000",59.98,23,18-1,110,,,반포대로 275,0,00275,00000,2121003,2,11650,11650,반포동,,전월세,201104,2011-04-09,18,18.1,35000,110,월세
래미안퍼스티지,11650-3559,2009,,,10,4,2011,"20,000",84.93,25,18-1,250,,,반포대로 275,0,00275,00000,2121003,2,11650,11650,반포동,,전월세,201104,2011-04-10,26,25.7,20000,250,월세
래미안퍼스티지,11650-3559,2009,,,18,4,2011,"10,000",84.93,11,18-1,280,,,반포대로 275,0,00275,00000,2121003,2,11650,11650,반포동,,전월세,201104,2011-04-18,26,25.7,10000,280,월세
래미안퍼스티지,11650-3559,2009,,,29,4,2011,"55,000",198.04,4,18-1,400,,,반포대로 275,0,00275,00000,2121003,2,11650,11650,반포동,,전월세,201104,2011-04-29,60,59.9,55000,400,월세
래미안퍼스티지,11650-3559,2009,,,4,5,2011,"5,000",84.93,14,18-1,270,,,반포대로 275,0,00275,00000,2121003,2,11650,11650,반포동,,전월세,201105,2011-05-04,26,25.7,5000,270,월세
래미안퍼스티지,11650-3559,2009,,,12,5,2011,"10,000",84.93,25,18-1,320,,,반포대로 275,0,00275,00000,2121003,2,11650,11650,반포동,,전월세,201105,2011-05-12,26,25.7,10000,320,월세
래미안퍼스티지,11650-3559,2009,,,12,5,2011,"60,000",84.93,14,18-1,80,,,반포대로 275,0,00275,00000,2121003,2,11650,11650,반포동,,전월세,201105,2011-05-12,26,25.7,60000,80,월세
래미안퍼스티지,11650-3559,2009,,,14,5,2011,"38,000",84.93,15,18-1,170,,,반포대로 275,0,00275,00000,2121003,2,11650,11650,반포동,,전월세,201105,2011-05-14,26,25.7,38000,170,월세
래미안퍼스티지,11650-3559,2009,,,18,5,2011,"80,000",135.92,28,18-1,150,,,반포대로 275,0,00275,00000,2121003,2,11650,11650,반포동,,전월세,201105,2011-05-18,41,41.1,80000,150,월세
래미안퍼스티지,11650-3559,2009,,,18,5,2011,"70,000",198.04,24,18-1,360,,,반포대로 275,0,00275,00000,2121003,2,11650,11650,반포동,,전월세,201105,2011-05-18,60,59.9,70000,360,월세
래미안퍼스티지,11650-3559,2009,,,18,5,2011,"5,000",84.93,22,18-1,320,,,반포대로 275,0,00275,00000,2121003,2,11650,11650,반포동,,전월세,201105,2011-05-18,26,25.7,5000,320,월세
래미안퍼스티지,11650-3559,2009,,,19,5,2011,"30,000",84.93,25,18-1,180,,,반포대로 275,0,00275,00000,2121003,2,11650,11650,반포동,,전월세,201105,2011-05-19,26,25.7,30000,180,월세
래미안퍼스티지,11650-3559,2009,,,20,5,2011,"20,000",84.93,25,18-1,260,,,반포대로 275,0,00275,00000,2121003,2,11650,11650,반포동,,전월세,201105,2011-05-20,26,25.7,20000,260,월세
래미안퍼스티지,11650-3559,2009,,,21,5,2011,"30,000",84.93,8,18-1,220,,,반포대로 275,0,00275,00000,2121003,2,11650,11650,반포동,,전월세,201105,2011-05-21,26,25.7,30000,220,월세
래미안퍼스티지,11650-3559,2009,,,22,5,2011,"50,000",84.93,26,18-1,105,,,반포대로 275,0,00275,00000,2121003,2,11650,11650,반포동,,전월세,201105,2011-05-22,26,25.7,50000,105,월세
래미안퍼스티지,11650-3559,2009,,,23,5,2011,"20,000",84.93,17,18-1,250,,,반포대로 275,0,00275,00000,2121003,2,11650,11650,반포동,,전월세,201105,2011-05-23,26,25.7,20000,250,월세
래미안퍼스티지,11650-3559,2009,,,24,5,2011,"10,000",59.96,11,18-1,200,,,반포대로 275,0,00275,00000,2121003,2,11650,11650,반포동,,전월세,201105,2011-05-24,18,18.1,10000,200,월세
래미안퍼스티지,11650-3559,2009,,,24,5,2011,"50,000",84.93,23,18-1,100,,,반포대로 275,0,00275,00000,2121003,2,11650,11650,반포동,,전월세,201105,2011-05-24,26,25.7,50000,100,월세
래미안퍼스티지,11650-3559,2009,,,26,5,2011,"50,000",84.93,19,18-1,120,,,반포대로 275,0,00275,00000,2121003,2,11650,11650,반포동,,전월세,201105,2011-05-26,26,25.7,50000,120,월세
래미안퍼스티지,11650-3559,2009,,,26,5,2011,"10,000",84.93,7,18-1,300,,,반포대로 275,0,00275,00000,2121003,2,11650,11650,반포동,,전월세,201105,2011-05-26,26,25.7,10000,300,월세
래미안퍼스티지,11650-3559,2009,11.08~13.08,신규,2,6,2011,"50,000",169.31,5,18-1,400,,,반포대로 275,0,00275,00000,2121003,2,11650,11650,반포동,,전월세,201106,2011-06-02,51,51.2,50000,400,월세
래미안퍼스티지,11650-3559,2009,,,4,6,2011,"102,000",136.65,17,18-1,100,,,반포대로 275,0,00275,00000,2121003,2,11650,11650,반포동,,전월세,201106,2011-06-04,41,41.3,102000,100,월세
래미안퍼스티지,11650-3559,2009,,,7,6,2011,"30,000",136.65,14,18-1,430,,,반포대로 275,0,00275,00000,2121003,2,11650,11650,반포동,,전월세,201106,2011-06-07,41,41.3,30000,430,월세
래미안퍼스티지,11650-3559,2009,,,7,6,2011,"15,000",59.96,5,18-1,100,,,반포대로 275,0,00275,00000,2121003,2,11650,11650,반포동,,전월세,201106,2011-06-07,18,18.1,15000,100,월세
래미안퍼스티지,11650-3559,2009,,,7,6,2011,"50,000",84.93,17,18-1,125,,,반포대로 275,0,00275,00000,2121003,2,11650,11650,반포동,,전월세,201106,2011-06-07,26,25.7,50000,125,월세
래미안퍼스티지,11650-3559,2009,,,7,6,2011,"10,000",84.93,21,18-1,305,,,반포대로 275,0,00275,00000,2121003,2,11650,11650,반포동,,전월세,201106,2011-06-07,26,25.7,10000,305,월세
래미안퍼스티지,11650-3559,2009,,,9,6,2011,"50,000",84.93,15,18-1,140,,,반포대로 275,0,00275,00000,2121003,2,11650,11650,반포동,,전월세,201106,2011-06-09,26,25.7,50000,140,월세
래미안퍼스티지,11650-3559,2009,,,11,6,2011,"100,000",198.04,8,18-1,175,,,반포대로 275,0,00275,00000,2121003,2,11650,11650,반포동,,전월세,201106,2011-06-11,60,59.9,100000,175,월세
래미안퍼스티지,11650-3559,2009,,,11,6,2011,"10,000",84.93,29,18-1,280,,,반포대로 275,0,00275,00000,2121003,2,11650,11650,반포동,,전월세,201106,2011-06-11,26,25.7,10000,280,월세
래미안퍼스티지,11650-3559,2009,,,11,6,2011,"30,000",84.93,25,18-1,200,,,반포대로 275,0,00275,00000,2121003,2,11650,11650,반포동,,전월세,201106,2011-06-11,26,25.7,30000,200,월세
래미안퍼스티지,11650-3559,2009,,,12,6,2011,"30,000",84.93,18,18-1,240,,,반포대로 275,0,00275,00000,2121003,2,11650,11650,반포동,,전월세,201106,2011-06-12,26,25.7,30000,240,월세
래미안퍼스티지,11650-3559,2009,,,13,6,2011,"10,000",84.93,7,18-1,300,,,반포대로 275,0,00275,00000,2121003,2,11650,11650,반포동,,전월세,201106,2011-06-13,26,25.7,10000,300,월세
래미안퍼스티지,11650-3559,2009,,,15,6,2011,"30,000",168.65,27,18-1,400,,,반포대로 275,0,00275,00000,2121003,2,11650,11650,반포동,,전월세,201106,2011-06-15,51,51.0,30000,400,월세
래미안퍼스티지,11650-3559,2009,,,15,6,2011,"50,000",84.93,9,18-1,135,,,반포대로 275,0,00275,00000,2121003,2,11650,11650,반포동,,전월세,201106,2011-06-15,26,25.7,50000,135,월세
래미안퍼스티지,11650-3559,2009,,,16,6,2011,"30,000",84.93,10,18-1,200,,,반포대로 275,0,00275,00000,2121003,2,11650,11650,반포동,,전월세,201106,2011-06-16,26,25.7,30000,200,월세
래미안퍼스티지,11650-3559,2009,,,17,6,2011,"40,000",84.93,5,18-1,160,,,반포대로 275,0,00275,00000,2121003,2,11650,11650,반포동,,전월세,201106,2011-06-17,26,25.7,40000,160,월세
래미안퍼스티지,11650-3559,2009,,,17,6,2011,"10,000",84.93,14,18-1,300,,,반포대로 275,0,00275,00000,2121003,2,11650,11650,반포동,,전월세,201106,2011-06-17,26,25.7,10000,300,월세
래미안퍼스티지,11650-3559,2009,,,18,6,2011,"60,000",117.12,22,18-1,270,,,반포대로 275,0,00275,00000,2121003,2,11650,11650,반포동,,전월세,201106,2011-06-18,35,35.4,60000,270,월세
래미안퍼스티지,11650-3559,2009,,,18,6,2011,"30,000",84.93,29,18-1,240,,,반포대로 275,0,00275,00000,2121003,2,11650,11650,반포동,,전월세,201106,2011-06-18,26,25.7,30000,240,월세
래미안퍼스티지,11650-3559,2009,,,20,6,2011,"20,000",135.92,28,18-1,500,,,반포대로 275,0,00275,00000,2121003,2,11650,11650,반포동,,전월세,201106,2011-06-20,41,41.1,20000,500,월세
래미안퍼스티지,11650-3559,2009,,,20,6,2011,"20,000",84.93,11,18-1,250,,,반포대로 275,0,00275,00000,2121003,2,11650,11650,반포동,,전월세,201106,2011-06-20,26,25.7,20000,250,월세
래미안퍼스티지,11650-3559,2009,,,20,6,2011,"40,000",84.93,16,18-1,170,,,반포대로 275,0,00275,00000,2121003,2,11650,11650,반포동,,전월세,201106,2011-06-20,26,25.7,40000,170,월세
래미안퍼스티지,11650-3559,2009,,,22,6,2011,"10,000",84.93,27,18-1,300,,,반포대로 275,0,00275,00000,2121003,2,11650,11650,반포동,,전월세,201106,2011-06-22,26,25.7,10000,300,월세
래미안퍼스티지,11650-3559,2009,,,23,6,2011,"46,000",59.89,8,18-1,50,,,반포대로 275,0,00275,00000,2121003,2,11650,11650,반포동,,전월세,201106,2011-06-23,18,18.1,46000,50,월세
래미안퍼스티지,11650-3559,2009,,,23,6,2011,"10,000",59.89,28,18-1,230,,,반포대로 275,0,00275,00000,2121003,2,11650,11650,반포동,,전월세,201106,2011-06-23,18,18.1,10000,230,월세
래미안퍼스티지,11650-3559,2009,,,24,6,2011,"60,000",84.93,20,18-1,100,,,반포대로 275,0,00275,00000,2121003,2,11650,11650,반포동,,전월세,201106,2011-06-24,26,25.7,60000,100,월세
래미안퍼스티지,11650-3559,2009,,,25,6,2011,"75,000",135.92,29,18-1,250,,,반포대로 275,0,00275,00000,2121003,2,11650,11650,반포동,,전월세,201106,2011-06-25,41,41.1,75000,250,월세
래미안퍼스티지,11650-3559,2009,,,27,6,2011,"50,000",84.93,15,18-1,130,,,반포대로 275,0,00275,00000,2121003,2,11650,11650,반포동,,전월세,201106,2011-06-27,26,25.7,50000,130,월세
래미안퍼스티지,11650-3559,2009,,,2,7,2011,"70,000",84.93,28,18-1,40,,,반포대로 275,0,00275,00000,2121003,2,11650,11650,반포동,,전월세,201107,2011-07-02,26,25.7,70000,40,월세
래미안퍼스티지,11650-3559,2009,,,5,7,2011,"85,000",135.92,19,18-1,125,,,반포대로 275,0,00275,00000,2121003,2,11650,11650,반포동,,전월세,201107,2011-07-05,41,41.1,85000,125,월세
래미안퍼스티지,11650-3559,2009,,,6,7,2011,"5,000",84.93,13,18-1,330,,,반포대로 275,0,00275,00000,2121003,2,11650,11650,반포동,,전월세,201107,2011-07-06,26,25.7,5000,330,월세
래미안퍼스티지,11650-3559,2009,,,6,7,2011,"20,000",84.93,8,18-1,250,,,반포대로 275,0,00275,00000,2121003,2,11650,11650,반포동,,전월세,201107,2011-07-06,26,25.7,20000,250,월세
래미안퍼스티지,11650-3559,2009,,,7,7,2011,"50,000",84.93,14,18-1,140,,,반포대로 275,0,00275,00000,2121003,2,11650,11650,반포동,,전월세,201107,2011-07-07,26,25.7,50000,140,월세
래미안퍼스티지,11650-3559,2009,,,9,7,2011,"45,000",84.93,28,18-1,150,,,반포대로 275,0,00275,00000,2121003,2,11650,11650,반포동,,전월세,201107,2011-07-09,26,25.7,45000,150,월세
래미안퍼스티지,11650-3559,2009,,,15,7,2011,"35,000",59.96,1,18-1,95,,,반포대로 275,0,00275,00000,2121003,2,11650,11650,반포동,,전월세,201107,2011-07-15,18,18.1,35000,95,월세
래미안퍼스티지,11650-3559,2009,,,16,7,2011,"50,000",198.04,21,18-1,400,,,반포대로 275,0,00275,00000,2121003,2,11650,11650,반포동,,전월세,201107,2011-07-16,60,59.9,50000,400,월세
래미안퍼스티지,11650-3559,2009,,,19,7,2011,"10,000",84.93,9,18-1,280,,,반포대로 275,0,00275,00000,2121003,2,11650,11650,반포동,,전월세,201107,2011-07-19,26,25.7,10000,280,월세
래미안퍼스티지,11650-3559,2009,,,20,7,2011,"30,000",84.93,28,18-1,240,,,반포대로 275,0,00275,00000,2121003,2,11650,11650,반포동,,전월세,201107,2011-07-20,26,25.7,30000,240,월세
래미안퍼스티지,11650-3559,2009,,,21,7,2011,"105,000",222.15,26,18-1,175,,,반포대로 275,0,00275,00000,2121003,2,11650,11650,반포동,,전월세,201107,2011-07-21,67,67.2,105000,175,월세
래미안퍼스티지,11650-3559,2009,,,22,7,2011,"30,000",59.96,18,18-1,145,,,반포대로 275,0,00275,00000,2121003,2,11650,11650,반포동,,전월세,201107,2011-07-22,18,18.1,30000,145,월세
래미안퍼스티지,11650-3559,2009,,,23,7,2011,"35,000",59.89,29,18-1,90,,,반포대로 275,0,00275,00000,2121003,2,11650,11650,반포동,,전월세,201107,2011-07-23,18,18.1,35000,90,월세
래미안퍼스티지,11650-3559,2009,,,25,7,2011,"84,000",117.12,13,18-1,130,,,반포대로 275,0,00275,00000,2121003,2,11650,11650,반포동,,전월세,201107,2011-07-25,35,35.4,84000,130,월세
래미안퍼스티지,11650-3559,2009,,,25,7,2011,"4,000",84.93,28,18-1,340,,,반포대로 275,0,00275,00000,2121003,2,11650,11650,반포동,,전월세,201107,2011-07-25,26,25.7,4000,340,월세
래미안퍼스티지,11650-3559,2009,,,25,7,2011,"30,000",84.93,18,18-1,230,,,반포대로 275,0,00275,00000,2121003,2,11650,11650,반포동,,전월세,201107,2011-07-25,26,25.7,30000,230,월세
래미안퍼스티지,11650-3559,2009,,,30,7,2011,"15,000",59.89,25,18-1,210,,,반포대로 275,0,00275,00000,2121003,2,11650,11650,반포동,,전월세,201107,2011-07-30,18,18.1,15000,210,월세
래미안퍼스티지,11650-3559,2009,,,1,8,2011,"34,000",59.89,14,18-1,120,,,반포대로 275,0,00275,00000,2121003,2,11650,11650,반포동,,전월세,201108,2011-08-01,18,18.1,34000,120,월세
래미안퍼스티지,11650-3559,2009,,,2,8,2011,"90,000",135.92,29,18-1,120,,,반포대로 275,0,00275,00000,2121003,2,11650,11650,반포동,,전월세,201108,2011-08-02,41,41.1,90000,120,월세
래미안퍼스티지,11650-3559,2009,,,2,8,2011,"42,000",59.89,14,18-1,75,,,반포대로 275,0,00275,00000,2121003,2,11650,11650,반포동,,전월세,201108,2011-08-02,18,18.1,42000,75,월세
래미안퍼스티지,11650-3559,2009,,,4,8,2011,"50,000",117.12,19,18-1,250,,,반포대로 275,0,00275,00000,2121003,2,11650,11650,반포동,,전월세,201108,2011-08-04,35,35.4,50000,250,월세
래미안퍼스티지,11650-3559,2009,,,4,8,2011,"45,000",84.93,13,18-1,150,,,반포대로 275,0,00275,00000,2121003,2,11650,11650,반포동,,전월세,201108,2011-08-04,26,25.7,45000,150,월세
래미안퍼스티지,11650-3559,2009,,,8,8,2011,"115,000",198.04,6,18-1,125,,,반포대로 275,0,00275,00000,2121003,2,11650,11650,반포동,,전월세,201108,2011-08-08,60,59.9,115000,125,월세
래미안퍼스티지,11650-3559,2009,,,10,8,2011,"40,000",117.12,15,18-1,350,,,반포대로 275,0,00275,00000,2121003,2,11650,11650,반포동,,전월세,201108,2011-08-10,35,35.4,40000,350,월세
래미안퍼스티지,11650-3559,2009,,,12,8,2011,"50,000",115.65,12,18-1,290,,,반포대로 275,0,00275,00000,2121003,2,11650,11650,반포동,,전월세,201108,2011-08-12,35,35.0,50000,290,월세
래미안퍼스티지,11650-3559,2009,,,20,8,2011,"50,000",84.93,6,18-1,120,,,반포대로 275,0,00275,00000,2121003,2,11650,11650,반포동,,전월세,201108,2011-08-20,26,25.7,50000,120,월세
래미안퍼스티지,11650-3559,2009,,,25,8,2011,"90,000",168.65,6,18-1,180,,,반포대로 275,0,00275,00000,2121003,2,11650,11650,반포동,,전월세,201108,2011-08-25,51,51.0,90000,180,월세
래미안퍼스티지,11650-3559,2009,,,26,8,2011,"30,000",222.76,22,18-1,600,,,반포대로 275,0,00275,00000,2121003,2,11650,11650,반포동,,전월세,201108,2011-08-26,67,67.4,30000,600,월세
래미안퍼스티지,11650-3559,2009,,,3,9,2011,"25,000",84.93,29,18-1,250,,,반포대로 275,0,00275,00000,2121003,2,11650,11650,반포동,,전월세,201109,2011-09-03,26,25.7,25000,250,월세
래미안퍼스티지,11650-3559,2009,,,7,9,2011,"30,000",84.93,14,18-1,220,,,반포대로 275,0,00275,00000,2121003,2,11650,11650,반포동,,전월세,201109,2011-09-07,26,25.7,30000,220,월세
래미안퍼스티지,11650-3559,2009,,,7,9,2011,"14,000",84.93,26,18-1,305,,,반포대로 275,0,00275,00000,2121003,2,11650,11650,반포동,,전월세,201109,2011-09-07,26,25.7,14000,305,월세
래미안퍼스티지,11650-3559,2009,,,14,9,2011,"10,000",84.93,26,18-1,350,,,반포대로 275,0,00275,00000,2121003,2,11650,11650,반포동,,전월세,201109,2011-09-14,26,25.7,10000,350,월세
래미안퍼스티지,11650-3559,2009,,,15,9,2011,"100,000",222.76,19,18-1,300,,,반포대로 275,0,00275,00000,2121003,2,11650,11650,반포동,,전월세,201109,2011-09-15,67,67.4,100000,300,월세
래미안퍼스티지,11650-3559,2009,,,21,9,2011,"45,000",59.89,8,18-1,90,,,반포대로 275,0,00275,00000,2121003,2,11650,11650,반포동,,전월세,201109,2011-09-21,18,18.1,45000,90,월세
래미안퍼스티지,11650-3559,2009,,,23,9,2011,"60,000",84.93,12,18-1,75,,,반포대로 275,0,00275,00000,2121003,2,11650,11650,반포동,,전월세,201109,2011-09-23,26,25.7,60000,75,월세
래미안퍼스티지,11650-3559,2009,,,24,9,2011,"40,000",84.93,18,18-1,200,,,반포대로 275,0,00275,00000,2121003,2,11650,11650,반포동,,전월세,201109,2011-09-24,26,25.7,40000,200,월세
래미안퍼스티지,11650-3559,2009,,,24,9,2011,"20,000",84.93,6,18-1,275,,,반포대로 275,0,00275,00000,2121003,2,11650,11650,반포동,,전월세,201109,2011-09-24,26,25.7,20000,275,월세
래미안퍼스티지,11650-3559,2009,,,25,9,2011,"100,000",168.65,30,18-1,130,,,반포대로 275,0,00275,00000,2121003,2,11650,11650,반포동,,전월세,201109,2011-09-25,51,51.0,100000,130,월세
래미안퍼스티지,11650-3559,2009,,,1,10,2011,"40,000",84.93,29,18-1,180,,,반포대로 275,0,00275,00000,2121003,2,11650,11650,반포동,,전월세,201110,2011-10-01,26,25.7,40000,180,월세
래미안퍼스티지,11650-3559,2009,,,4,10,2011,"100,000",198.22,16,18-1,175,,,반포대로 275,0,00275,00000,2121003,2,11650,11650,반포동,,전월세,201110,2011-10-04,60,60.0,100000,175,월세
래미안퍼스티지,11650-3559,2009,11.09~13.09,갱신,8,10,2011,"15,000",84.93,23,18-1,275,"15,000",220,반포대로 275,0,00275,00000,2121003,2,11650,11650,반포동,,전월세,201110,2011-10-08,26,25.7,15000,275,월세
래미안퍼스티지,11650-3559,2009,,,10,10,2011,"70,000",135.92,16,18-1,280,,,반포대로 275,0,00275,00000,2121003,2,11650,11650,반포동,,전월세,201110,2011-10-10,41,41.1,70000,280,월세
래미안퍼스티지,11650-3559,2009,,,18,10,2011,"35,000",59.98,6,18-1,100,,,반포대로 275,0,00275,00000,2121003,2,11650,11650,반포동,,전월세,201110,2011-10-18,18,18.1,35000,100,월세
래미안퍼스티지,11650-3559,2009,,,20,10,2011,"10,000",84.93,18,18-1,400,,,반포대로 275,0,00275,00000,2121003,2,11650,11650,반포동,,전월세,201110,2011-10-20,26,25.7,10000,400,월세
래미안퍼스티지,11650-3559,2009,,,30,10,2011,"40,000",59.89,15,18-1,100,,,반포대로 275,0,00275,00000,2121003,2,11650,11650,반포동,,전월세,201110,2011-10-30,18,18.1,40000,100,월세
래미안퍼스티지,11650-3559,2009,11.11~13.11,신규,10,11,2011,"30,000",84.93,6,18-1,250,,,반포대로 275,0,00275,00000,2121003,2,11650,11650,반포동,,전월세,201111,2011-11-10,26,25.7,30000,250,월세
래미안퍼스티지,11650-3559,2009,,,12,11,2011,"20,000",168.65,20,18-1,520,,,반포대로 275,0,00275,00000,2121003,2,11650,11650,반포동,,전월세,201111,2011-11-12,51,51.0,20000,520,월세
래미안퍼스티지,11650-3559,2009,,,18,11,2011,"10,000",84.93,26,18-1,330,,,반포대로 275,0,00275,00000,2121003,2,11650,11650,반포동,,전월세,201111,2011-11-18,26,25.7,10000,330,월세
래미안퍼스티지,11650-3559,2009,,,24,11,2011,"100,000",198.22,20,18-1,270,,,반포대로 275,0,00275,00000,2121003,2,11650,11650,반포동,,전월세,201111,2011-11-24,60,60.0,100000,270,월세
래미안퍼스티지,11650-3559,2009,,,1,12,2011,"20,000",84.93,23,18-1,290,,,반포대로 275,0,00275,00000,2121003,2,11650,11650,반포동,,전월세,201112,2011-12-01,26,25.7,20000,290,월세
래미안퍼스티지,11650-3559,2009,,,2,12,2011,"60,000",198.04,4,18-1,400,,,반포대로 275,0,00275,00000,2121003,2,11650,11650,반포동,,전월세,201112,2011-12-02,60,59.9,60000,400,월세
래미안퍼스티지,11650-3559,2009,,,5,12,2011,"70,000",135.92,23,18-1,250,,,반포대로 275,0,00275,00000,2121003,2,11650,11650,반포동,,전월세,201112,2011-12-05,41,41.1,70000,250,월세
래미안퍼스티지,11650-3559,2009,,,9,12,2011,"40,000",59.96,13,18-1,90,,,반포대로 275,0,00275,00000,2121003,2,11650,11650,반포동,,전월세,201112,2011-12-09,18,18.1,40000,90,월세
래미안퍼스티지,11650-3559,2009,,,11,12,2011,"40,000",59.89,26,18-1,95,,,반포대로 275,0,00275,00000,2121003,2,11650,11650,반포동,,전월세,201112,2011-12-11,18,18.1,40000,95,월세
래미안퍼스티지,11650-3559,2009,,,14,12,2011,"48,000",84.93,31,18-1,150,,,반포대로 275,0,00275,00000,2121003,2,11650,11650,반포동,,전월세,201112,2011-12-14,26,25.7,48000,150,월세
래미안퍼스티지,11650-3559,2009,,,21,12,2011,"40,000",135.92,4,18-1,400,,,반포대로 275,0,00275,00000,2121003,2,11650,11650,반포동,,전월세,201112,2011-12-21,41,41.1,40000,400,월세
래미안퍼스티지,11650-3559,2009,12.02~14.02,신규,14,1,2012,"60,000",168.65,14,18-1,350,,,반포대로 275,0,00275,00000,2121003,2,11650,11650,반포동,,전월세,201201,2012-01-14,51,51.0,60000,350,월세
래미안퍼스티지,11650-3559,2009,,,14,1,2012,"20,000",59.96,17,18-1,180,,,반포대로 275,0,00275,00000,2121003,2,11650,11650,반포동,,전월세,201201,2012-01-14,18,18.1,20000,180,월세
래미안퍼스티지,11650-3559,2009,,,17,1,2012,"80,000",117.12,23,18-1,150,,,반포대로 275,0,00275,00000,2121003,2,11650,11650,반포동,,전월세,201201,2012-01-17,35,35.4,80000,150,월세
래미안퍼스티지,11650-3559,2009,,,19,1,2012,"50,000",84.93,26,18-1,150,,,반포대로 275,0,00275,00000,2121003,2,11650,11650,반포동,,전월세,201201,2012-01-19,26,25.7,50000,150,월세
래미안퍼스티지,11650-3559,2009,,,29,1,2012,"10,000",84.93,19,18-1,300,,,반포대로 275,0,00275,00000,2121003,2,11650,11650,반포동,,전월세,201201,2012-01-29,26,25.7,10000,300,월세
래미안퍼스티지,11650-3559,2009,,,4,2,2012,"30,000",59.89,28,18-1,150,,,반포대로 275,0,00275,00000,2121003,2,11650,11650,반포동,,전월세,201202,2012-02-04,18,18.1,30000,150,월세
래미안퍼스티지,11650-3559,2009,,,6,2,2012,"10,000",84.93,24,18-1,320,,,반포대로 275,0,00275,00000,2121003,2,11650,11650,반포동,,전월세,201202,2012-02-06,26,25.7,10000,320,월세
래미안퍼스티지,11650-3559,2009,,,27,2,2012,"80,000",135.92,22,18-1,250,,,반포대로 275,0,00275,00000,2121003,2,11650,11650,반포동,,전월세,201202,2012-02-27,41,41.1,80000,250,월세
래미안퍼스티지,11650-3559,2009,,,29,2,2012,"50,000",84.85,20,18-1,90,,,반포대로 275,0,00275,00000,2121003,2,11650,11650,반포동,,전월세,201202,2012-02-29,26,25.7,50000,90,월세
래미안퍼스티지,11650-3559,2009,,,12,3,2012,"50,000",84.93,10,18-1,130,,,반포대로 275,0,00275,00000,2121003,2,11650,11650,반포동,,전월세,201203,2012-03-12,26,25.7,50000,130,월세
래미안퍼스티지,11650-3559,2009,,,14,3,2012,"70,000",84.93,23,18-1,60,,,반포대로 275,0,00275,00000,2121003,2,11650,11650,반포동,,전월세,201203,2012-03-14,26,25.7,70000,60,월세
래미안퍼스티지,11650-3559,2009,,,22,3,2012,"30,000",84.93,17,18-1,175,,,반포대로 275,0,00275,00000,2121003,2,11650,11650,반포동,,전월세,201203,2012-03-22,26,25.7,30000,175,월세
래미안퍼스티지,11650-3559,2009,,,30,3,2012,"30,000",84.93,5,18-1,180,,,반포대로 275,0,00275,00000,2121003,2,11650,11650,반포동,,전월세,201203,2012-03-30,26,25.7,30000,180,월세
래미안퍼스티지,11650-3559,2009,,,13,4,2012,"70,000",168.65,17,18-1,250,,,반포대로 275,0,00275,00000,2121003,2,11650,11650,반포동,,전월세,201204,2012-04-13,51,51.0,70000,250,월세
래미안퍼스티지,11650-3559,2009,,,1,5,2012,"30,000",84.93,15,18-1,230,,,반포대로 275,0,00275,00000,2121003,2,11650,11650,반포동,,전월세,201205,2012-05-01,26,25.7,30000,230,월세
래미안퍼스티지,11650-3559,2009,,,3,5,2012,"45,000",84.93,20,18-1,140,,,반포대로 275,0,00275,00000,2121003,2,11650,11650,반포동,,전월세,201205,2012-05-03,26,25.7,45000,140,월세
래미안퍼스티지,11650-3559,2009,,,18,5,2012,"80,000",222.76,2,18-1,300,,,반포대로 275,0,00275,00000,2121003,2,11650,11650,반포동,,전월세,201205,2012-05-18,67,67.4,80000,300,월세
래미안퍼스티지,11650-3559,2009,,,10,6,2012,"60,000",168.65,9,18-1,400,,,반포대로 275,0,00275,00000,2121003,2,11650,11650,반포동,,전월세,201206,2012-06-10,51,51.0,60000,400,월세
래미안퍼스티지,11650-3559,2009,,,13,6,2012,"15,000",84.93,18,18-1,320,,,반포대로 275,0,00275,00000,2121003,2,11650,11650,반포동,,전월세,201206,2012-06-13,26,25.7,15000,320,월세
래미안퍼스티지,11650-3559,2009,,,15,6,2012,"60,000",84.93,21,18-1,80,,,반포대로 275,0,00275,00000,2121003,2,11650,11650,반포동,,전월세,201206,2012-06-15,26,25.7,60000,80,월세
래미안퍼스티지,11650-3559,2009,,,18,6,2012,"40,000",84.93,1,18-1,150,,,반포대로 275,0,00275,00000,2121003,2,11650,11650,반포동,,전월세,201206,2012-06-18,26,25.7,40000,150,월세
래미안퍼스티지,11650-3559,2009,,,18,6,2012,"20,000",84.93,8,18-1,220,,,반포대로 275,0,00275,00000,2121003,2,11650,11650,반포동,,전월세,201206,2012-06-18,26,25.7,20000,220,월세
래미안퍼스티지,11650-3559,2009,,,23,6,2012,"50,000",84.93,10,18-1,140,,,반포대로 275,0,00275,00000,2121003,2,11650,11650,반포동,,전월세,201206,2012-06-23,26,25.7,50000,140,월세
래미안퍼스티지,11650-3559,2009,,,2,7,2012,"20,000",84.93,26,18-1,280,,,반포대로 275,0,00275,00000,2121003,2,11650,11650,반포동,,전월세,201207,2012-07-02,26,25.7,20000,280,월세
래미안퍼스티지,11650-3559,2009,,,13,7,2012,"40,000",198.22,4,18-1,470,,,반포대로 275,0,00275,00000,2121003,2,11650,11650,반포동,,전월세,201207,2012-07-13,60,60.0,40000,470,월세
래미안퍼스티지,11650-3559,2009,,,18,7,2012,"1,000",84.93,15,18-1,350,,,반포대로 275,0,00275,00000,2121003,2,11650,11650,반포동,,전월세,201207,2012-07-18,26,25.7,1000,350,월세
래미안퍼스티지,11650-3559,2009,,,22,8,2012,"50,000",84.93,6,18-1,150,,,반포대로 275,0,00275,00000,2121003,2,11650,11650,반포동,,전월세,201208,2012-08-22,26,25.7,50000,150,월세
래미안퍼스티지,11650-3559,2009,,,28,8,2012,"40,000",222.15,20,18-1,550,,,반포대로 275,0,00275,00000,2121003,2,11650,11650,반포동,,전월세,201208,2012-08-28,67,67.2,40000,550,월세
래미안퍼스티지,11650-3559,2009,,,3,9,2012,"50,000",84.93,28,18-1,145,,,반포대로 275,0,00275,00000,2121003,2,11650,11650,반포동,,전월세,201209,2012-09-03,26,25.7,50000,145,월세
래미안퍼스티지,11650-3559,2009,,,4,9,2012,"10,000",84.93,13,18-1,340,,,반포대로 275,0,00275,00000,2121003,2,11650,11650,반포동,,전월세,201209,2012-09-04,26,25.7,10000,340,월세
래미안퍼스티지,11650-3559,2009,,,5,9,2012,"45,000",84.93,25,18-1,150,,,반포대로 275,0,00275,00000,2121003,2,11650,11650,반포동,,전월세,201209,2012-09-05,26,25.7,45000,150,월세
래미안퍼스티지,11650-3559,2009,,,17,9,2012,"10,000",84.93,18,18-1,360,,,반포대로 275,0,00275,00000,2121003,2,11650,11650,반포동,,전월세,201209,2012-09-17,26,25.7,10000,360,월세
래미안퍼스티지,11650-3559,2009,,,19,9,2012,"10,000",198.04,14,18-1,630,,,반포대로 275,0,00275,00000,2121003,2,11650,11650,반포동,,전월세,201209,2012-09-19,60,59.9,10000,630,월세
래미안퍼스티지,11650-3559,2009,12.10~14.10,신규,4,10,2012,"40,000",84.85,21,18-1,190,,,반포대로 275,0,00275,00000,2121003,2,11650,11650,반포동,,전월세,201210,2012-10-04,26,25.7,40000,190,월세
래미안퍼스티지,11650-3559,2009,,,9,10,2012,"30,000",117.12,18,18-1,400,,,반포대로 275,0,00275,00000,2121003,2,11650,11650,반포동,,전월세,201210,2012-10-09,35,35.4,30000,400,월세
래미안퍼스티지,11650-3559,2009,,,15,10,2012,"30,000",84.93,21,18-1,240,,,반포대로 275,0,00275,00000,2121003,2,11650,11650,반포동,,전월세,201210,2012-10-15,26,25.7,30000,240,월세
래미안퍼스티지,11650-3559,2009,,,19,10,2012,"10,000",84.93,9,18-1,340,,,반포대로 275,0,00275,00000,2121003,2,11650,11650,반포동,,전월세,201210,2012-10-19,26,25.7,10000,340,월세
래미안퍼스티지,11650-3559,2009,,,25,10,2012,"35,000",59.96,1,18-1,115,,,반포대로 275,0,00275,00000,2121003,2,11650,11650,반포동,,전월세,201210,2012-10-25,18,18.1,35000,115,월세
래미안퍼스티지,11650-3559,2009,,,27,10,2012,"10,000",84.93,24,18-1,340,,,반포대로 275,0,00275,00000,2121003,2,11650,11650,반포동,,전월세,201210,2012-10-27,26,25.7,10000,340,월세
래미안퍼스티지,11650-3559,2009,,,31,10,2012,"10,000",115.65,10,18-1,480,,,반포대로 275,0,00275,00000,2121003,2,11650,11650,반포동,,전월세,201210,2012-10-31,35,35.0,10000,480,월세
래미안퍼스티지,11650-3559,2009,12.12~14.12,신규,3,11,2012,"45,000",115.65,27,18-1,325,,,반포대로 275,0,00275,00000,2121003,2,11650,11650,반포동,,전월세,201211,2012-11-03,35,35.0,45000,325,월세
래미안퍼스티지,11650-3559,2009,,,3,11,2012,"10,000",84.93,22,18-1,350,,,반포대로 275,0,00275,00000,2121003,2,11650,11650,반포동,,전월세,201211,2012-11-03,26,25.7,10000,350,월세
래미안퍼스티지,11650-3559,2009,,,5,11,2012,"80,000",168.65,8,18-1,250,,,반포대로 275,0,00275,00000,2121003,2,11650,11650,반포동,,전월세,201211,2012-11-05,51,51.0,80000,250,월세
래미안퍼스티지,11650-3559,2009,,,7,11,2012,"42,000",84.93,32,18-1,200,,,반포대로 275,0,00275,00000,2121003,2,11650,11650,반포동,,전월세,201211,2012-11-07,26,25.7,42000,200,월세
래미안퍼스티지,11650-3559,2009,,,8,11,2012,"30,000",84.93,13,18-1,240,,,반포대로 275,0,00275,00000,2121003,2,11650,11650,반포동,,전월세,201211,2012-11-08,26,25.7,30000,240,월세
래미안퍼스티지,11650-3559,2009,,,1,12,2012,"20,000",84.93,30,18-1,300,,,반포대로 275,0,00275,00000,2121003,2,11650,11650,반포동,,전월세,201212,2012-12-01,26,25.7,20000,300,월세
래미안퍼스티지,11650-3559,2009,13.01~15.01,신규,3,12,2012,"30,000",84.93,11,18-1,260,,,반포대로 275,0,00275,00000,2121003,2,11650,11650,반포동,,전월세,201212,2012-12-03,26,25.7,30000,260,월세
래미안퍼스티지,11650-3559,2009,,,15,12,2012,"140,000",198.04,21,18-1,40,,,반포대로 275,0,00275,00000,2121003,2,11650,11650,반포동,,전월세,201212,2012-12-15,60,59.9,140000,40,월세
래미안퍼스티지,11650-3559,2009,,,16,12,2012,"60,000",136.65,23,18-1,280,,,반포대로 275,0,00275,00000,2121003,2,11650,11650,반포동,,전월세,201212,2012-12-16,41,41.3,60000,280,월세
래미안퍼스티지,11650-3559,2009,,,18,1,2013,"2,000",84.93,13,18-1,400,,,반포대로 275,0,00275,00000,2121003,2,11650,11650,반포동,,전월세,201301,2013-01-18,26,25.7,2000,400,월세
래미안퍼스티지,11650-3559,2009,,,19,1,2013,"80,000",135.92,7,18-1,230,,,반포대로 275,0,00275,00000,2121003,2,11650,11650,반포동,,전월세,201301,2013-01-19,41,41.1,80000,230,월세
래미안퍼스티지,11650-3559,2009,,,19,1,2013,"20,000",84.93,22,18-1,310,,,반포대로 275,0,00275,00000,2121003,2,11650,11650,반포동,,전월세,201301,2013-01-19,26,25.7,20000,310,월세
래미안퍼스티지,11650-3559,2009,,,24,1,2013,"50,000",135.92,6,18-1,370,,,반포대로 275,0,00275,00000,2121003,2,11650,11650,반포동,,전월세,201301,2013-01-24,41,41.1,50000,370,월세
래미안퍼스티지,11650-3559,2009,,,25,1,2013,"85,000",117.12,9,18-1,120,,,반포대로 275,0,00275,00000,2121003,2,11650,11650,반포동,,전월세,201301,2013-01-25,35,35.4,85000,120,월세
래미안퍼스티지,11650-3559,2009,,,21,2,2013,"10,000",84.93,11,18-1,290,,,반포대로 275,0,00275,00000,2121003,2,11650,11650,반포동,,전월세,201302,2013-02-21,26,25.7,10000,290,월세
래미안퍼스티지,11650-3559,2009,,,28,2,2013,"16,000",84.93,8,18-1,310,,,반포대로 275,0,00275,00000,2121003,2,11650,11650,반포동,,전월세,201302,2013-02-28,26,25.7,16000,310,월세
래미안퍼스티지,11650-3559,2009,,,11,3,2013,"50,000",59.89,6,18-1,100,,,반포대로 275,0,00275,00000,2121003,2,11650,11650,반포동,,전월세,201303,2013-03-11,18,18.1,50000,100,월세
래미안퍼스티지,11650-3559,2009,13.03~14.11,신규,29,3,2013,"20,000",84.93,11,18-1,288,,,반포대로 275,0,00275,00000,2121003,2,11650,11650,반포동,,전월세,201303,2013-03-29,26,25.7,20000,288,월세
래미안퍼스티지,11650-3559,2009,,,3,4,2013,"110,000",222.15,17,18-1,180,,,반포대로 275,0,00275,00000,2121003,2,11650,11650,반포동,,전월세,201304,2013-04-03,67,67.2,110000,180,월세
래미안퍼스티지,11650-3559,2009,,,6,4,2013,"5,000",59.96,16,18-1,240,,,반포대로 275,0,00275,00000,2121003,2,11650,11650,반포동,,전월세,201304,2013-04-06,18,18.1,5000,240,월세
래미안퍼스티지,11650-3559,2009,,,9,4,2013,"100,000",198.04,7,18-1,300,,,반포대로 275,0,00275,00000,2121003,2,11650,11650,반포동,,전월세,201304,2013-04-09,60,59.9,100000,300,월세
래미안퍼스티지,11650-3559,2009,,,16,4,2013,"50,000",84.93,21,18-1,150,,,반포대로 275,0,00275,00000,2121003,2,11650,11650,반포동,,전월세,201304,2013-04-16,26,25.7,50000,150,월세
래미안퍼스티지,11650-3559,2009,,,24,4,2013,"40,000",84.93,4,18-1,225,,,반포대로 275,0,00275,00000,2121003,2,11650,11650,반포동,,전월세,201304,2013-04-24,26,25.7,40000,225,월세
래미안퍼스티지,11650-3559,2009,,,29,4,2013,"20,000",168.65,20,18-1,500,,,반포대로 275,0,00275,00000,2121003,2,11650,11650,반포동,,전월세,201304,2013-04-29,51,51.0,20000,500,월세
래미안퍼스티지,11650-3559,2009,,,1,5,2013,"30,000",59.96,10,18-1,130,,,반포대로 275,0,00275,00000,2121003,2,11650,11650,반포동,,전월세,201305,2013-05-01,18,18.1,30000,130,월세
래미안퍼스티지,11650-3559,2009,,,4,5,2013,"60,000",169.31,23,18-1,230,,,반포대로 275,0,00275,00000,2121003,2,11650,11650,반포동,,전월세,201305,2013-05-04,51,51.2,60000,230,월세
래미안퍼스티지,11650-3559,2009,,,12,5,2013,"54,000",84.93,23,18-1,110,,,반포대로 275,0,00275,00000,2121003,2,11650,11650,반포동,,전월세,201305,2013-05-12,26,25.7,54000,110,월세
래미안퍼스티지,11650-3559,2009,,,13,5,2013,"13,000",84.93,20,18-1,300,,,반포대로 275,0,00275,00000,2121003,2,11650,11650,반포동,,전월세,201305,2013-05-13,26,25.7,13000,300,월세
래미안퍼스티지,11650-3559,2009,,,17,5,2013,"50,000",198.04,21,18-1,500,,,반포대로 275,0,00275,00000,2121003,2,11650,11650,반포동,,전월세,201305,2013-05-17,60,59.9,50000,500,월세
래미안퍼스티지,11650-3559,2009,,,22,5,2013,"110,000",222.76,11,18-1,150,,,반포대로 275,0,00275,00000,2121003,2,11650,11650,반포동,,전월세,201305,2013-05-22,67,67.4,110000,150,월세
래미안퍼스티지,11650-3559,2009,,,23,5,2013,"25,000",168.65,20,18-1,500,,,반포대로 275,0,00275,00000,2121003,2,11650,11650,반포동,,전월세,201305,2013-05-23,51,51.0,25000,500,월세
래미안퍼스티지,11650-3559,2009,,,24,5,2013,"60,000",84.93,26,18-1,100,,,반포대로 275,0,00275,00000,2121003,2,11650,11650,반포동,,전월세,201305,2013-05-24,26,25.7,60000,100,월세
래미안퍼스티지,11650-3559,2009,,,25,5,2013,"40,000",198.04,4,18-1,500,,,반포대로 275,0,00275,00000,2121003,2,11650,11650,반포동,,전월세,201305,2013-05-25,60,59.9,40000,500,월세
래미안퍼스티지,11650-3559,2009,,,28,5,2013,"110,000",135.92,22,18-1,100,,,반포대로 275,0,00275,00000,2121003,2,11650,11650,반포동,,전월세,201305,2013-05-28,41,41.1,110000,100,월세
래미안퍼스티지,11650-3559,2009,,,29,5,2013,"40,000",84.93,16,18-1,210,,,반포대로 275,0,00275,00000,2121003,2,11650,11650,반포동,,전월세,201305,2013-05-29,26,25.7,40000,210,월세
래미안퍼스티지,11650-3559,2009,,,29,5,2013,"30,000",84.93,12,18-1,250,,,반포대로 275,0,00275,00000,2121003,2,11650,11650,반포동,,전월세,201305,2013-05-29,26,25.7,30000,250,월세
래미안퍼스티지,11650-3559,2009,,,29,5,2013,"10,000",84.93,21,18-1,320,,,반포대로 275,0,00275,00000,2121003,2,11650,11650,반포동,,전월세,201305,2013-05-29,26,25.7,10000,320,월세
래미안퍼스티지,11650-3559,2009,,,30,5,2013,"50,000",84.93,29,18-1,170,,,반포대로 275,0,00275,00000,2121003,2,11650,11650,반포동,,전월세,201305,2013-05-30,26,25.7,50000,170,월세
래미안퍼스티지,11650-3559,2009,,,6,6,2013,"52,000",59.98,17,18-1,50,,,반포대로 275,0,00275,00000,2121003,2,11650,11650,반포동,,전월세,201306,2013-06-06,18,18.1,52000,50,월세
래미안퍼스티지,11650-3559,2009,,,6,6,2013,"40,000",84.93,8,18-1,200,,,반포대로 275,0,00275,00000,2121003,2,11650,11650,반포동,,전월세,201306,2013-06-06,26,25.7,40000,200,월세
래미안퍼스티지,11650-3559,2009,,,10,6,2013,"20,000",198.04,25,18-1,630,,,반포대로 275,0,00275,00000,2121003,2,11650,11650,반포동,,전월세,201306,2013-06-10,60,59.9,20000,630,월세
래미안퍼스티지,11650-3559,2009,,,12,6,2013,"10,000",59.98,20,18-1,250,,,반포대로 275,0,00275,00000,2121003,2,11650,11650,반포동,,전월세,201306,2013-06-12,18,18.1,10000,250,월세
래미안퍼스티지,11650-3559,2009,,,13,6,2013,"119,000",136.65,10,18-1,40,,,반포대로 275,0,00275,00000,2121003,2,11650,11650,반포동,,전월세,201306,2013-06-13,41,41.3,119000,40,월세
래미안퍼스티지,11650-3559,2009,,,18,6,2013,"110,000",135.92,23,18-1,130,,,반포대로 275,0,00275,00000,2121003,2,11650,11650,반포동,,전월세,201306,2013-06-18,41,41.1,110000,130,월세
래미안퍼스티지,11650-3559,2009,,,19,6,2013,"55,000",84.93,5,18-1,170,,,반포대로 275,0,00275,00000,2121003,2,11650,11650,반포동,,전월세,201306,2013-06-19,26,25.7,55000,170,월세
래미안퍼스티지,11650-3559,2009,,,20,6,2013,"53,000",84.93,14,18-1,140,,,반포대로 275,0,00275,00000,2121003,2,11650,11650,반포동,,전월세,201306,2013-06-20,26,25.7,53000,140,월세
래미안퍼스티지,11650-3559,2009,,,28,6,2013,"60,000",59.89,6,18-1,50,,,반포대로 275,0,00275,00000,2121003,2,11650,11650,반포동,,전월세,201306,2013-06-28,18,18.1,60000,50,월세
래미안퍼스티지,11650-3559,2009,,,29,6,2013,"33,000",84.93,20,18-1,220,,,반포대로 275,0,00275,00000,2121003,2,11650,11650,반포동,,전월세,201306,2013-06-29,26,25.7,33000,220,월세
래미안퍼스티지,11650-3559,2009,,,2,7,2013,"69,000",84.93,28,18-1,70,,,반포대로 275,0,00275,00000,2121003,2,11650,11650,반포동,,전월세,201307,2013-07-02,26,25.7,69000,70,월세
래미안퍼스티지,11650-3559,2009,,,3,7,2013,"100,000",117.12,26,18-1,105,,,반포대로 275,0,00275,00000,2121003,2,11650,11650,반포동,,전월세,201307,2013-07-03,35,35.4,100000,105,월세
래미안퍼스티지,11650-3559,2009,,,3,7,2013,"100,000",135.92,15,18-1,150,,,반포대로 275,0,00275,00000,2121003,2,11650,11650,반포동,,전월세,201307,2013-07-03,41,41.1,100000,150,월세
래미안퍼스티지,11650-3559,2009,,,5,7,2013,"77,000",84.93,11,18-1,60,,,반포대로 275,0,00275,00000,2121003,2,11650,11650,반포동,,전월세,201307,2013-07-05,26,25.7,77000,60,월세
래미안퍼스티지,11650-3559,2009,,,8,7,2013,"50,000",84.93,13,18-1,160,,,반포대로 275,0,00275,00000,2121003,2,11650,11650,반포동,,전월세,201307,2013-07-08,26,25.7,50000,160,월세
래미안퍼스티지,11650-3559,2009,,,9,7,2013,"30,000",84.93,6,18-1,220,,,반포대로 275,0,00275,00000,2121003,2,11650,11650,반포동,,전월세,201307,2013-07-09,26,25.7,30000,220,월세
래미안퍼스티지,11650-3559,2009,,,11,7,2013,"120,000",198.04,5,18-1,200,,,반포대로 275,0,00275,00000,2121003,2,11650,11650,반포동,,전월세,201307,2013-07-11,60,59.9,120000,200,월세
래미안퍼스티지,11650-3559,2009,,,11,7,2013,"40,000",84.93,28,18-1,250,,,반포대로 275,0,00275,00000,2121003,2,11650,11650,반포동,,전월세,201307,2013-07-11,26,25.7,40000,250,월세
래미안퍼스티지,11650-3559,2009,,,15,7,2013,"70,000",84.93,14,18-1,80,,,반포대로 275,0,00275,00000,2121003,2,11650,11650,반포동,,전월세,201307,2013-07-15,26,25.7,70000,80,월세
래미안퍼스티지,11650-3559,2009,,,18,7,2013,"85,000",135.92,19,18-1,200,,,반포대로 275,0,00275,00000,2121003,2,11650,11650,반포동,,전월세,201307,2013-07-18,41,41.1,85000,200,월세
래미안퍼스티지,11650-3559,2009,,,19,7,2013,"30,000",59.96,7,18-1,165,,,반포대로 275,0,00275,00000,2121003,2,11650,11650,반포동,,전월세,201307,2013-07-19,18,18.1,30000,165,월세
래미안퍼스티지,11650-3559,2009,,,20,7,2013,"70,000",84.93,25,18-1,50,,,반포대로 275,0,00275,00000,2121003,2,11650,11650,반포동,,전월세,201307,2013-07-20,26,25.7,70000,50,월세
래미안퍼스티지,11650-3559,2009,,,20,7,2013,"45,000",84.93,21,18-1,185,,,반포대로 275,0,00275,00000,2121003,2,11650,11650,반포동,,전월세,201307,2013-07-20,26,25.7,45000,185,월세
래미안퍼스티지,11650-3559,2009,,,20,7,2013,"45,000",84.93,15,18-1,180,,,반포대로 275,0,00275,00000,2121003,2,11650,11650,반포동,,전월세,201307,2013-07-20,26,25.7,45000,180,월세
래미안퍼스티지,11650-3559,2009,,,23,7,2013,"30,000",59.89,14,18-1,170,,,반포대로 275,0,00275,00000,2121003,2,11650,11650,반포동,,전월세,201307,2013-07-23,18,18.1,30000,170,월세
래미안퍼스티지,11650-3559,2009,,,23,7,2013,"72,000",84.93,24,18-1,50,,,반포대로 275,0,00275,00000,2121003,2,11650,11650,반포동,,전월세,201307,2013-07-23,26,25.7,72000,50,월세
래미안퍼스티지,11650-3559,2009,,,24,7,2013,"10,000",84.93,25,18-1,320,,,반포대로 275,0,00275,00000,2121003,2,11650,11650,반포동,,전월세,201307,2013-07-24,26,25.7,10000,320,월세
래미안퍼스티지,11650-3559,2009,,,25,7,2013,"55,000",59.89,23,18-1,50,,,반포대로 275,0,00275,00000,2121003,2,11650,11650,반포동,,전월세,201307,2013-07-25,18,18.1,55000,50,월세
래미안퍼스티지,11650-3559,2009,,,25,7,2013,"33,000",84.93,28,18-1,230,,,반포대로 275,0,00275,00000,2121003,2,11650,11650,반포동,,전월세,201307,2013-07-25,26,25.7,33000,230,월세
래미안퍼스티지,11650-3559,2009,,,25,7,2013,"43,000",84.93,24,18-1,170,,,반포대로 275,0,00275,00000,2121003,2,11650,11650,반포동,,전월세,201307,2013-07-25,26,25.7,43000,170,월세
래미안퍼스티지,11650-3559,2009,,,26,7,2013,"15,000",59.96,5,18-1,200,,,반포대로 275,0,00275,00000,2121003,2,11650,11650,반포동,,전월세,201307,2013-07-26,18,18.1,15000,200,월세
래미안퍼스티지,11650-3559,2009,,,27,7,2013,"78,000",84.93,9,18-1,70,,,반포대로 275,0,00275,00000,2121003,2,11650,11650,반포동,,전월세,201307,2013-07-27,26,25.7,78000,70,월세
래미안퍼스티지,11650-3559,2009,,,28,7,2013,"100,000",198.22,15,18-1,150,,,반포대로 275,0,00275,00000,2121003,2,11650,11650,반포동,,전월세,201307,2013-07-28,60,60.0,100000,150,월세
래미안퍼스티지,11650-3559,2009,,,30,7,2013,"60,000",115.65,11,18-1,250,,,반포대로 275,0,00275,00000,2121003,2,11650,11650,반포동,,전월세,201307,2013-07-30,35,35.0,60000,250,월세
래미안퍼스티지,11650-3559,2009,,,2,8,2013,"55,000",84.93,13,18-1,120,,,반포대로 275,0,00275,00000,2121003,2,11650,11650,반포동,,전월세,201308,2013-08-02,26,25.7,55000,120,월세
래미안퍼스티지,11650-3559,2009,,,3,8,2013,"70,000",84.93,27,18-1,90,,,반포대로 275,0,00275,00000,2121003,2,11650,11650,반포동,,전월세,201308,2013-08-03,26,25.7,70000,90,월세
래미안퍼스티지,11650-3559,2009,,,5,8,2013,"50,000",84.93,20,18-1,150,,,반포대로 275,0,00275,00000,2121003,2,11650,11650,반포동,,전월세,201308,2013-08-05,26,25.7,50000,150,월세
래미안퍼스티지,11650-3559,2009,,,6,8,2013,"100,000",169.31,30,18-1,200,,,반포대로 275,0,00275,00000,2121003,2,11650,11650,반포동,,전월세,201308,2013-08-06,51,51.2,100000,200,월세
래미안퍼스티지,11650-3559,2009,,,9,8,2013,"10,000",135.92,25,18-1,500,,,반포대로 275,0,00275,00000,2121003,2,11650,11650,반포동,,전월세,201308,2013-08-09,41,41.1,10000,500,월세
래미안퍼스티지,11650-3559,2009,,,10,8,2013,"110,000",135.92,29,18-1,120,,,반포대로 275,0,00275,00000,2121003,2,11650,11650,반포동,,전월세,201308,2013-08-10,41,41.1,110000,120,월세
래미안퍼스티지,11650-3559,2009,,,10,8,2013,"62,000",59.98,23,18-1,25,,,반포대로 275,0,00275,00000,2121003,2,11650,11650,반포동,,전월세,201308,2013-08-10,18,18.1,62000,25,월세
래미안퍼스티지,11650-3559,2009,13.08~15.08,신규,11,8,2013,"50,000",84.93,27,18-1,150,,,반포대로 275,0,00275,00000,2121003,2,11650,11650,반포동,,전월세,201308,2013-08-11,26,25.7,50000,150,월세
래미안퍼스티지,11650-3559,2009,,,20,8,2013,"40,000",84.93,29,18-1,190,,,반포대로 275,0,00275,00000,2121003,2,11650,11650,반포동,,전월세,201308,2013-08-20,26,25.7,40000,190,월세
래미안퍼스티지,11650-3559,2009,,,22,8,2013,"135,000",198.22,20,18-1,60,,,반포대로 275,0,00275,00000,2121003,2,11650,11650,반포동,,전월세,201308,2013-08-22,60,60.0,135000,60,월세
래미안퍼스티지,11650-3559,2009,,,24,8,2013,"50,000",84.93,6,18-1,170,,,반포대로 275,0,00275,00000,2121003,2,11650,11650,반포동,,전월세,201308,2013-08-24,26,25.7,50000,170,월세
래미안퍼스티지,11650-3559,2009,,,25,8,2013,"3,000",198.22,23,18-1,660,,,반포대로 275,0,00275,00000,2121003,2,11650,11650,반포동,,전월세,201308,2013-08-25,60,60.0,3000,660,월세
래미안퍼스티지,11650-3559,2009,,,26,8,2013,"90,000",168.65,6,18-1,200,,,반포대로 275,0,00275,00000,2121003,2,11650,11650,반포동,,전월세,201308,2013-08-26,51,51.0,90000,200,월세
래미안퍼스티지,11650-3559,2009,,,27,8,2013,"50,000",222.76,22,18-1,500,,,반포대로 275,0,00275,00000,2121003,2,11650,11650,반포동,,전월세,201308,2013-08-27,67,67.4,50000,500,월세
래미안퍼스티지,11650-3559,2009,,,27,8,2013,"40,000",84.93,11,18-1,200,,,반포대로 275,0,00275,00000,2121003,2,11650,11650,반포동,,전월세,201308,2013-08-27,26,25.7,40000,200,월세
래미안퍼스티지,11650-3559,2009,,,28,8,2013,"50,000",84.93,30,18-1,180,,,반포대로 275,0,00275,00000,2121003,2,11650,11650,반포동,,전월세,201308,2013-08-28,26,25.7,50000,180,월세
래미안퍼스티지,11650-3559,2009,,,29,8,2013,"84,000",84.93,28,18-1,20,,,반포대로 275,0,00275,00000,2121003,2,11650,11650,반포동,,전월세,201308,2013-08-29,26,25.7,84000,20,월세
래미안퍼스티지,11650-3559,2009,,,31,8,2013,"150,000",222.76,26,18-1,150,,,반포대로 275,0,00275,00000,2121003,2,11650,11650,반포동,,전월세,201308,2013-08-31,67,67.4,150000,150,월세
래미안퍼스티지,11650-3559,2009,,,2,9,2013,"40,000",135.92,28,18-1,380,,,반포대로 275,0,00275,00000,2121003,2,11650,11650,반포동,,전월세,201309,2013-09-02,41,41.1,40000,380,월세
래미안퍼스티지,11650-3559,2009,,,2,9,2013,"40,000",84.93,28,18-1,200,,,반포대로 275,0,00275,00000,2121003,2,11650,11650,반포동,,전월세,201309,2013-09-02,26,25.7,40000,200,월세
래미안퍼스티지,11650-3559,2009,,,4,9,2013,"40,000",117.12,15,18-1,370,,,반포대로 275,0,00275,00000,2121003,2,11650,11650,반포동,,전월세,201309,2013-09-04,35,35.4,40000,370,월세
래미안퍼스티지,11650-3559,2009,,,5,9,2013,"110,000",135.92,19,18-1,100,,,반포대로 275,0,00275,00000,2121003,2,11650,11650,반포동,,전월세,201309,2013-09-05,41,41.1,110000,100,월세
래미안퍼스티지,11650-3559,2009,,,6,9,2013,"10,000",84.93,7,18-1,310,,,반포대로 275,0,00275,00000,2121003,2,11650,11650,반포동,,전월세,201309,2013-09-06,26,25.7,10000,310,월세
래미안퍼스티지,11650-3559,2009,,,11,9,2013,"80,000",198.04,12,18-1,280,,,반포대로 275,0,00275,00000,2121003,2,11650,11650,반포동,,전월세,201309,2013-09-11,60,59.9,80000,280,월세
래미안퍼스티지,11650-3559,2009,,,23,9,2013,"3,000",84.93,28,18-1,370,,,반포대로 275,0,00275,00000,2121003,2,11650,11650,반포동,,전월세,201309,2013-09-23,26,25.7,3000,370,월세
래미안퍼스티지,11650-3559,2009,,,1,10,2013,"100,000",198.04,9,18-1,190,,,반포대로 275,0,00275,00000,2121003,2,11650,11650,반포동,,전월세,201310,2013-10-01,60,59.9,100000,190,월세
래미안퍼스티지,11650-3559,2009,,,2,10,2013,"8,000",59.89,23,18-1,250,,,반포대로 275,0,00275,00000,2121003,2,11650,11650,반포동,,전월세,201310,2013-10-02,18,18.1,8000,250,월세
래미안퍼스티지,11650-3559,2009,,,3,10,2013,"45,000",84.93,15,18-1,225,,,반포대로 275,0,00275,00000,2121003,2,11650,11650,반포동,,전월세,201310,2013-10-03,26,25.7,45000,225,월세
래미안퍼스티지,11650-3559,2009,,,4,10,2013,"10,000",59.96,20,18-1,250,,,반포대로 275,0,00275,00000,2121003,2,11650,11650,반포동,,전월세,201310,2013-10-04,18,18.1,10000,250,월세
래미안퍼스티지,11650-3559,2009,,,24,10,2013,"20,000",135.92,16,18-1,500,,,반포대로 275,0,00275,00000,2121003,2,11650,11650,반포동,,전월세,201310,2013-10-24,41,41.1,20000,500,월세
래미안퍼스티지,11650-3559,2009,13.12~15.12,신규,26,10,2013,"10,000",84.93,26,18-1,350,,,반포대로 275,0,00275,00000,2121003,2,11650,11650,반포동,,전월세,201310,2013-10-26,26,25.7,10000,350,월세
래미안퍼스티지,11650-3559,2009,,,26,10,2013,"10,000",84.93,13,18-1,335,,,반포대로 275,0,00275,00000,2121003,2,11650,11650,반포동,,전월세,201310,2013-10-26,26,25.7,10000,335,월세
래미안퍼스티지,11650-3559,2009,,,30,10,2013,"100,000",198.22,16,18-1,280,,,반포대로 275,0,00275,00000,2121003,2,11650,11650,반포동,,전월세,201310,2013-10-30,60,60.0,100000,280,월세
래미안퍼스티지,11650-3559,2009,,,31,10,2013,"20,000",222.76,10,18-1,690,,,반포대로 275,0,00275,00000,2121003,2,11650,11650,반포동,,전월세,201310,2013-10-31,67,67.4,20000,690,월세
래미안퍼스티지,11650-3559,2009,,,1,11,2013,"40,000",84.93,8,18-1,240,,,반포대로 275,0,00275,00000,2121003,2,11650,11650,반포동,,전월세,201311,2013-11-01,26,25.7,40000,240,월세
래미안퍼스티지,11650-3559,2009,,,12,11,2013,"46,000",59.89,26,18-1,120,,,반포대로 275,0,00275,00000,2121003,2,11650,11650,반포동,,전월세,201311,2013-11-12,18,18.1,46000,120,월세
래미안퍼스티지,11650-3559,2009,,,14,11,2013,"80,000",84.93,14,18-1,80,,,반포대로 275,0,00275,00000,2121003,2,11650,11650,반포동,,전월세,201311,2013-11-14,26,25.7,80000,80,월세
래미안퍼스티지,11650-3559,2009,,,3,12,2013,"50,000",135.92,6,18-1,370,,,반포대로 275,0,00275,00000,2121003,2,11650,11650,반포동,,전월세,201312,2013-12-03,41,41.1,50000,370,월세
래미안퍼스티지,11650-3559,2009,,,4,12,2013,"130,000",169.31,10,18-1,150,,,반포대로 275,0,00275,00000,2121003,2,11650,11650,반포동,,전월세,201312,2013-12-04,51,51.2,130000,150,월세
래미안퍼스티지,11650-3559,2009,,,9,12,2013,"40,000",84.93,28,18-1,230,,,반포대로 275,0,00275,00000,2121003,2,11650,11650,반포동,,전월세,201312,2013-12-09,26,25.7,40000,230,월세
래미안퍼스티지,11650-3559,2009,,,10,12,2013,"10,000",59.96,6,18-1,260,,,반포대로 275,0,00275,00000,2121003,2,11650,11650,반포동,,전월세,201312,2013-12-10,18,18.1,10000,260,월세
래미안퍼스티지,11650-3559,2009,,,12,12,2013,"70,000",198.04,4,18-1,450,,,반포대로 275,0,00275,00000,2121003,2,11650,11650,반포동,,전월세,201312,2013-12-12,60,59.9,70000,450,월세
래미안퍼스티지,11650-3559,2009,,,14,12,2013,"10,000",84.93,12,18-1,300,,,반포대로 275,0,00275,00000,2121003,2,11650,11650,반포동,,전월세,201312,2013-12-14,26,25.7,10000,300,월세
래미안퍼스티지,11650-3559,2009,,,16,12,2013,"20,000",84.93,22,18-1,300,,,반포대로 275,0,00275,00000,2121003,2,11650,11650,반포동,,전월세,201312,2013-12-16,26,25.7,20000,300,월세
래미안퍼스티지,11650-3559,2009,,,16,12,2013,"70,000",84.93,23,18-1,110,,,반포대로 275,0,00275,00000,2121003,2,11650,11650,반포동,,전월세,201312,2013-12-16,26,25.7,70000,110,월세
래미안퍼스티지,11650-3559,2009,,,18,12,2013,"80,000",84.93,11,18-1,90,,,반포대로 275,0,00275,00000,2121003,2,11650,11650,반포동,,전월세,201312,2013-12-18,26,25.7,80000,90,월세
래미안퍼스티지,11650-3559,2009,,,21,12,2013,"70,000",169.31,19,18-1,400,,,반포대로 275,0,00275,00000,2121003,2,11650,11650,반포동,,전월세,201312,2013-12-21,51,51.2,70000,400,월세
래미안퍼스티지,11650-3559,2009,,,21,12,2013,"50,000",59.96,24,18-1,98,,,반포대로 275,0,00275,00000,2121003,2,11650,11650,반포동,,전월세,201312,2013-12-21,18,18.1,50000,98,월세
래미안퍼스티지,11650-3559,2009,,,21,12,2013,"70,000",84.93,29,18-1,100,,,반포대로 275,0,00275,00000,2121003,2,11650,11650,반포동,,전월세,201312,2013-12-21,26,25.7,70000,100,월세
래미안퍼스티지,11650-3559,2009,,,24,12,2013,"60,000",84.93,15,18-1,155,,,반포대로 275,0,00275,00000,2121003,2,11650,11650,반포동,,전월세,201312,2013-12-24,26,25.7,60000,155,월세
래미안퍼스티지,11650-3559,2009,,,26,12,2013,"10,000",84.76,25,18-1,340,,,반포대로 275,0,00275,00000,2121003,2,11650,11650,반포동,,전월세,201312,2013-12-26,26,25.6,10000,340,월세
래미안퍼스티지,11650-3559,2009,,,26,12,2013,"75,000",84.93,5,18-1,90,,,반포대로 275,0,00275,00000,2121003,2,11650,11650,반포동,,전월세,201312,2013-12-26,26,25.7,75000,90,월세
래미안퍼스티지,11650-3559,2009,14.02~16.02,신규,28,12,2013,"50,000",84.93,24,18-1,160,,,반포대로 275,0,00275,00000,2121003,2,11650,11650,반포동,,전월세,201312,2013-12-28,26,25.7,50000,160,월세
래미안퍼스티지,11650-3559,2009,,,30,12,2013,"40,000",84.93,25,18-1,270,,,반포대로 275,0,00275,00000,2121003,2,11650,11650,반포동,,전월세,201312,2013-12-30,26,25.7,40000,270,월세
래미안퍼스티지,11650-3559,2009,,,7,1,2014,"140,000",198.22,10,18-1,150,,,반포대로 275,0,00275,00000,2121003,2,11650,11650,반포동,,전월세,201401,2014-01-07,60,60.0,140000,150,월세
래미안퍼스티지,11650-3559,2009,,,7,1,2014,"15,000",84.93,11,18-1,380,,,반포대로 275,0,00275,00000,2121003,2,11650,11650,반포동,,전월세,201401,2014-01-07,26,25.7,15000,380,월세
래미안퍼스티지,11650-3559,2009,,,9,1,2014,"155,000",222.76,11,18-1,90,,,반포대로 275,0,00275,00000,2121003,2,11650,11650,반포동,,전월세,201401,2014-01-09,67,67.4,155000,90,월세
래미안퍼스티지,11650-3559,2009,,,10,1,2014,"35,000",84.93,17,18-1,225,,,반포대로 275,0,00275,00000,2121003,2,11650,11650,반포동,,전월세,201401,2014-01-10,26,25.7,35000,225,월세
래미안퍼스티지,11650-3559,2009,,,13,1,2014,"20,000",84.93,2,18-1,320,,,반포대로 275,0,00275,00000,2121003,2,11650,11650,반포동,,전월세,201401,2014-01-13,26,25.7,20000,320,월세
래미안퍼스티지,11650-3559,2009,,,16,1,2014,"20,000",84.93,8,18-1,300,,,반포대로 275,0,00275,00000,2121003,2,11650,11650,반포동,,전월세,201401,2014-01-16,26,25.7,20000,300,월세
래미안퍼스티지,11650-3559,2009,,,17,1,2014,"110,000",117.12,16,18-1,100,,,반포대로 275,0,00275,00000,2121003,2,11650,11650,반포동,,전월세,201401,2014-01-17,35,35.4,110000,100,월세
래미안퍼스티지,11650-3559,2009,,,17,1,2014,"40,000",84.93,29,18-1,250,,,반포대로 275,0,00275,00000,2121003,2,11650,11650,반포동,,전월세,201401,2014-01-17,26,25.7,40000,250,월세
래미안퍼스티지,11650-3559,2009,,,20,1,2014,"50,000",84.93,26,18-1,180,,,반포대로 275,0,00275,00000,2121003,2,11650,11650,반포동,,전월세,201401,2014-01-20,26,25.7,50000,180,월세
래미안퍼스티지,11650-3559,2009,,,28,1,2014,"40,000",84.93,3,18-1,230,,,반포대로 275,0,00275,00000,2121003,2,11650,11650,반포동,,전월세,201401,2014-01-28,26,25.7,40000,230,월세
래미안퍼스티지,11650-3559,2009,,,7,2,2014,"40,000",59.89,12,18-1,140,,,반포대로 275,0,00275,00000,2121003,2,11650,11650,반포동,,전월세,201402,2014-02-07,18,18.1,40000,140,월세
래미안퍼스티지,11650-3559,2009,,,8,2,2014,"100,000",198.04,8,18-1,250,,,반포대로 275,0,00275,00000,2121003,2,11650,11650,반포동,,전월세,201402,2014-02-08,60,59.9,100000,250,월세
래미안퍼스티지,11650-3559,2009,,,8,2,2014,"140,000",222.76,19,18-1,200,,,반포대로 275,0,00275,00000,2121003,2,11650,11650,반포동,,전월세,201402,2014-02-08,67,67.4,140000,200,월세
래미안퍼스티지,11650-3559,2009,,,14,2,2014,"70,000",135.92,23,18-1,250,,,반포대로 275,0,00275,00000,2121003,2,11650,11650,반포동,,전월세,201402,2014-02-14,41,41.1,70000,250,월세
래미안퍼스티지,11650-3559,2009,,,15,2,2014,"40,000",84.93,10,18-1,240,,,반포대로 275,0,00275,00000,2121003,2,11650,11650,반포동,,전월세,201402,2014-02-15,26,25.7,40000,240,월세
래미안퍼스티지,11650-3559,2009,,,8,3,2014,"10,000",84.93,14,18-1,330,,,반포대로 275,0,00275,00000,2121003,2,11650,11650,반포동,,전월세,201403,2014-03-08,26,25.7,10000,330,월세
래미안퍼스티지,11650-3559,2009,,,10,3,2014,"30,000",84.93,10,18-1,280,,,반포대로 275,0,00275,00000,2121003,2,11650,11650,반포동,,전월세,201403,2014-03-10,26,25.7,30000,280,월세
래미안퍼스티지,11650-3559,2009,,,15,3,2014,"20,000",198.04,4,18-1,550,,,반포대로 275,0,00275,00000,2121003,2,11650,11650,반포동,,전월세,201403,2014-03-15,60,59.9,20000,550,월세
래미안퍼스티지,11650-3559,2009,,,18,3,2014,"25,000",168.65,4,18-1,500,,,반포대로 275,0,00275,00000,2121003,2,11650,11650,반포동,,전월세,201403,2014-03-18,51,51.0,25000,500,월세
래미안퍼스티지,11650-3559,2009,,,26,3,2014,"60,000",59.96,13,18-1,65,,,반포대로 275,0,00275,00000,2121003,2,11650,11650,반포동,,전월세,201403,2014-03-26,18,18.1,60000,65,월세
래미안퍼스티지,11650-3559,2009,,,1,4,2014,"70,000",84.93,26,18-1,100,,,반포대로 275,0,00275,00000,2121003,2,11650,11650,반포동,,전월세,201404,2014-04-01,26,25.7,70000,100,월세
래미안퍼스티지,11650-3559,2009,,,1,4,2014,"40,000",84.93,12,18-1,240,,,반포대로 275,0,00275,00000,2121003,2,11650,11650,반포동,,전월세,201404,2014-04-01,26,25.7,40000,240,월세
래미안퍼스티지,11650-3559,2009,,,3,4,2014,"90,000",135.92,11,18-1,250,,,반포대로 275,0,00275,00000,2121003,2,11650,11650,반포동,,전월세,201404,2014-04-03,41,41.1,90000,250,월세
래미안퍼스티지,11650-3559,2009,14.06~16.06,신규,22,4,2014,"100,000",222.76,2,18-1,400,,,반포대로 275,0,00275,00000,2121003,2,11650,11650,반포동,,전월세,201404,2014-04-22,67,67.4,100000,400,월세
래미안퍼스티지,11650-3559,2009,,,26,4,2014,"10,000",84.93,21,18-1,350,,,반포대로 275,0,00275,00000,2121003,2,11650,11650,반포동,,전월세,201404,2014-04-26,26,25.7,10000,350,월세
래미안퍼스티지,11650-3559,2009,,,1,5,2014,"58,000",59.89,22,18-1,45,,,반포대로 275,0,00275,00000,2121003,2,11650,11650,반포동,,전월세,201405,2014-05-01,18,18.1,58000,45,월세
래미안퍼스티지,11650-3559,2009,,,5,5,2014,"50,000",168.65,10,18-1,510,,,반포대로 275,0,00275,00000,2121003,2,11650,11650,반포동,,전월세,201405,2014-05-05,51,51.0,50000,510,월세
래미안퍼스티지,11650-3559,2009,,,13,5,2014,"90,000",117.12,24,18-1,150,,,반포대로 275,0,00275,00000,2121003,2,11650,11650,반포동,,전월세,201405,2014-05-13,35,35.4,90000,150,월세
래미안퍼스티지,11650-3559,2009,,,2,6,2014,"37,000",84.93,15,18-1,230,,,반포대로 275,0,00275,00000,2121003,2,11650,11650,반포동,,전월세,201406,2014-06-02,26,25.7,37000,230,월세
래미안퍼스티지,11650-3559,2009,,,16,6,2014,"80,000",84.93,11,18-1,100,,,반포대로 275,0,00275,00000,2121003,2,11650,11650,반포동,,전월세,201406,2014-06-16,26,25.7,80000,100,월세
래미안퍼스티지,11650-3559,2009,14.06~16.06,신규,16,6,2014,"5,000",84.93,23,18-1,380,,,반포대로 275,0,00275,00000,2121003,2,11650,11650,반포동,,전월세,201406,2014-06-16,26,25.7,5000,380,월세
래미안퍼스티지,11650-3559,2009,,,18,6,2014,"60,000",84.93,9,18-1,160,,,반포대로 275,0,00275,00000,2121003,2,11650,11650,반포동,,전월세,201406,2014-06-18,26,25.7,60000,160,월세
래미안퍼스티지,11650-3559,2009,,,21,6,2014,"30,000",84.93,20,18-1,290,,,반포대로 275,0,00275,00000,2121003,2,11650,11650,반포동,,전월세,201406,2014-06-21,26,25.7,30000,290,월세
래미안퍼스티지,11650-3559,2009,,,24,6,2014,"50,000",59.96,14,18-1,130,,,반포대로 275,0,00275,00000,2121003,2,11650,11650,반포동,,전월세,201406,2014-06-24,18,18.1,50000,130,월세
래미안퍼스티지,11650-3559,2009,,,26,6,2014,"50,000",169.31,11,18-1,500,,,반포대로 275,0,00275,00000,2121003,2,11650,11650,반포동,,전월세,201406,2014-06-26,51,51.2,50000,500,월세
래미안퍼스티지,11650-3559,2009,,,26,6,2014,"30,000",84.93,8,18-1,250,,,반포대로 275,0,00275,00000,2121003,2,11650,11650,반포동,,전월세,201406,2014-06-26,26,25.7,30000,250,월세
래미안퍼스티지,11650-3559,2009,,,2,7,2014,"10,000",168.65,6,18-1,690,,,반포대로 275,0,00275,00000,2121003,2,11650,11650,반포동,,전월세,201407,2014-07-02,51,51.0,10000,690,월세
래미안퍼스티지,11650-3559,2009,,,4,7,2014,"30,000",84.93,22,18-1,300,,,반포대로 275,0,00275,00000,2121003,2,11650,11650,반포동,,전월세,201407,2014-07-04,26,25.7,30000,300,월세
래미안퍼스티지,11650-3559,2009,,,4,7,2014,"50,000",84.93,29,18-1,220,,,반포대로 275,0,00275,00000,2121003,2,11650,11650,반포동,,전월세,201407,2014-07-04,26,25.7,50000,220,월세
래미안퍼스티지,11650-3559,2009,,,7,7,2014,"50,000",135.92,29,18-1,450,,,반포대로 275,0,00275,00000,2121003,2,11650,11650,반포동,,전월세,201407,2014-07-07,41,41.1,50000,450,월세
래미안퍼스티지,11650-3559,2009,,,7,7,2014,"10,000",59.96,13,18-1,275,,,반포대로 275,0,00275,00000,2121003,2,11650,11650,반포동,,전월세,201407,2014-07-07,18,18.1,10000,275,월세
래미안퍼스티지,11650-3559,2009,,,8,7,2014,"70,000",84.93,28,18-1,120,,,반포대로 275,0,00275,00000,2121003,2,11650,11650,반포동,,전월세,201407,2014-07-08,26,25.7,70000,120,월세
래미안퍼스티지,11650-3559,2009,,,15,7,2014,"50,000",198.04,12,18-1,550,,,반포대로 275,0,00275,00000,2121003,2,11650,11650,반포동,,전월세,201407,2014-07-15,60,59.9,50000,550,월세
래미안퍼스티지,11650-3559,2009,,,16,7,2014,"10,000",84.93,17,18-1,350,,,반포대로 275,0,00275,00000,2121003,2,11650,11650,반포동,,전월세,201407,2014-07-16,26,25.7,10000,350,월세
래미안퍼스티지,11650-3559,2009,,,19,7,2014,"2,000",84.93,8,18-1,350,,,반포대로 275,0,00275,00000,2121003,2,11650,11650,반포동,,전월세,201407,2014-07-19,26,25.7,2000,350,월세
래미안퍼스티지,11650-3559,2009,,,26,7,2014,"81,000",84.93,28,18-1,70,,,반포대로 275,0,00275,00000,2121003,2,11650,11650,반포동,,전월세,201407,2014-07-26,26,25.7,81000,70,월세
래미안퍼스티지,11650-3559,2009,,,30,7,2014,"10,000",84.93,12,18-1,330,,,반포대로 275,0,00275,00000,2121003,2,11650,11650,반포동,,전월세,201407,2014-07-30,26,25.7,10000,330,월세
래미안퍼스티지,11650-3559,2009,,,31,7,2014,"70,000",84.93,14,18-1,140,,,반포대로 275,0,00275,00000,2121003,2,11650,11650,반포동,,전월세,201407,2014-07-31,26,25.7,70000,140,월세
래미안퍼스티지,11650-3559,2009,,,2,8,2014,"90,000",117.12,23,18-1,150,,,반포대로 275,0,00275,00000,2121003,2,11650,11650,반포동,,전월세,201408,2014-08-02,35,35.4,90000,150,월세
래미안퍼스티지,11650-3559,2009,,,2,8,2014,"40,000",84.93,19,18-1,240,,,반포대로 275,0,00275,00000,2121003,2,11650,11650,반포동,,전월세,201408,2014-08-02,26,25.7,40000,240,월세
래미안퍼스티지,11650-3559,2009,,,4,8,2014,"45,000",135.92,24,18-1,470,,,반포대로 275,0,00275,00000,2121003,2,11650,11650,반포동,,전월세,201408,2014-08-04,41,41.1,45000,470,월세
래미안퍼스티지,11650-3559,2009,,,11,8,2014,"10,000",84.93,5,18-1,340,,,반포대로 275,0,00275,00000,2121003,2,11650,11650,반포동,,전월세,201408,2014-08-11,26,25.7,10000,340,월세
래미안퍼스티지,11650-3559,2009,,,13,8,2014,"10,000",84.93,20,18-1,380,,,반포대로 275,0,00275,00000,2121003,2,11650,11650,반포동,,전월세,201408,2014-08-13,26,25.7,10000,380,월세
래미안퍼스티지,11650-3559,2009,,,14,8,2014,"110,000",168.65,24,18-1,180,,,반포대로 275,0,00275,00000,2121003,2,11650,11650,반포동,,전월세,201408,2014-08-14,51,51.0,110000,180,월세
래미안퍼스티지,11650-3559,2009,,,15,8,2014,"120,000",169.31,18,18-1,185,,,반포대로 275,0,00275,00000,2121003,2,11650,11650,반포동,,전월세,201408,2014-08-15,51,51.2,120000,185,월세
래미안퍼스티지,11650-3559,2009,,,22,8,2014,"100,000",135.92,15,18-1,230,,,반포대로 275,0,00275,00000,2121003,2,11650,11650,반포동,,전월세,201408,2014-08-22,41,41.1,100000,230,월세
래미안퍼스티지,11650-3559,2009,,,22,8,2014,"120,000",198.04,19,18-1,400,,,반포대로 275,0,00275,00000,2121003,2,11650,11650,반포동,,전월세,201408,2014-08-22,60,59.9,120000,400,월세
래미안퍼스티지,11650-3559,2009,,,25,8,2014,"10,000",84.93,21,18-1,400,,,반포대로 275,0,00275,00000,2121003,2,11650,11650,반포동,,전월세,201408,2014-08-25,26,25.7,10000,400,월세
래미안퍼스티지,11650-3559,2009,,,26,8,2014,"65,000",84.93,3,18-1,160,,,반포대로 275,0,00275,00000,2121003,2,11650,11650,반포동,,전월세,201408,2014-08-26,26,25.7,65000,160,월세
래미안퍼스티지,11650-3559,2009,,,28,8,2014,"60,000",198.22,4,18-1,500,,,반포대로 275,0,00275,00000,2121003,2,11650,11650,반포동,,전월세,201408,2014-08-28,60,60.0,60000,500,월세
래미안퍼스티지,11650-3559,2009,,,31,8,2014,"50,000",84.93,27,18-1,210,,,반포대로 275,0,00275,00000,2121003,2,11650,11650,반포동,,전월세,201408,2014-08-31,26,25.7,50000,210,월세
래미안퍼스티지,11650-3559,2009,,,18,9,2014,"10,000",59.89,11,18-1,295,,,반포대로 275,0,00275,00000,2121003,2,11650,11650,반포동,,전월세,201409,2014-09-18,18,18.1,10000,295,월세
래미안퍼스티지,11650-3559,2009,,,22,9,2014,"140,000",136.65,26,18-1,100,,,반포대로 275,0,00275,00000,2121003,2,11650,11650,반포동,,전월세,201409,2014-09-22,41,41.3,140000,100,월세
래미안퍼스티지,11650-3559,2009,,,24,9,2014,"10,000",84.93,9,18-1,360,,,반포대로 275,0,00275,00000,2121003,2,11650,11650,반포동,,전월세,201409,2014-09-24,26,25.7,10000,360,월세
래미안퍼스티지,11650-3559,2009,,,26,9,2014,"97,000",198.04,18,18-1,320,,,반포대로 275,0,00275,00000,2121003,2,11650,11650,반포동,,전월세,201409,2014-09-26,60,59.9,97000,320,월세
래미안퍼스티지,11650-3559,2009,,,13,10,2014,"70,000",84.93,10,18-1,140,,,반포대로 275,0,00275,00000,2121003,2,11650,11650,반포동,,전월세,201410,2014-10-13,26,25.7,70000,140,월세
래미안퍼스티지,11650-3559,2009,,,14,10,2014,"50,000",168.65,20,18-1,500,,,반포대로 275,0,00275,00000,2121003,2,11650,11650,반포동,,전월세,201410,2014-10-14,51,51.0,50000,500,월세
래미안퍼스티지,11650-3559,2009,,,20,10,2014,"35,000",59.96,9,18-1,170,,,반포대로 275,0,00275,00000,2121003,2,11650,11650,반포동,,전월세,201410,2014-10-20,18,18.1,35000,170,월세
래미안퍼스티지,11650-3559,2009,,,27,10,2014,"20,000",84.93,2,18-1,340,,,반포대로 275,0,00275,00000,2121003,2,11650,11650,반포동,,전월세,201410,2014-10-27,26,25.7,20000,340,월세
래미안퍼스티지,11650-3559,2009,,,1,11,2014,"70,000",135.92,30,18-1,400,,,반포대로 275,0,00275,00000,2121003,2,11650,11650,반포동,,전월세,201411,2014-11-01,41,41.1,70000,400,월세
래미안퍼스티지,11650-3559,2009,,,16,11,2014,"20,000",59.89,15,18-1,280,,,반포대로 275,0,00275,00000,2121003,2,11650,11650,반포동,,전월세,201411,2014-11-16,18,18.1,20000,280,월세
래미안퍼스티지,11650-3559,2009,,,22,11,2014,"81,000",84.93,28,18-1,80,,,반포대로 275,0,00275,00000,2121003,2,11650,11650,반포동,,전월세,201411,2014-11-22,26,25.7,81000,80,월세
래미안퍼스티지,11650-3559,2009,,,22,11,2014,"40,000",84.93,16,18-1,185,,,반포대로 275,0,00275,00000,2121003,2,11650,11650,반포동,,전월세,201411,2014-11-22,26,25.7,40000,185,월세
래미안퍼스티지,11650-3559,2009,,,1,12,2014,"80,000",168.65,12,18-1,420,,,반포대로 275,0,00275,00000,2121003,2,11650,11650,반포동,,전월세,201412,2014-12-01,51,51.0,80000,420,월세
래미안퍼스티지,11650-3559,2009,,,1,12,2014,"50,000",84.76,22,18-1,250,,,반포대로 275,0,00275,00000,2121003,2,11650,11650,반포동,,전월세,201412,2014-12-01,26,25.6,50000,250,월세
래미안퍼스티지,11650-3559,2009,,,2,12,2014,"10,000",135.92,4,18-1,550,,,반포대로 275,0,00275,00000,2121003,2,11650,11650,반포동,,전월세,201412,2014-12-02,41,41.1,10000,550,월세
래미안퍼스티지,11650-3559,2009,,,4,12,2014,"50,000",59.89,30,18-1,150,,,반포대로 275,0,00275,00000,2121003,2,11650,11650,반포동,,전월세,201412,2014-12-04,18,18.1,50000,150,월세
래미안퍼스티지,11650-3559,2009,,,6,12,2014,"50,000",59.96,3,18-1,130,,,반포대로 275,0,00275,00000,2121003,2,11650,11650,반포동,,전월세,201412,2014-12-06,18,18.1,50000,130,월세
래미안퍼스티지,11650-3559,2009,,,11,12,2014,"80,000",169.31,6,18-1,500,,,반포대로 275,0,00275,00000,2121003,2,11650,11650,반포동,,전월세,201412,2014-12-11,51,51.2,80000,500,월세
래미안퍼스티지,11650-3559,2009,,,16,12,2014,"125,000",169.31,2,18-1,260,,,반포대로 275,0,00275,00000,2121003,2,11650,11650,반포동,,전월세,201412,2014-12-16,51,51.2,125000,260,월세
래미안퍼스티지,11650-3559,2009,,,18,12,2014,"15,000",84.93,18,18-1,335,,,반포대로 275,0,00275,00000,2121003,2,11650,11650,반포동,,전월세,201412,2014-12-18,26,25.7,15000,335,월세
래미안퍼스티지,11650-3559,2009,,,22,12,2014,"55,000",84.93,6,18-1,200,,,반포대로 275,0,00275,00000,2121003,2,11650,11650,반포동,,전월세,201412,2014-12-22,26,25.7,55000,200,월세
래미안퍼스티지,11650-3559,2009,,,26,12,2014,"110,000",135.92,14,18-1,200,,,반포대로 275,0,00275,00000,2121003,2,11650,11650,반포동,,전월세,201412,2014-12-26,41,41.1,110000,200,월세
래미안퍼스티지,11650-3559,2009,,,29,12,2014,"60,000",84.93,4,18-1,200,,,반포대로 275,0,00275,00000,2121003,2,11650,11650,반포동,,전월세,201412,2014-12-29,26,25.7,60000,200,월세
래미안퍼스티지,11650-3559,2009,,,5,1,2015,"70,000",84.93,1,18-1,140,,,반포대로 275,0,00275,00000,2121003,2,11650,11650,반포동,,전월세,201501,2015-01-05,26,25.7,70000,140,월세
래미안퍼스티지,11650-3559,2009,,,10,1,2015,"50,000",59.89,5,18-1,130,,,반포대로 275,0,00275,00000,2121003,2,11650,11650,반포동,,전월세,201501,2015-01-10,18,18.1,50000,130,월세
래미안퍼스티지,11650-3559,2009,,,10,1,2015,"30,000",84.93,4,18-1,300,,,반포대로 275,0,00275,00000,2121003,2,11650,11650,반포동,,전월세,201501,2015-01-10,26,25.7,30000,300,월세
래미안퍼스티지,11650-3559,2009,,,19,1,2015,"40,000",84.93,15,18-1,250,,,반포대로 275,0,00275,00000,2121003,2,11650,11650,반포동,,전월세,201501,2015-01-19,26,25.7,40000,250,월세
래미안퍼스티지,11650-3559,2009,,,21,1,2015,"90,000",135.92,7,18-1,350,,,반포대로 275,0,00275,00000,2121003,2,11650,11650,반포동,,전월세,201501,2015-01-21,41,41.1,90000,350,월세
래미안퍼스티지,11650-3559,2009,,,21,1,2015,"160,000",168.65,16,18-1,70,,,반포대로 275,0,00275,00000,2121003,2,11650,11650,반포동,,전월세,201501,2015-01-21,51,51.0,160000,70,월세
래미안퍼스티지,11650-3559,2009,,,21,1,2015,"50,000",59.98,6,18-1,130,,,반포대로 275,0,00275,00000,2121003,2,11650,11650,반포동,,전월세,201501,2015-01-21,18,18.1,50000,130,월세
래미안퍼스티지,11650-3559,2009,,,24,1,2015,"45,000",59.89,30,18-1,180,,,반포대로 275,0,00275,00000,2121003,2,11650,11650,반포동,,전월세,201501,2015-01-24,18,18.1,45000,180,월세
래미안퍼스티지,11650-3559,2009,,,24,1,2015,"10,000",84.93,19,18-1,330,,,반포대로 275,0,00275,00000,2121003,2,11650,11650,반포동,,전월세,201501,2015-01-24,26,25.7,10000,330,월세
래미안퍼스티지,11650-3559,2009,,,26,1,2015,"90,000",84.93,14,18-1,90,,,반포대로 275,0,00275,00000,2121003,2,11650,11650,반포동,,전월세,201501,2015-01-26,26,25.7,90000,90,월세
래미안퍼스티지,11650-3559,2009,,,2,2,2015,"75,000",59.96,12,18-1,50,,,반포대로 275,0,00275,00000,2121003,2,11650,11650,반포동,,전월세,201502,2015-02-02,18,18.1,75000,50,월세
래미안퍼스티지,11650-3559,2009,,,7,2,2015,"10,000",168.65,20,18-1,584,,,반포대로 275,0,00275,00000,2121003,2,11650,11650,반포동,,전월세,201502,2015-02-07,51,51.0,10000,584,월세
래미안퍼스티지,11650-3559,2009,,,9,2,2015,"70,000",59.96,23,18-1,60,,,반포대로 275,0,00275,00000,2121003,2,11650,11650,반포동,,전월세,201502,2015-02-09,18,18.1,70000,60,월세
래미안퍼스티지,11650-3559,2009,,,10,2,2015,"150,000",198.04,13,18-1,200,,,반포대로 275,0,00275,00000,2121003,2,11650,11650,반포동,,전월세,201502,2015-02-10,60,59.9,150000,200,월세
래미안퍼스티지,11650-3559,2009,,,14,2,2015,"160,000",198.22,23,18-1,150,,,반포대로 275,0,00275,00000,2121003,2,11650,11650,반포동,,전월세,201502,2015-02-14,60,60.0,160000,150,월세
래미안퍼스티지,11650-3559,2009,,,14,2,2015,"50,000",84.93,19,18-1,230,,,반포대로 275,0,00275,00000,2121003,2,11650,11650,반포동,,전월세,201502,2015-02-14,26,25.7,50000,230,월세
래미안퍼스티지,11650-3559,2009,,,16,2,2015,"15,000",84.93,17,18-1,360,,,반포대로 275,0,00275,00000,2121003,2,11650,11650,반포동,,전월세,201502,2015-02-16,26,25.7,15000,360,월세
래미안퍼스티지,11650-3559,2009,,,23,2,2015,"90,000",84.93,25,18-1,130,,,반포대로 275,0,00275,00000,2121003,2,11650,11650,반포동,,전월세,201502,2015-02-23,26,25.7,90000,130,월세
래미안퍼스티지,11650-3559,2009,,,28,2,2015,"72,000",59.96,9,18-1,40,,,반포대로 275,0,00275,00000,2121003,2,11650,11650,반포동,,전월세,201502,2015-02-28,18,18.1,72000,40,월세
래미안퍼스티지,11650-3559,2009,,,3,3,2015,"10,000",84.93,26,18-1,380,,,반포대로 275,0,00275,00000,2121003,2,11650,11650,반포동,,전월세,201503,2015-03-03,26,25.7,10000,380,월세
래미안퍼스티지,11650-3559,2009,,,6,3,2015,"180,000",222.76,11,18-1,170,,,반포대로 275,0,00275,00000,2121003,2,11650,11650,반포동,,전월세,201503,2015-03-06,67,67.4,180000,170,월세
래미안퍼스티지,11650-3559,2009,,,10,3,2015,"20,000",222.76,4,18-1,830,,,반포대로 275,0,00275,00000,2121003,2,11650,11650,반포동,,전월세,201503,2015-03-10,67,67.4,20000,830,월세
래미안퍼스티지,11650-3559,2009,,,17,3,2015,"80,000",135.92,7,18-1,350,,,반포대로 275,0,00275,00000,2121003,2,11650,11650,반포동,,전월세,201503,2015-03-17,41,41.1,80000,350,월세
래미안퍼스티지,11650-3559,2009,,,19,3,2015,"90,000",84.93,19,18-1,100,,,반포대로 275,0,00275,00000,2121003,2,11650,11650,반포동,,전월세,201503,2015-03-19,26,25.7,90000,100,월세
래미안퍼스티지,11650-3559,2009,,,25,3,2015,"60,000",84.93,4,18-1,240,,,반포대로 275,0,00275,00000,2121003,2,11650,11650,반포동,,전월세,201503,2015-03-25,26,25.7,60000,240,월세
래미안퍼스티지,11650-3559,2009,,,1,4,2015,"50,000",84.76,19,18-1,220,,,반포대로 275,0,00275,00000,2121003,2,11650,11650,반포동,,전월세,201504,2015-04-01,26,25.6,50000,220,월세
래미안퍼스티지,11650-3559,2009,,,2,4,2015,"185,000",222.76,15,18-1,165,,,반포대로 275,0,00275,00000,2121003,2,11650,11650,반포동,,전월세,201504,2015-04-02,67,67.4,185000,165,월세
래미안퍼스티지,11650-3559,2009,,,8,4,2015,"16,000",84.93,8,18-1,340,,,반포대로 275,0,00275,00000,2121003,2,11650,11650,반포동,,전월세,201504,2015-04-08,26,25.7,16000,340,월세
래미안퍼스티지,11650-3559,2009,,,10,4,2015,"60,000",59.96,11,18-1,120,,,반포대로 275,0,00275,00000,2121003,2,11650,11650,반포동,,전월세,201504,2015-04-10,18,18.1,60000,120,월세
래미안퍼스티지,11650-3559,2009,,,11,4,2015,"100,000",84.93,2,18-1,100,,,반포대로 275,0,00275,00000,2121003,2,11650,11650,반포동,,전월세,201504,2015-04-11,26,25.7,100000,100,월세
래미안퍼스티지,11650-3559,2009,,,14,4,2015,"100,000",136.65,10,18-1,350,,,반포대로 275,0,00275,00000,2121003,2,11650,11650,반포동,,전월세,201504,2015-04-14,41,41.3,100000,350,월세
래미안퍼스티지,11650-3559,2009,,,14,4,2015,"70,000",169.31,23,18-1,280,,,반포대로 275,0,00275,00000,2121003,2,11650,11650,반포동,,전월세,201504,2015-04-14,51,51.2,70000,280,월세
래미안퍼스티지,11650-3559,2009,,,21,4,2015,"50,000",59.89,24,18-1,150,,,반포대로 275,0,00275,00000,2121003,2,11650,11650,반포동,,전월세,201504,2015-04-21,18,18.1,50000,150,월세
래미안퍼스티지,11650-3559,2009,,,22,4,2015,"70,000",84.85,6,18-1,180,,,반포대로 275,0,00275,00000,2121003,2,11650,11650,반포동,,전월세,201504,2015-04-22,26,25.7,70000,180,월세
래미안퍼스티지,11650-3559,2009,,,22,4,2015,"10,000",84.93,17,18-1,380,,,반포대로 275,0,00275,00000,2121003,2,11650,11650,반포동,,전월세,201504,2015-04-22,26,25.7,10000,380,월세
래미안퍼스티지,11650-3559,2009,,,23,4,2015,"25,000",84.93,11,18-1,300,,,반포대로 275,0,00275,00000,2121003,2,11650,11650,반포동,,전월세,201504,2015-04-23,26,25.7,25000,300,월세
래미안퍼스티지,11650-3559,2009,,,23,4,2015,"20,000",84.93,22,18-1,350,,,반포대로 275,0,00275,00000,2121003,2,11650,11650,반포동,,전월세,201504,2015-04-23,26,25.7,20000,350,월세
래미안퍼스티지,11650-3559,2009,,,27,4,2015,"48,000",59.96,17,18-1,100,,,반포대로 275,0,00275,00000,2121003,2,11650,11650,반포동,,전월세,201504,2015-04-27,18,18.1,48000,100,월세
래미안퍼스티지,11650-3559,2009,,,2,5,2015,"20,000",84.93,25,18-1,350,,,반포대로 275,0,00275,00000,2121003,2,11650,11650,반포동,,전월세,201505,2015-05-02,26,25.7,20000,350,월세
래미안퍼스티지,11650-3559,2009,,,4,5,2015,"10,000",59.89,7,18-1,300,,,반포대로 275,0,00275,00000,2121003,2,11650,11650,반포동,,전월세,201505,2015-05-04,18,18.1,10000,300,월세
래미안퍼스티지,11650-3559,2009,,,8,5,2015,"140,000",169.31,16,18-1,300,,,반포대로 275,0,00275,00000,2121003,2,11650,11650,반포동,,전월세,201505,2015-05-08,51,51.2,140000,300,월세
래미안퍼스티지,11650-3559,2009,,,12,5,2015,"80,000",84.93,21,18-1,150,,,반포대로 275,0,00275,00000,2121003,2,11650,11650,반포동,,전월세,201505,2015-05-12,26,25.7,80000,150,월세
래미안퍼스티지,11650-3559,2009,,,14,5,2015,"130,000",198.22,20,18-1,250,,,반포대로 275,0,00275,00000,2121003,2,11650,11650,반포동,,전월세,201505,2015-05-14,60,60.0,130000,250,월세
래미안퍼스티지,11650-3559,2009,,,15,5,2015,"70,000",135.92,18,18-1,480,,,반포대로 275,0,00275,00000,2121003,2,11650,11650,반포동,,전월세,201505,2015-05-15,41,41.1,70000,480,월세
래미안퍼스티지,11650-3559,2009,,,16,5,2015,"125,000",198.04,14,18-1,300,,,반포대로 275,0,00275,00000,2121003,2,11650,11650,반포동,,전월세,201505,2015-05-16,60,59.9,125000,300,월세
래미안퍼스티지,11650-3559,2009,,,16,5,2015,"62,000",84.93,23,18-1,160,,,반포대로 275,0,00275,00000,2121003,2,11650,11650,반포동,,전월세,201505,2015-05-16,26,25.7,62000,160,월세
래미안퍼스티지,11650-3559,2009,,,18,5,2015,"100,000",135.92,12,18-1,300,,,반포대로 275,0,00275,00000,2121003,2,11650,11650,반포동,,전월세,201505,2015-05-18,41,41.1,100000,300,월세
래미안퍼스티지,11650-3559,2009,,,20,5,2015,"50,000",136.65,27,18-1,370,,,반포대로 275,0,00275,00000,2121003,2,11650,11650,반포동,,전월세,201505,2015-05-20,41,41.3,50000,370,월세
래미안퍼스티지,11650-3559,2009,,,21,5,2015,"150,000",222.76,10,18-1,350,,,반포대로 275,0,00275,00000,2121003,2,11650,11650,반포동,,전월세,201505,2015-05-21,67,67.4,150000,350,월세
래미안퍼스티지,11650-3559,2009,,,21,5,2015,"85,000",84.93,9,18-1,140,,,반포대로 275,0,00275,00000,2121003,2,11650,11650,반포동,,전월세,201505,2015-05-21,26,25.7,85000,140,월세
래미안퍼스티지,11650-3559,2009,,,22,5,2015,"60,000",59.89,3,18-1,110,,,반포대로 275,0,00275,00000,2121003,2,11650,11650,반포동,,전월세,201505,2015-05-22,18,18.1,60000,110,월세
래미안퍼스티지,11650-3559,2009,,,23,5,2015,"190,000",169.31,31,18-1,100,,,반포대로 275,0,00275,00000,2121003,2,11650,11650,반포동,,전월세,201505,2015-05-23,51,51.2,190000,100,월세
래미안퍼스티지,11650-3559,2009,,,30,5,2015,"55,000",59.89,16,18-1,110,,,반포대로 275,0,00275,00000,2121003,2,11650,11650,반포동,,전월세,201505,2015-05-30,18,18.1,55000,110,월세
래미안퍼스티지,11650-3559,2009,,,31,5,2015,"90,000",84.93,16,18-1,140,,,반포대로 275,0,00275,00000,2121003,2,11650,11650,반포동,,전월세,201505,2015-05-31,26,25.7,90000,140,월세
래미안퍼스티지,11650-3559,2009,,,2,6,2015,"50,000",115.65,13,18-1,500,,,반포대로 275,0,00275,00000,2121003,2,11650,11650,반포동,,전월세,201506,2015-06-02,35,35.0,50000,500,월세
래미안퍼스티지,11650-3559,2009,,,2,6,2015,"80,000",84.93,17,18-1,150,,,반포대로 275,0,00275,00000,2121003,2,11650,11650,반포동,,전월세,201506,2015-06-02,26,25.7,80000,150,월세
래미안퍼스티지,11650-3559,2009,,,3,6,2015,"60,000",84.93,8,18-1,175,,,반포대로 275,0,00275,00000,2121003,2,11650,11650,반포동,,전월세,201506,2015-06-03,26,25.7,60000,175,월세
래미안퍼스티지,11650-3559,2009,,,4,6,2015,"55,000",59.89,23,18-1,150,,,반포대로 275,0,00275,00000,2121003,2,11650,11650,반포동,,전월세,201506,2015-06-04,18,18.1,55000,150,월세
래미안퍼스티지,11650-3559,2009,,,4,6,2015,"60,000",59.96,8,18-1,140,,,반포대로 275,0,00275,00000,2121003,2,11650,11650,반포동,,전월세,201506,2015-06-04,18,18.1,60000,140,월세
래미안퍼스티지,11650-3559,2009,,,4,6,2015,"10,000",84.93,26,18-1,380,,,반포대로 275,0,00275,00000,2121003,2,11650,11650,반포동,,전월세,201506,2015-06-04,26,25.7,10000,380,월세
래미안퍼스티지,11650-3559,2009,,,5,6,2015,"40,000",84.93,16,18-1,300,,,반포대로 275,0,00275,00000,2121003,2,11650,11650,반포동,,전월세,201506,2015-06-05,26,25.7,40000,300,월세
래미안퍼스티지,11650-3559,2009,,,6,6,2015,"90,000",84.93,7,18-1,100,,,반포대로 275,0,00275,00000,2121003,2,11650,11650,반포동,,전월세,201506,2015-06-06,26,25.7,90000,100,월세
래미안퍼스티지,11650-3559,2009,,,11,6,2015,"30,000",115.65,17,18-1,450,,,반포대로 275,0,00275,00000,2121003,2,11650,11650,반포동,,전월세,201506,2015-06-11,35,35.0,30000,450,월세
래미안퍼스티지,11650-3559,2009,,,11,6,2015,"130,000",135.92,16,18-1,200,,,반포대로 275,0,00275,00000,2121003,2,11650,11650,반포동,,전월세,201506,2015-06-11,41,41.1,130000,200,월세
래미안퍼스티지,11650-3559,2009,,,11,6,2015,"30,000",84.93,7,18-1,275,,,반포대로 275,0,00275,00000,2121003,2,11650,11650,반포동,,전월세,201506,2015-06-11,26,25.7,30000,275,월세
래미안퍼스티지,11650-3559,2009,,,12,6,2015,"90,000",117.12,26,18-1,240,,,반포대로 275,0,00275,00000,2121003,2,11650,11650,반포동,,전월세,201506,2015-06-12,35,35.4,90000,240,월세
래미안퍼스티지,11650-3559,2009,,,12,6,2015,"160,000",222.76,4,18-1,240,,,반포대로 275,0,00275,00000,2121003,2,11650,11650,반포동,,전월세,201506,2015-06-12,67,67.4,160000,240,월세
래미안퍼스티지,11650-3559,2009,15.08~17.08,신규,12,6,2015,"30,000",84.93,25,18-1,270,,,반포대로 275,0,00275,00000,2121003,2,11650,11650,반포동,,전월세,201506,2015-06-12,26,25.7,30000,270,월세
래미안퍼스티지,11650-3559,2009,,,13,6,2015,"130,000",198.22,15,18-1,200,,,반포대로 275,0,00275,00000,2121003,2,11650,11650,반포동,,전월세,201506,2015-06-13,60,60.0,130000,200,월세
래미안퍼스티지,11650-3559,2009,,,13,6,2015,"75,000",59.96,9,18-1,50,,,반포대로 275,0,00275,00000,2121003,2,11650,11650,반포동,,전월세,201506,2015-06-13,18,18.1,75000,50,월세
래미안퍼스티지,11650-3559,2009,,,13,6,2015,"40,000",84.93,16,18-1,260,,,반포대로 275,0,00275,00000,2121003,2,11650,11650,반포동,,전월세,201506,2015-06-13,26,25.7,40000,260,월세
래미안퍼스티지,11650-3559,2009,,,15,6,2015,"85,000",84.93,28,18-1,130,,,반포대로 275,0,00275,00000,2121003,2,11650,11650,반포동,,전월세,201506,2015-06-15,26,25.7,85000,130,월세
래미안퍼스티지,11650-3559,2009,,,17,6,2015,"55,000",135.92,23,18-1,380,,,반포대로 275,0,00275,00000,2121003,2,11650,11650,반포동,,전월세,201506,2015-06-17,41,41.1,55000,380,월세
래미안퍼스티지,11650-3559,2009,,,17,6,2015,"60,000",59.89,3,18-1,100,,,반포대로 275,0,00275,00000,2121003,2,11650,11650,반포동,,전월세,201506,2015-06-17,18,18.1,60000,100,월세
래미안퍼스티지,11650-3559,2009,,,17,6,2015,"60,000",84.93,13,18-1,260,,,반포대로 275,0,00275,00000,2121003,2,11650,11650,반포동,,전월세,201506,2015-06-17,26,25.7,60000,260,월세
래미안퍼스티지,11650-3559,2009,,,18,6,2015,"73,000",59.96,29,18-1,80,,,반포대로 275,0,00275,00000,2121003,2,11650,11650,반포동,,전월세,201506,2015-06-18,18,18.1,73000,80,월세
래미안퍼스티지,11650-3559,2009,,,19,6,2015,"150,000",198.04,24,18-1,200,,,반포대로 275,0,00275,00000,2121003,2,11650,11650,반포동,,전월세,201506,2015-06-19,60,59.9,150000,200,월세
래미안퍼스티지,11650-3559,2009,,,19,6,2015,"30,000",84.93,31,18-1,240,,,반포대로 275,0,00275,00000,2121003,2,11650,11650,반포동,,전월세,201506,2015-06-19,26,25.7,30000,240,월세
래미안퍼스티지,11650-3559,2009,,,20,6,2015,"110,000",135.92,29,18-1,120,,,반포대로 275,0,00275,00000,2121003,2,11650,11650,반포동,,전월세,201506,2015-06-20,41,41.1,110000,120,월세
래미안퍼스티지,11650-3559,2009,,,20,6,2015,"3,000",59.96,5,18-1,300,,,반포대로 275,0,00275,00000,2121003,2,11650,11650,반포동,,전월세,201506,2015-06-20,18,18.1,3000,300,월세
래미안퍼스티지,11650-3559,2009,,,20,6,2015,"85,000",84.93,29,18-1,110,,,반포대로 275,0,00275,00000,2121003,2,11650,11650,반포동,,전월세,201506,2015-06-20,26,25.7,85000,110,월세
래미안퍼스티지,11650-3559,2009,15.08~17.08,갱신,20,6,2015,"90,000",84.93,11,18-1,150,"77,000",60,반포대로 275,0,00275,00000,2121003,2,11650,11650,반포동,,전월세,201506,2015-06-20,26,25.7,90000,150,월세
래미안퍼스티지,11650-3559,2009,,,22,6,2015,"60,000",84.76,20,18-1,180,,,반포대로 275,0,00275,00000,2121003,2,11650,11650,반포동,,전월세,201506,2015-06-22,26,25.6,60000,180,월세
래미안퍼스티지,11650-3559,2009,,,27,6,2015,"50,000",198.04,4,18-1,700,,,반포대로 275,0,00275,00000,2121003,2,11650,11650,반포동,,전월세,201506,2015-06-27,60,59.9,50000,700,월세
래미안퍼스티지,11650-3559,2009,,,27,6,2015,"65,000",59.98,17,18-1,80,,,반포대로 275,0,00275,00000,2121003,2,11650,11650,반포동,,전월세,201506,2015-06-27,18,18.1,65000,80,월세
래미안퍼스티지,11650-3559,2009,,,29,6,2015,"80,000",84.93,14,18-1,100,,,반포대로 275,0,00275,00000,2121003,2,11650,11650,반포동,,전월세,201506,2015-06-29,26,25.7,80000,100,월세
래미안퍼스티지,11650-3559,2009,,,30,6,2015,"145,000",169.31,27,18-1,200,,,반포대로 275,0,00275,00000,2121003,2,11650,11650,반포동,,전월세,201506,2015-06-30,51,51.2,145000,200,월세
래미안퍼스티지,11650-3559,2009,,,3,7,2015,"3,000",84.93,18,18-1,380,,,반포대로 275,0,00275,00000,2121003,2,11650,11650,반포동,,전월세,201507,2015-07-03,26,25.7,3000,380,월세
래미안퍼스티지,11650-3559,2009,,,6,7,2015,"80,000",84.93,10,18-1,150,,,반포대로 275,0,00275,00000,2121003,2,11650,11650,반포동,,전월세,201507,2015-07-06,26,25.7,80000,150,월세
래미안퍼스티지,11650-3559,2009,,,6,7,2015,"81,000",84.93,21,18-1,150,,,반포대로 275,0,00275,00000,2121003,2,11650,11650,반포동,,전월세,201507,2015-07-06,26,25.7,81000,150,월세
래미안퍼스티지,11650-3559,2009,,,9,7,2015,"130,000",169.31,20,18-1,240,,,반포대로 275,0,00275,00000,2121003,2,11650,11650,반포동,,전월세,201507,2015-07-09,51,51.2,130000,240,월세
래미안퍼스티지,11650-3559,2009,15.10~17.10,갱신,11,7,2015,"68,000",59.89,2,18-1,90,"68,000",,반포대로 275,0,00275,00000,2121003,2,11650,11650,반포동,,전월세,201507,2015-07-11,18,18.1,68000,90,월세
래미안퍼스티지,11650-3559,2009,,,13,7,2015,"78,000",84.93,9,18-1,190,,,반포대로 275,0,00275,00000,2121003,2,11650,11650,반포동,,전월세,201507,2015-07-13,26,25.7,78000,190,월세
래미안퍼스티지,11650-3559,2009,,,14,7,2015,"70,000",135.92,28,18-1,460,,,반포대로 275,0,00275,00000,2121003,2,11650,11650,반포동,,전월세,201507,2015-07-14,41,41.1,70000,460,월세
래미안퍼스티지,11650-3559,2009,,,16,7,2015,"80,000",59.98,23,18-1,50,,,반포대로 275,0,00275,00000,2121003,2,11650,11650,반포동,,전월세,201507,2015-07-16,18,18.1,80000,50,월세
래미안퍼스티지,11650-3559,2009,,,17,7,2015,"80,000",84.93,6,18-1,150,,,반포대로 275,0,00275,00000,2121003,2,11650,11650,반포동,,전월세,201507,2015-07-17,26,25.7,80000,150,월세
래미안퍼스티지,11650-3559,2009,,,17,7,2015,"60,000",84.93,27,18-1,200,,,반포대로 275,0,00275,00000,2121003,2,11650,11650,반포동,,전월세,201507,2015-07-17,26,25.7,60000,200,월세
래미안퍼스티지,11650-3559,2009,,,17,7,2015,"40,000",84.93,3,18-1,310,,,반포대로 275,0,00275,00000,2121003,2,11650,11650,반포동,,전월세,201507,2015-07-17,26,25.7,40000,310,월세
래미안퍼스티지,11650-3559,2009,,,18,7,2015,"155,000",198.22,14,18-1,250,,,반포대로 275,0,00275,00000,2121003,2,11650,11650,반포동,,전월세,201507,2015-07-18,60,60.0,155000,250,월세
래미안퍼스티지,11650-3559,2009,,,18,7,2015,"10,000",84.93,31,18-1,370,,,반포대로 275,0,00275,00000,2121003,2,11650,11650,반포동,,전월세,201507,2015-07-18,26,25.7,10000,370,월세
래미안퍼스티지,11650-3559,2009,,,18,7,2015,"50,000",84.93,16,18-1,230,,,반포대로 275,0,00275,00000,2121003,2,11650,11650,반포동,,전월세,201507,2015-07-18,26,25.7,50000,230,월세
래미안퍼스티지,11650-3559,2009,,,20,7,2015,"120,000",198.04,9,18-1,300,,,반포대로 275,0,00275,00000,2121003,2,11650,11650,반포동,,전월세,201507,2015-07-20,60,59.9,120000,300,월세
래미안퍼스티지,11650-3559,2009,,,20,7,2015,"220,000",222.76,7,18-1,100,,,반포대로 275,0,00275,00000,2121003,2,11650,11650,반포동,,전월세,201507,2015-07-20,67,67.4,220000,100,월세
래미안퍼스티지,11650-3559,2009,15.08~17.08,신규,21,7,2015,"10,000",84.93,32,18-1,330,,,반포대로 275,0,00275,00000,2121003,2,11650,11650,반포동,,전월세,201507,2015-07-21,26,25.7,10000,330,월세
래미안퍼스티지,11650-3559,2009,,,22,7,2015,"90,000",84.93,16,18-1,100,,,반포대로 275,0,00275,00000,2121003,2,11650,11650,반포동,,전월세,201507,2015-07-22,26,25.7,90000,100,월세
래미안퍼스티지,11650-3559,2009,,,24,7,2015,"120,000",222.76,22,18-1,450,,,반포대로 275,0,00275,00000,2121003,2,11650,11650,반포동,,전월세,201507,2015-07-24,67,67.4,120000,450,월세
래미안퍼스티지,11650-3559,2009,,,25,7,2015,"50,000",84.93,29,18-1,250,,,반포대로 275,0,00275,00000,2121003,2,11650,11650,반포동,,전월세,201507,2015-07-25,26,25.7,50000,250,월세
래미안퍼스티지,11650-3559,2009,,,29,7,2015,"10,000",84.93,18,18-1,370,,,반포대로 275,0,00275,00000,2121003,2,11650,11650,반포동,,전월세,201507,2015-07-29,26,25.7,10000,370,월세
래미안퍼스티지,11650-3559,2009,,,1,8,2015,"20,000",84.93,2,18-1,295,,,반포대로 275,0,00275,00000,2121003,2,11650,11650,반포동,,전월세,201508,2015-08-01,26,25.7,20000,295,월세
래미안퍼스티지,11650-3559,2009,,,4,8,2015,"150,000",169.31,23,18-1,230,,,반포대로 275,0,00275,00000,2121003,2,11650,11650,반포동,,전월세,201508,2015-08-04,51,51.2,150000,230,월세
래미안퍼스티지,11650-3559,2009,,,6,8,2015,"85,000",84.93,22,18-1,100,,,반포대로 275,0,00275,00000,2121003,2,11650,11650,반포동,,전월세,201508,2015-08-06,26,25.7,85000,100,월세
래미안퍼스티지,11650-3559,2009,,,10,8,2015,"70,000",115.65,7,18-1,320,,,반포대로 275,0,00275,00000,2121003,2,11650,11650,반포동,,전월세,201508,2015-08-10,35,35.0,70000,320,월세
래미안퍼스티지,11650-3559,2009,,,11,8,2015,"130,000",117.12,23,18-1,110,,,반포대로 275,0,00275,00000,2121003,2,11650,11650,반포동,,전월세,201508,2015-08-11,35,35.4,130000,110,월세
래미안퍼스티지,11650-3559,2009,,,11,8,2015,"60,000",59.89,14,18-1,110,,,반포대로 275,0,00275,00000,2121003,2,11650,11650,반포동,,전월세,201508,2015-08-11,18,18.1,60000,110,월세
래미안퍼스티지,11650-3559,2009,,,12,8,2015,"140,000",136.65,6,18-1,90,,,반포대로 275,0,00275,00000,2121003,2,11650,11650,반포동,,전월세,201508,2015-08-12,41,41.3,140000,90,월세
래미안퍼스티지,11650-3559,2009,,,12,8,2015,"50,000",84.93,15,18-1,200,,,반포대로 275,0,00275,00000,2121003,2,11650,11650,반포동,,전월세,201508,2015-08-12,26,25.7,50000,200,월세
래미안퍼스티지,11650-3559,2009,,,13,8,2015,"5,000",59.89,28,18-1,270,,,반포대로 275,0,00275,00000,2121003,2,11650,11650,반포동,,전월세,201508,2015-08-13,18,18.1,5000,270,월세
래미안퍼스티지,11650-3559,2009,,,19,8,2015,"200,000",222.76,19,18-1,160,,,반포대로 275,0,00275,00000,2121003,2,11650,11650,반포동,,전월세,201508,2015-08-19,67,67.4,200000,160,월세
래미안퍼스티지,11650-3559,2009,,,20,8,2015,"90,000",198.04,24,18-1,530,,,반포대로 275,0,00275,00000,2121003,2,11650,11650,반포동,,전월세,201508,2015-08-20,60,59.9,90000,530,월세
래미안퍼스티지,11650-3559,2009,,,20,8,2015,"40,000",84.93,29,18-1,260,,,반포대로 275,0,00275,00000,2121003,2,11650,11650,반포동,,전월세,201508,2015-08-20,26,25.7,40000,260,월세
래미안퍼스티지,11650-3559,2009,,,21,8,2015,"40,000",84.93,29,18-1,260,,,반포대로 275,0,00275,00000,2121003,2,11650,11650,반포동,,전월세,201508,2015-08-21,26,25.7,40000,260,월세
래미안퍼스티지,11650-3559,2009,,,21,8,2015,"70,000",84.93,10,18-1,130,,,반포대로 275,0,00275,00000,2121003,2,11650,11650,반포동,,전월세,201508,2015-08-21,26,25.7,70000,130,월세
래미안퍼스티지,11650-3559,2009,15.10~17.10,신규,22,8,2015,"140,000",135.92,21,18-1,150,,,반포대로 275,0,00275,00000,2121003,2,11650,11650,반포동,,전월세,201508,2015-08-22,41,41.1,140000,150,월세
래미안퍼스티지,11650-3559,2009,,,22,8,2015,"50,000",84.93,14,18-1,210,,,반포대로 275,0,00275,00000,2121003,2,11650,11650,반포동,,전월세,201508,2015-08-22,26,25.7,50000,210,월세
래미안퍼스티지,11650-3559,2009,,,28,8,2015,"20,000",84.93,12,18-1,340,,,반포대로 275,0,00275,00000,2121003,2,11650,11650,반포동,,전월세,201508,2015-08-28,26,25.7,20000,340,월세
래미안퍼스티지,11650-3559,2009,,,31,8,2015,"125,000",169.31,2,18-1,260,,,반포대로 275,0,00275,00000,2121003,2,11650,11650,반포동,,전월세,201508,2015-08-31,51,51.2,125000,260,월세
래미안퍼스티지,11650-3559,2009,,,2,9,2015,"40,000",117.12,15,18-1,430,,,반포대로 275,0,00275,00000,2121003,2,11650,11650,반포동,,전월세,201509,2015-09-02,35,35.4,40000,430,월세
래미안퍼스티지,11650-3559,2009,,,5,9,2015,"70,000",84.93,23,18-1,170,,,반포대로 275,0,00275,00000,2121003,2,11650,11650,반포동,,전월세,201509,2015-09-05,26,25.7,70000,170,월세
래미안퍼스티지,11650-3559,2009,15.11~17.10,갱신,7,9,2015,"150,000",135.92,6,18-1,110,"140,000",,반포대로 275,0,00275,00000,2121003,2,11650,11650,반포동,,전월세,201509,2015-09-07,41,41.1,150000,110,월세
래미안퍼스티지,11650-3559,2009,,,8,9,2015,"90,000",84.93,26,18-1,150,,,반포대로 275,0,00275,00000,2121003,2,11650,11650,반포동,,전월세,201509,2015-09-08,26,25.7,90000,150,월세
래미안퍼스티지,11650-3559,2009,,,9,9,2015,"85,000",59.89,21,18-1,35,,,반포대로 275,0,00275,00000,2121003,2,11650,11650,반포동,,전월세,201509,2015-09-09,18,18.1,85000,35,월세
래미안퍼스티지,11650-3559,2009,,,9,9,2015,"2,000",59.89,21,18-1,330,,,반포대로 275,0,00275,00000,2121003,2,11650,11650,반포동,,전월세,201509,2015-09-09,18,18.1,2000,330,월세
래미안퍼스티지,11650-3559,2009,,,10,9,2015,"130,000",168.65,6,18-1,240,,,반포대로 275,0,00275,00000,2121003,2,11650,11650,반포동,,전월세,201509,2015-09-10,51,51.0,130000,240,월세
래미안퍼스티지,11650-3559,2009,,,11,9,2015,"35,000",59.96,9,18-1,170,,,반포대로 275,0,00275,00000,2121003,2,11650,11650,반포동,,전월세,201509,2015-09-11,18,18.1,35000,170,월세
래미안퍼스티지,11650-3559,2009,,,11,9,2015,"50,000",84.93,27,18-1,230,,,반포대로 275,0,00275,00000,2121003,2,11650,11650,반포동,,전월세,201509,2015-09-11,26,25.7,50000,230,월세
래미안퍼스티지,11650-3559,2009,,,11,9,2015,"92,500",84.93,20,18-1,100,,,반포대로 275,0,00275,00000,2121003,2,11650,11650,반포동,,전월세,201509,2015-09-11,26,25.7,92500,100,월세
래미안퍼스티지,11650-3559,2009,,,14,9,2015,"130,000",198.04,10,18-1,320,,,반포대로 275,0,00275,00000,2121003,2,11650,11650,반포동,,전월세,201509,2015-09-14,60,59.9,130000,320,월세
래미안퍼스티지,11650-3559,2009,,,17,9,2015,"200,000",198.22,12,18-1,120,,,반포대로 275,0,00275,00000,2121003,2,11650,11650,반포동,,전월세,201509,2015-09-17,60,60.0,200000,120,월세
래미안퍼스티지,11650-3559,2009,,,17,9,2015,"70,000",84.93,11,18-1,160,,,반포대로 275,0,00275,00000,2121003,2,11650,11650,반포동,,전월세,201509,2015-09-17,26,25.7,70000,160,월세
래미안퍼스티지,11650-3559,2009,,,17,9,2015,"10,000",84.93,26,18-1,350,,,반포대로 275,0,00275,00000,2121003,2,11650,11650,반포동,,전월세,201509,2015-09-17,26,25.7,10000,350,월세
래미안퍼스티지,11650-3559,2009,15.10~17.10,신규,17,9,2015,"50,000",84.93,23,18-1,220,,,반포대로 275,0,00275,00000,2121003,2,11650,11650,반포동,,전월세,201509,2015-09-17,26,25.7,50000,220,월세
래미안퍼스티지,11650-3559,2009,,,19,9,2015,"150,000",169.31,17,18-1,220,,,반포대로 275,0,00275,00000,2121003,2,11650,11650,반포동,,전월세,201509,2015-09-19,51,51.2,150000,220,월세
래미안퍼스티지,11650-3559,2009,,,24,9,2015,"50,000",84.93,30,18-1,250,,,반포대로 275,0,00275,00000,2121003,2,11650,11650,반포동,,전월세,201509,2015-09-24,26,25.7,50000,250,월세
래미안퍼스티지,11650-3559,2009,,,30,9,2015,"130,000",169.31,30,18-1,200,,,반포대로 275,0,00275,00000,2121003,2,11650,11650,반포동,,전월세,201509,2015-09-30,51,51.2,130000,200,월세
래미안퍼스티지,11650-3559,2009,,,3,10,2015,"100,000",136.65,7,18-1,300,,,반포대로 275,0,00275,00000,2121003,2,11650,11650,반포동,,전월세,201510,2015-10-03,41,41.3,100000,300,월세
래미안퍼스티지,11650-3559,2009,,,6,10,2015,"180,000",222.76,23,18-1,160,,,반포대로 275,0,00275,00000,2121003,2,11650,11650,반포동,,전월세,201510,2015-10-06,67,67.4,180000,160,월세
래미안퍼스티지,11650-3559,2009,,,7,10,2015,"60,000",84.93,10,18-1,220,,,반포대로 275,0,00275,00000,2121003,2,11650,11650,반포동,,전월세,201510,2015-10-07,26,25.7,60000,220,월세
래미안퍼스티지,11650-3559,2009,,,14,10,2015,"50,000",84.93,26,18-1,260,,,반포대로 275,0,00275,00000,2121003,2,11650,11650,반포동,,전월세,201510,2015-10-14,26,25.7,50000,260,월세
래미안퍼스티지,11650-3559,2009,,,17,10,2015,"40,000",59.89,26,18-1,190,,,반포대로 275,0,00275,00000,2121003,2,11650,11650,반포동,,전월세,201510,2015-10-17,18,18.1,40000,190,월세
래미안퍼스티지,11650-3559,2009,,,17,10,2015,"50,000",84.93,29,18-1,250,,,반포대로 275,0,00275,00000,2121003,2,11650,11650,반포동,,전월세,201510,2015-10-17,26,25.7,50000,250,월세
래미안퍼스티지,11650-3559,2009,,,21,10,2015,"10,000",115.65,10,18-1,500,,,반포대로 275,0,00275,00000,2121003,2,11650,11650,반포동,,전월세,201510,2015-10-21,35,35.0,10000,500,월세
래미안퍼스티지,11650-3559,2009,,,22,10,2015,"100,000",84.93,19,18-1,100,,,반포대로 275,0,00275,00000,2121003,2,11650,11650,반포동,,전월세,201510,2015-10-22,26,25.7,100000,100,월세
래미안퍼스티지,11650-3559,2009,,,23,10,2015,"71,000",59.96,21,18-1,90,,,반포대로 275,0,00275,00000,2121003,2,11650,11650,반포동,,전월세,201510,2015-10-23,18,18.1,71000,90,월세
래미안퍼스티지,11650-3559,2009,,,29,10,2015,"100,000",84.93,13,18-1,110,,,반포대로 275,0,00275,00000,2121003,2,11650,11650,반포동,,전월세,201510,2015-10-29,26,25.7,100000,110,월세
래미안퍼스티지,11650-3559,2009,,,31,10,2015,"10,000",117.12,5,18-1,550,,,반포대로 275,0,00275,00000,2121003,2,11650,11650,반포동,,전월세,201510,2015-10-31,35,35.4,10000,550,월세
래미안퍼스티지,11650-3559,2009,,,31,10,2015,"155,000",198.22,14,18-1,250,,,반포대로 275,0,00275,00000,2121003,2,11650,11650,반포동,,전월세,201510,2015-10-31,60,60.0,155000,250,월세
래미안퍼스티지,11650-3559,2009,,,7,11,2015,"50,000",59.96,18,18-1,175,,,반포대로 275,0,00275,00000,2121003,2,11650,11650,반포동,,전월세,201511,2015-11-07,18,18.1,50000,175,월세
래미안퍼스티지,11650-3559,2009,,,10,11,2015,"10,000",84.93,26,18-1,390,,,반포대로 275,0,00275,00000,2121003,2,11650,11650,반포동,,전월세,201511,2015-11-10,26,25.7,10000,390,월세
래미안퍼스티지,11650-3559,2009,,,12,11,2015,"65,000",169.31,2,18-1,500,,,반포대로 275,0,00275,00000,2121003,2,11650,11650,반포동,,전월세,201511,2015-11-12,51,51.2,65000,500,월세
래미안퍼스티지,11650-3559,2009,,,18,11,2015,"10,000",59.96,20,18-1,290,,,반포대로 275,0,00275,00000,2121003,2,11650,11650,반포동,,전월세,201511,2015-11-18,18,18.1,10000,290,월세
래미안퍼스티지,11650-3559,2009,,,18,11,2015,"35,000",84.85,21,18-1,340,,,반포대로 275,0,00275,00000,2121003,2,11650,11650,반포동,,전월세,201511,2015-11-18,26,25.7,35000,340,월세
래미안퍼스티지,11650-3559,2009,,,19,11,2015,"165,000",168.65,13,18-1,140,,,반포대로 275,0,00275,00000,2121003,2,11650,11650,반포동,,전월세,201511,2015-11-19,51,51.0,165000,140,월세
래미안퍼스티지,11650-3559,2009,,,20,11,2015,"60,000",59.89,24,18-1,100,,,반포대로 275,0,00275,00000,2121003,2,11650,11650,반포동,,전월세,201511,2015-11-20,18,18.1,60000,100,월세
래미안퍼스티지,11650-3559,2009,,,20,11,2015,"70,000",59.96,6,18-1,85,,,반포대로 275,0,00275,00000,2121003,2,11650,11650,반포동,,전월세,201511,2015-11-20,18,18.1,70000,85,월세
래미안퍼스티지,11650-3559,2009,,,21,11,2015,"80,000",84.93,25,18-1,150,,,반포대로 275,0,00275,00000,2121003,2,11650,11650,반포동,,전월세,201511,2015-11-21,26,25.7,80000,150,월세
래미안퍼스티지,11650-3559,2009,,,23,11,2015,"50,000",84.85,20,18-1,250,,,반포대로 275,0,00275,00000,2121003,2,11650,11650,반포동,,전월세,201511,2015-11-23,26,25.7,50000,250,월세
래미안퍼스티지,11650-3559,2009,,,24,11,2015,"50,000",169.31,3,18-1,600,,,반포대로 275,0,00275,00000,2121003,2,11650,11650,반포동,,전월세,201511,2015-11-24,51,51.2,50000,600,월세
래미안퍼스티지,11650-3559,2009,,,24,11,2015,"60,000",59.89,16,18-1,130,,,반포대로 275,0,00275,00000,2121003,2,11650,11650,반포동,,전월세,201511,2015-11-24,18,18.1,60000,130,월세
래미안퍼스티지,11650-3559,2009,16.01~16.09,신규,28,11,2015,"10,000",115.65,26,18-1,500,,,반포대로 275,0,00275,00000,2121003,2,11650,11650,반포동,,전월세,201511,2015-11-28,35,35.0,10000,500,월세
래미안퍼스티지,11650-3559,2009,,,28,11,2015,"70,000",84.93,24,18-1,165,,,반포대로 275,0,00275,00000,2121003,2,11650,11650,반포동,,전월세,201511,2015-11-28,26,25.7,70000,165,월세
래미안퍼스티지,11650-3559,2009,,,30,11,2015,"40,000",59.96,27,18-1,190,,,반포대로 275,0,00275,00000,2121003,2,11650,11650,반포동,,전월세,201511,2015-11-30,18,18.1,40000,190,월세
래미안퍼스티지,11650-3559,2009,,,5,12,2015,"80,000",84.93,8,18-1,160,,,반포대로 275,0,00275,00000,2121003,2,11650,11650,반포동,,전월세,201512,2015-12-05,26,25.7,80000,160,월세
래미안퍼스티지,11650-3559,2009,,,9,12,2015,"60,000",84.93,25,18-1,260,,,반포대로 275,0,00275,00000,2121003,2,11650,11650,반포동,,전월세,201512,2015-12-09,26,25.7,60000,260,월세
래미안퍼스티지,11650-3559,2009,,,9,12,2015,"93,000",84.93,5,18-1,120,,,반포대로 275,0,00275,00000,2121003,2,11650,11650,반포동,,전월세,201512,2015-12-09,26,25.7,93000,120,월세
래미안퍼스티지,11650-3559,2009,,,15,12,2015,"99,000",198.22,16,18-1,360,,,반포대로 275,0,00275,00000,2121003,2,11650,11650,반포동,,전월세,201512,2015-12-15,60,60.0,99000,360,월세
래미안퍼스티지,11650-3559,2009,,,15,12,2015,"40,000",59.96,19,18-1,200,,,반포대로 275,0,00275,00000,2121003,2,11650,11650,반포동,,전월세,201512,2015-12-15,18,18.1,40000,200,월세
래미안퍼스티지,11650-3559,2009,,,16,12,2015,"110,000",169.31,3,18-1,350,,,반포대로 275,0,00275,00000,2121003,2,11650,11650,반포동,,전월세,201512,2015-12-16,51,51.2,110000,350,월세
래미안퍼스티지,11650-3559,2009,,,19,12,2015,"60,000",84.93,4,18-1,205,,,반포대로 275,0,00275,00000,2121003,2,11650,11650,반포동,,전월세,201512,2015-12-19,26,25.7,60000,205,월세
래미안퍼스티지,11650-3559,2009,,,23,12,2015,"50,000",115.65,12,18-1,400,,,반포대로 275,0,00275,00000,2121003,2,11650,11650,반포동,,전월세,201512,2015-12-23,35,35.0,50000,400,월세
래미안퍼스티지,11650-3559,2009,,,4,1,2016,"90,000",84.93,11,18-1,120,,,반포대로 275,0,00275,00000,2121003,2,11650,11650,반포동,,전월세,201601,2016-01-04,26,25.7,90000,120,월세
래미안퍼스티지,11650-3559,2009,,,4,1,2016,"110,000",84.93,17,18-1,100,,,반포대로 275,0,00275,00000,2121003,2,11650,11650,반포동,,전월세,201601,2016-01-04,26,25.7,110000,100,월세
래미안퍼스티지,11650-3559,2009,,,6,1,2016,"35,000",84.93,12,18-1,300,,,반포대로 275,0,00275,00000,2121003,2,11650,11650,반포동,,전월세,201601,2016-01-06,26,25.7,35000,300,월세
래미안퍼스티지,11650-3559,2009,,,6,1,2016,"55,000",84.93,21,18-1,215,,,반포대로 275,0,00275,00000,2121003,2,11650,11650,반포동,,전월세,201601,2016-01-06,26,25.7,55000,215,월세
래미안퍼스티지,11650-3559,2009,,,7,1,2016,"10,000",59.89,14,18-1,260,,,반포대로 275,0,00275,00000,2121003,2,11650,11650,반포동,,전월세,201601,2016-01-07,18,18.1,10000,260,월세
래미안퍼스티지,11650-3559,2009,,,7,1,2016,"70,000",84.93,4,18-1,200,,,반포대로 275,0,00275,00000,2121003,2,11650,11650,반포동,,전월세,201601,2016-01-07,26,25.7,70000,200,월세
래미안퍼스티지,11650-3559,2009,,,8,1,2016,"80,000",84.93,10,18-1,120,,,반포대로 275,0,00275,00000,2121003,2,11650,11650,반포동,,전월세,201601,2016-01-08,26,25.7,80000,120,월세
래미안퍼스티지,11650-3559,2009,,,8,1,2016,"50,000",84.93,10,18-1,260,,,반포대로 275,0,00275,00000,2121003,2,11650,11650,반포동,,전월세,201601,2016-01-08,26,25.7,50000,260,월세
래미안퍼스티지,11650-3559,2009,,,9,1,2016,"5,000",59.89,10,18-1,300,,,반포대로 275,0,00275,00000,2121003,2,11650,11650,반포동,,전월세,201601,2016-01-09,18,18.1,5000,300,월세
래미안퍼스티지,11650-3559,2009,,,9,1,2016,"100,000",84.93,1,18-1,100,,,반포대로 275,0,00275,00000,2121003,2,11650,11650,반포동,,전월세,201601,2016-01-09,26,25.7,100000,100,월세
래미안퍼스티지,11650-3559,2009,,,11,1,2016,"50,000",59.96,4,18-1,150,,,반포대로 275,0,00275,00000,2121003,2,11650,11650,반포동,,전월세,201601,2016-01-11,18,18.1,50000,150,월세
래미안퍼스티지,11650-3559,2009,,,13,1,2016,"50,000",84.93,11,18-1,270,,,반포대로 275,0,00275,00000,2121003,2,11650,11650,반포동,,전월세,201601,2016-01-13,26,25.7,50000,270,월세
래미안퍼스티지,11650-3559,2009,,,14,1,2016,"30,000",84.93,15,18-1,310,,,반포대로 275,0,00275,00000,2121003,2,11650,11650,반포동,,전월세,201601,2016-01-14,26,25.7,30000,310,월세
래미안퍼스티지,11650-3559,2009,,,16,1,2016,"50,000",84.93,13,18-1,240,,,반포대로 275,0,00275,00000,2121003,2,11650,11650,반포동,,전월세,201601,2016-01-16,26,25.7,50000,240,월세
래미안퍼스티지,11650-3559,2009,,,20,1,2016,"30,000",117.12,6,18-1,530,,,반포대로 275,0,00275,00000,2121003,2,11650,11650,반포동,,전월세,201601,2016-01-20,35,35.4,30000,530,월세
래미안퍼스티지,11650-3559,2009,,,20,1,2016,"100,000",168.65,26,18-1,400,,,반포대로 275,0,00275,00000,2121003,2,11650,11650,반포동,,전월세,201601,2016-01-20,51,51.0,100000,400,월세
래미안퍼스티지,11650-3559,2009,,,21,1,2016,"170,000",198.04,25,18-1,190,,,반포대로 275,0,00275,00000,2121003,2,11650,11650,반포동,,전월세,201601,2016-01-21,60,59.9,170000,190,월세
래미안퍼스티지,11650-3559,2009,,,26,1,2016,"90,000",84.93,5,18-1,150,,,반포대로 275,0,00275,00000,2121003,2,11650,11650,반포동,,전월세,201601,2016-01-26,26,25.7,90000,150,월세
래미안퍼스티지,11650-3559,2009,,,26,1,2016,"30,000",84.93,15,18-1,340,,,반포대로 275,0,00275,00000,2121003,2,11650,11650,반포동,,전월세,201601,2016-01-26,26,25.7,30000,340,월세
래미안퍼스티지,11650-3559,2009,,,28,1,2016,"15,000",84.93,11,18-1,380,,,반포대로 275,0,00275,00000,2121003,2,11650,11650,반포동,,전월세,201601,2016-01-28,26,25.7,15000,380,월세
래미안퍼스티지,11650-3559,2009,,,1,2,2016,"65,000",84.93,28,18-1,200,,,반포대로 275,0,00275,00000,2121003,2,11650,11650,반포동,,전월세,201602,2016-02-01,26,25.7,65000,200,월세
래미안퍼스티지,11650-3559,2009,,,6,2,2016,"20,000",168.65,6,18-1,680,,,반포대로 275,0,00275,00000,2121003,2,11650,11650,반포동,,전월세,201602,2016-02-06,51,51.0,20000,680,월세
래미안퍼스티지,11650-3559,2009,,,11,2,2016,"170,000",198.04,6,18-1,240,,,반포대로 275,0,00275,00000,2121003,2,11650,11650,반포동,,전월세,201602,2016-02-11,60,59.9,170000,240,월세
래미안퍼스티지,11650-3559,2009,,,11,2,2016,"60,000",84.93,13,18-1,200,,,반포대로 275,0,00275,00000,2121003,2,11650,11650,반포동,,전월세,201602,2016-02-11,26,25.7,60000,200,월세
래미안퍼스티지,11650-3559,2009,,,17,2,2016,"85,000",84.93,17,18-1,150,,,반포대로 275,0,00275,00000,2121003,2,11650,11650,반포동,,전월세,201602,2016-02-17,26,25.7,85000,150,월세
래미안퍼스티지,11650-3559,2009,,,20,2,2016,"80,000",198.04,1,18-1,500,,,반포대로 275,0,00275,00000,2121003,2,11650,11650,반포동,,전월세,201602,2016-02-20,60,59.9,80000,500,월세
래미안퍼스티지,11650-3559,2009,,,24,2,2016,"82,000",59.98,19,18-1,40,,,반포대로 275,0,00275,00000,2121003,2,11650,11650,반포동,,전월세,201602,2016-02-24,18,18.1,82000,40,월세
래미안퍼스티지,11650-3559,2009,,,26,2,2016,"75,000",84.93,9,18-1,180,,,반포대로 275,0,00275,00000,2121003,2,11650,11650,반포동,,전월세,201602,2016-02-26,26,25.7,75000,180,월세
래미안퍼스티지,11650-3559,2009,,,27,2,2016,"50,000",59.89,11,18-1,130,,,반포대로 275,0,00275,00000,2121003,2,11650,11650,반포동,,전월세,201602,2016-02-27,18,18.1,50000,130,월세
래미안퍼스티지,11650-3559,2009,,,27,2,2016,"70,000",59.96,20,18-1,70,,,반포대로 275,0,00275,00000,2121003,2,11650,11650,반포동,,전월세,201602,2016-02-27,18,18.1,70000,70,월세
래미안퍼스티지,11650-3559,2009,,,29,2,2016,"80,000",84.93,29,18-1,100,,,반포대로 275,0,00275,00000,2121003,2,11650,11650,반포동,,전월세,201602,2016-02-29,26,25.7,80000,100,월세
래미안퍼스티지,11650-3559,2009,,,4,3,2016,"100,000",168.65,12,18-1,400,,,반포대로 275,0,00275,00000,2121003,2,11650,11650,반포동,,전월세,201603,2016-03-04,51,51.0,100000,400,월세
래미안퍼스티지,11650-3559,2009,,,12,3,2016,"97,000",84.93,18,18-1,110,,,반포대로 275,0,00275,00000,2121003,2,11650,11650,반포동,,전월세,201603,2016-03-12,26,25.7,97000,110,월세
래미안퍼스티지,11650-3559,2009,,,23,3,2016,"100,000",84.93,7,18-1,100,,,반포대로 275,0,00275,00000,2121003,2,11650,11650,반포동,,전월세,201603,2016-03-23,26,25.7,100000,100,월세
래미안퍼스티지,11650-3559,2009,,,31,3,2016,"140,000",135.92,8,18-1,160,,,반포대로 275,0,00275,00000,2121003,2,11650,11650,반포동,,전월세,201603,2016-03-31,41,41.1,140000,160,월세
래미안퍼스티지,11650-3559,2009,,,4,4,2016,"170,000",198.22,18,18-1,100,,,반포대로 275,0,00275,00000,2121003,2,11650,11650,반포동,,전월세,201604,2016-04-04,60,60.0,170000,100,월세
래미안퍼스티지,11650-3559,2009,,,5,4,2016,"120,000",222.15,27,18-1,400,,,반포대로 275,0,00275,00000,2121003,2,11650,11650,반포동,,전월세,201604,2016-04-05,67,67.2,120000,400,월세
래미안퍼스티지,11650-3559,2009,,,8,4,2016,"10,000",59.96,13,18-1,280,,,반포대로 275,0,00275,00000,2121003,2,11650,11650,반포동,,전월세,201604,2016-04-08,18,18.1,10000,280,월세
래미안퍼스티지,11650-3559,2009,,,9,4,2016,"10,000",84.93,15,18-1,390,,,반포대로 275,0,00275,00000,2121003,2,11650,11650,반포동,,전월세,201604,2016-04-09,26,25.7,10000,390,월세
래미안퍼스티지,11650-3559,2009,,,30,4,2016,"120,000",117.12,17,18-1,100,,,반포대로 275,0,00275,00000,2121003,2,11650,11650,반포동,,전월세,201604,2016-04-30,35,35.4,120000,100,월세
래미안퍼스티지,11650-3559,2009,,,30,4,2016,"155,000",117.12,24,18-1,50,,,반포대로 275,0,00275,00000,2121003,2,11650,11650,반포동,,전월세,201604,2016-04-30,35,35.4,155000,50,월세
래미안퍼스티지,11650-3559,2009,,,2,5,2016,"94,000",84.93,10,18-1,100,,,반포대로 275,0,00275,00000,2121003,2,11650,11650,반포동,,전월세,201605,2016-05-02,26,25.7,94000,100,월세
래미안퍼스티지,11650-3559,2009,,,10,5,2016,"60,000",59.98,15,18-1,100,,,반포대로 275,0,00275,00000,2121003,2,11650,11650,반포동,,전월세,201605,2016-05-10,18,18.1,60000,100,월세
래미안퍼스티지,11650-3559,2009,,,12,5,2016,"80,000",59.98,10,18-1,30,,,반포대로 275,0,00275,00000,2121003,2,11650,11650,반포동,,전월세,201605,2016-05-12,18,18.1,80000,30,월세
래미안퍼스티지,11650-3559,2009,,,17,5,2016,"70,000",59.96,1,18-1,55,,,반포대로 275,0,00275,00000,2121003,2,11650,11650,반포동,,전월세,201605,2016-05-17,18,18.1,70000,55,월세
래미안퍼스티지,11650-3559,2009,,,18,5,2016,"100,000",168.65,17,18-1,350,,,반포대로 275,0,00275,00000,2121003,2,11650,11650,반포동,,전월세,201605,2016-05-18,51,51.0,100000,350,월세
래미안퍼스티지,11650-3559,2009,,,19,5,2016,"10,000",222.76,5,18-1,800,,,반포대로 275,0,00275,00000,2121003,2,11650,11650,반포동,,전월세,201605,2016-05-19,67,67.4,10000,800,월세
래미안퍼스티지,11650-3559,2009,,,21,5,2016,"60,000",135.92,29,18-1,500,,,반포대로 275,0,00275,00000,2121003,2,11650,11650,반포동,,전월세,201605,2016-05-21,41,41.1,60000,500,월세
래미안퍼스티지,11650-3559,2009,16.07~18.07,신규,28,5,2016,"85,000",84.93,25,18-1,150,,,반포대로 275,0,00275,00000,2121003,2,11650,11650,반포동,,전월세,201605,2016-05-28,26,25.7,85000,150,월세
래미안퍼스티지,11650-3559,2009,,,4,6,2016,"100,000",117.12,5,18-1,240,,,반포대로 275,0,00275,00000,2121003,2,11650,11650,반포동,,전월세,201606,2016-06-04,35,35.4,100000,240,월세
래미안퍼스티지,11650-3559,2009,,,6,6,2016,"30,000",84.93,20,18-1,300,,,반포대로 275,0,00275,00000,2121003,2,11650,11650,반포동,,전월세,201606,2016-06-06,26,25.7,30000,300,월세
래미안퍼스티지,11650-3559,2009,,,8,6,2016,"140,000",135.92,10,18-1,200,,,반포대로 275,0,00275,00000,2121003,2,11650,11650,반포동,,전월세,201606,2016-06-08,41,41.1,140000,200,월세
래미안퍼스티지,11650-3559,2009,,,8,6,2016,"80,000",84.93,11,18-1,150,,,반포대로 275,0,00275,00000,2121003,2,11650,11650,반포동,,전월세,201606,2016-06-08,26,25.7,80000,150,월세
래미안퍼스티지,11650-3559,2009,,,14,6,2016,"90,000",84.85,16,18-1,140,,,반포대로 275,0,00275,00000,2121003,2,11650,11650,반포동,,전월세,201606,2016-06-14,26,25.7,90000,140,월세
래미안퍼스티지,11650-3559,2009,,,18,6,2016,"100,000",84.93,8,18-1,100,,,반포대로 275,0,00275,00000,2121003,2,11650,11650,반포동,,전월세,201606,2016-06-18,26,25.7,100000,100,월세
래미안퍼스티지,11650-3559,2009,,,18,6,2016,"100,000",84.93,18,18-1,90,,,반포대로 275,0,00275,00000,2121003,2,11650,11650,반포동,,전월세,201606,2016-06-18,26,25.7,100000,90,월세
래미안퍼스티지,11650-3559,2009,,,24,6,2016,"58,000",59.89,22,18-1,75,,,반포대로 275,0,00275,00000,2121003,2,11650,11650,반포동,,전월세,201606,2016-06-24,18,18.1,58000,75,월세
래미안퍼스티지,11650-3559,2009,,,24,6,2016,"75,000",59.96,9,18-1,65,,,반포대로 275,0,00275,00000,2121003,2,11650,11650,반포동,,전월세,201606,2016-06-24,18,18.1,75000,65,월세
래미안퍼스티지,11650-3559,2009,,,27,6,2016,"80,000",169.31,11,18-1,500,,,반포대로 275,0,00275,00000,2121003,2,11650,11650,반포동,,전월세,201606,2016-06-27,51,51.2,80000,500,월세
래미안퍼스티지,11650-3559,2009,,,2,7,2016,"30,000",59.89,16,18-1,200,,,반포대로 275,0,00275,00000,2121003,2,11650,11650,반포동,,전월세,201607,2016-07-02,18,18.1,30000,200,월세
래미안퍼스티지,11650-3559,2009,,,2,7,2016,"80,000",84.93,7,18-1,200,,,반포대로 275,0,00275,00000,2121003,2,11650,11650,반포동,,전월세,201607,2016-07-02,26,25.7,80000,200,월세
래미안퍼스티지,11650-3559,2009,,,4,7,2016,"200,000",198.04,10,18-1,200,,,반포대로 275,0,00275,00000,2121003,2,11650,11650,반포동,,전월세,201607,2016-07-04,60,59.9,200000,200,월세
래미안퍼스티지,11650-3559,2009,,,4,7,2016,"150,000",222.76,21,18-1,400,,,반포대로 275,0,00275,00000,2121003,2,11650,11650,반포동,,전월세,201607,2016-07-04,67,67.4,150000,400,월세
래미안퍼스티지,11650-3559,2009,,,4,7,2016,"10,000",59.89,25,18-1,270,,,반포대로 275,0,00275,00000,2121003,2,11650,11650,반포동,,전월세,201607,2016-07-04,18,18.1,10000,270,월세
래미안퍼스티지,11650-3559,2009,,,4,7,2016,"100,000",84.93,4,18-1,100,,,반포대로 275,0,00275,00000,2121003,2,11650,11650,반포동,,전월세,201607,2016-07-04,26,25.7,100000,100,월세
래미안퍼스티지,11650-3559,2009,,,14,7,2016,"80,000",198.04,5,18-1,470,,,반포대로 275,0,00275,00000,2121003,2,11650,11650,반포동,,전월세,201607,2016-07-14,60,59.9,80000,470,월세
래미안퍼스티지,11650-3559,2009,,,20,7,2016,"10,000",84.93,12,18-1,430,,,반포대로 275,0,00275,00000,2121003,2,11650,11650,반포동,,전월세,201607,2016-07-20,26,25.7,10000,430,월세
래미안퍼스티지,11650-3559,2009,,,22,7,2016,"70,000",84.93,24,18-1,200,,,반포대로 275,0,00275,00000,2121003,2,11650,11650,반포동,,전월세,201607,2016-07-22,26,25.7,70000,200,월세
래미안퍼스티지,11650-3559,2009,,,5,8,2016,"80,000",135.92,28,18-1,330,,,반포대로 275,0,00275,00000,2121003,2,11650,11650,반포동,,전월세,201608,2016-08-05,41,41.1,80000,330,월세
래미안퍼스티지,11650-3559,2009,,,6,8,2016,"80,000",84.93,14,18-1,150,,,반포대로 275,0,00275,00000,2121003,2,11650,11650,반포동,,전월세,201608,2016-08-06,26,25.7,80000,150,월세
래미안퍼스티지,11650-3559,2009,,,9,8,2016,"120,000",135.92,15,18-1,200,,,반포대로 275,0,00275,00000,2121003,2,11650,11650,반포동,,전월세,201608,2016-08-09,41,41.1,120000,200,월세
래미안퍼스티지,11650-3559,2009,,,9,8,2016,"80,000",59.98,19,18-1,50,,,반포대로 275,0,00275,00000,2121003,2,11650,11650,반포동,,전월세,201608,2016-08-09,18,18.1,80000,50,월세
래미안퍼스티지,11650-3559,2009,,,9,8,2016,"70,000",84.93,18,18-1,180,,,반포대로 275,0,00275,00000,2121003,2,11650,11650,반포동,,전월세,201608,2016-08-09,26,25.7,70000,180,월세
래미안퍼스티지,11650-3559,2009,,,17,8,2016,"50,000",59.98,15,18-1,100,,,반포대로 275,0,00275,00000,2121003,2,11650,11650,반포동,,전월세,201608,2016-08-17,18,18.1,50000,100,월세
래미안퍼스티지,11650-3559,2009,,,20,8,2016,"30,000",169.31,23,18-1,570,,,반포대로 275,0,00275,00000,2121003,2,11650,11650,반포동,,전월세,201608,2016-08-20,51,51.2,30000,570,월세
래미안퍼스티지,11650-3559,2009,,,30,8,2016,"78,000",84.93,32,18-1,180,,,반포대로 275,0,00275,00000,2121003,2,11650,11650,반포동,,전월세,201608,2016-08-30,26,25.7,78000,180,월세
래미안퍼스티지,11650-3559,2009,,,30,8,2016,"65,000",84.93,3,18-1,165,,,반포대로 275,0,00275,00000,2121003,2,11650,11650,반포동,,전월세,201608,2016-08-30,26,25.7,65000,165,월세
래미안퍼스티지,11650-3559,2009,,,8,9,2016,"180,000",135.92,17,18-1,90,,,반포대로 275,0,00275,00000,2121003,2,11650,11650,반포동,,전월세,201609,2016-09-08,41,41.1,180000,90,월세
래미안퍼스티지,11650-3559,2009,,,8,9,2016,"80,000",59.89,11,18-1,40,,,반포대로 275,0,00275,00000,2121003,2,11650,11650,반포동,,전월세,201609,2016-09-08,18,18.1,80000,40,월세
래미안퍼스티지,11650-3559,2009,,,12,9,2016,"10,000",59.89,11,18-1,260,,,반포대로 275,0,00275,00000,2121003,2,11650,11650,반포동,,전월세,201609,2016-09-12,18,18.1,10000,260,월세
래미안퍼스티지,11650-3559,2009,16.09~18.09,신규,13,9,2016,"5,000",59.96,30,18-1,290,,,반포대로 275,0,00275,00000,2121003,2,11650,11650,반포동,,전월세,201609,2016-09-13,18,18.1,5000,290,월세
래미안퍼스티지,11650-3559,2009,,,23,9,2016,"49,900",84.93,21,18-1,230,,,반포대로 275,0,00275,00000,2121003,2,11650,11650,반포동,,전월세,201609,2016-09-23,26,25.7,49900,230,월세
래미안퍼스티지,11650-3559,2009,,,27,9,2016,"70,000",59.96,27,18-1,100,,,반포대로 275,0,00275,00000,2121003,2,11650,11650,반포동,,전월세,201609,2016-09-27,18,18.1,70000,100,월세
래미안퍼스티지,11650-3559,2009,,,30,9,2016,"50,000",84.85,25,18-1,200,,,반포대로 275,0,00275,00000,2121003,2,11650,11650,반포동,,전월세,201609,2016-09-30,26,25.7,50000,200,월세
래미안퍼스티지,11650-3559,2009,,,1,10,2016,"100,000",84.93,26,18-1,95,,,반포대로 275,0,00275,00000,2121003,2,11650,11650,반포동,,전월세,201610,2016-10-01,26,25.7,100000,95,월세
래미안퍼스티지,11650-3559,2009,,,13,10,2016,"50,000",84.93,17,18-1,210,,,반포대로 275,0,00275,00000,2121003,2,11650,11650,반포동,,전월세,201610,2016-10-13,26,25.7,50000,210,월세
래미안퍼스티지,11650-3559,2009,,,20,10,2016,"50,000",84.93,12,18-1,230,,,반포대로 275,0,00275,00000,2121003,2,11650,11650,반포동,,전월세,201610,2016-10-20,26,25.7,50000,230,월세
래미안퍼스티지,11650-3559,2009,,,22,10,2016,"70,000",59.96,16,18-1,70,,,반포대로 275,0,00275,00000,2121003,2,11650,11650,반포동,,전월세,201610,2016-10-22,18,18.1,70000,70,월세
래미안퍼스티지,11650-3559,2009,,,2,11,2016,"50,000",84.85,21,18-1,210,,,반포대로 275,0,00275,00000,2121003,2,11650,11650,반포동,,전월세,201611,2016-11-02,26,25.7,50000,210,월세
래미안퍼스티지,11650-3559,2009,,,3,11,2016,"75,000",59.89,28,18-1,65,,,반포대로 275,0,00275,00000,2121003,2,11650,11650,반포동,,전월세,201611,2016-11-03,18,18.1,75000,65,월세
래미안퍼스티지,11650-3559,2009,,,4,11,2016,"50,000",59.96,3,18-1,140,,,반포대로 275,0,00275,00000,2121003,2,11650,11650,반포동,,전월세,201611,2016-11-04,18,18.1,50000,140,월세
래미안퍼스티지,11650-3559,2009,,,5,11,2016,"80,000",84.93,15,18-1,160,,,반포대로 275,0,00275,00000,2121003,2,11650,11650,반포동,,전월세,201611,2016-11-05,26,25.7,80000,160,월세
래미안퍼스티지,11650-3559,2009,,,5,11,2016,"99,000",84.93,12,18-1,100,,,반포대로 275,0,00275,00000,2121003,2,11650,11650,반포동,,전월세,201611,2016-11-05,26,25.7,99000,100,월세
래미안퍼스티지,11650-3559,2009,,,11,11,2016,"80,000",168.65,19,18-1,400,,,반포대로 275,0,00275,00000,2121003,2,11650,11650,반포동,,전월세,201611,2016-11-11,51,51.0,80000,400,월세
래미안퍼스티지,11650-3559,2009,,,11,11,2016,"40,000",84.93,20,18-1,250,,,반포대로 275,0,00275,00000,2121003,2,11650,11650,반포동,,전월세,201611,2016-11-11,26,25.7,40000,250,월세
래미안퍼스티지,11650-3559,2009,,,11,11,2016,"90,000",84.93,5,18-1,150,,,반포대로 275,0,00275,00000,2121003,2,11650,11650,반포동,,전월세,201611,2016-11-11,26,25.7,90000,150,월세
래미안퍼스티지,11650-3559,2009,,,14,11,2016,"90,000",84.93,29,18-1,130,,,반포대로 275,0,00275,00000,2121003,2,11650,11650,반포동,,전월세,201611,2016-11-14,26,25.7,90000,130,월세
래미안퍼스티지,11650-3559,2009,,,21,11,2016,"40,000",117.12,11,18-1,410,,,반포대로 275,0,00275,00000,2121003,2,11650,11650,반포동,,전월세,201611,2016-11-21,35,35.4,40000,410,월세
래미안퍼스티지,11650-3559,2009,,,23,11,2016,"65,000",84.93,5,18-1,250,,,반포대로 275,0,00275,00000,2121003,2,11650,11650,반포동,,전월세,201611,2016-11-23,26,25.7,65000,250,월세
래미안퍼스티지,11650-3559,2009,,,25,11,2016,"100,000",84.93,21,18-1,100,,,반포대로 275,0,00275,00000,2121003,2,11650,11650,반포동,,전월세,201611,2016-11-25,26,25.7,100000,100,월세
래미안퍼스티지,11650-3559,2009,,,2,12,2016,"70,000",59.96,3,18-1,80,,,반포대로 275,0,00275,00000,2121003,2,11650,11650,반포동,,전월세,201612,2016-12-02,18,18.1,70000,80,월세
래미안퍼스티지,11650-3559,2009,,,3,12,2016,"90,000",135.92,11,18-1,330,,,반포대로 275,0,00275,00000,2121003,2,11650,11650,반포동,,전월세,201612,2016-12-03,41,41.1,90000,330,월세
래미안퍼스티지,11650-3559,2009,,,3,12,2016,"30,000",84.93,11,18-1,280,,,반포대로 275,0,00275,00000,2121003,2,11650,11650,반포동,,전월세,201612,2016-12-03,26,25.7,30000,280,월세
래미안퍼스티지,11650-3559,2009,,,3,12,2016,"55,000",84.93,6,18-1,230,,,반포대로 275,0,00275,00000,2121003,2,11650,11650,반포동,,전월세,201612,2016-12-03,26,25.7,55000,230,월세
래미안퍼스티지,11650-3559,2009,,,7,12,2016,"135,000",198.04,10,18-1,300,,,반포대로 275,0,00275,00000,2121003,2,11650,11650,반포동,,전월세,201612,2016-12-07,60,59.9,135000,300,월세
래미안퍼스티지,11650-3559,2009,,,15,12,2016,"100,000",135.92,22,18-1,280,,,반포대로 275,0,00275,00000,2121003,2,11650,11650,반포동,,전월세,201612,2016-12-15,41,41.1,100000,280,월세
래미안퍼스티지,11650-3559,2009,,,15,12,2016,"150,000",198.04,13,18-1,300,,,반포대로 275,0,00275,00000,2121003,2,11650,11650,반포동,,전월세,201612,2016-12-15,60,59.9,150000,300,월세
래미안퍼스티지,11650-3559,2009,,,19,12,2016,"50,000",135.92,24,18-1,450,,,반포대로 275,0,00275,00000,2121003,2,11650,11650,반포동,,전월세,201612,2016-12-19,41,41.1,50000,450,월세
래미안퍼스티지,11650-3559,2009,,,20,12,2016,"180,000",222.76,8,18-1,280,,,반포대로 275,0,00275,00000,2121003,2,11650,11650,반포동,,전월세,201612,2016-12-20,67,67.4,180000,280,월세
래미안퍼스티지,11650-3559,2009,,,29,12,2016,"10,000",59.89,7,18-1,280,,,반포대로 275,0,00275,00000,2121003,2,11650,11650,반포동,,전월세,201612,2016-12-29,18,18.1,10000,280,월세
래미안퍼스티지,11650-3559,2009,,,8,1,2017,"90,000",84.93,28,18-1,130,,,반포대로 275,0,00275,00000,2121003,2,11650,11650,반포동,,전월세,201701,2017-01-08,26,25.7,90000,130,월세
래미안퍼스티지,11650-3559,2009,,,9,1,2017,"88,000",59.89,17,18-1,25,,,반포대로 275,0,00275,00000,2121003,2,11650,11650,반포동,,전월세,201701,2017-01-09,18,18.1,88000,25,월세
래미안퍼스티지,11650-3559,2009,,,12,1,2017,"135,000",169.31,2,18-1,300,,,반포대로 275,0,00275,00000,2121003,2,11650,11650,반포동,,전월세,201701,2017-01-12,51,51.2,135000,300,월세
래미안퍼스티지,11650-3559,2009,,,13,1,2017,"160,000",168.65,16,18-1,130,,,반포대로 275,0,00275,00000,2121003,2,11650,11650,반포동,,전월세,201701,2017-01-13,51,51.0,160000,130,월세
래미안퍼스티지,11650-3559,2009,,,18,1,2017,"71,000",59.96,9,18-1,70,,,반포대로 275,0,00275,00000,2121003,2,11650,11650,반포동,,전월세,201701,2017-01-18,18,18.1,71000,70,월세
래미안퍼스티지,11650-3559,2009,,,19,1,2017,"10,000",84.85,19,18-1,300,,,반포대로 275,0,00275,00000,2121003,2,11650,11650,반포동,,전월세,201701,2017-01-19,26,25.7,10000,300,월세
래미안퍼스티지,11650-3559,2009,,,24,1,2017,"60,000",59.96,18,18-1,145,,,반포대로 275,0,00275,00000,2121003,2,11650,11650,반포동,,전월세,201701,2017-01-24,18,18.1,60000,145,월세
래미안퍼스티지,11650-3559,2009,17.02~19.02,신규,24,1,2017,"10,000",84.93,15,18-1,290,,,반포대로 275,0,00275,00000,2121003,2,11650,11650,반포동,,전월세,201701,2017-01-24,26,25.7,10000,290,월세
래미안퍼스티지,11650-3559,2009,,,25,1,2017,"60,000",59.89,20,18-1,135,,,반포대로 275,0,00275,00000,2121003,2,11650,11650,반포동,,전월세,201701,2017-01-25,18,18.1,60000,135,월세
래미안퍼스티지,11650-3559,2009,,,25,1,2017,"110,000",84.93,27,18-1,65,,,반포대로 275,0,00275,00000,2121003,2,11650,11650,반포동,,전월세,201701,2017-01-25,26,25.7,110000,65,월세
래미안퍼스티지,11650-3559,2009,,,2,2,2017,"30,000",84.93,15,18-1,290,,,반포대로 275,0,00275,00000,2121003,2,11650,11650,반포동,,전월세,201702,2017-02-02,26,25.7,30000,290,월세
래미안퍼스티지,11650-3559,2009,,,4,2,2017,"35,000",84.93,24,18-1,230,,,반포대로 275,0,00275,00000,2121003,2,11650,11650,반포동,,전월세,201702,2017-02-04,26,25.7,35000,230,월세
래미안퍼스티지,11650-3559,2009,,,6,2,2017,"50,000",84.93,25,18-1,200,,,반포대로 275,0,00275,00000,2121003,2,11650,11650,반포동,,전월세,201702,2017-02-06,26,25.7,50000,200,월세
래미안퍼스티지,11650-3559,2009,,,8,2,2017,"20,000",84.93,15,18-1,320,,,반포대로 275,0,00275,00000,2121003,2,11650,11650,반포동,,전월세,201702,2017-02-08,26,25.7,20000,320,월세
래미안퍼스티지,11650-3559,2009,,,10,2,2017,"80,000",84.93,11,18-1,120,,,반포대로 275,0,00275,00000,2121003,2,11650,11650,반포동,,전월세,201702,2017-02-10,26,25.7,80000,120,월세
래미안퍼스티지,11650-3559,2009,,,14,2,2017,"180,000",135.92,7,18-1,70,,,반포대로 275,0,00275,00000,2121003,2,11650,11650,반포동,,전월세,201702,2017-02-14,41,41.1,180000,70,월세
래미안퍼스티지,11650-3559,2009,,,18,2,2017,"100,000",84.93,25,18-1,100,,,반포대로 275,0,00275,00000,2121003,2,11650,11650,반포동,,전월세,201702,2017-02-18,26,25.7,100000,100,월세
래미안퍼스티지,11650-3559,2009,,,24,2,2017,"50,000",168.65,14,18-1,480,,,반포대로 275,0,00275,00000,2121003,2,11650,11650,반포동,,전월세,201702,2017-02-24,51,51.0,50000,480,월세
래미안퍼스티지,11650-3559,2009,17.04~19.04,신규,24,2,2017,"10,000",84.93,32,18-1,330,,,반포대로 275,0,00275,00000,2121003,2,11650,11650,반포동,,전월세,201702,2017-02-24,26,25.7,10000,330,월세
래미안퍼스티지,11650-3559,2009,,,1,3,2017,"100,000",135.92,10,18-1,250,,,반포대로 275,0,00275,00000,2121003,2,11650,11650,반포동,,전월세,201703,2017-03-01,41,41.1,100000,250,월세
래미안퍼스티지,11650-3559,2009,,,1,3,2017,"180,000",198.04,15,18-1,130,,,반포대로 275,0,00275,00000,2121003,2,11650,11650,반포동,,전월세,201703,2017-03-01,60,59.9,180000,130,월세
래미안퍼스티지,11650-3559,2009,,,11,3,2017,"160,000",169.31,27,18-1,130,,,반포대로 275,0,00275,00000,2121003,2,11650,11650,반포동,,전월세,201703,2017-03-11,51,51.2,160000,130,월세
래미안퍼스티지,11650-3559,2009,,,13,3,2017,"50,000",84.93,24,18-1,210,,,반포대로 275,0,00275,00000,2121003,2,11650,11650,반포동,,전월세,201703,2017-03-13,26,25.7,50000,210,월세
래미안퍼스티지,11650-3559,2009,,,20,3,2017,"85,000",59.89,21,18-1,35,,,반포대로 275,0,00275,00000,2121003,2,11650,11650,반포동,,전월세,201703,2017-03-20,18,18.1,85000,35,월세
래미안퍼스티지,11650-3559,2009,,,22,3,2017,"60,000",59.96,20,18-1,135,,,반포대로 275,0,00275,00000,2121003,2,11650,11650,반포동,,전월세,201703,2017-03-22,18,18.1,60000,135,월세
래미안퍼스티지,11650-3559,2009,,,24,3,2017,"90,000",84.93,28,18-1,100,,,반포대로 275,0,00275,00000,2121003,2,11650,11650,반포동,,전월세,201703,2017-03-24,26,25.7,90000,100,월세
래미안퍼스티지,11650-3559,2009,,,25,3,2017,"120,000",117.12,23,18-1,165,,,반포대로 275,0,00275,00000,2121003,2,11650,11650,반포동,,전월세,201703,2017-03-25,35,35.4,120000,165,월세
래미안퍼스티지,11650-3559,2009,,,25,3,2017,"70,000",59.89,19,18-1,70,,,반포대로 275,0,00275,00000,2121003,2,11650,11650,반포동,,전월세,201703,2017-03-25,18,18.1,70000,70,월세
래미안퍼스티지,11650-3559,2009,,,29,3,2017,"80,000",84.93,19,18-1,150,,,반포대로 275,0,00275,00000,2121003,2,11650,11650,반포동,,전월세,201703,2017-03-29,26,25.7,80000,150,월세
래미안퍼스티지,11650-3559,2009,,,31,3,2017,"30,000",84.93,17,18-1,300,,,반포대로 275,0,00275,00000,2121003,2,11650,11650,반포동,,전월세,201703,2017-03-31,26,25.7,30000,300,월세
래미안퍼스티지,11650-3559,2009,,,1,4,2017,"20,000",59.89,30,18-1,250,,,반포대로 275,0,00275,00000,2121003,2,11650,11650,반포동,,전월세,201704,2017-04-01,18,18.1,20000,250,월세
래미안퍼스티지,11650-3559,2009,,,3,4,2017,"80,000",84.93,16,18-1,150,,,반포대로 275,0,00275,00000,2121003,2,11650,11650,반포동,,전월세,201704,2017-04-03,26,25.7,80000,150,월세
래미안퍼스티지,11650-3559,2009,,,10,4,2017,"120,000",135.92,12,18-1,240,,,반포대로 275,0,00275,00000,2121003,2,11650,11650,반포동,,전월세,201704,2017-04-10,41,41.1,120000,240,월세
래미안퍼스티지,11650-3559,2009,,,11,4,2017,"100,000",168.65,12,18-1,300,,,반포대로 275,0,00275,00000,2121003,2,11650,11650,반포동,,전월세,201704,2017-04-11,51,51.0,100000,300,월세
래미안퍼스티지,11650-3559,2009,,,11,4,2017,"100,000",222.15,14,18-1,450,,,반포대로 275,0,00275,00000,2121003,2,11650,11650,반포동,,전월세,201704,2017-04-11,67,67.2,100000,450,월세
래미안퍼스티지,11650-3559,2009,,,11,4,2017,"90,000",84.93,4,18-1,130,,,반포대로 275,0,00275,00000,2121003,2,11650,11650,반포동,,전월세,201704,2017-04-11,26,25.7,90000,130,월세
래미안퍼스티지,11650-3559,2009,,,14,4,2017,"160,000",169.31,6,18-1,230,,,반포대로 275,0,00275,00000,2121003,2,11650,11650,반포동,,전월세,201704,2017-04-14,51,51.2,160000,230,월세
래미안퍼스티지,11650-3559,2009,,,14,4,2017,"85,000",59.98,23,18-1,25,,,반포대로 275,0,00275,00000,2121003,2,11650,11650,반포동,,전월세,201704,2017-04-14,18,18.1,85000,25,월세
래미안퍼스티지,11650-3559,2009,,,15,4,2017,"90,000",84.93,19,18-1,100,,,반포대로 275,0,00275,00000,2121003,2,11650,11650,반포동,,전월세,201704,2017-04-15,26,25.7,90000,100,월세
래미안퍼스티지,11650-3559,2009,,,18,4,2017,"100,000",84.93,3,18-1,110,,,반포대로 275,0,00275,00000,2121003,2,11650,11650,반포동,,전월세,201704,2017-04-18,26,25.7,100000,110,월세
래미안퍼스티지,11650-3559,2009,,,19,4,2017,"40,000",84.93,6,18-1,270,,,반포대로 275,0,00275,00000,2121003,2,11650,11650,반포동,,전월세,201704,2017-04-19,26,25.7,40000,270,월세
래미안퍼스티지,11650-3559,2009,,,21,4,2017,"30,000",59.96,10,18-1,270,,,반포대로 275,0,00275,00000,2121003,2,11650,11650,반포동,,전월세,201704,2017-04-21,18,18.1,30000,270,월세
래미안퍼스티지,11650-3559,2009,,,26,4,2017,"170,000",135.92,30,18-1,100,,,반포대로 275,0,00275,00000,2121003,2,11650,11650,반포동,,전월세,201704,2017-04-26,41,41.1,170000,100,월세
래미안퍼스티지,11650-3559,2009,,,5,5,2017,"20,000",59.96,7,18-1,250,,,반포대로 275,0,00275,00000,2121003,2,11650,11650,반포동,,전월세,201705,2017-05-05,18,18.1,20000,250,월세
래미안퍼스티지,11650-3559,2009,,,8,5,2017,"10,000",135.92,25,18-1,550,,,반포대로 275,0,00275,00000,2121003,2,11650,11650,반포동,,전월세,201705,2017-05-08,41,41.1,10000,550,월세
래미안퍼스티지,11650-3559,2009,,,10,5,2017,"100,000",135.92,22,18-1,290,,,반포대로 275,0,00275,00000,2121003,2,11650,11650,반포동,,전월세,201705,2017-05-10,41,41.1,100000,290,월세
래미안퍼스티지,11650-3559,2009,,,10,5,2017,"50,000",59.96,24,18-1,190,,,반포대로 275,0,00275,00000,2121003,2,11650,11650,반포동,,전월세,201705,2017-05-10,18,18.1,50000,190,월세
래미안퍼스티지,11650-3559,2009,,,13,5,2017,"10,000",84.93,18,18-1,365,,,반포대로 275,0,00275,00000,2121003,2,11650,11650,반포동,,전월세,201705,2017-05-13,26,25.7,10000,365,월세
래미안퍼스티지,11650-3559,2009,,,17,5,2017,"85,000",59.96,23,18-1,35,,,반포대로 275,0,00275,00000,2121003,2,11650,11650,반포동,,전월세,201705,2017-05-17,18,18.1,85000,35,월세
래미안퍼스티지,11650-3559,2009,,,20,5,2017,"55,000",59.89,16,18-1,130,,,반포대로 275,0,00275,00000,2121003,2,11650,11650,반포동,,전월세,201705,2017-05-20,18,18.1,55000,130,월세
래미안퍼스티지,11650-3559,2009,,,22,5,2017,"90,000",84.93,16,18-1,150,,,반포대로 275,0,00275,00000,2121003,2,11650,11650,반포동,,전월세,201705,2017-05-22,26,25.7,90000,150,월세
래미안퍼스티지,11650-3559,2009,,,25,5,2017,"205,000",222.76,11,18-1,170,,,반포대로 275,0,00275,00000,2121003,2,11650,11650,반포동,,전월세,201705,2017-05-25,67,67.4,205000,170,월세
래미안퍼스티지,11650-3559,2009,,,25,5,2017,"80,000",84.93,16,18-1,170,,,반포대로 275,0,00275,00000,2121003,2,11650,11650,반포동,,전월세,201705,2017-05-25,26,25.7,80000,170,월세
래미안퍼스티지,11650-3559,2009,,,27,5,2017,"132,000",115.65,1,18-1,100,,,반포대로 275,0,00275,00000,2121003,2,11650,11650,반포동,,전월세,201705,2017-05-27,35,35.0,132000,100,월세
래미안퍼스티지,11650-3559,2009,,,30,5,2017,"220,000",222.76,10,18-1,150,,,반포대로 275,0,00275,00000,2121003,2,11650,11650,반포동,,전월세,201705,2017-05-30,67,67.4,220000,150,월세
래미안퍼스티지,11650-3559,2009,,,30,5,2017,"10,000",84.93,31,18-1,370,,,반포대로 275,0,00275,00000,2121003,2,11650,11650,반포동,,전월세,201705,2017-05-30,26,25.7,10000,370,월세
래미안퍼스티지,11650-3559,2009,,,1,6,2017,"7,000",59.89,20,18-1,280,,,반포대로 275,0,00275,00000,2121003,2,11650,11650,반포동,,전월세,201706,2017-06-01,18,18.1,7000,280,월세
래미안퍼스티지,11650-3559,2009,,,2,6,2017,"115,000",84.93,27,18-1,50,,,반포대로 275,0,00275,00000,2121003,2,11650,11650,반포동,,전월세,201706,2017-06-02,26,25.7,115000,50,월세
래미안퍼스티지,11650-3559,2009,,,3,6,2017,"100,000",84.93,31,18-1,100,,,반포대로 275,0,00275,00000,2121003,2,11650,11650,반포동,,전월세,201706,2017-06-03,26,25.7,100000,100,월세
래미안퍼스티지,11650-3559,2009,,,6,6,2017,"200,000",198.04,14,18-1,140,,,반포대로 275,0,00275,00000,2121003,2,11650,11650,반포동,,전월세,201706,2017-06-06,60,59.9,200000,140,월세
래미안퍼스티지,11650-3559,2009,,,7,6,2017,"80,000",169.31,23,18-1,280,,,반포대로 275,0,00275,00000,2121003,2,11650,11650,반포동,,전월세,201706,2017-06-07,51,51.2,80000,280,월세
래미안퍼스티지,11650-3559,2009,,,10,6,2017,"60,000",135.92,23,18-1,300,,,반포대로 275,0,00275,00000,2121003,2,11650,11650,반포동,,전월세,201706,2017-06-10,41,41.1,60000,300,월세
래미안퍼스티지,11650-3559,2009,,,13,6,2017,"90,000",117.12,17,18-1,100,,,반포대로 275,0,00275,00000,2121003,2,11650,11650,반포동,,전월세,201706,2017-06-13,35,35.4,90000,100,월세
래미안퍼스티지,11650-3559,2009,,,13,6,2017,"70,000",135.92,18,18-1,500,,,반포대로 275,0,00275,00000,2121003,2,11650,11650,반포동,,전월세,201706,2017-06-13,41,41.1,70000,500,월세
래미안퍼스티지,11650-3559,2009,,,15,6,2017,"90,000",84.93,11,18-1,150,,,반포대로 275,0,00275,00000,2121003,2,11650,11650,반포동,,전월세,201706,2017-06-15,26,25.7,90000,150,월세
래미안퍼스티지,11650-3559,2009,,,21,6,2017,"20,000",115.65,13,18-1,450,,,반포대로 275,0,00275,00000,2121003,2,11650,11650,반포동,,전월세,201706,2017-06-21,35,35.0,20000,450,월세
래미안퍼스티지,11650-3559,2009,,,27,6,2017,"30,000",59.98,17,18-1,170,,,반포대로 275,0,00275,00000,2121003,2,11650,11650,반포동,,전월세,201706,2017-06-27,18,18.1,30000,170,월세
래미안퍼스티지,11650-3559,2009,,,1,7,2017,"35,000",84.93,27,18-1,290,,,반포대로 275,0,00275,00000,2121003,2,11650,11650,반포동,,전월세,201707,2017-07-01,26,25.7,35000,290,월세
래미안퍼스티지,11650-3559,2009,,,3,7,2017,"10,000",115.65,3,18-1,470,,,반포대로 275,0,00275,00000,2121003,2,11650,11650,반포동,,전월세,201707,2017-07-03,35,35.0,10000,470,월세
래미안퍼스티지,11650-3559,2009,,,5,7,2017,"80,000",84.93,14,18-1,150,,,반포대로 275,0,00275,00000,2121003,2,11650,11650,반포동,,전월세,201707,2017-07-05,26,25.7,80000,150,월세
래미안퍼스티지,11650-3559,2009,,,10,7,2017,"80,000",84.93,10,18-1,160,,,반포대로 275,0,00275,00000,2121003,2,11650,11650,반포동,,전월세,201707,2017-07-10,26,25.7,80000,160,월세
래미안퍼스티지,11650-3559,2009,,,10,7,2017,"30,000",84.93,13,18-1,310,,,반포대로 275,0,00275,00000,2121003,2,11650,11650,반포동,,전월세,201707,2017-07-10,26,25.7,30000,310,월세
래미안퍼스티지,11650-3559,2009,,,10,7,2017,"120,000",84.93,6,18-1,33,,,반포대로 275,0,00275,00000,2121003,2,11650,11650,반포동,,전월세,201707,2017-07-10,26,25.7,120000,33,월세
래미안퍼스티지,11650-3559,2009,,,10,7,2017,"70,000",84.93,19,18-1,220,,,반포대로 275,0,00275,00000,2121003,2,11650,11650,반포동,,전월세,201707,2017-07-10,26,25.7,70000,220,월세
래미안퍼스티지,11650-3559,2009,,,11,7,2017,"100,000",198.04,4,18-1,400,,,반포대로 275,0,00275,00000,2121003,2,11650,11650,반포동,,전월세,201707,2017-07-11,60,59.9,100000,400,월세
래미안퍼스티지,11650-3559,2009,,,13,7,2017,"170,000",198.04,24,18-1,200,,,반포대로 275,0,00275,00000,2121003,2,11650,11650,반포동,,전월세,201707,2017-07-13,60,59.9,170000,200,월세
래미안퍼스티지,11650-3559,2009,,,15,7,2017,"60,000",84.93,27,18-1,150,,,반포대로 275,0,00275,00000,2121003,2,11650,11650,반포동,,전월세,201707,2017-07-15,26,25.7,60000,150,월세
래미안퍼스티지,11650-3559,2009,,,19,7,2017,"64,000",84.93,19,18-1,150,,,반포대로 275,0,00275,00000,2121003,2,11650,11650,반포동,,전월세,201707,2017-07-19,26,25.7,64000,150,월세
래미안퍼스티지,11650-3559,2009,,,21,7,2017,"50,000",198.04,12,18-1,600,,,반포대로 275,0,00275,00000,2121003,2,11650,11650,반포동,,전월세,201707,2017-07-21,60,59.9,50000,600,월세
래미안퍼스티지,11650-3559,2009,,,21,7,2017,"80,000",84.93,22,18-1,130,,,반포대로 275,0,00275,00000,2121003,2,11650,11650,반포동,,전월세,201707,2017-07-21,26,25.7,80000,130,월세
래미안퍼스티지,11650-3559,2009,,,24,7,2017,"150,000",135.92,16,18-1,150,,,반포대로 275,0,00275,00000,2121003,2,11650,11650,반포동,,전월세,201707,2017-07-24,41,41.1,150000,150,월세
래미안퍼스티지,11650-3559,2009,,,26,7,2017,"30,000",84.93,7,18-1,275,,,반포대로 275,0,00275,00000,2121003,2,11650,11650,반포동,,전월세,201707,2017-07-26,26,25.7,30000,275,월세
래미안퍼스티지,11650-3559,2009,,,28,7,2017,"250,000",222.76,7,18-1,35,,,반포대로 275,0,00275,00000,2121003,2,11650,11650,반포동,,전월세,201707,2017-07-28,67,67.4,250000,35,월세
래미안퍼스티지,11650-3559,2009,,,1,8,2017,"90,000",84.93,17,18-1,130,,,반포대로 275,0,00275,00000,2121003,2,11650,11650,반포동,,전월세,201708,2017-08-01,26,25.7,90000,130,월세
래미안퍼스티지,11650-3559,2009,,,3,8,2017,"50,000",84.93,14,18-1,270,,,반포대로 275,0,00275,00000,2121003,2,11650,11650,반포동,,전월세,201708,2017-08-03,26,25.7,50000,270,월세
래미안퍼스티지,11650-3559,2009,,,8,8,2017,"170,000",198.22,15,18-1,150,,,반포대로 275,0,00275,00000,2121003,2,11650,11650,반포동,,전월세,201708,2017-08-08,60,60.0,170000,150,월세
래미안퍼스티지,11650-3559,2009,,,8,8,2017,"10,000",84.93,6,18-1,350,,,반포대로 275,0,00275,00000,2121003,2,11650,11650,반포동,,전월세,201708,2017-08-08,26,25.7,10000,350,월세
래미안퍼스티지,11650-3559,2009,,,10,8,2017,"170,000",222.76,2,18-1,300,,,반포대로 275,0,00275,00000,2121003,2,11650,11650,반포동,,전월세,201708,2017-08-10,67,67.4,170000,300,월세
래미안퍼스티지,11650-3559,2009,,,11,8,2017,"22,000",84.93,14,18-1,320,,,반포대로 275,0,00275,00000,2121003,2,11650,11650,반포동,,전월세,201708,2017-08-11,26,25.7,22000,320,월세
래미안퍼스티지,11650-3559,2009,,,22,8,2017,"80,000",84.93,14,18-1,150,,,반포대로 275,0,00275,00000,2121003,2,11650,11650,반포동,,전월세,201708,2017-08-22,26,25.7,80000,150,월세
래미안퍼스티지,11650-3559,2009,,,25,8,2017,"1,000",84.93,14,18-1,340,,,반포대로 275,0,00275,00000,2121003,2,11650,11650,반포동,,전월세,201708,2017-08-25,26,25.7,1000,340,월세
래미안퍼스티지,11650-3559,2009,,,28,8,2017,"80,000",59.98,23,18-1,60,,,반포대로 275,0,00275,00000,2121003,2,11650,11650,반포동,,전월세,201708,2017-08-28,18,18.1,80000,60,월세
래미안퍼스티지,11650-3559,2009,,,5,9,2017,"70,000",84.93,14,18-1,200,,,반포대로 275,0,00275,00000,2121003,2,11650,11650,반포동,,전월세,201709,2017-09-05,26,25.7,70000,200,월세
래미안퍼스티지,11650-3559,2009,,,8,9,2017,"80,000",84.93,15,18-1,120,,,반포대로 275,0,00275,00000,2121003,2,11650,11650,반포동,,전월세,201709,2017-09-08,26,25.7,80000,120,월세
래미안퍼스티지,11650-3559,2009,17.10~19.10,신규,9,9,2017,"68,000",59.89,2,18-1,105,,,반포대로 275,0,00275,00000,2121003,2,11650,11650,반포동,,전월세,201709,2017-09-09,18,18.1,68000,105,월세
래미안퍼스티지,11650-3559,2009,17.09~19.09,갱신,9,9,2017,"95,000",84.93,20,18-1,110,"92,500",100,반포대로 275,0,00275,00000,2121003,2,11650,11650,반포동,,전월세,201709,2017-09-09,26,25.7,95000,110,월세
래미안퍼스티지,11650-3559,2009,,,11,9,2017,"20,000",198.04,4,18-1,650,,,반포대로 275,0,00275,00000,2121003,2,11650,11650,반포동,,전월세,201709,2017-09-11,60,59.9,20000,650,월세
래미안퍼스티지,11650-3559,2009,,,15,9,2017,"50,000",115.65,24,18-1,340,,,반포대로 275,0,00275,00000,2121003,2,11650,11650,반포동,,전월세,201709,2017-09-15,35,35.0,50000,340,월세
래미안퍼스티지,11650-3559,2009,,,19,9,2017,"80,000",136.65,7,18-1,400,,,반포대로 275,0,00275,00000,2121003,2,11650,11650,반포동,,전월세,201709,2017-09-19,41,41.3,80000,400,월세
래미안퍼스티지,11650-3559,2009,,,19,9,2017,"30,000",59.96,18,18-1,210,,,반포대로 275,0,00275,00000,2121003,2,11650,11650,반포동,,전월세,201709,2017-09-19,18,18.1,30000,210,월세
래미안퍼스티지,11650-3559,2009,,,19,9,2017,"80,000",84.93,16,18-1,160,,,반포대로 275,0,00275,00000,2121003,2,11650,11650,반포동,,전월세,201709,2017-09-19,26,25.7,80000,160,월세
래미안퍼스티지,11650-3559,2009,,,20,9,2017,"80,000",84.93,6,18-1,170,,,반포대로 275,0,00275,00000,2121003,2,11650,11650,반포동,,전월세,201709,2017-09-20,26,25.7,80000,170,월세
래미안퍼스티지,11650-3559,2009,,,22,9,2017,"10,000",84.93,8,18-1,350,,,반포대로 275,0,00275,00000,2121003,2,11650,11650,반포동,,전월세,201709,2017-09-22,26,25.7,10000,350,월세
래미안퍼스티지,11650-3559,2009,17.10~19.10,갱신,23,9,2017,"90,000",84.93,28,18-1,200,"90,000",200,반포대로 275,0,00275,00000,2121003,2,11650,11650,반포동,,전월세,201709,2017-09-23,26,25.7,90000,200,월세
래미안퍼스티지,11650-3559,2009,17.10~19.10,신규,23,9,2017,"90,000",84.93,28,18-1,200,,,반포대로 275,0,00275,00000,2121003,2,11650,11650,반포동,,전월세,201709,2017-09-23,26,25.7,90000,200,월세
래미안퍼스티지,11650-3559,2009,,,28,9,2017,"10,000",84.93,29,18-1,370,,,반포대로 275,0,00275,00000,2121003,2,11650,11650,반포동,,전월세,201709,2017-09-28,26,25.7,10000,370,월세
래미안퍼스티지,11650-3559,2009,17.10~19.10,갱신,28,9,2017,"70,000",84.93,23,18-1,160,"50,000",220,반포대로 275,0,00275,00000,2121003,2,11650,11650,반포동,,전월세,201709,2017-09-28,26,25.7,70000,160,월세
래미안퍼스티지,11650-3559,2009,,,29,9,2017,"110,000",198.04,24,18-1,440,,,반포대로 275,0,00275,00000,2121003,2,11650,11650,반포동,,전월세,201709,2017-09-29,60,59.9,110000,440,월세
래미안퍼스티지,11650-3559,2009,,,12,10,2017,"100,000",84.93,23,18-1,150,,,반포대로 275,0,00275,00000,2121003,2,11650,11650,반포동,,전월세,201710,2017-10-12,26,25.7,100000,150,월세
래미안퍼스티지,11650-3559,2009,,,12,10,2017,"90,000",84.93,21,18-1,150,,,반포대로 275,0,00275,00000,2121003,2,11650,11650,반포동,,전월세,201710,2017-10-12,26,25.7,90000,150,월세
래미안퍼스티지,11650-3559,2009,,,14,10,2017,"10,000",59.89,10,18-1,290,,,반포대로 275,0,00275,00000,2121003,2,11650,11650,반포동,,전월세,201710,2017-10-14,18,18.1,10000,290,월세
래미안퍼스티지,11650-3559,2009,,,15,10,2017,"20,000",59.89,7,18-1,260,,,반포대로 275,0,00275,00000,2121003,2,11650,11650,반포동,,전월세,201710,2017-10-15,18,18.1,20000,260,월세
래미안퍼스티지,11650-3559,2009,,,19,10,2017,"70,000",84.93,28,18-1,200,,,반포대로 275,0,00275,00000,2121003,2,11650,11650,반포동,,전월세,201710,2017-10-19,26,25.7,70000,200,월세
래미안퍼스티지,11650-3559,2009,,,28,10,2017,"50,000",168.65,14,18-1,550,,,반포대로 275,0,00275,00000,2121003,2,11650,11650,반포동,,전월세,201710,2017-10-28,51,51.0,50000,550,월세
래미안퍼스티지,11650-3559,2009,,,2,11,2017,"60,000",84.93,21,18-1,260,,,반포대로 275,0,00275,00000,2121003,2,11650,11650,반포동,,전월세,201711,2017-11-02,26,25.7,60000,260,월세
래미안퍼스티지,11650-3559,2009,,,3,11,2017,"60,000",84.93,8,18-1,250,,,반포대로 275,0,00275,00000,2121003,2,11650,11650,반포동,,전월세,201711,2017-11-03,26,25.7,60000,250,월세
래미안퍼스티지,11650-3559,2009,,,4,11,2017,"50,000",84.93,17,18-1,240,,,반포대로 275,0,00275,00000,2121003,2,11650,11650,반포동,,전월세,201711,2017-11-04,26,25.7,50000,240,월세
래미안퍼스티지,11650-3559,2009,,,8,11,2017,"70,000",84.93,25,18-1,270,,,반포대로 275,0,00275,00000,2121003,2,11650,11650,반포동,,전월세,201711,2017-11-08,26,25.7,70000,270,월세
래미안퍼스티지,11650-3559,2009,,,10,11,2017,"200,000",198.22,18,18-1,100,,,반포대로 275,0,00275,00000,2121003,2,11650,11650,반포동,,전월세,201711,2017-11-10,60,60.0,200000,100,월세
래미안퍼스티지,11650-3559,2009,,,19,11,2017,"170,000",169.31,17,18-1,210,,,반포대로 275,0,00275,00000,2121003,2,11650,11650,반포동,,전월세,201711,2017-11-19,51,51.2,170000,210,월세
래미안퍼스티지,11650-3559,2009,,,20,11,2017,"10,000",59.96,12,18-1,300,,,반포대로 275,0,00275,00000,2121003,2,11650,11650,반포동,,전월세,201711,2017-11-20,18,18.1,10000,300,월세
래미안퍼스티지,11650-3559,2009,,,22,11,2017,"100,000",84.93,22,18-1,140,,,반포대로 275,0,00275,00000,2121003,2,11650,11650,반포동,,전월세,201711,2017-11-22,26,25.7,100000,140,월세
래미안퍼스티지,11650-3559,2009,,,27,11,2017,"70,000",59.89,16,18-1,100,,,반포대로 275,0,00275,00000,2121003,2,11650,11650,반포동,,전월세,201711,2017-11-27,18,18.1,70000,100,월세
래미안퍼스티지,11650-3559,2009,,,30,11,2017,"120,000",168.65,15,18-1,400,,,반포대로 275,0,00275,00000,2121003,2,11650,11650,반포동,,전월세,201711,2017-11-30,51,51.0,120000,400,월세
래미안퍼스티지,11650-3559,2009,,,2,12,2017,"10,000",84.93,22,18-1,380,,,반포대로 275,0,00275,00000,2121003,2,11650,11650,반포동,,전월세,201712,2017-12-02,26,25.7,10000,380,월세
래미안퍼스티지,11650-3559,2009,,,6,12,2017,"100,000",84.93,16,18-1,160,,,반포대로 275,0,00275,00000,2121003,2,11650,11650,반포동,,전월세,201712,2017-12-06,26,25.7,100000,160,월세
래미안퍼스티지,11650-3559,2009,,,6,12,2017,"75,000",84.93,9,18-1,230,,,반포대로 275,0,00275,00000,2121003,2,11650,11650,반포동,,전월세,201712,2017-12-06,26,25.7,75000,230,월세
래미안퍼스티지,11650-3559,2009,,,7,12,2017,"90,000",84.93,12,18-1,160,,,반포대로 275,0,00275,00000,2121003,2,11650,11650,반포동,,전월세,201712,2017-12-07,26,25.7,90000,160,월세
래미안퍼스티지,11650-3559,2009,,,11,12,2017,"110,000",84.93,19,18-1,100,,,반포대로 275,0,00275,00000,2121003,2,11650,11650,반포동,,전월세,201712,2017-12-11,26,25.7,110000,100,월세
래미안퍼스티지,11650-3559,2009,,,12,12,2017,"90,000",84.93,5,18-1,150,,,반포대로 275,0,00275,00000,2121003,2,11650,11650,반포동,,전월세,201712,2017-12-12,26,25.7,90000,150,월세
래미안퍼스티지,11650-3559,2009,,,14,12,2017,"68,000",59.89,24,18-1,100,,,반포대로 275,0,00275,00000,2121003,2,11650,11650,반포동,,전월세,201712,2017-12-14,18,18.1,68000,100,월세
래미안퍼스티지,11650-3559,2009,,,16,12,2017,"80,000",84.93,14,18-1,150,,,반포대로 275,0,00275,00000,2121003,2,11650,11650,반포동,,전월세,201712,2017-12-16,26,25.7,80000,150,월세
래미안퍼스티지,11650-3559,2009,,,19,12,2017,"100,000",84.93,13,18-1,120,,,반포대로 275,0,00275,00000,2121003,2,11650,11650,반포동,,전월세,201712,2017-12-19,26,25.7,100000,120,월세
래미안퍼스티지,11650-3559,2009,,,22,12,2017,"85,000",198.22,26,18-1,550,,,반포대로 275,0,00275,00000,2121003,2,11650,11650,반포동,,전월세,201712,2017-12-22,60,60.0,85000,550,월세
래미안퍼스티지,11650-3559,2009,,,23,12,2017,"60,000",59.89,5,18-1,170,,,반포대로 275,0,00275,00000,2121003,2,11650,11650,반포동,,전월세,201712,2017-12-23,18,18.1,60000,170,월세
래미안퍼스티지,11650-3559,2009,,,23,12,2017,"70,000",59.96,6,18-1,100,,,반포대로 275,0,00275,00000,2121003,2,11650,11650,반포동,,전월세,201712,2017-12-23,18,18.1,70000,100,월세
래미안퍼스티지,11650-3559,2009,,,23,12,2017,"10,000",84.85,23,18-1,380,,,반포대로 275,0,00275,00000,2121003,2,11650,11650,반포동,,전월세,201712,2017-12-23,26,25.7,10000,380,월세
래미안퍼스티지,11650-3559,2009,,,26,12,2017,"80,000",84.93,5,18-1,190,,,반포대로 275,0,00275,00000,2121003,2,11650,11650,반포동,,전월세,201712,2017-12-26,26,25.7,80000,190,월세
래미안퍼스티지,11650-3559,2009,18.02~20.02,신규,28,12,2017,"30,000",84.93,5,18-1,360,,,반포대로 275,0,00275,00000,2121003,2,11650,11650,반포동,,전월세,201712,2017-12-28,26,25.7,30000,360,월세
래미안퍼스티지,11650-3559,2009,,,29,12,2017,"10,000",84.93,13,18-1,300,,,반포대로 275,0,00275,00000,2121003,2,11650,11650,반포동,,전월세,201712,2017-12-29,26,25.7,10000,300,월세
래미안퍼스티지,11650-3559,2009,,,4,1,2018,"110,000",84.93,17,18-1,100,,,반포대로 275,0,00275,00000,2121003,2,11650,11650,반포동,,전월세,201801,2018-01-04,26,25.7,110000,100,월세
래미안퍼스티지,11650-3559,2009,,,5,1,2018,"50,000",59.96,21,18-1,160,,,반포대로 275,0,00275,00000,2121003,2,11650,11650,반포동,,전월세,201801,2018-01-05,18,18.1,50000,160,월세
래미안퍼스티지,11650-3559,2009,,,5,1,2018,"120,000",84.93,20,18-1,150,,,반포대로 275,0,00275,00000,2121003,2,11650,11650,반포동,,전월세,201801,2018-01-05,26,25.7,120000,150,월세
래미안퍼스티지,11650-3559,2009,,,9,1,2018,"80,000",84.93,25,18-1,210,,,반포대로 275,0,00275,00000,2121003,2,11650,11650,반포동,,전월세,201801,2018-01-09,26,25.7,80000,210,월세
래미안퍼스티지,11650-3559,2009,,,12,1,2018,"220,000",222.76,4,18-1,130,,,반포대로 275,0,00275,00000,2121003,2,11650,11650,반포동,,전월세,201801,2018-01-12,67,67.4,220000,130,월세
래미안퍼스티지,11650-3559,2009,,,12,1,2018,"80,000",59.89,21,18-1,100,,,반포대로 275,0,00275,00000,2121003,2,11650,11650,반포동,,전월세,201801,2018-01-12,18,18.1,80000,100,월세
래미안퍼스티지,11650-3559,2009,,,13,1,2018,"100,000",84.93,20,18-1,140,,,반포대로 275,0,00275,00000,2121003,2,11650,11650,반포동,,전월세,201801,2018-01-13,26,25.7,100000,140,월세
래미안퍼스티지,11650-3559,2009,,,14,1,2018,"50,000",59.96,5,18-1,150,,,반포대로 275,0,00275,00000,2121003,2,11650,11650,반포동,,전월세,201801,2018-01-14,18,18.1,50000,150,월세
래미안퍼스티지,11650-3559,2009,,,17,1,2018,"110,000",84.93,29,18-1,70,,,반포대로 275,0,00275,00000,2121003,2,11650,11650,반포동,,전월세,201801,2018-01-17,26,25.7,110000,70,월세
래미안퍼스티지,11650-3559,2009,,,18,1,2018,"30,000",168.65,6,18-1,680,,,반포대로 275,0,00275,00000,2121003,2,11650,11650,반포동,,전월세,201801,2018-01-18,51,51.0,30000,680,월세
래미안퍼스티지,11650-3559,2009,,,24,1,2018,"120,000",84.93,11,18-1,55,,,반포대로 275,0,00275,00000,2121003,2,11650,11650,반포동,,전월세,201801,2018-01-24,26,25.7,120000,55,월세
래미안퍼스티지,11650-3559,2009,,,2,2,2018,"60,000",84.93,13,18-1,200,,,반포대로 275,0,00275,00000,2121003,2,11650,11650,반포동,,전월세,201802,2018-02-02,26,25.7,60000,200,월세
래미안퍼스티지,11650-3559,2009,,,23,2,2018,"60,000",84.93,15,18-1,225,,,반포대로 275,0,00275,00000,2121003,2,11650,11650,반포동,,전월세,201802,2018-02-23,26,25.7,60000,225,월세
래미안퍼스티지,11650-3559,2009,,,23,2,2018,"10,000",84.93,15,18-1,405,,,반포대로 275,0,00275,00000,2121003,2,11650,11650,반포동,,전월세,201802,2018-02-23,26,25.7,10000,405,월세
래미안퍼스티지,11650-3559,2009,,,26,2,2018,"125,000",169.31,3,18-1,350,,,반포대로 275,0,00275,00000,2121003,2,11650,11650,반포동,,전월세,201802,2018-02-26,51,51.2,125000,350,월세
래미안퍼스티지,11650-3559,2009,,,27,2,2018,"120,000",198.04,1,18-1,330,,,반포대로 275,0,00275,00000,2121003,2,11650,11650,반포동,,전월세,201802,2018-02-27,60,59.9,120000,330,월세
래미안퍼스티지,11650-3559,2009,,,28,2,2018,"80,000",115.65,12,18-1,400,,,반포대로 275,0,00275,00000,2121003,2,11650,11650,반포동,,전월세,201802,2018-02-28,35,35.0,80000,400,월세
래미안퍼스티지,11650-3559,2009,,,28,2,2018,"60,000",84.93,18,18-1,240,,,반포대로 275,0,00275,00000,2121003,2,11650,11650,반포동,,전월세,201802,2018-02-28,26,25.7,60000,240,월세
래미안퍼스티지,11650-3559,2009,,,28,2,2018,"30,000",84.93,13,18-1,290,,,반포대로 275,0,00275,00000,2121003,2,11650,11650,반포동,,전월세,201802,2018-02-28,26,25.7,30000,290,월세
래미안퍼스티지,11650-3559,2009,,,1,3,2018,"80,000",84.93,3,18-1,220,,,반포대로 275,0,00275,00000,2121003,2,11650,11650,반포동,,전월세,201803,2018-03-01,26,25.7,80000,220,월세
래미안퍼스티지,11650-3559,2009,,,1,3,2018,"110,000",84.93,9,18-1,120,,,반포대로 275,0,00275,00000,2121003,2,11650,11650,반포동,,전월세,201803,2018-03-01,26,25.7,110000,120,월세
래미안퍼스티지,11650-3559,2009,,,3,3,2018,"72,000",59.96,29,18-1,100,,,반포대로 275,0,00275,00000,2121003,2,11650,11650,반포동,,전월세,201803,2018-03-03,18,18.1,72000,100,월세
래미안퍼스티지,11650-3559,2009,,,3,3,2018,"50,000",84.93,10,18-1,250,,,반포대로 275,0,00275,00000,2121003,2,11650,11650,반포동,,전월세,201803,2018-03-03,26,25.7,50000,250,월세
래미안퍼스티지,11650-3559,2009,,,13,3,2018,"80,000",59.96,28,18-1,100,,,반포대로 275,0,00275,00000,2121003,2,11650,11650,반포동,,전월세,201803,2018-03-13,18,18.1,80000,100,월세
래미안퍼스티지,11650-3559,2009,,,14,3,2018,"10,000",84.93,18,18-1,390,,,반포대로 275,0,00275,00000,2121003,2,11650,11650,반포동,,전월세,201803,2018-03-14,26,25.7,10000,390,월세
래미안퍼스티지,11650-3559,2009,18.05~20.05,신규,15,3,2018,"10,000",59.89,11,18-1,300,,,반포대로 275,0,00275,00000,2121003,2,11650,11650,반포동,,전월세,201803,2018-03-15,18,18.1,10000,300,월세
래미안퍼스티지,11650-3559,2009,,,15,3,2018,"20,000",59.96,2,18-1,260,,,반포대로 275,0,00275,00000,2121003,2,11650,11650,반포동,,전월세,201803,2018-03-15,18,18.1,20000,260,월세
래미안퍼스티지,11650-3559,2009,,,19,3,2018,"80,000",84.93,30,18-1,230,,,반포대로 275,0,00275,00000,2121003,2,11650,11650,반포동,,전월세,201803,2018-03-19,26,25.7,80000,230,월세
래미안퍼스티지,11650-3559,2009,,,24,3,2018,"120,000",117.12,17,18-1,170,,,반포대로 275,0,00275,00000,2121003,2,11650,11650,반포동,,전월세,201803,2018-03-24,35,35.4,120000,170,월세
래미안퍼스티지,11650-3559,2009,,,30,3,2018,"60,000",84.93,30,18-1,225,,,반포대로 275,0,00275,00000,2121003,2,11650,11650,반포동,,전월세,201803,2018-03-30,26,25.7,60000,225,월세
래미안퍼스티지,11650-3559,2009,,,1,4,2018,"60,000",84.93,13,18-1,200,,,반포대로 275,0,00275,00000,2121003,2,11650,11650,반포동,,전월세,201804,2018-04-01,26,25.7,60000,200,월세
래미안퍼스티지,11650-3559,2009,,,4,4,2018,"20,000",135.92,19,18-1,650,,,반포대로 275,0,00275,00000,2121003,2,11650,11650,반포동,,전월세,201804,2018-04-04,41,41.1,20000,650,월세
래미안퍼스티지,11650-3559,2009,,,7,4,2018,"120,000",84.93,15,18-1,60,,,반포대로 275,0,00275,00000,2121003,2,11650,11650,반포동,,전월세,201804,2018-04-07,26,25.7,120000,60,월세
래미안퍼스티지,11650-3559,2009,,,16,4,2018,"50,000",84.93,12,18-1,250,,,반포대로 275,0,00275,00000,2121003,2,11650,11650,반포동,,전월세,201804,2018-04-16,26,25.7,50000,250,월세
래미안퍼스티지,11650-3559,2009,,,19,4,2018,"100,000",84.93,21,18-1,100,,,반포대로 275,0,00275,00000,2121003,2,11650,11650,반포동,,전월세,201804,2018-04-19,26,25.7,100000,100,월세
래미안퍼스티지,11650-3559,2009,18.07~20.07,신규,21,4,2018,"50,000",115.65,4,18-1,300,,,반포대로 275,0,00275,00000,2121003,2,11650,11650,반포동,,전월세,201804,2018-04-21,35,35.0,50000,300,월세
래미안퍼스티지,11650-3559,2009,,,23,4,2018,"10,000",117.12,14,18-1,430,,,반포대로 275,0,00275,00000,2121003,2,11650,11650,반포동,,전월세,201804,2018-04-23,35,35.4,10000,430,월세
래미안퍼스티지,11650-3559,2009,,,26,4,2018,"20,000",84.93,6,18-1,320,,,반포대로 275,0,00275,00000,2121003,2,11650,11650,반포동,,전월세,201804,2018-04-26,26,25.7,20000,320,월세
래미안퍼스티지,11650-3559,2009,,,30,4,2018,"10,000",84.93,9,18-1,370,,,반포대로 275,0,00275,00000,2121003,2,11650,11650,반포동,,전월세,201804,2018-04-30,26,25.7,10000,370,월세
래미안퍼스티지,11650-3559,2009,,,8,5,2018,"150,000",136.65,26,18-1,230,,,반포대로 275,0,00275,00000,2121003,2,11650,11650,반포동,,전월세,201805,2018-05-08,41,41.3,150000,230,월세
래미안퍼스티지,11650-3559,2009,,,8,5,2018,"40,000",84.93,29,18-1,260,,,반포대로 275,0,00275,00000,2121003,2,11650,11650,반포동,,전월세,201805,2018-05-08,26,25.7,40000,260,월세
래미안퍼스티지,11650-3559,2009,,,9,5,2018,"30,000",84.93,7,18-1,310,,,반포대로 275,0,00275,00000,2121003,2,11650,11650,반포동,,전월세,201805,2018-05-09,26,25.7,30000,310,월세
래미안퍼스티지,11650-3559,2009,,,10,5,2018,"170,000",135.92,30,18-1,150,,,반포대로 275,0,00275,00000,2121003,2,11650,11650,반포동,,전월세,201805,2018-05-10,41,41.1,170000,150,월세
래미안퍼스티지,11650-3559,2009,,,10,5,2018,"100,000",136.65,22,18-1,310,,,반포대로 275,0,00275,00000,2121003,2,11650,11650,반포동,,전월세,201805,2018-05-10,41,41.3,100000,310,월세
래미안퍼스티지,11650-3559,2009,,,10,5,2018,"40,000",59.89,3,18-1,200,,,반포대로 275,0,00275,00000,2121003,2,11650,11650,반포동,,전월세,201805,2018-05-10,18,18.1,40000,200,월세
래미안퍼스티지,11650-3559,2009,,,10,5,2018,"40,000",59.89,30,18-1,230,,,반포대로 275,0,00275,00000,2121003,2,11650,11650,반포동,,전월세,201805,2018-05-10,18,18.1,40000,230,월세
래미안퍼스티지,11650-3559,2009,,,15,5,2018,"95,000",84.93,25,18-1,150,,,반포대로 275,0,00275,00000,2121003,2,11650,11650,반포동,,전월세,201805,2018-05-15,26,25.7,95000,150,월세
래미안퍼스티지,11650-3559,2009,,,19,5,2018,"30,000",84.93,20,18-1,310,,,반포대로 275,0,00275,00000,2121003,2,11650,11650,반포동,,전월세,201805,2018-05-19,26,25.7,30000,310,월세
래미안퍼스티지,11650-3559,2009,,,26,5,2018,"80,000",84.93,23,18-1,150,,,반포대로 275,0,00275,00000,2121003,2,11650,11650,반포동,,전월세,201805,2018-05-26,26,25.7,80000,150,월세
래미안퍼스티지,11650-3559,2009,,,4,6,2018,"160,000",135.92,8,18-1,160,,,반포대로 275,0,00275,00000,2121003,2,11650,11650,반포동,,전월세,201806,2018-06-04,41,41.1,160000,160,월세
래미안퍼스티지,11650-3559,2009,,,4,6,2018,"140,000",168.65,19,18-1,250,,,반포대로 275,0,00275,00000,2121003,2,11650,11650,반포동,,전월세,201806,2018-06-04,51,51.0,140000,250,월세
래미안퍼스티지,11650-3559,2009,,,5,6,2018,"50,000",84.76,19,18-1,260,,,반포대로 275,0,00275,00000,2121003,2,11650,11650,반포동,,전월세,201806,2018-06-05,26,25.6,50000,260,월세
래미안퍼스티지,11650-3559,2009,,,7,6,2018,"85,000",59.96,23,18-1,15,,,반포대로 275,0,00275,00000,2121003,2,11650,11650,반포동,,전월세,201806,2018-06-07,18,18.1,85000,15,월세
래미안퍼스티지,11650-3559,2009,,,13,6,2018,"60,000",59.98,15,18-1,130,,,반포대로 275,0,00275,00000,2121003,2,11650,11650,반포동,,전월세,201806,2018-06-13,18,18.1,60000,130,월세
래미안퍼스티지,11650-3559,2009,,,19,6,2018,"50,000",84.85,15,18-1,240,,,반포대로 275,0,00275,00000,2121003,2,11650,11650,반포동,,전월세,201806,2018-06-19,26,25.7,50000,240,월세
래미안퍼스티지,11650-3559,2009,,,23,6,2018,"110,000",84.93,18,18-1,50,,,반포대로 275,0,00275,00000,2121003,2,11650,11650,반포동,,전월세,201806,2018-06-23,26,25.7,110000,50,월세
래미안퍼스티지,11650-3559,2009,,,25,6,2018,"100,000",84.93,22,18-1,100,,,반포대로 275,0,00275,00000,2121003,2,11650,11650,반포동,,전월세,201806,2018-06-25,26,25.7,100000,100,월세
래미안퍼스티지,11650-3559,2009,,,25,6,2018,"8,000",84.93,15,18-1,360,,,반포대로 275,0,00275,00000,2121003,2,11650,11650,반포동,,전월세,201806,2018-06-25,26,25.7,8000,360,월세
래미안퍼스티지,11650-3559,2009,,,26,6,2018,"10,000",84.93,24,18-1,320,,,반포대로 275,0,00275,00000,2121003,2,11650,11650,반포동,,전월세,201806,2018-06-26,26,25.7,10000,320,월세
래미안퍼스티지,11650-3559,2009,,,27,6,2018,"10,000",59.96,16,18-1,290,,,반포대로 275,0,00275,00000,2121003,2,11650,11650,반포동,,전월세,201806,2018-06-27,18,18.1,10000,290,월세
래미안퍼스티지,11650-3559,2009,,,29,6,2018,"150,000",198.22,6,18-1,370,,,반포대로 275,0,00275,00000,2121003,2,11650,11650,반포동,,전월세,201806,2018-06-29,60,60.0,150000,370,월세
래미안퍼스티지,11650-3559,2009,,,29,6,2018,"10,000",84.93,21,18-1,340,,,반포대로 275,0,00275,00000,2121003,2,11650,11650,반포동,,전월세,201806,2018-06-29,26,25.7,10000,340,월세
래미안퍼스티지,11650-3559,2009,,,30,6,2018,"50,000",59.89,4,18-1,160,,,반포대로 275,0,00275,00000,2121003,2,11650,11650,반포동,,전월세,201806,2018-06-30,18,18.1,50000,160,월세
래미안퍼스티지,11650-3559,2009,18.08~20.08,신규,30,6,2018,"50,000",84.93,25,18-1,240,,,반포대로 275,0,00275,00000,2121003,2,11650,11650,반포동,,전월세,201806,2018-06-30,26,25.7,50000,240,월세
래미안퍼스티지,11650-3559,2009,,,7,7,2018,"60,000",59.89,16,18-1,155,,,반포대로 275,0,00275,00000,2121003,2,11650,11650,반포동,,전월세,201807,2018-07-07,18,18.1,60000,155,월세
래미안퍼스티지,11650-3559,2009,,,7,7,2018,"100,000",84.93,8,18-1,100,,,반포대로 275,0,00275,00000,2121003,2,11650,11650,반포동,,전월세,201807,2018-07-07,26,25.7,100000,100,월세
래미안퍼스티지,11650-3559,2009,,,7,7,2018,"100,000",84.93,14,18-1,130,,,반포대로 275,0,00275,00000,2121003,2,11650,11650,반포동,,전월세,201807,2018-07-07,26,25.7,100000,130,월세
래미안퍼스티지,11650-3559,2009,,,7,7,2018,"100,000",84.93,9,18-1,120,,,반포대로 275,0,00275,00000,2121003,2,11650,11650,반포동,,전월세,201807,2018-07-07,26,25.7,100000,120,월세
래미안퍼스티지,11650-3559,2009,,,9,7,2018,"40,000",84.93,5,18-1,250,,,반포대로 275,0,00275,00000,2121003,2,11650,11650,반포동,,전월세,201807,2018-07-09,26,25.7,40000,250,월세
래미안퍼스티지,11650-3559,2009,,,10,7,2018,"5,000",84.93,4,18-1,360,,,반포대로 275,0,00275,00000,2121003,2,11650,11650,반포동,,전월세,201807,2018-07-10,26,25.7,5000,360,월세
래미안퍼스티지,11650-3559,2009,,,10,7,2018,"50,000",84.93,29,18-1,270,,,반포대로 275,0,00275,00000,2121003,2,11650,11650,반포동,,전월세,201807,2018-07-10,26,25.7,50000,270,월세
래미안퍼스티지,11650-3559,2009,,,11,7,2018,"80,000",59.98,19,18-1,90,,,반포대로 275,0,00275,00000,2121003,2,11650,11650,반포동,,전월세,201807,2018-07-11,18,18.1,80000,90,월세
래미안퍼스티지,11650-3559,2009,,,11,7,2018,"70,000",84.93,18,18-1,200,,,반포대로 275,0,00275,00000,2121003,2,11650,11650,반포동,,전월세,201807,2018-07-11,26,25.7,70000,200,월세
래미안퍼스티지,11650-3559,2009,,,12,7,2018,"10,000",84.93,10,18-1,360,,,반포대로 275,0,00275,00000,2121003,2,11650,11650,반포동,,전월세,201807,2018-07-12,26,25.7,10000,360,월세
래미안퍼스티지,11650-3559,2009,,,13,7,2018,"50,000",135.92,29,18-1,315,,,반포대로 275,0,00275,00000,2121003,2,11650,11650,반포동,,전월세,201807,2018-07-13,41,41.1,50000,315,월세
래미안퍼스티지,11650-3559,2009,,,14,7,2018,"60,000",198.04,5,18-1,600,,,반포대로 275,0,00275,00000,2121003,2,11650,11650,반포동,,전월세,201807,2018-07-14,60,59.9,60000,600,월세
래미안퍼스티지,11650-3559,2009,18.09~20.09,신규,14,7,2018,"90,000",84.93,10,18-1,160,,,반포대로 275,0,00275,00000,2121003,2,11650,11650,반포동,,전월세,201807,2018-07-14,26,25.7,90000,160,월세
래미안퍼스티지,11650-3559,2009,,,16,7,2018,"100,000",84.93,26,18-1,170,,,반포대로 275,0,00275,00000,2121003,2,11650,11650,반포동,,전월세,201807,2018-07-16,26,25.7,100000,170,월세
래미안퍼스티지,11650-3559,2009,,,19,7,2018,"70,000",198.04,25,18-1,600,,,반포대로 275,0,00275,00000,2121003,2,11650,11650,반포동,,전월세,201807,2018-07-19,60,59.9,70000,600,월세
래미안퍼스티지,11650-3559,2009,,,19,7,2018,"60,000",59.89,14,18-1,165,,,반포대로 275,0,00275,00000,2121003,2,11650,11650,반포동,,전월세,201807,2018-07-19,18,18.1,60000,165,월세
래미안퍼스티지,11650-3559,2009,,,19,7,2018,"10,000",84.93,25,18-1,380,,,반포대로 275,0,00275,00000,2121003,2,11650,11650,반포동,,전월세,201807,2018-07-19,26,25.7,10000,380,월세
래미안퍼스티지,11650-3559,2009,,,21,7,2018,"50,000",84.93,14,18-1,260,,,반포대로 275,0,00275,00000,2121003,2,11650,11650,반포동,,전월세,201807,2018-07-21,26,25.7,50000,260,월세
래미안퍼스티지,11650-3559,2009,,,24,7,2018,"80,000",59.96,9,18-1,100,,,반포대로 275,0,00275,00000,2121003,2,11650,11650,반포동,,전월세,201807,2018-07-24,18,18.1,80000,100,월세
래미안퍼스티지,11650-3559,2009,,,25,7,2018,"30,000",84.93,26,18-1,320,,,반포대로 275,0,00275,00000,2121003,2,11650,11650,반포동,,전월세,201807,2018-07-25,26,25.7,30000,320,월세
래미안퍼스티지,11650-3559,2009,,,2,8,2018,"60,000",84.93,18,18-1,250,,,반포대로 275,0,00275,00000,2121003,2,11650,11650,반포동,,전월세,201808,2018-08-02,26,25.7,60000,250,월세
래미안퍼스티지,11650-3559,2009,,,2,8,2018,"30,000",84.93,30,18-1,350,,,반포대로 275,0,00275,00000,2121003,2,11650,11650,반포동,,전월세,201808,2018-08-02,26,25.7,30000,350,월세
래미안퍼스티지,11650-3559,2009,,,7,8,2018,"70,000",84.93,4,18-1,230,,,반포대로 275,0,00275,00000,2121003,2,11650,11650,반포동,,전월세,201808,2018-08-07,26,25.7,70000,230,월세
래미안퍼스티지,11650-3559,2009,,,11,8,2018,"70,000",135.92,29,18-1,500,,,반포대로 275,0,00275,00000,2121003,2,11650,11650,반포동,,전월세,201808,2018-08-11,41,41.1,70000,500,월세
래미안퍼스티지,11650-3559,2009,,,11,8,2018,"91,000",59.96,5,18-1,50,,,반포대로 275,0,00275,00000,2121003,2,11650,11650,반포동,,전월세,201808,2018-08-11,18,18.1,91000,50,월세
래미안퍼스티지,11650-3559,2009,,,13,8,2018,"80,000",84.93,24,18-1,200,,,반포대로 275,0,00275,00000,2121003,2,11650,11650,반포동,,전월세,201808,2018-08-13,26,25.7,80000,200,월세
래미안퍼스티지,11650-3559,2009,,,13,8,2018,"120,000",84.93,28,18-1,30,,,반포대로 275,0,00275,00000,2121003,2,11650,11650,반포동,,전월세,201808,2018-08-13,26,25.7,120000,30,월세
래미안퍼스티지,11650-3559,2009,,,14,8,2018,"80,000",84.93,17,18-1,180,,,반포대로 275,0,00275,00000,2121003,2,11650,11650,반포동,,전월세,201808,2018-08-14,26,25.7,80000,180,월세
래미안퍼스티지,11650-3559,2009,,,17,8,2018,"100,000",168.65,23,18-1,410,,,반포대로 275,0,00275,00000,2121003,2,11650,11650,반포동,,전월세,201808,2018-08-17,51,51.0,100000,410,월세
래미안퍼스티지,11650-3559,2009,,,18,8,2018,"10,000",59.96,17,18-1,290,,,반포대로 275,0,00275,00000,2121003,2,11650,11650,반포동,,전월세,201808,2018-08-18,18,18.1,10000,290,월세
래미안퍼스티지,11650-3559,2009,,,25,8,2018,"50,000",135.92,26,18-1,480,,,반포대로 275,0,00275,00000,2121003,2,11650,11650,반포동,,전월세,201808,2018-08-25,41,41.1,50000,480,월세
래미안퍼스티지,11650-3559,2009,,,28,8,2018,"80,000",59.89,11,18-1,100,,,반포대로 275,0,00275,00000,2121003,2,11650,11650,반포동,,전월세,201808,2018-08-28,18,18.1,80000,100,월세
래미안퍼스티지,11650-3559,2009,,,29,8,2018,"80,000",168.65,7,18-1,500,,,반포대로 275,0,00275,00000,2121003,2,11650,11650,반포동,,전월세,201808,2018-08-29,51,51.0,80000,500,월세
래미안퍼스티지,11650-3559,2009,,,29,8,2018,"177,000",198.04,18,18-1,270,,,반포대로 275,0,00275,00000,2121003,2,11650,11650,반포동,,전월세,201808,2018-08-29,60,59.9,177000,270,월세
래미안퍼스티지,11650-3559,2009,,,30,8,2018,"200,000",135.92,15,18-1,50,,,반포대로 275,0,00275,00000,2121003,2,11650,11650,반포동,,전월세,201808,2018-08-30,41,41.1,200000,50,월세
래미안퍼스티지,11650-3559,2009,,,7,9,2018,"70,000",84.93,26,18-1,150,,,반포대로 275,0,00275,00000,2121003,2,11650,11650,반포동,,전월세,201809,2018-09-07,26,25.7,70000,150,월세
래미안퍼스티지,11650-3559,2009,,,15,9,2018,"10,000",135.92,28,18-1,600,,,반포대로 275,0,00275,00000,2121003,2,11650,11650,반포동,,전월세,201809,2018-09-15,41,41.1,10000,600,월세
래미안퍼스티지,11650-3559,2009,,,17,9,2018,"20,000",84.93,17,18-1,360,,,반포대로 275,0,00275,00000,2121003,2,11650,11650,반포동,,전월세,201809,2018-09-17,26,25.7,20000,360,월세
래미안퍼스티지,11650-3559,2009,,,18,9,2018,"60,000",84.93,18,18-1,280,,,반포대로 275,0,00275,00000,2121003,2,11650,11650,반포동,,전월세,201809,2018-09-18,26,25.7,60000,280,월세
래미안퍼스티지,11650-3559,2009,,,19,9,2018,"180,000",135.92,17,18-1,100,,,반포대로 275,0,00275,00000,2121003,2,11650,11650,반포동,,전월세,201809,2018-09-19,41,41.1,180000,100,월세
래미안퍼스티지,11650-3559,2009,,,20,9,2018,"20,000",59.96,2,18-1,260,,,반포대로 275,0,00275,00000,2121003,2,11650,11650,반포동,,전월세,201809,2018-09-20,18,18.1,20000,260,월세
래미안퍼스티지,11650-3559,2009,,,22,9,2018,"30,000",84.93,15,18-1,350,,,반포대로 275,0,00275,00000,2121003,2,11650,11650,반포동,,전월세,201809,2018-09-22,26,25.7,30000,350,월세
래미안퍼스티지,11650-3559,2009,,,29,9,2018,"10,000",115.65,13,18-1,550,,,반포대로 275,0,00275,00000,2121003,2,11650,11650,반포동,,전월세,201809,2018-09-29,35,35.0,10000,550,월세
래미안퍼스티지,11650-3559,2009,,,4,10,2018,"120,000",135.92,15,18-1,260,,,반포대로 275,0,00275,00000,2121003,2,11650,11650,반포동,,전월세,201810,2018-10-04,41,41.1,120000,260,월세
래미안퍼스티지,11650-3559,2009,,,9,10,2018,"90,000",84.93,18,18-1,175,,,반포대로 275,0,00275,00000,2121003,2,11650,11650,반포동,,전월세,201810,2018-10-09,26,25.7,90000,175,월세
래미안퍼스티지,11650-3559,2009,,,19,10,2018,"65,000",222.76,24,18-1,690,,,반포대로 275,0,00275,00000,2121003,2,11650,11650,반포동,,전월세,201810,2018-10-19,67,67.4,65000,690,월세
래미안퍼스티지,11650-3559,2009,,,19,10,2018,"70,000",59.96,3,18-1,135,,,반포대로 275,0,00275,00000,2121003,2,11650,11650,반포동,,전월세,201810,2018-10-19,18,18.1,70000,135,월세
래미안퍼스티지,11650-3559,2009,,,23,10,2018,"40,000",84.93,21,18-1,310,,,반포대로 275,0,00275,00000,2121003,2,11650,11650,반포동,,전월세,201810,2018-10-23,26,25.7,40000,310,월세
래미안퍼스티지,11650-3559,2009,,,25,10,2018,"95,000",59.89,28,18-1,65,,,반포대로 275,0,00275,00000,2121003,2,11650,11650,반포동,,전월세,201810,2018-10-25,18,18.1,95000,65,월세
래미안퍼스티지,11650-3559,2009,,,1,11,2018,"200,000",222.76,22,18-1,150,,,반포대로 275,0,00275,00000,2121003,2,11650,11650,반포동,,전월세,201811,2018-11-01,67,67.4,200000,150,월세
래미안퍼스티지,11650-3559,2009,,,1,11,2018,"50,000",84.93,17,18-1,280,,,반포대로 275,0,00275,00000,2121003,2,11650,11650,반포동,,전월세,201811,2018-11-01,26,25.7,50000,280,월세
래미안퍼스티지,11650-3559,2009,,,4,11,2018,"40,000",117.12,11,18-1,450,,,반포대로 275,0,00275,00000,2121003,2,11650,11650,반포동,,전월세,201811,2018-11-04,35,35.4,40000,450,월세
래미안퍼스티지,11650-3559,2009,,,10,11,2018,"100,000",135.92,11,18-1,350,,,반포대로 275,0,00275,00000,2121003,2,11650,11650,반포동,,전월세,201811,2018-11-10,41,41.1,100000,350,월세
래미안퍼스티지,11650-3559,2009,,,15,11,2018,"40,000",84.93,16,18-1,240,,,반포대로 275,0,00275,00000,2121003,2,11650,11650,반포동,,전월세,201811,2018-11-15,26,25.7,40000,240,월세
래미안퍼스티지,11650-3559,2009,,,17,11,2018,"70,000",59.89,19,18-1,130,,,반포대로 275,0,00275,00000,2121003,2,11650,11650,반포동,,전월세,201811,2018-11-17,18,18.1,70000,130,월세
래미안퍼스티지,11650-3559,2009,,,17,11,2018,"10,000",84.93,13,18-1,350,,,반포대로 275,0,00275,00000,2121003,2,11650,11650,반포동,,전월세,201811,2018-11-17,26,25.7,10000,350,월세
래미안퍼스티지,11650-3559,2009,,,26,11,2018,"35,000",84.93,24,18-1,300,,,반포대로 275,0,00275,00000,2121003,2,11650,11650,반포동,,전월세,201811,2018-11-26,26,25.7,35000,300,월세
래미안퍼스티지,11650-3559,2009,,,5,12,2018,"20,000",84.93,16,18-1,330,,,반포대로 275,0,00275,00000,2121003,2,11650,11650,반포동,,전월세,201812,2018-12-05,26,25.7,20000,330,월세
래미안퍼스티지,11650-3559,2009,,,7,12,2018,"20,000",84.93,25,18-1,310,,,반포대로 275,0,00275,00000,2121003,2,11650,11650,반포동,,전월세,201812,2018-12-07,26,25.7,20000,310,월세
래미안퍼스티지,11650-3559,2009,,,9,12,2018,"40,000",59.89,14,18-1,200,,,반포대로 275,0,00275,00000,2121003,2,11650,11650,반포동,,전월세,201812,2018-12-09,18,18.1,40000,200,월세
래미안퍼스티지,11650-3559,2009,,,11,12,2018,"10,000",59.98,6,18-1,270,,,반포대로 275,0,00275,00000,2121003,2,11650,11650,반포동,,전월세,201812,2018-12-11,18,18.1,10000,270,월세
래미안퍼스티지,11650-3559,2009,,,11,12,2018,"70,000",84.93,13,18-1,200,,,반포대로 275,0,00275,00000,2121003,2,11650,11650,반포동,,전월세,201812,2018-12-11,26,25.7,70000,200,월세
래미안퍼스티지,11650-3559,2009,,,11,12,2018,"50,000",84.93,11,18-1,320,,,반포대로 275,0,00275,00000,2121003,2,11650,11650,반포동,,전월세,201812,2018-12-11,26,25.7,50000,320,월세
래미안퍼스티지,11650-3559,2009,,,12,12,2018,"40,000",84.93,23,18-1,300,,,반포대로 275,0,00275,00000,2121003,2,11650,11650,반포동,,전월세,201812,2018-12-12,26,25.7,40000,300,월세
래미안퍼스티지,11650-3559,2009,,,15,12,2018,"50,000",135.92,24,18-1,560,,,반포대로 275,0,00275,00000,2121003,2,11650,11650,반포동,,전월세,201812,2018-12-15,41,41.1,50000,560,월세
래미안퍼스티지,11650-3559,2009,,,18,12,2018,"80,000",135.92,28,18-1,380,,,반포대로 275,0,00275,00000,2121003,2,11650,11650,반포동,,전월세,201812,2018-12-18,41,41.1,80000,380,월세
래미안퍼스티지,11650-3559,2009,,,21,12,2018,"80,000",84.93,19,18-1,190,,,반포대로 275,0,00275,00000,2121003,2,11650,11650,반포동,,전월세,201812,2018-12-21,26,25.7,80000,190,월세
래미안퍼스티지,11650-3559,2009,,,27,12,2018,"50,000",135.92,5,18-1,530,,,반포대로 275,0,00275,00000,2121003,2,11650,11650,반포동,,전월세,201812,2018-12-27,41,41.1,50000,530,월세
래미안퍼스티지,11650-3559,2009,,,27,12,2018,"10,000",84.85,19,18-1,400,,,반포대로 275,0,00275,00000,2121003,2,11650,11650,반포동,,전월세,201812,2018-12-27,26,25.7,10000,400,월세
래미안퍼스티지,11650-3559,2009,,,29,12,2018,"10,000",84.93,15,18-1,400,,,반포대로 275,0,00275,00000,2121003,2,11650,11650,반포동,,전월세,201812,2018-12-29,26,25.7,10000,400,월세
래미안퍼스티지,11650-3559,2009,,,4,1,2019,"20,000",84.93,21,18-1,380,,,반포대로 275,0,00275,00000,2121003,2,11650,11650,반포동,,전월세,201901,2019-01-04,26,25.7,20000,380,월세
래미안퍼스티지,11650-3559,2009,,,4,1,2019,"85,000",84.93,15,18-1,160,,,반포대로 275,0,00275,00000,2121003,2,11650,11650,반포동,,전월세,201901,2019-01-04,26,25.7,85000,160,월세
래미안퍼스티지,11650-3559,2009,,,11,1,2019,"140,000",169.31,31,18-1,300,,,반포대로 275,0,00275,00000,2121003,2,11650,11650,반포동,,전월세,201901,2019-01-11,51,51.2,140000,300,월세
래미안퍼스티지,11650-3559,2009,,,14,1,2019,"170,000",135.92,25,18-1,150,,,반포대로 275,0,00275,00000,2121003,2,11650,11650,반포동,,전월세,201901,2019-01-14,41,41.1,170000,150,월세
래미안퍼스티지,11650-3559,2009,,,15,1,2019,"80,000",84.93,20,18-1,160,,,반포대로 275,0,00275,00000,2121003,2,11650,11650,반포동,,전월세,201901,2019-01-15,26,25.7,80000,160,월세
래미안퍼스티지,11650-3559,2009,,,20,1,2019,"80,000",84.93,5,18-1,250,,,반포대로 275,0,00275,00000,2121003,2,11650,11650,반포동,,전월세,201901,2019-01-20,26,25.7,80000,250,월세
래미안퍼스티지,11650-3559,2009,,,24,1,2019,"50,000",198.22,26,18-1,530,,,반포대로 275,0,00275,00000,2121003,2,11650,11650,반포동,,전월세,201901,2019-01-24,60,60.0,50000,530,월세
래미안퍼스티지,11650-3559,2009,19.02~21.02,신규,24,1,2019,"50,000",198.22,26,18-1,530,,,반포대로 275,0,00275,00000,2121003,2,11650,11650,반포동,,전월세,201901,2019-01-24,60,60.0,50000,530,월세
래미안퍼스티지,11650-3559,2009,,,2,2,2019,"70,000",59.96,16,18-1,85,,,반포대로 275,0,00275,00000,2121003,2,11650,11650,반포동,,전월세,201902,2019-02-02,18,18.1,70000,85,월세
래미안퍼스티지,11650-3559,2009,,,2,2,2019,"60,000",84.93,15,18-1,190,,,반포대로 275,0,00275,00000,2121003,2,11650,11650,반포동,,전월세,201902,2019-02-02,26,25.7,60000,190,월세
래미안퍼스티지,11650-3559,2009,,,7,2,2019,"50,000",222.76,8,18-1,760,,,반포대로 275,0,00275,00000,2121003,2,11650,11650,반포동,,전월세,201902,2019-02-07,67,67.4,50000,760,월세
래미안퍼스티지,11650-3559,2009,,,9,2,2019,"100,000",84.93,11,18-1,90,,,반포대로 275,0,00275,00000,2121003,2,11650,11650,반포동,,전월세,201902,2019-02-09,26,25.7,100000,90,월세
래미안퍼스티지,11650-3559,2009,,,12,2,2019,"200,000",198.04,13,18-1,220,,,반포대로 275,0,00275,00000,2121003,2,11650,11650,반포동,,전월세,201902,2019-02-12,60,59.9,200000,220,월세
래미안퍼스티지,11650-3559,2009,,,14,2,2019,"100,000",168.65,12,18-1,330,,,반포대로 275,0,00275,00000,2121003,2,11650,11650,반포동,,전월세,201902,2019-02-14,51,51.0,100000,330,월세
래미안퍼스티지,11650-3559,2009,,,14,2,2019,"80,000",84.93,18,18-1,140,,,반포대로 275,0,00275,00000,2121003,2,11650,11650,반포동,,전월세,201902,2019-02-14,26,25.7,80000,140,월세
래미안퍼스티지,11650-3559,2009,,,20,2,2019,"75,000",59.96,12,18-1,50,,,반포대로 275,0,00275,00000,2121003,2,11650,11650,반포동,,전월세,201902,2019-02-20,18,18.1,75000,50,월세
래미안퍼스티지,11650-3559,2009,,,23,2,2019,"60,000",59.96,18,18-1,80,,,반포대로 275,0,00275,00000,2121003,2,11650,11650,반포동,,전월세,201902,2019-02-23,18,18.1,60000,80,월세
래미안퍼스티지,11650-3559,2009,,,28,2,2019,"10,000",59.89,14,18-1,240,,,반포대로 275,0,00275,00000,2121003,2,11650,11650,반포동,,전월세,201902,2019-02-28,18,18.1,10000,240,월세
래미안퍼스티지,11650-3559,2009,,,11,3,2019,"60,000",84.93,16,18-1,140,,,반포대로 275,0,00275,00000,2121003,2,11650,11650,반포동,,전월세,201903,2019-03-11,26,25.7,60000,140,월세
래미안퍼스티지,11650-3559,2009,,,12,3,2019,"50,000",135.92,12,18-1,430,,,반포대로 275,0,00275,00000,2121003,2,11650,11650,반포동,,전월세,201903,2019-03-12,41,41.1,50000,430,월세
래미안퍼스티지,11650-3559,2009,,,15,3,2019,"85,000",59.98,23,18-1,25,,,반포대로 275,0,00275,00000,2121003,2,11650,11650,반포동,,전월세,201903,2019-03-15,18,18.1,85000,25,월세
래미안퍼스티지,11650-3559,2009,,,20,3,2019,"70,000",59.89,3,18-1,70,,,반포대로 275,0,00275,00000,2121003,2,11650,11650,반포동,,전월세,201903,2019-03-20,18,18.1,70000,70,월세
래미안퍼스티지,11650-3559,2009,,,23,3,2019,"40,000",84.93,21,18-1,280,,,반포대로 275,0,00275,00000,2121003,2,11650,11650,반포동,,전월세,201903,2019-03-23,26,25.7,40000,280,월세
래미안퍼스티지,11650-3559,2009,,,26,3,2019,"220,000",222.76,10,18-1,120,,,반포대로 275,0,00275,00000,2121003,2,11650,11650,반포동,,전월세,201903,2019-03-26,67,67.4,220000,120,월세
래미안퍼스티지,11650-3559,2009,,,27,3,2019,"63,500",59.89,20,18-1,100,,,반포대로 275,0,00275,00000,2121003,2,11650,11650,반포동,,전월세,201903,2019-03-27,18,18.1,63500,100,월세
래미안퍼스티지,11650-3559,2009,,,27,3,2019,"30,000",59.96,7,18-1,215,,,반포대로 275,0,00275,00000,2121003,2,11650,11650,반포동,,전월세,201903,2019-03-27,18,18.1,30000,215,월세
래미안퍼스티지,11650-3559,2009,,,27,3,2019,"40,000",84.93,10,18-1,280,,,반포대로 275,0,00275,00000,2121003,2,11650,11650,반포동,,전월세,201903,2019-03-27,26,25.7,40000,280,월세
래미안퍼스티지,11650-3559,2009,,,6,4,2019,"90,000",84.93,4,18-1,130,,,반포대로 275,0,00275,00000,2121003,2,11650,11650,반포동,,전월세,201904,2019-04-06,26,25.7,90000,130,월세
래미안퍼스티지,11650-3559,2009,,,8,4,2019,"90,000",84.93,8,18-1,115,,,반포대로 275,0,00275,00000,2121003,2,11650,11650,반포동,,전월세,201904,2019-04-08,26,25.7,90000,115,월세
래미안퍼스티지,11650-3559,2009,,,11,4,2019,"85,000",84.93,16,18-1,150,,,반포대로 275,0,00275,00000,2121003,2,11650,11650,반포동,,전월세,201904,2019-04-11,26,25.7,85000,150,월세
래미안퍼스티지,11650-3559,2009,,,13,4,2019,"80,000",84.93,16,18-1,150,,,반포대로 275,0,00275,00000,2121003,2,11650,11650,반포동,,전월세,201904,2019-04-13,26,25.7,80000,150,월세
래미안퍼스티지,11650-3559,2009,19.07~21.07,신규,15,4,2019,"50,000",59.89,11,18-1,130,,,반포대로 275,0,00275,00000,2121003,2,11650,11650,반포동,,전월세,201904,2019-04-15,18,18.1,50000,130,월세
래미안퍼스티지,11650-3559,2009,,,16,4,2019,"80,000",117.12,17,18-1,300,,,반포대로 275,0,00275,00000,2121003,2,11650,11650,반포동,,전월세,201904,2019-04-16,35,35.4,80000,300,월세
래미안퍼스티지,11650-3559,2009,,,19,4,2019,"150,000",169.31,2,18-1,180,,,반포대로 275,0,00275,00000,2121003,2,11650,11650,반포동,,전월세,201904,2019-04-19,51,51.2,150000,180,월세
래미안퍼스티지,11650-3559,2009,,,22,4,2019,"90,000",84.93,19,18-1,70,,,반포대로 275,0,00275,00000,2121003,2,11650,11650,반포동,,전월세,201904,2019-04-22,26,25.7,90000,70,월세
래미안퍼스티지,11650-3559,2009,,,24,4,2019,"80,000",117.12,13,18-1,300,,,반포대로 275,0,00275,00000,2121003,2,11650,11650,반포동,,전월세,201904,2019-04-24,35,35.4,80000,300,월세
래미안퍼스티지,11650-3559,2009,,,28,4,2019,"20,000",59.96,1,18-1,190,,,반포대로 275,0,00275,00000,2121003,2,11650,11650,반포동,,전월세,201904,2019-04-28,18,18.1,20000,190,월세
래미안퍼스티지,11650-3559,2009,,,3,5,2019,"30,000",169.31,3,18-1,570,,,반포대로 275,0,00275,00000,2121003,2,11650,11650,반포동,,전월세,201905,2019-05-03,51,51.2,30000,570,월세
래미안퍼스티지,11650-3559,2009,,,3,5,2019,"10,000",84.93,18,18-1,350,,,반포대로 275,0,00275,00000,2121003,2,11650,11650,반포동,,전월세,201905,2019-05-03,26,25.7,10000,350,월세
래미안퍼스티지,11650-3559,2009,,,11,5,2019,"60,000",84.93,14,18-1,180,,,반포대로 275,0,00275,00000,2121003,2,11650,11650,반포동,,전월세,201905,2019-05-11,26,25.7,60000,180,월세
래미안퍼스티지,11650-3559,2009,,,15,5,2019,"30,000",84.93,8,18-1,300,,,반포대로 275,0,00275,00000,2121003,2,11650,11650,반포동,,전월세,201905,2019-05-15,26,25.7,30000,300,월세
래미안퍼스티지,11650-3559,2009,,,18,5,2019,"135,000",135.92,1,18-1,150,,,반포대로 275,0,00275,00000,2121003,2,11650,11650,반포동,,전월세,201905,2019-05-18,41,41.1,135000,150,월세
래미안퍼스티지,11650-3559,2009,,,22,5,2019,"10,000",84.93,6,18-1,330,,,반포대로 275,0,00275,00000,2121003,2,11650,11650,반포동,,전월세,201905,2019-05-22,26,25.7,10000,330,월세
래미안퍼스티지,11650-3559,2009,,,22,5,2019,"10,000",84.93,13,18-1,350,,,반포대로 275,0,00275,00000,2121003,2,11650,11650,반포동,,전월세,201905,2019-05-22,26,25.7,10000,350,월세
래미안퍼스티지,11650-3559,2009,,,23,5,2019,"165,000",135.92,24,18-1,130,,,반포대로 275,0,00275,00000,2121003,2,11650,11650,반포동,,전월세,201905,2019-05-23,41,41.1,165000,130,월세
래미안퍼스티지,11650-3559,2009,,,25,5,2019,"70,000",84.93,13,18-1,160,,,반포대로 275,0,00275,00000,2121003,2,11650,11650,반포동,,전월세,201905,2019-05-25,26,25.7,70000,160,월세
래미안퍼스티지,11650-3559,2009,,,29,5,2019,"5,000",84.93,6,18-1,370,,,반포대로 275,0,00275,00000,2121003,2,11650,11650,반포동,,전월세,201905,2019-05-29,26,25.7,5000,370,월세
래미안퍼스티지,11650-3559,2009,,,3,6,2019,"110,000",135.92,1,18-1,290,,,반포대로 275,0,00275,00000,2121003,2,11650,11650,반포동,,전월세,201906,2019-06-03,41,41.1,110000,290,월세
래미안퍼스티지,11650-3559,2009,,,4,6,2019,100,59.96,7,18-1,285,,,반포대로 275,0,00275,00000,2121003,2,11650,11650,반포동,,전월세,201906,2019-06-04,18,18.1,100,285,월세
래미안퍼스티지,11650-3559,2009,,,4,6,2019,"70,000",84.93,16,18-1,200,,,반포대로 275,0,00275,00000,2121003,2,11650,11650,반포동,,전월세,201906,2019-06-04,26,25.7,70000,200,월세
래미안퍼스티지,11650-3559,2009,,,5,6,2019,"10,000",84.93,22,18-1,350,,,반포대로 275,0,00275,00000,2121003,2,11650,11650,반포동,,전월세,201906,2019-06-05,26,25.7,10000,350,월세
래미안퍼스티지,11650-3559,2009,,,8,6,2019,"60,000",84.93,10,18-1,200,,,반포대로 275,0,00275,00000,2121003,2,11650,11650,반포동,,전월세,201906,2019-06-08,26,25.7,60000,200,월세
래미안퍼스티지,11650-3559,2009,,,14,6,2019,"20,000",84.93,8,18-1,330,,,반포대로 275,0,00275,00000,2121003,2,11650,11650,반포동,,전월세,201906,2019-06-14,26,25.7,20000,330,월세
래미안퍼스티지,11650-3559,2009,,,19,6,2019,"150,000",135.92,16,18-1,150,,,반포대로 275,0,00275,00000,2121003,2,11650,11650,반포동,,전월세,201906,2019-06-19,41,41.1,150000,150,월세
래미안퍼스티지,11650-3559,2009,,,19,6,2019,"60,000",84.93,5,18-1,200,,,반포대로 275,0,00275,00000,2121003,2,11650,11650,반포동,,전월세,201906,2019-06-19,26,25.7,60000,200,월세
래미안퍼스티지,11650-3559,2009,,,21,6,2019,"20,000",84.93,14,18-1,300,,,반포대로 275,0,00275,00000,2121003,2,11650,11650,반포동,,전월세,201906,2019-06-21,26,25.7,20000,300,월세
래미안퍼스티지,11650-3559,2009,,,22,6,2019,"80,000",135.92,23,18-1,270,,,반포대로 275,0,00275,00000,2121003,2,11650,11650,반포동,,전월세,201906,2019-06-22,41,41.1,80000,270,월세
래미안퍼스티지,11650-3559,2009,,,26,6,2019,"120,000",84.93,7,18-1,25,,,반포대로 275,0,00275,00000,2121003,2,11650,11650,반포동,,전월세,201906,2019-06-26,26,25.7,120000,25,월세
래미안퍼스티지,11650-3559,2009,,,28,6,2019,"40,000",59.89,26,18-1,190,,,반포대로 275,0,00275,00000,2121003,2,11650,11650,반포동,,전월세,201906,2019-06-28,18,18.1,40000,190,월세
래미안퍼스티지,11650-3559,2009,,,28,6,2019,"60,000",84.93,8,18-1,220,,,반포대로 275,0,00275,00000,2121003,2,11650,11650,반포동,,전월세,201906,2019-06-28,26,25.7,60000,220,월세
래미안퍼스티지,11650-3559,2009,19.08~21.08,신규,29,6,2019,"20,000",84.93,20,18-1,340,,,반포대로 275,0,00275,00000,2121003,2,11650,11650,반포동,,전월세,201906,2019-06-29,26,25.7,20000,340,월세
래미안퍼스티지,11650-3559,2009,19.08~21.08,신규,29,6,2019,"50,000",84.93,24,18-1,190,,,반포대로 275,0,00275,00000,2121003,2,11650,11650,반포동,,전월세,201906,2019-06-29,26,25.7,50000,190,월세
래미안퍼스티지,11650-3559,2009,,,29,6,2019,"83,000",84.93,16,18-1,165,,,반포대로 275,0,00275,00000,2121003,2,11650,11650,반포동,,전월세,201906,2019-06-29,26,25.7,83000,165,월세
래미안퍼스티지,11650-3559,2009,,,4,7,2019,"90,000",136.65,10,18-1,380,,,반포대로 275,0,00275,00000,2121003,2,11650,11650,반포동,,전월세,201907,2019-07-04,41,41.3,90000,380,월세
래미안퍼스티지,11650-3559,2009,,,5,7,2019,"20,000",84.93,6,18-1,320,,,반포대로 275,0,00275,00000,2121003,2,11650,11650,반포동,,전월세,201907,2019-07-05,26,25.7,20000,320,월세
래미안퍼스티지,11650-3559,2009,,,5,7,2019,"40,000",84.93,2,18-1,270,,,반포대로 275,0,00275,00000,2121003,2,11650,11650,반포동,,전월세,201907,2019-07-05,26,25.7,40000,270,월세
래미안퍼스티지,11650-3559,2009,,,8,7,2019,"100,000",198.04,4,18-1,450,,,반포대로 275,0,00275,00000,2121003,2,11650,11650,반포동,,전월세,201907,2019-07-08,60,59.9,100000,450,월세
래미안퍼스티지,11650-3559,2009,,,9,7,2019,"30,000",59.89,14,18-1,220,,,반포대로 275,0,00275,00000,2121003,2,11650,11650,반포동,,전월세,201907,2019-07-09,18,18.1,30000,220,월세
래미안퍼스티지,11650-3559,2009,,,11,7,2019,"70,000",169.31,5,18-1,550,,,반포대로 275,0,00275,00000,2121003,2,11650,11650,반포동,,전월세,201907,2019-07-11,51,51.2,70000,550,월세
래미안퍼스티지,11650-3559,2009,,,12,7,2019,720,84.93,30,18-1,358,,,반포대로 275,0,00275,00000,2121003,2,11650,11650,반포동,,전월세,201907,2019-07-12,26,25.7,720,358,월세
래미안퍼스티지,11650-3559,2009,,,15,7,2019,"110,000",169.31,16,18-1,250,,,반포대로 275,0,00275,00000,2121003,2,11650,11650,반포동,,전월세,201907,2019-07-15,51,51.2,110000,250,월세
래미안퍼스티지,11650-3559,2009,,,15,7,2019,"85,000",59.89,21,18-1,35,,,반포대로 275,0,00275,00000,2121003,2,11650,11650,반포동,,전월세,201907,2019-07-15,18,18.1,85000,35,월세
래미안퍼스티지,11650-3559,2009,,,16,7,2019,"68,000",59.89,2,18-1,105,,,반포대로 275,0,00275,00000,2121003,2,11650,11650,반포동,,전월세,201907,2019-07-16,18,18.1,68000,105,월세
래미안퍼스티지,11650-3559,2009,,,16,7,2019,"85,000",59.96,23,18-1,40,,,반포대로 275,0,00275,00000,2121003,2,11650,11650,반포동,,전월세,201907,2019-07-16,18,18.1,85000,40,월세
래미안퍼스티지,11650-3559,2009,,,16,7,2019,"10,000",84.93,21,18-1,300,,,반포대로 275,0,00275,00000,2121003,2,11650,11650,반포동,,전월세,201907,2019-07-16,26,25.7,10000,300,월세
래미안퍼스티지,11650-3559,2009,,,17,7,2019,"50,000",59.96,29,18-1,150,,,반포대로 275,0,00275,00000,2121003,2,11650,11650,반포동,,전월세,201907,2019-07-17,18,18.1,50000,150,월세
래미안퍼스티지,11650-3559,2009,,,22,7,2019,"80,000",59.98,23,18-1,60,,,반포대로 275,0,00275,00000,2121003,2,11650,11650,반포동,,전월세,201907,2019-07-22,18,18.1,80000,60,월세
래미안퍼스티지,11650-3559,2009,,,22,7,2019,"125,000",84.93,7,18-1,40,,,반포대로 275,0,00275,00000,2121003,2,11650,11650,반포동,,전월세,201907,2019-07-22,26,25.7,125000,40,월세
래미안퍼스티지,11650-3559,2009,19.10~21.10,신규,23,7,2019,"50,000",84.93,17,18-1,250,,,반포대로 275,0,00275,00000,2121003,2,11650,11650,반포동,,전월세,201907,2019-07-23,26,25.7,50000,250,월세
래미안퍼스티지,11650-3559,2009,19.08~21.08,신규,24,7,2019,"10,000",117.12,18,18-1,530,,,반포대로 275,0,00275,00000,2121003,2,11650,11650,반포동,,전월세,201907,2019-07-24,35,35.4,10000,530,월세
래미안퍼스티지,11650-3559,2009,,,27,7,2019,"40,000",59.89,24,18-1,195,,,반포대로 275,0,00275,00000,2121003,2,11650,11650,반포동,,전월세,201907,2019-07-27,18,18.1,40000,195,월세
래미안퍼스티지,11650-3559,2009,,,27,7,2019,"20,000",84.93,25,18-1,300,,,반포대로 275,0,00275,00000,2121003,2,11650,11650,반포동,,전월세,201907,2019-07-27,26,25.7,20000,300,월세
래미안퍼스티지,11650-3559,2009,,,28,7,2019,"10,000",84.93,14,18-1,380,,,반포대로 275,0,00275,00000,2121003,2,11650,11650,반포동,,전월세,201907,2019-07-28,26,25.7,10000,380,월세
래미안퍼스티지,11650-3559,2009,,,7,8,2019,"155,000",136.65,6,18-1,90,,,반포대로 275,0,00275,00000,2121003,2,11650,11650,반포동,,전월세,201908,2019-08-07,41,41.3,155000,90,월세
래미안퍼스티지,11650-3559,2009,19.10~21.10,신규,7,8,2019,"10,000",84.93,6,18-1,385,,,반포대로 275,0,00275,00000,2121003,2,11650,11650,반포동,,전월세,201908,2019-08-07,26,25.7,10000,385,월세
래미안퍼스티지,11650-3559,2009,19.10~21.09,신규,8,8,2019,"50,000",84.93,23,18-1,230,,,반포대로 275,0,00275,00000,2121003,2,11650,11650,반포동,,전월세,201908,2019-08-08,26,25.7,50000,230,월세
래미안퍼스티지,11650-3559,2009,19.10~21.09,신규,8,8,2019,"50,000",84.93,23,18-1,230,,,반포대로 275,0,00275,00000,2121003,2,11650,11650,반포동,,전월세,201908,2019-08-08,26,25.7,50000,230,월세
래미안퍼스티지,11650-3559,2009,,,9,8,2019,"90,000",84.93,6,18-1,140,,,반포대로 275,0,00275,00000,2121003,2,11650,11650,반포동,,전월세,201908,2019-08-09,26,25.7,90000,140,월세
래미안퍼스티지,11650-3559,2009,,,10,8,2019,"130,000",84.93,16,18-1,30,,,반포대로 275,0,00275,00000,2121003,2,11650,11650,반포동,,전월세,201908,2019-08-10,26,25.7,130000,30,월세
래미안퍼스티지,11650-3559,2009,,,13,8,2019,"103,000",117.12,27,18-1,270,,,반포대로 275,0,00275,00000,2121003,2,11650,11650,반포동,,전월세,201908,2019-08-13,35,35.4,103000,270,월세
래미안퍼스티지,11650-3559,2009,,,14,8,2019,"100,000",84.93,22,18-1,80,,,반포대로 275,0,00275,00000,2121003,2,11650,11650,반포동,,전월세,201908,2019-08-14,26,25.7,100000,80,월세
래미안퍼스티지,11650-3559,2009,,,20,8,2019,"260,000",222.76,22,18-1,70,,,반포대로 275,0,00275,00000,2121003,2,11650,11650,반포동,,전월세,201908,2019-08-20,67,67.4,260000,70,월세
래미안퍼스티지,11650-3559,2009,,,21,8,2019,"80,000",84.93,14,18-1,185,,,반포대로 275,0,00275,00000,2121003,2,11650,11650,반포동,,전월세,201908,2019-08-21,26,25.7,80000,185,월세
래미안퍼스티지,11650-3559,2009,,,24,8,2019,"20,000",84.93,19,18-1,370,,,반포대로 275,0,00275,00000,2121003,2,11650,11650,반포동,,전월세,201908,2019-08-24,26,25.7,20000,370,월세
래미안퍼스티지,11650-3559,2009,,,27,8,2019,"10,000",84.93,12,18-1,380,,,반포대로 275,0,00275,00000,2121003,2,11650,11650,반포동,,전월세,201908,2019-08-27,26,25.7,10000,380,월세
래미안퍼스티지,11650-3559,2009,,,27,8,2019,"80,000",84.93,16,18-1,195,,,반포대로 275,0,00275,00000,2121003,2,11650,11650,반포동,,전월세,201908,2019-08-27,26,25.7,80000,195,월세
래미안퍼스티지,11650-3559,2009,,,28,8,2019,"100,000",84.93,23,18-1,150,,,반포대로 275,0,00275,00000,2121003,2,11650,11650,반포동,,전월세,201908,2019-08-28,26,25.7,100000,150,월세
래미안퍼스티지,11650-3559,2009,,,31,8,2019,"195,000",135.92,27,18-1,60,,,반포대로 275,0,00275,00000,2121003,2,11650,11650,반포동,,전월세,201908,2019-08-31,41,41.1,195000,60,월세
래미안퍼스티지,11650-3559,2009,,,31,8,2019,"50,000",59.96,30,18-1,130,,,반포대로 275,0,00275,00000,2121003,2,11650,11650,반포동,,전월세,201908,2019-08-31,18,18.1,50000,130,월세
래미안퍼스티지,11650-3559,2009,,,2,9,2019,"50,000",84.85,15,18-1,270,,,반포대로 275,0,00275,00000,2121003,2,11650,11650,반포동,,전월세,201909,2019-09-02,26,25.7,50000,270,월세
래미안퍼스티지,11650-3559,2009,,,5,9,2019,"100,000",169.31,22,18-1,380,,,반포대로 275,0,00275,00000,2121003,2,11650,11650,반포동,,전월세,201909,2019-09-05,51,51.2,100000,380,월세
래미안퍼스티지,11650-3559,2009,,,5,9,2019,"100,000",169.31,22,18-1,38,,,반포대로 275,0,00275,00000,2121003,2,11650,11650,반포동,,전월세,201909,2019-09-05,51,51.2,100000,38,월세
래미안퍼스티지,11650-3559,2009,,,5,9,2019,"60,000",198.04,12,18-1,600,,,반포대로 275,0,00275,00000,2121003,2,11650,11650,반포동,,전월세,201909,2019-09-05,60,59.9,60000,600,월세
래미안퍼스티지,11650-3559,2009,,,5,9,2019,"7,000",84.93,3,18-1,330,,,반포대로 275,0,00275,00000,2121003,2,11650,11650,반포동,,전월세,201909,2019-09-05,26,25.7,7000,330,월세
래미안퍼스티지,11650-3559,2009,19.09~21.09,갱신,10,9,2019,"95,000",84.93,20,18-1,110,"95,000",110,반포대로 275,0,00275,00000,2121003,2,11650,11650,반포동,,전월세,201909,2019-09-10,26,25.7,95000,110,월세
래미안퍼스티지,11650-3559,2009,,,18,9,2019,"60,000",59.96,25,18-1,130,,,반포대로 275,0,00275,00000,2121003,2,11650,11650,반포동,,전월세,201909,2019-09-18,18,18.1,60000,130,월세
래미안퍼스티지,11650-3559,2009,,,23,9,2019,"60,000",59.89,3,18-1,120,,,반포대로 275,0,00275,00000,2121003,2,11650,11650,반포동,,전월세,201909,2019-09-23,18,18.1,60000,120,월세
래미안퍼스티지,11650-3559,2009,,,28,9,2019,"65,000",84.85,25,18-1,250,,,반포대로 275,0,00275,00000,2121003,2,11650,11650,반포동,,전월세,201909,2019-09-28,26,25.7,65000,250,월세
래미안퍼스티지,11650-3559,2009,,,1,10,2019,"150,000",198.04,9,18-1,320,,,반포대로 275,0,00275,00000,2121003,2,11650,11650,반포동,,전월세,201910,2019-10-01,60,59.9,150000,320,월세
래미안퍼스티지,11650-3559,2009,,,1,10,2019,"60,000",59.89,20,18-1,130,,,반포대로 275,0,00275,00000,2121003,2,11650,11650,반포동,,전월세,201910,2019-10-01,18,18.1,60000,130,월세
래미안퍼스티지,11650-3559,2009,,,1,10,2019,"100,000",84.93,26,18-1,150,,,반포대로 275,0,00275,00000,2121003,2,11650,11650,반포동,,전월세,201910,2019-10-01,26,25.7,100000,150,월세
래미안퍼스티지,11650-3559,2009,,,10,10,2019,"265,000",198.04,14,18-1,140,,,반포대로 275,0,00275,00000,2121003,2,11650,11650,반포동,,전월세,201910,2019-10-10,60,59.9,265000,140,월세
래미안퍼스티지,11650-3559,2009,,,11,10,2019,"80,000",84.93,7,18-1,210,,,반포대로 275,0,00275,00000,2121003,2,11650,11650,반포동,,전월세,201910,2019-10-11,26,25.7,80000,210,월세
래미안퍼스티지,11650-3559,2009,,,15,10,2019,"50,000",84.93,16,18-1,240,,,반포대로 275,0,00275,00000,2121003,2,11650,11650,반포동,,전월세,201910,2019-10-15,26,25.7,50000,240,월세
래미안퍼스티지,11650-3559,2009,,,17,10,2019,"60,000",84.93,28,18-1,220,,,반포대로 275,0,00275,00000,2121003,2,11650,11650,반포동,,전월세,201910,2019-10-17,26,25.7,60000,220,월세
래미안퍼스티지,11650-3559,2009,,,18,10,2019,"100,000",135.92,11,18-1,400,,,반포대로 275,0,00275,00000,2121003,2,11650,11650,반포동,,전월세,201910,2019-10-18,41,41.1,100000,400,월세
래미안퍼스티지,11650-3559,2009,,,18,10,2019,"10,000",59.96,22,18-1,300,,,반포대로 275,0,00275,00000,2121003,2,11650,11650,반포동,,전월세,201910,2019-10-18,18,18.1,10000,300,월세
래미안퍼스티지,11650-3559,2009,,,18,10,2019,"100,000",84.93,28,18-1,130,,,반포대로 275,0,00275,00000,2121003,2,11650,11650,반포동,,전월세,201910,2019-10-18,26,25.7,100000,130,월세
래미안퍼스티지,11650-3559,2009,,,19,10,2019,"10,000",135.92,24,18-1,600,,,반포대로 275,0,00275,00000,2121003,2,11650,11650,반포동,,전월세,201910,2019-10-19,41,41.1,10000,600,월세
래미안퍼스티지,11650-3559,2009,,,19,10,2019,"60,000",84.93,18,18-1,250,,,반포대로 275,0,00275,00000,2121003,2,11650,11650,반포동,,전월세,201910,2019-10-19,26,25.7,60000,250,월세
래미안퍼스티지,11650-3559,2009,,,23,10,2019,"140,000",169.31,2,18-1,280,,,반포대로 275,0,00275,00000,2121003,2,11650,11650,반포동,,전월세,201910,2019-10-23,51,51.2,140000,280,월세
래미안퍼스티지,11650-3559,2009,,,24,10,2019,"150,000",117.12,18,18-1,140,,,반포대로 275,0,00275,00000,2121003,2,11650,11650,반포동,,전월세,201910,2019-10-24,35,35.4,150000,140,월세
래미안퍼스티지,11650-3559,2009,,,24,10,2019,"150,000",117.12,18,18-1,140,,,반포대로 275,0,00275,00000,2121003,2,11650,11650,반포동,,전월세,201910,2019-10-24,35,35.4,150000,140,월세
래미안퍼스티지,11650-3559,2009,,,25,10,2019,"100,000",84.93,13,18-1,130,,,반포대로 275,0,00275,00000,2121003,2,11650,11650,반포동,,전월세,201910,2019-10-25,26,25.7,100000,130,월세
래미안퍼스티지,11650-3559,2009,,,29,10,2019,"10,000",59.89,25,18-1,290,,,반포대로 275,0,00275,00000,2121003,2,11650,11650,반포동,,전월세,201910,2019-10-29,18,18.1,10000,290,월세
래미안퍼스티지,11650-3559,2009,,,29,10,2019,"50,000",84.93,11,18-1,275,,,반포대로 275,0,00275,00000,2121003,2,11650,11650,반포동,,전월세,201910,2019-10-29,26,25.7,50000,275,월세
래미안퍼스티지,11650-3559,2009,,,31,10,2019,"160,000",168.65,17,18-1,240,,,반포대로 275,0,00275,00000,2121003,2,11650,11650,반포동,,전월세,201910,2019-10-31,51,51.0,160000,240,월세
래미안퍼스티지,11650-3559,2009,,,1,11,2019,"10,000",84.93,14,18-1,400,,,반포대로 275,0,00275,00000,2121003,2,11650,11650,반포동,,전월세,201911,2019-11-01,26,25.7,10000,400,월세
래미안퍼스티지,11650-3559,2009,,,6,11,2019,"5,000",84.93,10,18-1,385,,,반포대로 275,0,00275,00000,2121003,2,11650,11650,반포동,,전월세,201911,2019-11-06,26,25.7,5000,385,월세
래미안퍼스티지,11650-3559,2009,,,8,11,2019,"20,000",84.93,25,18-1,330,,,반포대로 275,0,00275,00000,2121003,2,11650,11650,반포동,,전월세,201911,2019-11-08,26,25.7,20000,330,월세
래미안퍼스티지,11650-3559,2009,,,9,11,2019,"200,000",198.22,18,18-1,150,,,반포대로 275,0,00275,00000,2121003,2,11650,11650,반포동,,전월세,201911,2019-11-09,60,60.0,200000,150,월세
래미안퍼스티지,11650-3559,2009,,,11,11,2019,"70,000",59.96,6,18-1,125,,,반포대로 275,0,00275,00000,2121003,2,11650,11650,반포동,,전월세,201911,2019-11-11,18,18.1,70000,125,월세
래미안퍼스티지,11650-3559,2009,,,15,11,2019,"70,000",135.92,18,18-1,500,,,반포대로 275,0,00275,00000,2121003,2,11650,11650,반포동,,전월세,201911,2019-11-15,41,41.1,70000,500,월세
래미안퍼스티지,11650-3559,2009,,,18,11,2019,"150,000",168.65,6,18-1,200,,,반포대로 275,0,00275,00000,2121003,2,11650,11650,반포동,,전월세,201911,2019-11-18,51,51.0,150000,200,월세
래미안퍼스티지,11650-3559,2009,20.01~21.11,,20,11,2019,"35,000",84.93,21,18-1,260,,,반포대로 275,0,00275,00000,2121003,2,11650,11650,반포동,,전월세,201911,2019-11-20,26,25.7,35000,260,월세
래미안퍼스티지,11650-3559,2009,,,22,11,2019,"45,000",168.65,14,18-1,550,,,반포대로 275,0,00275,00000,2121003,2,11650,11650,반포동,,전월세,201911,2019-11-22,51,51.0,45000,550,월세
래미안퍼스티지,11650-3559,2009,,,22,11,2019,"60,000",59.89,2,18-1,140,,,반포대로 275,0,00275,00000,2121003,2,11650,11650,반포동,,전월세,201911,2019-11-22,18,18.1,60000,140,월세
래미안퍼스티지,11650-3559,2009,,,23,11,2019,"220,000",169.31,17,18-1,80,,,반포대로 275,0,00275,00000,2121003,2,11650,11650,반포동,,전월세,201911,2019-11-23,51,51.2,220000,80,월세
래미안퍼스티지,11650-3559,2009,,,25,11,2019,"100,000",84.93,22,18-1,150,,,반포대로 275,0,00275,00000,2121003,2,11650,11650,반포동,,전월세,201911,2019-11-25,26,25.7,100000,150,월세
래미안퍼스티지,11650-3559,2009,,,26,11,2019,"70,000",198.04,25,18-1,600,,,반포대로 275,0,00275,00000,2121003,2,11650,11650,반포동,,전월세,201911,2019-11-26,60,59.9,70000,600,월세
래미안퍼스티지,11650-3559,2009,,,26,11,2019,"40,000",84.93,11,18-1,300,,,반포대로 275,0,00275,00000,2121003,2,11650,11650,반포동,,전월세,201911,2019-11-26,26,25.7,40000,300,월세
래미안퍼스티지,11650-3559,2009,,,27,11,2019,"70,000",115.65,7,18-1,400,,,반포대로 275,0,00275,00000,2121003,2,11650,11650,반포동,,전월세,201911,2019-11-27,35,35.0,70000,400,월세
래미안퍼스티지,11650-3559,2009,,,2,12,2019,"130,000",168.65,15,18-1,370,,,반포대로 275,0,00275,00000,2121003,2,11650,11650,반포동,,전월세,201912,2019-12-02,51,51.0,130000,370,월세
래미안퍼스티지,11650-3559,2009,,,2,12,2019,"80,000",59.96,5,18-1,90,,,반포대로 275,0,00275,00000,2121003,2,11650,11650,반포동,,전월세,201912,2019-12-02,18,18.1,80000,90,월세
래미안퍼스티지,11650-3559,2009,,,2,12,2019,"40,000",84.93,20,18-1,330,,,반포대로 275,0,00275,00000,2121003,2,11650,11650,반포동,,전월세,201912,2019-12-02,26,25.7,40000,330,월세
래미안퍼스티지,11650-3559,2009,20.01~22.01,신규,3,12,2019,"10,000",59.96,4,18-1,300,,,반포대로 275,0,00275,00000,2121003,2,11650,11650,반포동,,전월세,201912,2019-12-03,18,18.1,10000,300,월세
래미안퍼스티지,11650-3559,2009,,,4,12,2019,"10,000",84.93,13,18-1,400,,,반포대로 275,0,00275,00000,2121003,2,11650,11650,반포동,,전월세,201912,2019-12-04,26,25.7,10000,400,월세
래미안퍼스티지,11650-3559,2009,20.01~22.01,신규,7,12,2019,"200,000",198.22,25,18-1,150,,,반포대로 275,0,00275,00000,2121003,2,11650,11650,반포동,,전월세,201912,2019-12-07,60,60.0,200000,150,월세
래미안퍼스티지,11650-3559,2009,,,7,12,2019,"10,000",59.89,29,18-1,300,,,반포대로 275,0,00275,00000,2121003,2,11650,11650,반포동,,전월세,201912,2019-12-07,18,18.1,10000,300,월세
래미안퍼스티지,11650-3559,2009,,,7,12,2019,"110,000",84.93,16,18-1,150,,,반포대로 275,0,00275,00000,2121003,2,11650,11650,반포동,,전월세,201912,2019-12-07,26,25.7,110000,150,월세
래미안퍼스티지,11650-3559,2009,,,7,12,2019,"99,000",84.93,12,18-1,140,,,반포대로 275,0,00275,00000,2121003,2,11650,11650,반포동,,전월세,201912,2019-12-07,26,25.7,99000,140,월세
래미안퍼스티지,11650-3559,2009,,,9,12,2019,"60,000",84.93,10,18-1,220,,,반포대로 275,0,00275,00000,2121003,2,11650,11650,반포동,,전월세,201912,2019-12-09,26,25.7,60000,220,월세
래미안퍼스티지,11650-3559,2009,,,10,12,2019,"80,000",59.89,23,18-1,100,,,반포대로 275,0,00275,00000,2121003,2,11650,11650,반포동,,전월세,201912,2019-12-10,18,18.1,80000,100,월세
래미안퍼스티지,11650-3559,2009,,,10,12,2019,"20,000",84.93,11,18-1,320,,,반포대로 275,0,00275,00000,2121003,2,11650,11650,반포동,,전월세,201912,2019-12-10,26,25.7,20000,320,월세
래미안퍼스티지,11650-3559,2009,,,10,12,2019,"20,000",84.93,10,18-1,370,,,반포대로 275,0,00275,00000,2121003,2,11650,11650,반포동,,전월세,201912,2019-12-10,26,25.7,20000,370,월세
래미안퍼스티지,11650-3559,2009,,,12,12,2019,"30,000",198.22,26,18-1,750,,,반포대로 275,0,00275,00000,2121003,2,11650,11650,반포동,,전월세,201912,2019-12-12,60,60.0,30000,750,월세
래미안퍼스티지,11650-3559,2009,,,13,12,2019,"90,000",59.96,2,18-1,50,,,반포대로 275,0,00275,00000,2121003,2,11650,11650,반포동,,전월세,201912,2019-12-13,18,18.1,90000,50,월세
래미안퍼스티지,11650-3559,2009,,,14,12,2019,"90,000",84.93,12,18-1,180,,,반포대로 275,0,00275,00000,2121003,2,11650,11650,반포동,,전월세,201912,2019-12-14,26,25.7,90000,180,월세
래미안퍼스티지,11650-3559,2009,,,16,12,2019,"110,000",84.93,4,18-1,70,,,반포대로 275,0,00275,00000,2121003,2,11650,11650,반포동,,전월세,201912,2019-12-16,26,25.7,110000,70,월세
래미안퍼스티지,11650-3559,2009,,,20,12,2019,"50,000",117.12,5,18-1,500,,,반포대로 275,0,00275,00000,2121003,2,11650,11650,반포동,,전월세,201912,2019-12-20,35,35.4,50000,500,월세
래미안퍼스티지,11650-3559,2009,,,20,12,2019,"220,000",222.15,28,18-1,290,,,반포대로 275,0,00275,00000,2121003,2,11650,11650,반포동,,전월세,201912,2019-12-20,67,67.2,220000,290,월세
래미안퍼스티지,11650-3559,2009,,,25,12,2019,"100,000",59.96,25,18-1,55,,,반포대로 275,0,00275,00000,2121003,2,11650,11650,반포동,,전월세,201912,2019-12-25,18,18.1,100000,55,월세
래미안퍼스티지,11650-3559,2009,,,27,12,2019,"50,000",135.92,5,18-1,500,,,반포대로 275,0,00275,00000,2121003,2,11650,11650,반포동,,전월세,201912,2019-12-27,41,41.1,50000,500,월세
래미안퍼스티지,11650-3559,2009,,,28,12,2019,"90,000",84.93,5,18-1,150,,,반포대로 275,0,00275,00000,2121003,2,11650,11650,반포동,,전월세,201912,2019-12-28,26,25.7,90000,150,월세
래미안퍼스티지,11650-3559,2009,,,2,1,2020,"80,000",59.89,21,18-1,120,,,반포대로 275,0,00275,00000,2121003,2,11650,11650,반포동,,전월세,202001,2020-01-02,18,18.1,80000,120,월세
래미안퍼스티지,11650-3559,2009,,,4,1,2020,"10,000",84.93,25,18-1,470,,,반포대로 275,0,00275,00000,2121003,2,11650,11650,반포동,,전월세,202001,2020-01-04,26,25.7,10000,470,월세
래미안퍼스티지,11650-3559,2009,,,6,1,2020,"150,000",115.65,12,18-1,180,,,반포대로 275,0,00275,00000,2121003,2,11650,11650,반포동,,전월세,202001,2020-01-06,35,35.0,150000,180,월세
래미안퍼스티지,11650-3559,2009,,,6,1,2020,"100,000",169.31,23,18-1,270,,,반포대로 275,0,00275,00000,2121003,2,11650,11650,반포동,,전월세,202001,2020-01-06,51,51.2,100000,270,월세
래미안퍼스티지,11650-3559,2009,,,11,1,2020,"10,000",59.89,14,18-1,305,,,반포대로 275,0,00275,00000,2121003,2,11650,11650,반포동,,전월세,202001,2020-01-11,18,18.1,10000,305,월세
래미안퍼스티지,11650-3559,2009,,,11,1,2020,"120,000",84.93,11,18-1,80,,,반포대로 275,0,00275,00000,2121003,2,11650,11650,반포동,,전월세,202001,2020-01-11,26,25.7,120000,80,월세
래미안퍼스티지,11650-3559,2009,,,11,1,2020,"80,000",84.93,14,18-1,180,,,반포대로 275,0,00275,00000,2121003,2,11650,11650,반포동,,전월세,202001,2020-01-11,26,25.7,80000,180,월세
래미안퍼스티지,11650-3559,2009,,,15,1,2020,"10,000",84.93,24,18-1,390,,,반포대로 275,0,00275,00000,2121003,2,11650,11650,반포동,,전월세,202001,2020-01-15,26,25.7,10000,390,월세
래미안퍼스티지,11650-3559,2009,,,18,1,2020,"40,000",169.31,11,18-1,640,,,반포대로 275,0,00275,00000,2121003,2,11650,11650,반포동,,전월세,202001,2020-01-18,51,51.2,40000,640,월세
래미안퍼스티지,11650-3559,2009,,,18,1,2020,"100,000",59.89,22,18-1,90,,,반포대로 275,0,00275,00000,2121003,2,11650,11650,반포동,,전월세,202001,2020-01-18,18,18.1,100000,90,월세
래미안퍼스티지,11650-3559,2009,,,31,1,2020,"80,000",59.89,3,18-1,100,,,반포대로 275,0,00275,00000,2121003,2,11650,11650,반포동,,전월세,202001,2020-01-31,18,18.1,80000,100,월세
래미안퍼스티지,11650-3559,2009,,,1,2,2020,"20,000",59.98,15,18-1,250,,,반포대로 275,0,00275,00000,2121003,2,11650,11650,반포동,,전월세,202002,2020-02-01,18,18.1,20000,250,월세
래미안퍼스티지,11650-3559,2009,,,6,2,2020,"30,000",168.65,6,18-1,700,,,반포대로 275,0,00275,00000,2121003,2,11650,11650,반포동,,전월세,202002,2020-02-06,51,51.0,30000,700,월세
래미안퍼스티지,11650-3559,2009,,,6,2,2020,"100,000",84.93,17,18-1,160,,,반포대로 275,0,00275,00000,2121003,2,11650,11650,반포동,,전월세,202002,2020-02-06,26,25.7,100000,160,월세
래미안퍼스티지,11650-3559,2009,,,7,2,2020,"85,000",84.93,9,18-1,215,,,반포대로 275,0,00275,00000,2121003,2,11650,11650,반포동,,전월세,202002,2020-02-07,26,25.7,85000,215,월세
래미안퍼스티지,11650-3559,2009,,,10,2,2020,"130,000",135.92,21,18-1,270,,,반포대로 275,0,00275,00000,2121003,2,11650,11650,반포동,,전월세,202002,2020-02-10,41,41.1,130000,270,월세
래미안퍼스티지,11650-3559,2009,,,11,2,2020,"60,000",84.93,15,18-1,270,,,반포대로 275,0,00275,00000,2121003,2,11650,11650,반포동,,전월세,202002,2020-02-11,26,25.7,60000,270,월세
래미안퍼스티지,11650-3559,2009,,,13,2,2020,"70,000",135.92,10,18-1,390,,,반포대로 275,0,00275,00000,2121003,2,11650,11650,반포동,,전월세,202002,2020-02-13,41,41.1,70000,390,월세
래미안퍼스티지,11650-3559,2009,,,17,2,2020,"60,000",84.93,15,18-1,280,,,반포대로 275,0,00275,00000,2121003,2,11650,11650,반포동,,전월세,202002,2020-02-17,26,25.7,60000,280,월세
래미안퍼스티지,11650-3559,2009,,,22,2,2020,"30,000",222.76,22,18-1,830,,,반포대로 275,0,00275,00000,2121003,2,11650,11650,반포동,,전월세,202002,2020-02-22,67,67.4,30000,830,월세
래미안퍼스티지,11650-3559,2009,,,22,2,2020,"80,000",84.93,19,18-1,180,,,반포대로 275,0,00275,00000,2121003,2,11650,11650,반포동,,전월세,202002,2020-02-22,26,25.7,80000,180,월세
래미안퍼스티지,11650-3559,2009,,,25,2,2020,"80,000",84.93,17,18-1,220,,,반포대로 275,0,00275,00000,2121003,2,11650,11650,반포동,,전월세,202002,2020-02-25,26,25.7,80000,220,월세
래미안퍼스티지,11650-3559,2009,,,27,2,2020,"30,000",135.92,11,18-1,550,,,반포대로 275,0,00275,00000,2121003,2,11650,11650,반포동,,전월세,202002,2020-02-27,41,41.1,30000,550,월세
래미안퍼스티지,11650-3559,2009,,,27,2,2020,"15,000",84.93,13,18-1,425,,,반포대로 275,0,00275,00000,2121003,2,11650,11650,반포동,,전월세,202002,2020-02-27,26,25.7,15000,425,월세
래미안퍼스티지,11650-3559,2009,,,11,3,2020,"1,000",84.93,11,18-1,35,,,반포대로 275,0,00275,00000,2121003,2,11650,11650,반포동,,전월세,202003,2020-03-11,26,25.7,1000,35,월세
래미안퍼스티지,11650-3559,2009,,,12,3,2020,"20,000",84.76,25,18-1,420,,,반포대로 275,0,00275,00000,2121003,2,11650,11650,반포동,,전월세,202003,2020-03-12,26,25.6,20000,420,월세
래미안퍼스티지,11650-3559,2009,,,18,3,2020,"40,000",84.93,18,18-1,250,,,반포대로 275,0,00275,00000,2121003,2,11650,11650,반포동,,전월세,202003,2020-03-18,26,25.7,40000,250,월세
래미안퍼스티지,11650-3559,2009,,,19,3,2020,"10,000",84.93,14,18-1,400,,,반포대로 275,0,00275,00000,2121003,2,11650,11650,반포동,,전월세,202003,2020-03-19,26,25.7,10000,400,월세
래미안퍼스티지,11650-3559,2009,,,21,3,2020,"110,000",84.93,7,18-1,130,,,반포대로 275,0,00275,00000,2121003,2,11650,11650,반포동,,전월세,202003,2020-03-21,26,25.7,110000,130,월세
래미안퍼스티지,11650-3559,2009,,,7,4,2020,"30,000",84.93,3,18-1,350,,,반포대로 275,0,00275,00000,2121003,2,11650,11650,반포동,,전월세,202004,2020-04-07,26,25.7,30000,350,월세
래미안퍼스티지,11650-3559,2009,,,8,4,2020,"135,000",84.93,15,18-1,60,,,반포대로 275,0,00275,00000,2121003,2,11650,11650,반포동,,전월세,202004,2020-04-08,26,25.7,135000,60,월세
래미안퍼스티지,11650-3559,2009,,,11,4,2020,"100,000",135.92,22,18-1,290,,,반포대로 275,0,00275,00000,2121003,2,11650,11650,반포동,,전월세,202004,2020-04-11,41,41.1,100000,290,월세
래미안퍼스티지,11650-3559,2009,,,20,4,2020,"10,000",84.93,18,18-1,380,,,반포대로 275,0,00275,00000,2121003,2,11650,11650,반포동,,전월세,202004,2020-04-20,26,25.7,10000,380,월세
래미안퍼스티지,11650-3559,2009,,,22,4,2020,"20,000",135.92,19,18-1,600,,,반포대로 275,0,00275,00000,2121003,2,11650,11650,반포동,,전월세,202004,2020-04-22,41,41.1,20000,600,월세
래미안퍼스티지,11650-3559,2009,,,23,4,2020,"20,000",59.96,13,18-1,280,,,반포대로 275,0,00275,00000,2121003,2,11650,11650,반포동,,전월세,202004,2020-04-23,18,18.1,20000,280,월세
래미안퍼스티지,11650-3559,2009,,,25,4,2020,"30,000",84.93,20,18-1,345,,,반포대로 275,0,00275,00000,2121003,2,11650,11650,반포동,,전월세,202004,2020-04-25,26,25.7,30000,345,월세
래미안퍼스티지,11650-3559,2009,,,28,4,2020,"100,000",168.65,22,18-1,420,,,반포대로 275,0,00275,00000,2121003,2,11650,11650,반포동,,전월세,202004,2020-04-28,51,51.0,100000,420,월세
래미안퍼스티지,11650-3559,2009,,,30,4,2020,"5,000",84.93,21,18-1,440,,,반포대로 275,0,00275,00000,2121003,2,11650,11650,반포동,,전월세,202004,2020-04-30,26,25.7,5000,440,월세
래미안퍼스티지,11650-3559,2009,,,9,5,2020,"40,000",84.93,29,18-1,310,,,반포대로 275,0,00275,00000,2121003,2,11650,11650,반포동,,전월세,202005,2020-05-09,26,25.7,40000,310,월세
래미안퍼스티지,11650-3559,2009,,,9,5,2020,"95,000",84.93,25,18-1,160,,,반포대로 275,0,00275,00000,2121003,2,11650,11650,반포동,,전월세,202005,2020-05-09,26,25.7,95000,160,월세
래미안퍼스티지,11650-3559,2009,,,13,5,2020,"130,000",117.12,17,18-1,160,,,반포대로 275,0,00275,00000,2121003,2,11650,11650,반포동,,전월세,202005,2020-05-13,35,35.4,130000,160,월세
래미안퍼스티지,11650-3559,2009,,,13,5,2020,"130,000",117.12,17,18-1,160,,,반포대로 275,0,00275,00000,2121003,2,11650,11650,반포동,,전월세,202005,2020-05-13,35,35.4,130000,160,월세
래미안퍼스티지,11650-3559,2009,,,17,5,2020,"60,000",59.98,15,18-1,150,,,반포대로 275,0,00275,00000,2121003,2,11650,11650,반포동,,전월세,202005,2020-05-17,18,18.1,60000,150,월세
래미안퍼스티지,11650-3559,2009,,,19,5,2020,"80,000",136.65,22,18-1,380,,,반포대로 275,0,00275,00000,2121003,2,11650,11650,반포동,,전월세,202005,2020-05-19,41,41.3,80000,380,월세
래미안퍼스티지,11650-3559,2009,,,21,5,2020,"170,000",135.92,30,18-1,170,,,반포대로 275,0,00275,00000,2121003,2,11650,11650,반포동,,전월세,202005,2020-05-21,41,41.1,170000,170,월세
래미안퍼스티지,11650-3559,2009,,,23,5,2020,"50,000",59.89,30,18-1,210,,,반포대로 275,0,00275,00000,2121003,2,11650,11650,반포동,,전월세,202005,2020-05-23,18,18.1,50000,210,월세
래미안퍼스티지,11650-3559,2009,,,25,5,2020,"155,000",117.12,24,18-1,120,,,반포대로 275,0,00275,00000,2121003,2,11650,11650,반포동,,전월세,202005,2020-05-25,35,35.4,155000,120,월세
래미안퍼스티지,11650-3559,2009,,,26,5,2020,"165,000",135.92,8,18-1,160,,,반포대로 275,0,00275,00000,2121003,2,11650,11650,반포동,,전월세,202005,2020-05-26,41,41.1,165000,160,월세
래미안퍼스티지,11650-3559,2009,,,28,5,2020,"30,000",169.31,3,18-1,600,,,반포대로 275,0,00275,00000,2121003,2,11650,11650,반포동,,전월세,202005,2020-05-28,51,51.2,30000,600,월세
래미안퍼스티지,11650-3559,2009,,,29,5,2020,"70,000",84.76,26,18-1,240,,,반포대로 275,0,00275,00000,2121003,2,11650,11650,반포동,,전월세,202005,2020-05-29,26,25.6,70000,240,월세
래미안퍼스티지,11650-3559,2009,,,29,5,2020,"30,000",84.93,2,18-1,300,,,반포대로 275,0,00275,00000,2121003,2,11650,11650,반포동,,전월세,202005,2020-05-29,26,25.7,30000,300,월세
래미안퍼스티지,11650-3559,2009,,,30,5,2020,"60,000",84.93,30,18-1,230,,,반포대로 275,0,00275,00000,2121003,2,11650,11650,반포동,,전월세,202005,2020-05-30,26,25.7,60000,230,월세
래미안퍼스티지,11650-3559,2009,,,30,5,2020,"137,000",84.93,27,18-1,30,,,반포대로 275,0,00275,00000,2121003,2,11650,11650,반포동,,전월세,202005,2020-05-30,26,25.7,137000,30,월세
래미안퍼스티지,11650-3559,2009,,,2,6,2020,"130,000",222.76,16,18-1,300,,,반포대로 275,0,00275,00000,2121003,2,11650,11650,반포동,,전월세,202006,2020-06-02,67,67.4,130000,300,월세
래미안퍼스티지,11650-3559,2009,,,4,6,2020,"30,000",135.92,11,18-1,550,,,반포대로 275,0,00275,00000,2121003,2,11650,11650,반포동,,전월세,202006,2020-06-04,41,41.1,30000,550,월세
래미안퍼스티지,11650-3559,2009,,,5,6,2020,"75,000",84.93,21,18-1,227,,,반포대로 275,0,00275,00000,2121003,2,11650,11650,반포동,,전월세,202006,2020-06-05,26,25.7,75000,227,월세
래미안퍼스티지,11650-3559,2009,,,5,6,2020,"60,000",84.93,14,18-1,310,,,반포대로 275,0,00275,00000,2121003,2,11650,11650,반포동,,전월세,202006,2020-06-05,26,25.7,60000,310,월세
래미안퍼스티지,11650-3559,2009,,,5,6,2020,"50,000",84.93,26,18-1,280,,,반포대로 275,0,00275,00000,2121003,2,11650,11650,반포동,,전월세,202006,2020-06-05,26,25.7,50000,280,월세
래미안퍼스티지,11650-3559,2009,,,8,6,2020,"120,000",84.93,14,18-1,70,,,반포대로 275,0,00275,00000,2121003,2,11650,11650,반포동,,전월세,202006,2020-06-08,26,25.7,120000,70,월세
래미안퍼스티지,11650-3559,2009,,,11,6,2020,"30,000",115.65,13,18-1,470,,,반포대로 275,0,00275,00000,2121003,2,11650,11650,반포동,,전월세,202006,2020-06-11,35,35.0,30000,470,월세
래미안퍼스티지,11650-3559,2009,,,13,6,2020,"50,000",84.93,12,18-1,300,,,반포대로 275,0,00275,00000,2121003,2,11650,11650,반포동,,전월세,202006,2020-06-13,26,25.7,50000,300,월세
래미안퍼스티지,11650-3559,2009,,,15,6,2020,"200,000",198.04,24,18-1,210,,,반포대로 275,0,00275,00000,2121003,2,11650,11650,반포동,,전월세,202006,2020-06-15,60,59.9,200000,210,월세
래미안퍼스티지,11650-3559,2009,,,19,6,2020,"30,000",84.93,29,18-1,380,,,반포대로 275,0,00275,00000,2121003,2,11650,11650,반포동,,전월세,202006,2020-06-19,26,25.7,30000,380,월세
래미안퍼스티지,11650-3559,2009,,,20,6,2020,"85,000",84.93,11,18-1,160,,,반포대로 275,0,00275,00000,2121003,2,11650,11650,반포동,,전월세,202006,2020-06-20,26,25.7,85000,160,월세
래미안퍼스티지,11650-3559,2009,,,25,6,2020,"8,000",84.93,25,18-1,420,,,반포대로 275,0,00275,00000,2121003,2,11650,11650,반포동,,전월세,202006,2020-06-25,26,25.7,8000,420,월세
래미안퍼스티지,11650-3559,2009,,,27,6,2020,"120,000",84.93,18,18-1,80,,,반포대로 275,0,00275,00000,2121003,2,11650,11650,반포동,,전월세,202006,2020-06-27,26,25.7,120000,80,월세
래미안퍼스티지,11650-3559,2009,20.08~22.08,신규,30,6,2020,"140,000",115.65,4,18-1,180,,,반포대로 275,0,00275,00000,2121003,2,11650,11650,반포동,,전월세,202006,2020-06-30,35,35.0,140000,180,월세
래미안퍼스티지,11650-3559,2009,,,3,7,2020,"99,000",84.93,12,18-1,170,,,반포대로 275,0,00275,00000,2121003,2,11650,11650,반포동,,전월세,202007,2020-07-03,26,25.7,99000,170,월세
래미안퍼스티지,11650-3559,2009,,,13,7,2020,"40,000",59.89,14,18-1,240,,,반포대로 275,0,00275,00000,2121003,2,11650,11650,반포동,,전월세,202007,2020-07-13,18,18.1,40000,240,월세
래미안퍼스티지,11650-3559,2009,,,22,7,2020,"20,000",59.96,9,18-1,290,,,반포대로 275,0,00275,00000,2121003,2,11650,11650,반포동,,전월세,202007,2020-07-22,18,18.1,20000,290,월세
래미안퍼스티지,11650-3559,2009,,,23,7,2020,500,84.93,11,18-1,55,,,반포대로 275,0,00275,00000,2121003,2,11650,11650,반포동,,전월세,202007,2020-07-23,26,25.7,500,55,월세
래미안퍼스티지,11650-3559,2009,,,24,7,2020,"20,000",84.93,30,18-1,430,,,반포대로 275,0,00275,00000,2121003,2,11650,11650,반포동,,전월세,202007,2020-07-24,26,25.7,20000,430,월세
래미안퍼스티지,11650-3559,2009,,,29,7,2020,"70,000",59.89,2,18-1,120,,,반포대로 275,0,00275,00000,2121003,2,11650,11650,반포동,,전월세,202007,2020-07-29,18,18.1,70000,120,월세
래미안퍼스티지,11650-3559,2009,,,1,8,2020,"80,000",59.98,19,18-1,110,,,반포대로 275,0,00275,00000,2121003,2,11650,11650,반포동,,전월세,202008,2020-08-01,18,18.1,80000,110,월세
래미안퍼스티지,11650-3559,2009,,,3,8,2020,"50,000",84.93,25,18-1,330,,,반포대로 275,0,00275,00000,2121003,2,11650,11650,반포동,,전월세,202008,2020-08-03,26,25.7,50000,330,월세
래미안퍼스티지,11650-3559,2009,,,6,8,2020,500,84.93,16,18-1,60,,,반포대로 275,0,00275,00000,2121003,2,11650,11650,반포동,,전월세,202008,2020-08-06,26,25.7,500,60,월세
래미안퍼스티지,11650-3559,2009,,,7,8,2020,"60,000",59.89,16,18-1,160,,,반포대로 275,0,00275,00000,2121003,2,11650,11650,반포동,,전월세,202008,2020-08-07,18,18.1,60000,160,월세
래미안퍼스티지,11650-3559,2009,,,8,8,2020,"110,000",84.93,26,18-1,140,,,반포대로 275,0,00275,00000,2121003,2,11650,11650,반포동,,전월세,202008,2020-08-08,26,25.7,110000,140,월세
래미안퍼스티지,11650-3559,2009,,,9,8,2020,"10,000",168.65,7,18-1,790,,,반포대로 275,0,00275,00000,2121003,2,11650,11650,반포동,,전월세,202008,2020-08-09,51,51.0,10000,790,월세
래미안퍼스티지,11650-3559,2009,,,10,8,2020,"150,000",168.65,19,18-1,310,,,반포대로 275,0,00275,00000,2121003,2,11650,11650,반포동,,전월세,202008,2020-08-10,51,51.0,150000,310,월세
래미안퍼스티지,11650-3559,2009,,,12,8,2020,"30,000",84.93,6,18-1,400,,,반포대로 275,0,00275,00000,2121003,2,11650,11650,반포동,,전월세,202008,2020-08-12,26,25.7,30000,400,월세
래미안퍼스티지,11650-3559,2009,,,12,8,2020,"30,000",84.93,6,18-1,400,,,반포대로 275,0,00275,00000,2121003,2,11650,11650,반포동,,전월세,202008,2020-08-12,26,25.7,30000,400,월세
래미안퍼스티지,11650-3559,2009,,,14,8,2020,"50,000",135.92,26,18-1,500,,,반포대로 275,0,00275,00000,2121003,2,11650,11650,반포동,,전월세,202008,2020-08-14,41,41.1,50000,500,월세
래미안퍼스티지,11650-3559,2009,,,15,8,2020,"90,000",59.96,1,18-1,70,,,반포대로 275,0,00275,00000,2121003,2,11650,11650,반포동,,전월세,202008,2020-08-15,18,18.1,90000,70,월세
래미안퍼스티지,11650-3559,2009,,,18,8,2020,"150,000",222.76,24,18-1,395,,,반포대로 275,0,00275,00000,2121003,2,11650,11650,반포동,,전월세,202008,2020-08-18,67,67.4,150000,395,월세
래미안퍼스티지,11650-3559,2009,,,21,8,2020,"100,000",59.96,28,18-1,100,,,반포대로 275,0,00275,00000,2121003,2,11650,11650,반포동,,전월세,202008,2020-08-21,18,18.1,100000,100,월세
래미안퍼스티지,11650-3559,2009,,,23,8,2020,"50,000",84.85,25,18-1,320,,,반포대로 275,0,00275,00000,2121003,2,11650,11650,반포동,,전월세,202008,2020-08-23,26,25.7,50000,320,월세
래미안퍼스티지,11650-3559,2009,,,30,8,2020,"100,000",198.22,15,18-1,500,,,반포대로 275,0,00275,00000,2121003,2,11650,11650,반포동,,전월세,202008,2020-08-30,60,60.0,100000,500,월세
래미안퍼스티지,11650-3559,2009,,,2,9,2020,"40,000",135.92,28,18-1,550,,,반포대로 275,0,00275,00000,2121003,2,11650,11650,반포동,,전월세,202009,2020-09-02,41,41.1,40000,550,월세
래미안퍼스티지,11650-3559,2009,,,2,9,2020,"180,000",135.92,17,18-1,120,,,반포대로 275,0,00275,00000,2121003,2,11650,11650,반포동,,전월세,202009,2020-09-02,41,41.1,180000,120,월세
래미안퍼스티지,11650-3559,2009,,,5,9,2020,"10,500",115.65,13,18-1,578,,,반포대로 275,0,00275,00000,2121003,2,11650,11650,반포동,,전월세,202009,2020-09-05,35,35.0,10500,578,월세
래미안퍼스티지,11650-3559,2009,,,7,9,2020,"80,500",84.93,7,18-1,220,,,반포대로 275,0,00275,00000,2121003,2,11650,11650,반포동,,전월세,202009,2020-09-07,26,25.7,80500,220,월세
래미안퍼스티지,11650-3559,2009,,,10,9,2020,"45,000",59.89,3,18-1,135,,,반포대로 275,0,00275,00000,2121003,2,11650,11650,반포동,,전월세,202009,2020-09-10,18,18.1,45000,135,월세
래미안퍼스티지,11650-3559,2009,,,12,9,2020,"70,000",84.93,17,18-1,260,,,반포대로 275,0,00275,00000,2121003,2,11650,11650,반포동,,전월세,202009,2020-09-12,26,25.7,70000,260,월세
래미안퍼스티지,11650-3559,2009,,,21,9,2020,"80,000",84.93,28,18-1,220,,,반포대로 275,0,00275,00000,2121003,2,11650,11650,반포동,,전월세,202009,2020-09-21,26,25.7,80000,220,월세
래미안퍼스티지,11650-3559,2009,,,22,9,2020,"119,000",84.93,14,18-1,35,,,반포대로 275,0,00275,00000,2121003,2,11650,11650,반포동,,전월세,202009,2020-09-22,26,25.7,119000,35,월세
래미안퍼스티지,11650-3559,2009,,,22,9,2020,"70,000",84.93,18,18-1,270,,,반포대로 275,0,00275,00000,2121003,2,11650,11650,반포동,,전월세,202009,2020-09-22,26,25.7,70000,270,월세
래미안퍼스티지,11650-3559,2009,,,5,10,2020,"100,000",59.96,3,18-1,90,,,반포대로 275,0,00275,00000,2121003,2,11650,11650,반포동,,전월세,202010,2020-10-05,18,18.1,100000,90,월세
래미안퍼스티지,11650-3559,2009,,,8,10,2020,"177,000",198.04,18,18-1,70,,,반포대로 275,0,00275,00000,2121003,2,11650,11650,반포동,,전월세,202010,2020-10-08,60,59.9,177000,70,월세
래미안퍼스티지,11650-3559,2009,,,9,10,2020,"90,000",84.93,26,18-1,220,,,반포대로 275,0,00275,00000,2121003,2,11650,11650,반포동,,전월세,202010,2020-10-09,26,25.7,90000,220,월세
래미안퍼스티지,11650-3559,2009,,,12,10,2020,"84,000",59.96,9,18-1,105,,,반포대로 275,0,00275,00000,2121003,2,11650,11650,반포동,,전월세,202010,2020-10-12,18,18.1,84000,105,월세
래미안퍼스티지,11650-3559,2009,,,17,10,2020,"10,000",59.96,22,18-1,340,,,반포대로 275,0,00275,00000,2121003,2,11650,11650,반포동,,전월세,202010,2020-10-17,18,18.1,10000,340,월세
래미안퍼스티지,11650-3559,2009,,,17,10,2020,"90,000",59.96,21,18-1,135,,,반포대로 275,0,00275,00000,2121003,2,11650,11650,반포동,,전월세,202010,2020-10-17,18,18.1,90000,135,월세
래미안퍼스티지,11650-3559,2009,,,22,10,2020,"70,000",84.93,18,18-1,235,,,반포대로 275,0,00275,00000,2121003,2,11650,11650,반포동,,전월세,202010,2020-10-22,26,25.7,70000,235,월세
래미안퍼스티지,11650-3559,2009,,,24,10,2020,"50,000",59.96,14,18-1,250,,,반포대로 275,0,00275,00000,2121003,2,11650,11650,반포동,,전월세,202010,2020-10-24,18,18.1,50000,250,월세
래미안퍼스티지,11650-3559,2009,,,24,10,2020,"130,000",84.76,6,18-1,110,,,반포대로 275,0,00275,00000,2121003,2,11650,11650,반포동,,전월세,202010,2020-10-24,26,25.6,130000,110,월세
래미안퍼스티지,11650-3559,2009,,,24,10,2020,"130,000",84.76,6,18-1,110,,,반포대로 275,0,00275,00000,2121003,2,11650,11650,반포동,,전월세,202010,2020-10-24,26,25.6,130000,110,월세
래미안퍼스티지,11650-3559,2009,,,25,10,2020,"40,000",117.12,11,18-1,460,,,반포대로 275,0,00275,00000,2121003,2,11650,11650,반포동,,전월세,202010,2020-10-25,35,35.4,40000,460,월세
래미안퍼스티지,11650-3559,2009,,,29,10,2020,"10,000",59.98,6,18-1,345,,,반포대로 275,0,00275,00000,2121003,2,11650,11650,반포동,,전월세,202010,2020-10-29,18,18.1,10000,345,월세
래미안퍼스티지,11650-3559,2009,,,31,10,2020,"55,000",59.96,16,18-1,235,,,반포대로 275,0,00275,00000,2121003,2,11650,11650,반포동,,전월세,202010,2020-10-31,18,18.1,55000,235,월세
래미안퍼스티지,11650-3559,2009,,,2,11,2020,"110,000",135.92,28,18-1,450,,,반포대로 275,0,00275,00000,2121003,2,11650,11650,반포동,,전월세,202011,2020-11-02,41,41.1,110000,450,월세
래미안퍼스티지,11650-3559,2009,,,5,11,2020,"48,000",84.93,23,18-1,300,,,반포대로 275,0,00275,00000,2121003,2,11650,11650,반포동,,전월세,202011,2020-11-05,26,25.7,48000,300,월세
래미안퍼스티지,11650-3559,2009,,,5,11,2020,"120,000",84.93,27,18-1,150,,,반포대로 275,0,00275,00000,2121003,2,11650,11650,반포동,,전월세,202011,2020-11-05,26,25.7,120000,150,월세
래미안퍼스티지,11650-3559,2009,,,12,11,2020,"130,000",84.93,29,18-1,120,,,반포대로 275,0,00275,00000,2121003,2,11650,11650,반포동,,전월세,202011,2020-11-12,26,25.7,130000,120,월세
래미안퍼스티지,11650-3559,2009,,,28,11,2020,"125,000",84.93,20,18-1,170,,,반포대로 275,0,00275,00000,2121003,2,11650,11650,반포동,,전월세,202011,2020-11-28,26,25.7,125000,170,월세
래미안퍼스티지,11650-3559,2009,,,28,11,2020,"130,000",84.93,28,18-1,100,,,반포대로 275,0,00275,00000,2121003,2,11650,11650,반포동,,전월세,202011,2020-11-28,26,25.7,130000,100,월세
래미안퍼스티지,11650-3559,2009,,,5,12,2020,"110,000",84.93,27,18-1,100,,,반포대로 275,0,00275,00000,2121003,2,11650,11650,반포동,,전월세,202012,2020-12-05,26,25.7,110000,100,월세
래미안퍼스티지,11650-3559,2009,,,5,12,2020,"10,000",84.93,12,18-1,480,,,반포대로 275,0,00275,00000,2121003,2,11650,11650,반포동,,전월세,202012,2020-12-05,26,25.7,10000,480,월세
래미안퍼스티지,11650-3559,2009,,,7,12,2020,"30,000",59.89,21,18-1,350,,,반포대로 275,0,00275,00000,2121003,2,11650,11650,반포동,,전월세,202012,2020-12-07,18,18.1,30000,350,월세
래미안퍼스티지,11650-3559,2009,,,9,12,2020,"10,000",84.93,14,18-1,450,,,반포대로 275,0,00275,00000,2121003,2,11650,11650,반포동,,전월세,202012,2020-12-09,26,25.7,10000,450,월세
래미안퍼스티지,11650-3559,2009,,,10,12,2020,"110,000",84.93,27,18-1,11,,,반포대로 275,0,00275,00000,2121003,2,11650,11650,반포동,,전월세,202012,2020-12-10,26,25.7,110000,11,월세
래미안퍼스티지,11650-3559,2009,,,14,12,2020,"180,000",135.92,25,18-1,90,,,반포대로 275,0,00275,00000,2121003,2,11650,11650,반포동,,전월세,202012,2020-12-14,41,41.1,180000,90,월세
래미안퍼스티지,11650-3559,2009,,,17,12,2020,"135,000",84.93,28,18-1,200,,,반포대로 275,0,00275,00000,2121003,2,11650,11650,반포동,,전월세,202012,2020-12-17,26,25.7,135000,200,월세
래미안퍼스티지,11650-3559,2009,,,22,12,2020,"100,000",222.15,14,18-1,750,,,반포대로 275,0,00275,00000,2121003,2,11650,11650,반포동,,전월세,202012,2020-12-22,67,67.2,100000,750,월세
래미안퍼스티지,11650-3559,2009,,,27,12,2020,"50,000",135.92,5,18-1,520,,,반포대로 275,0,00275,00000,2121003,2,11650,11650,반포동,,전월세,202012,2020-12-27,41,41.1,50000,520,월세
래미안퍼스티지,11650-3559,2009,,,30,12,2020,"110,000",84.93,24,18-1,210,,,반포대로 275,0,00275,00000,2121003,2,11650,11650,반포동,,전월세,202012,2020-12-30,26,25.7,110000,210,월세
래미안퍼스티지,11650-3559,2009,,,4,1,2021,"35,000",84.93,24,18-1,100,,,반포대로 275,0,00275,00000,2121003,2,11650,11650,반포동,,전월세,202101,2021-01-04,26,25.7,35000,100,월세
래미안퍼스티지,11650-3559,2009,,,6,1,2021,"140,000",169.31,31,18-1,460,,,반포대로 275,0,00275,00000,2121003,2,11650,11650,반포동,,전월세,202101,2021-01-06,51,51.2,140000,460,월세
래미안퍼스티지,11650-3559,2009,,,9,1,2021,"200,000",198.04,17,18-1,600,,,반포대로 275,0,00275,00000,2121003,2,11650,11650,반포동,,전월세,202101,2021-01-09,60,59.9,200000,600,월세
래미안퍼스티지,11650-3559,2009,,,9,1,2021,"63,000",59.96,18,18-1,84,,,반포대로 275,0,00275,00000,2121003,2,11650,11650,반포동,,전월세,202101,2021-01-09,18,18.1,63000,84,월세
래미안퍼스티지,11650-3559,2009,,,9,1,2021,"10,000",59.96,14,18-1,420,,,반포대로 275,0,00275,00000,2121003,2,11650,11650,반포동,,전월세,202101,2021-01-09,18,18.1,10000,420,월세
래미안퍼스티지,11650-3559,2009,,,16,1,2021,"300,000",169.31,29,18-1,50,,,반포대로 275,0,00275,00000,2121003,2,11650,11650,반포동,,전월세,202101,2021-01-16,51,51.2,300000,50,월세
래미안퍼스티지,11650-3559,2009,,,16,1,2021,"80,000",84.93,16,18-1,300,,,반포대로 275,0,00275,00000,2121003,2,11650,11650,반포동,,전월세,202101,2021-01-16,26,25.7,80000,300,월세
래미안퍼스티지,11650-3559,2009,,,22,1,2021,"20,000",222.76,19,18-1,"1,000",,,반포대로 275,0,00275,00000,2121003,2,11650,11650,반포동,,전월세,202101,2021-01-22,67,67.4,20000,1000,월세
래미안퍼스티지,11650-3559,2009,,,23,1,2021,"62,820",135.92,12,18-1,430,,,반포대로 275,0,00275,00000,2121003,2,11650,11650,반포동,,전월세,202101,2021-01-23,41,41.1,62820,430,월세
래미안퍼스티지,11650-3559,2009,,,2,2,2021,"170,000",198.22,23,18-1,350,,,반포대로 275,0,00275,00000,2121003,2,11650,11650,반포동,,전월세,202102,2021-02-02,60,60.0,170000,350,월세
래미안퍼스티지,11650-3559,2009,,,2,2,2021,"38,220",84.93,11,18-1,280,,,반포대로 275,0,00275,00000,2121003,2,11650,11650,반포동,,전월세,202102,2021-02-02,26,25.7,38220,280,월세
래미안퍼스티지,11650-3559,2009,,,3,2,2021,"84,000",84.93,20,18-1,168,,,반포대로 275,0,00275,00000,2121003,2,11650,11650,반포동,,전월세,202102,2021-02-03,26,25.7,84000,168,월세
래미안퍼스티지,11650-3559,2009,,,6,2,2021,"140,000",84.93,22,18-1,107,,,반포대로 275,0,00275,00000,2121003,2,11650,11650,반포동,,전월세,202102,2021-02-06,26,25.7,140000,107,월세
래미안퍼스티지,11650-3559,2009,,,8,2,2021,"10,000",59.89,10,18-1,400,,,반포대로 275,0,00275,00000,2121003,2,11650,11650,반포동,,전월세,202102,2021-02-08,18,18.1,10000,400,월세
래미안퍼스티지,11650-3559,2009,,,10,2,2021,"200,000",169.31,28,18-1,400,,,반포대로 275,0,00275,00000,2121003,2,11650,11650,반포동,,전월세,202102,2021-02-10,51,51.2,200000,400,월세
래미안퍼스티지,11650-3559,2009,,,10,2,2021,"10,000",84.93,16,18-1,580,,,반포대로 275,0,00275,00000,2121003,2,11650,11650,반포동,,전월세,202102,2021-02-10,26,25.7,10000,580,월세
래미안퍼스티지,11650-3559,2009,,,16,2,2021,"65,000",222.76,8,18-1,760,,,반포대로 275,0,00275,00000,2121003,2,11650,11650,반포동,,전월세,202102,2021-02-16,67,67.4,65000,760,월세
래미안퍼스티지,11650-3559,2009,,,18,2,2021,"100,000",59.89,19,18-1,135,,,반포대로 275,0,00275,00000,2121003,2,11650,11650,반포동,,전월세,202102,2021-02-18,18,18.1,100000,135,월세
래미안퍼스티지,11650-3559,2009,,,18,2,2021,"10,000",84.93,22,18-1,550,,,반포대로 275,0,00275,00000,2121003,2,11650,11650,반포동,,전월세,202102,2021-02-18,26,25.7,10000,550,월세
래미안퍼스티지,11650-3559,2009,,,22,2,2021,"155,000",117.12,23,18-1,165,,,반포대로 275,0,00275,00000,2121003,2,11650,11650,반포동,,전월세,202102,2021-02-22,35,35.4,155000,165,월세
래미안퍼스티지,11650-3559,2009,,,24,2,2021,"50,000",135.92,28,18-1,700,,,반포대로 275,0,00275,00000,2121003,2,11650,11650,반포동,,전월세,202102,2021-02-24,41,41.1,50000,700,월세
래미안퍼스티지,11650-3559,2009,,,24,2,2021,"168,000",169.31,27,18-1,168,,,반포대로 275,0,00275,00000,2121003,2,11650,11650,반포동,,전월세,202102,2021-02-24,51,51.2,168000,168,월세
래미안퍼스티지,11650-3559,2009,,,3,3,2021,"220,000",222.76,10,18-1,149,,,반포대로 275,0,00275,00000,2121003,2,11650,11650,반포동,,전월세,202103,2021-03-03,67,67.4,220000,149,월세
래미안퍼스티지,11650-3559,2009,,,11,3,2021,"50,000",59.96,7,18-1,250,,,반포대로 275,0,00275,00000,2121003,2,11650,11650,반포동,,전월세,202103,2021-03-11,18,18.1,50000,250,월세
래미안퍼스티지,11650-3559,2009,,,13,3,2021,"120,000",168.65,17,18-1,600,,,반포대로 275,0,00275,00000,2121003,2,11650,11650,반포동,,전월세,202103,2021-03-13,51,51.0,120000,600,월세
래미안퍼스티지,11650-3559,2009,,,19,3,2021,"50,000",59.96,20,18-1,190,,,반포대로 275,0,00275,00000,2121003,2,11650,11650,반포동,,전월세,202103,2021-03-19,18,18.1,50000,190,월세
래미안퍼스티지,11650-3559,2009,,,25,3,2021,"230,000",169.31,1,18-1,165,,,반포대로 275,0,00275,00000,2121003,2,11650,11650,반포동,,전월세,202103,2021-03-25,51,51.2,230000,165,월세
래미안퍼스티지,11650-3559,2009,21.07~23.07,,9,4,2021,"180,000",135.92,30,18-1,350,,,반포대로 275,0,00275,00000,2121003,2,11650,11650,반포동,,전월세,202104,2021-04-09,41,41.1,180000,350,월세
래미안퍼스티지,11650-3559,2009,21.07~23.07,,14,4,2021,"220,000",198.04,11,18-1,300,,,반포대로 275,0,00275,00000,2121003,2,11650,11650,반포동,,전월세,202104,2021-04-14,60,59.9,220000,300,월세
래미안퍼스티지,11650-3559,2009,21.06~23.06,,15,4,2021,"92,000",135.92,23,18-1,270,,,반포대로 275,0,00275,00000,2121003,2,11650,11650,반포동,,전월세,202104,2021-04-15,41,41.1,92000,270,월세
래미안퍼스티지,11650-3559,2009,21.06~23.06,,17,4,2021,"60,000",135.92,24,18-1,610,,,반포대로 275,0,00275,00000,2121003,2,11650,11650,반포동,,전월세,202104,2021-04-17,41,41.1,60000,610,월세
래미안퍼스티지,11650-3559,2009,,,17,4,2021,"96,000",84.93,8,18-1,117,,,반포대로 275,0,00275,00000,2121003,2,11650,11650,반포동,,전월세,202104,2021-04-17,26,25.7,96000,117,월세
래미안퍼스티지,11650-3559,2009,,,19,4,2021,"120,000",84.93,19,18-1,120,,,반포대로 275,0,00275,00000,2121003,2,11650,11650,반포동,,전월세,202104,2021-04-19,26,25.7,120000,120,월세
래미안퍼스티지,11650-3559,2009,21.07~23.07,,20,4,2021,"3,000",59.96,3,18-1,370,,,반포대로 275,0,00275,00000,2121003,2,11650,11650,반포동,,전월세,202104,2021-04-20,18,18.1,3000,370,월세
래미안퍼스티지,11650-3559,2009,21.06~23.06,,21,4,2021,"110,000",136.65,24,18-1,600,,,반포대로 275,0,00275,00000,2121003,2,11650,11650,반포동,,전월세,202104,2021-04-21,41,41.3,110000,600,월세
래미안퍼스티지,11650-3559,2009,,,24,4,2021,"90,000",59.96,8,18-1,150,,,반포대로 275,0,00275,00000,2121003,2,11650,11650,반포동,,전월세,202104,2021-04-24,18,18.1,90000,150,월세
래미안퍼스티지,11650-3559,2009,,,24,4,2021,"89,850",59.98,23,18-1,25,,,반포대로 275,0,00275,00000,2121003,2,11650,11650,반포동,,전월세,202104,2021-04-24,18,18.1,89850,25,월세
래미안퍼스티지,11650-3559,2009,,,27,4,2021,"160,000",84.93,23,18-1,120,,,반포대로 275,0,00275,00000,2121003,2,11650,11650,반포동,,전월세,202104,2021-04-27,26,25.7,160000,120,월세
래미안퍼스티지,11650-3559,2009,21.06~23.06,,28,4,2021,"20,000",84.93,10,18-1,550,,,반포대로 275,0,00275,00000,2121003,2,11650,11650,반포동,,전월세,202104,2021-04-28,26,25.7,20000,550,월세
래미안퍼스티지,11650-3559,2009,21.07~23.07,,29,4,2021,"100,000",84.93,25,18-1,280,,,반포대로 275,0,00275,00000,2121003,2,11650,11650,반포동,,전월세,202104,2021-04-29,26,25.7,100000,280,월세
래미안퍼스티지,11650-3559,2009,,,1,5,2021,"100,000",59.89,11,18-1,150,,,반포대로 275,0,00275,00000,2121003,2,11650,11650,반포동,,전월세,202105,2021-05-01,18,18.1,100000,150,월세
래미안퍼스티지,11650-3559,2009,21.07~22.06,,1,5,2021,"10,000",84.93,11,18-1,540,,,반포대로 275,0,00275,00000,2121003,2,11650,11650,반포동,,전월세,202105,2021-05-01,26,25.7,10000,540,월세
래미안퍼스티지,11650-3559,2009,21.07~23.07,,1,5,2021,"40,000",84.93,5,18-1,430,,,반포대로 275,0,00275,00000,2121003,2,11650,11650,반포동,,전월세,202105,2021-05-01,26,25.7,40000,430,월세
래미안퍼스티지,11650-3559,2009,21.08~23.08,,7,5,2021,"102,000",198.22,4,18-1,700,,,반포대로 275,0,00275,00000,2121003,2,11650,11650,반포동,,전월세,202105,2021-05-07,60,60.0,102000,700,월세
래미안퍼스티지,11650-3559,2009,,,7,5,2021,"70,000",59.89,4,18-1,180,,,반포대로 275,0,00275,00000,2121003,2,11650,11650,반포동,,전월세,202105,2021-05-07,18,18.1,70000,180,월세
래미안퍼스티지,11650-3559,2009,21.06~23.06,,8,5,2021,"50,000",84.93,5,18-1,400,,,반포대로 275,0,00275,00000,2121003,2,11650,11650,반포동,,전월세,202105,2021-05-08,26,25.7,50000,400,월세
래미안퍼스티지,11650-3559,2009,,,15,5,2021,"122,000",84.93,23,18-1,100,,,반포대로 275,0,00275,00000,2121003,2,11650,11650,반포동,,전월세,202105,2021-05-15,26,25.7,122000,100,월세
래미안퍼스티지,11650-3559,2009,,,18,5,2021,"60,000",84.93,5,18-1,420,,,반포대로 275,0,00275,00000,2121003,2,11650,11650,반포동,,전월세,202105,2021-05-18,26,25.7,60000,420,월세
래미안퍼스티지,11650-3559,2009,21.07~23.07,,19,5,2021,"60,000",84.93,14,18-1,230,,,반포대로 275,0,00275,00000,2121003,2,11650,11650,반포동,,전월세,202105,2021-05-19,26,25.7,60000,230,월세
래미안퍼스티지,11650-3559,2009,21.05~22.06,,22,5,2021,"170,000",135.92,8,18-1,160,,,반포대로 275,0,00275,00000,2121003,2,11650,11650,반포동,,전월세,202105,2021-05-22,41,41.1,170000,160,월세
래미안퍼스티지,11650-3559,2009,,,22,5,2021,"220,000",168.65,26,18-1,240,,,반포대로 275,0,00275,00000,2121003,2,11650,11650,반포동,,전월세,202105,2021-05-22,51,51.0,220000,240,월세
래미안퍼스티지,11650-3559,2009,21.07~23.07,,22,5,2021,"270,000",169.31,30,18-1,150,,,반포대로 275,0,00275,00000,2121003,2,11650,11650,반포동,,전월세,202105,2021-05-22,51,51.2,270000,150,월세
래미안퍼스티지,11650-3559,2009,,,22,5,2021,"80,000",84.93,19,18-1,165,,,반포대로 275,0,00275,00000,2121003,2,11650,11650,반포동,,전월세,202105,2021-05-22,26,25.7,80000,165,월세
래미안퍼스티지,11650-3559,2009,,,22,5,2021,"126,600",84.93,7,18-1,25,,,반포대로 275,0,00275,00000,2121003,2,11650,11650,반포동,,전월세,202105,2021-05-22,26,25.7,126600,25,월세
래미안퍼스티지,11650-3559,2009,21.06~23.06,,24,5,2021,"100,000",84.93,23,18-1,320,,,반포대로 275,0,00275,00000,2121003,2,11650,11650,반포동,,전월세,202105,2021-05-24,26,25.7,100000,320,월세
래미안퍼스티지,11650-3559,2009,21.07~23.07,,27,5,2021,"10,000",84.93,21,18-1,540,,,반포대로 275,0,00275,00000,2121003,2,11650,11650,반포동,,전월세,202105,2021-05-27,26,25.7,10000,540,월세
래미안퍼스티지,11650-3559,2009,,,28,5,2021,"110,000",84.93,21,18-1,200,,,반포대로 275,0,00275,00000,2121003,2,11650,11650,반포동,,전월세,202105,2021-05-28,26,25.7,110000,200,월세
래미안퍼스티지,11650-3559,2009,21.07~23.07,,29,5,2021,"190,000",135.92,24,18-1,100,,,반포대로 275,0,00275,00000,2121003,2,11650,11650,반포동,,전월세,202105,2021-05-29,41,41.1,190000,100,월세
래미안퍼스티지,11650-3559,2009,21.07~23.07,,31,5,2021,"50,000",84.93,16,18-1,249,,,반포대로 275,0,00275,00000,2121003,2,11650,11650,반포동,,전월세,202105,2021-05-31,26,25.7,50000,249,월세
래미안퍼스티지,11650-3559,2009,,,5,6,2021,"130,000",117.12,4,18-1,135,,,반포대로 275,0,00275,00000,2121003,2,11650,11650,반포동,,전월세,202106,2021-06-05,35,35.4,130000,135,월세
래미안퍼스티지,11650-3559,2009,21.07~23.07,,5,6,2021,"10,000",84.93,15,18-1,463,,,반포대로 275,0,00275,00000,2121003,2,11650,11650,반포동,,전월세,202106,2021-06-05,26,25.7,10000,463,월세
래미안퍼스티지,11650-3559,2009,21.07~23.07,갱신,5,6,2021,"10,000",84.93,15,18-1,463,"10,000",440,반포대로 275,0,00275,00000,2121003,2,11650,11650,반포동,사용,전월세,202106,2021-06-05,26,25.7,10000,463,월세
래미안퍼스티지,11650-3559,2009,21.08~23.08,,10,6,2021,"100,000",84.93,22,18-1,94,,,반포대로 275,0,00275,00000,2121003,2,11650,11650,반포동,,전월세,202106,2021-06-10,26,25.7,100000,94,월세
래미안퍼스티지,11650-3559,2009,21.08~23.08,갱신,10,6,2021,"100,000",84.93,22,18-1,94,"100,000",80,반포대로 275,0,00275,00000,2121003,2,11650,11650,반포동,사용,전월세,202106,2021-06-10,26,25.7,100000,94,월세
래미안퍼스티지,11650-3559,2009,21.08~23.08,,16,6,2021,"100,000",84.93,25,18-1,330,,,반포대로 275,0,00275,00000,2121003,2,11650,11650,반포동,,전월세,202106,2021-06-16,26,25.7,100000,330,월세
래미안퍼스티지,11650-3559,2009,21.08~23.08,신규,16,6,2021,"100,000",84.93,25,18-1,330,,,반포대로 275,0,00275,00000,2121003,2,11650,11650,반포동,,전월세,202106,2021-06-16,26,25.7,100000,330,월세
래미안퍼스티지,11650-3559,2009,21.08~23.09,신규,18,6,2021,"80,000",135.92,29,18-1,600,,,반포대로 275,0,00275,00000,2121003,2,11650,11650,반포동,,전월세,202106,2021-06-18,41,41.1,80000,600,월세
래미안퍼스티지,11650-3559,2009,21.08~23.08,신규,19,6,2021,"10,000",222.76,25,18-1,"1,100",,,반포대로 275,0,00275,00000,2121003,2,11650,11650,반포동,,전월세,202106,2021-06-19,67,67.4,10000,1100,월세
래미안퍼스티지,11650-3559,2009,21.08~23.08,,20,6,2021,"80,000",84.93,25,18-1,165,,,반포대로 275,0,00275,00000,2121003,2,11650,11650,반포동,,전월세,202106,2021-06-20,26,25.7,80000,165,월세
래미안퍼스티지,11650-3559,2009,21.08~23.08,신규,25,6,2021,"2,000",84.93,23,18-1,650,,,반포대로 275,0,00275,00000,2121003,2,11650,11650,반포동,,전월세,202106,2021-06-25,26,25.7,2000,650,월세
래미안퍼스티지,11650-3559,2009,21.09~23.09,갱신,28,6,2021,"140,000",169.31,16,18-1,300,"110,000",250,반포대로 275,0,00275,00000,2121003,2,11650,11650,반포동,,전월세,202106,2021-06-28,51,51.2,140000,300,월세
래미안퍼스티지,11650-3559,2009,21.08~23.08,신규,30,6,2021,"10,000",59.96,4,18-1,460,,,반포대로 275,0,00275,00000,2121003,2,11650,11650,반포동,,전월세,202106,2021-06-30,18,18.1,10000,460,월세
래미안퍼스티지,11650-3559,2009,21.10~23.09,신규,2,7,2021,"80,000",59.96,20,18-1,260,,,반포대로 275,0,00275,00000,2121003,2,11650,11650,반포동,,전월세,202107,2021-07-02,18,18.1,80000,260,월세
래미안퍼스티지,11650-3559,2009,21.09~23.09,갱신,2,7,2021,"80,000",84.93,10,18-1,165,"80,000",150,반포대로 275,0,00275,00000,2121003,2,11650,11650,반포동,사용,전월세,202107,2021-07-02,26,25.7,80000,165,월세
래미안퍼스티지,11650-3559,2009,21.09~23.09,신규,3,7,2021,"150,000",84.93,5,18-1,210,,,반포대로 275,0,00275,00000,2121003,2,11650,11650,반포동,,전월세,202107,2021-07-03,26,25.7,150000,210,월세
래미안퍼스티지,11650-3559,2009,21.07~23.07,갱신,3,7,2021,"91,000",84.93,16,18-1,165,"83,000",165,반포대로 275,0,00275,00000,2121003,2,11650,11650,반포동,,전월세,202107,2021-07-03,26,25.7,91000,165,월세
래미안퍼스티지,11650-3559,2009,21.08~23.08,갱신,3,7,2021,"10,000",84.93,22,18-1,368,"10,000",350,반포대로 275,0,00275,00000,2121003,2,11650,11650,반포동,사용,전월세,202107,2021-07-03,26,25.7,10000,368,월세
래미안퍼스티지,11650-3559,2009,21.07~23.07,신규,5,7,2021,"10,000",84.93,12,18-1,500,,,반포대로 275,0,00275,00000,2121003,2,11650,11650,반포동,,전월세,202107,2021-07-05,26,25.7,10000,500,월세
래미안퍼스티지,11650-3559,2009,21.07~23.07,갱신,10,7,2021,"70,000",84.93,13,18-1,175,"70,000",160,반포대로 275,0,00275,00000,2121003,2,11650,11650,반포동,사용,전월세,202107,2021-07-10,26,25.7,70000,175,월세
래미안퍼스티지,11650-3559,2009,21.07~23.07,갱신,10,7,2021,"70,000",84.93,19,18-1,228,"70,000",210,반포대로 275,0,00275,00000,2121003,2,11650,11650,반포동,사용,전월세,202107,2021-07-10,26,25.7,70000,228,월세
래미안퍼스티지,11650-3559,2009,21.08~23.07,갱신,13,7,2021,"180,000",168.65,13,18-1,176,"180,000",150,반포대로 275,0,00275,00000,2121003,2,11650,11650,반포동,사용,전월세,202107,2021-07-13,51,51.0,180000,176,월세
래미안퍼스티지,11650-3559,2009,21.09~23.09,,17,7,2021,"80,000",84.93,9,18-1,176,,,반포대로 275,0,00275,00000,2121003,2,11650,11650,반포동,,전월세,202107,2021-07-17,26,25.7,80000,176,월세
래미안퍼스티지,11650-3559,2009,21.09~23.09,신규,17,7,2021,"100,000",84.93,20,18-1,320,,,반포대로 275,0,00275,00000,2121003,2,11650,11650,반포동,,전월세,202107,2021-07-17,26,25.7,100000,320,월세
래미안퍼스티지,11650-3559,2009,21.09~23.09,신규,19,7,2021,"180,000",84.93,10,18-1,90,,,반포대로 275,0,00275,00000,2121003,2,11650,11650,반포동,,전월세,202107,2021-07-19,26,25.7,180000,90,월세
래미안퍼스티지,11650-3559,2009,21.07~23.07,갱신,21,7,2021,720,84.93,30,18-1,376,720,358,반포대로 275,0,00275,00000,2121003,2,11650,11650,반포동,사용,전월세,202107,2021-07-21,26,25.7,720,376,월세
래미안퍼스티지,11650-3559,2009,21.08~23.08,갱신,23,7,2021,"160,000",135.92,16,18-1,150,"150,000",150,반포대로 275,0,00275,00000,2121003,2,11650,11650,반포동,,전월세,202107,2021-07-23,41,41.1,160000,150,월세
래미안퍼스티지,11650-3559,2009,21.09~23.09,신규,23,7,2021,"10,000",84.93,17,18-1,630,,,반포대로 275,0,00275,00000,2121003,2,11650,11650,반포동,,전월세,202107,2021-07-23,26,25.7,10000,630,월세
래미안퍼스티지,11650-3559,2009,21.07~23.07,갱신,24,7,2021,"99,800",84.93,31,18-1,113,"99,800",100,반포대로 275,0,00275,00000,2121003,2,11650,11650,반포동,사용,전월세,202107,2021-07-24,26,25.7,99800,113,월세
래미안퍼스티지,11650-3559,2009,21.07~23.11,갱신,27,7,2021,"80,000",84.93,17,18-1,165,"80,000",150,반포대로 275,0,00275,00000,2121003,2,11650,11650,반포동,사용,전월세,202107,2021-07-27,26,25.7,80000,165,월세
래미안퍼스티지,11650-3559,2009,21.11~23.11,신규,28,7,2021,"200,000",198.22,18,18-1,500,,,반포대로 275,0,00275,00000,2121003,2,11650,11650,반포동,,전월세,202107,2021-07-28,60,60.0,200000,500,월세
래미안퍼스티지,11650-3559,2009,21.08~23.07,갱신,30,7,2021,"30,000",59.89,24,18-1,240,"40,000",195,반포대로 275,0,00275,00000,2121003,2,11650,11650,반포동,,전월세,202107,2021-07-30,18,18.1,30000,240,월세
래미안퍼스티지,11650-3559,2009,21.10~23.08,신규,2,8,2021,"110,000",84.93,27,18-1,300,,,반포대로 275,0,00275,00000,2121003,2,11650,11650,반포동,,전월세,202108,2021-08-02,26,25.7,110000,300,월세
래미안퍼스티지,11650-3559,2009,21.08~23.08,갱신,4,8,2021,"170,000",136.65,6,18-1,90,"155,000",90,반포대로 275,0,00275,00000,2121003,2,11650,11650,반포동,,전월세,202108,2021-08-04,41,41.3,170000,90,월세
래미안퍼스티지,11650-3559,2009,21.09~23.09,신규,6,8,2021,"50,000",84.76,7,18-1,560,,,반포대로 275,0,00275,00000,2121003,2,11650,11650,반포동,,전월세,202108,2021-08-06,26,25.6,50000,560,월세
래미안퍼스티지,11650-3559,2009,21.10~23.10,갱신,7,8,2021,"130,000",198.04,10,18-1,350,"130,000",320,반포대로 275,0,00275,00000,2121003,2,11650,11650,반포동,사용,전월세,202108,2021-08-07,60,59.9,130000,350,월세
래미안퍼스티지,11650-3559,2009,21.08~23.08,갱신,9,8,2021,"58,000",59.89,22,18-1,160,"58,000",75,반포대로 275,0,00275,00000,2121003,2,11650,11650,반포동,,전월세,202108,2021-08-09,18,18.1,58000,160,월세
래미안퍼스티지,11650-3559,2009,21.08~23.08,갱신,11,8,2021,"110,000",59.96,27,18-1,11,"110,000",,반포대로 275,0,00275,00000,2121003,2,11650,11650,반포동,사용,전월세,202108,2021-08-11,18,18.1,110000,11,월세
래미안퍼스티지,11650-3559,2009,21.09~23.09,갱신,12,8,2021,"63,000",84.93,17,18-1,252,"60,000",240,반포대로 275,0,00275,00000,2121003,2,11650,11650,반포동,사용,전월세,202108,2021-08-12,26,25.7,63000,252,월세
래미안퍼스티지,11650-3559,2009,21.08~23.08,신규,19,8,2021,"70,000",169.31,5,18-1,583,,,반포대로 275,0,00275,00000,2121003,2,11650,11650,반포동,,전월세,202108,2021-08-19,51,51.2,70000,583,월세
래미안퍼스티지,11650-3559,2009,21.09~23.09,갱신,20,8,2021,"100,000",198.04,4,18-1,483,"100,000",450,반포대로 275,0,00275,00000,2121003,2,11650,11650,반포동,사용,전월세,202108,2021-08-20,60,59.9,100000,483,월세
래미안퍼스티지,11650-3559,2009,21.10~23.10,갱신,20,8,2021,"274,680",222.76,22,18-1,70,"260,000",70,반포대로 275,0,00275,00000,2121003,2,11650,11650,반포동,,전월세,202108,2021-08-20,67,67.4,274680,70,월세
래미안퍼스티지,11650-3559,2009,21.10~23.10,신규,21,8,2021,"50,000",84.93,4,18-1,480,,,반포대로 275,0,00275,00000,2121003,2,11650,11650,반포동,,전월세,202108,2021-08-21,26,25.7,50000,480,월세
래미안퍼스티지,11650-3559,2009,21.08~23.08,갱신,23,8,2021,"70,000",84.93,5,18-1,200,"60,000",200,반포대로 275,0,00275,00000,2121003,2,11650,11650,반포동,,전월세,202108,2021-08-23,26,25.7,70000,200,월세
래미안퍼스티지,11650-3559,2009,21.10~23.12,신규,24,8,2021,"100,000",135.92,1,18-1,600,,,반포대로 275,0,00275,00000,2121003,2,11650,11650,반포동,,전월세,202108,2021-08-24,41,41.1,100000,600,월세
래미안퍼스티지,11650-3559,2009,21.10~23.10,갱신,26,8,2021,"150,000",169.31,23,18-1,300,"150,000",230,반포대로 275,0,00275,00000,2121003,2,11650,11650,반포동,,전월세,202108,2021-08-26,51,51.2,150000,300,월세
래미안퍼스티지,11650-3559,2009,21.10~23.10,신규,28,8,2021,"40,000",59.96,23,18-1,400,,,반포대로 275,0,00275,00000,2121003,2,11650,11650,반포동,,전월세,202108,2021-08-28,18,18.1,40000,400,월세
래미안퍼스티지,11650-3559,2009,21.10~23.10,신규,28,8,2021,"40,000",59.96,23,18-1,400,,,반포대로 275,0,00275,00000,2121003,2,11650,11650,반포동,,전월세,202108,2021-08-28,18,18.1,40000,400,월세
래미안퍼스티지,11650-3559,2009,21.10~23.10,갱신,30,8,2021,"50,000",84.93,17,18-1,268,"50,000",250,반포대로 275,0,00275,00000,2121003,2,11650,11650,반포동,사용,전월세,202108,2021-08-30,26,25.7,50000,268,월세
래미안퍼스티지,11650-3559,2009,21.09~23.10,갱신,30,8,2021,"113,000",84.93,7,18-1,80,"125,000",40,반포대로 275,0,00275,00000,2121003,2,11650,11650,반포동,사용,전월세,202108,2021-08-30,26,25.7,113000,80,월세
래미안퍼스티지,11650-3559,2009,21.10~23.10,갱신,30,8,2021,"50,000",84.93,17,18-1,268,"50,000",250,반포대로 275,0,00275,00000,2121003,2,11650,11650,반포동,사용,전월세,202108,2021-08-30,26,25.7,50000,268,월세
래미안퍼스티지,11650-3559,2009,21.09~23.08,갱신,31,8,2021,"215,000",135.92,27,18-1,200,"195,000",60,반포대로 275,0,00275,00000,2121003,2,11650,11650,반포동,,전월세,202108,2021-08-31,41,41.1,215000,200,월세
래미안퍼스티지,11650-3559,2009,,,1,9,2021,"70,000",84.85,22,18-1,450,,,반포대로 275,0,00275,00000,2121003,2,11650,11650,반포동,,전월세,202109,2021-09-01,26,25.7,70000,450,월세
래미안퍼스티지,11650-3559,2009,21.09~23.09,신규,1,9,2021,"70,000",84.85,22,18-1,450,,,반포대로 275,0,00275,00000,2121003,2,11650,11650,반포동,,전월세,202109,2021-09-01,26,25.7,70000,450,월세
래미안퍼스티지,11650-3559,2009,22.01~24.01,신규,4,9,2021,"110,000",59.96,18,18-1,165,,,반포대로 275,0,00275,00000,2121003,2,11650,11650,반포동,,전월세,202109,2021-09-04,18,18.1,110000,165,월세
래미안퍼스티지,11650-3559,2009,21.10~23.10,갱신,8,9,2021,"160,000",198.04,9,18-1,330,"150,000",320,반포대로 275,0,00275,00000,2121003,2,11650,11650,반포동,,전월세,202109,2021-09-08,60,59.9,160000,330,월세
래미안퍼스티지,11650-3559,2009,21.11~23.11,신규,9,9,2021,"125,000",84.93,9,18-1,250,,,반포대로 275,0,00275,00000,2121003,2,11650,11650,반포동,,전월세,202109,2021-09-09,26,25.7,125000,250,월세
래미안퍼스티지,11650-3559,2009,21.10~23.10,신규,11,9,2021,"70,000",84.93,10,18-1,370,,,반포대로 275,0,00275,00000,2121003,2,11650,11650,반포동,,전월세,202109,2021-09-11,26,25.7,70000,370,월세
래미안퍼스티지,11650-3559,2009,21.09~23.09,갱신,13,9,2021,"177,000",222.76,21,18-1,400,"150,000",400,반포대로 275,0,00275,00000,2121003,2,11650,11650,반포동,,전월세,202109,2021-09-13,67,67.4,177000,400,월세
래미안퍼스티지,11650-3559,2009,21.11~23.10,갱신,13,9,2021,"5,000",84.93,19,18-1,425,"20,000",370,반포대로 275,0,00275,00000,2121003,2,11650,11650,반포동,사용,전월세,202109,2021-09-13,26,25.7,5000,425,월세
래미안퍼스티지,11650-3559,2009,21.10~23.10,신규,14,9,2021,"200,000",168.65,6,18-1,450,,,반포대로 275,0,00275,00000,2121003,2,11650,11650,반포동,,전월세,202109,2021-09-14,51,51.0,200000,450,월세
래미안퍼스티지,11650-3559,2009,22.01~24.01,갱신,14,9,2021,"200,000",169.31,2,18-1,300,"140,000",280,반포대로 275,0,00275,00000,2121003,2,11650,11650,반포동,,전월세,202109,2021-09-14,51,51.2,200000,300,월세
래미안퍼스티지,11650-3559,2009,21.11~23.12,갱신,14,9,2021,"7,000",84.93,3,18-1,370,"7,000",330,반포대로 275,0,00275,00000,2121003,2,11650,11650,반포동,,전월세,202109,2021-09-14,26,25.7,7000,370,월세
래미안퍼스티지,11650-3559,2009,21.10~23.10,갱신,16,9,2021,"20,000",84.93,6,18-1,500,"20,000",320,반포대로 275,0,00275,00000,2121003,2,11650,11650,반포동,,전월세,202109,2021-09-16,26,25.7,20000,500,월세
래미안퍼스티지,11650-3559,2009,21.12~23.12,신규,17,9,2021,"240,000",169.31,17,18-1,300,,,반포대로 275,0,00275,00000,2121003,2,11650,11650,반포동,,전월세,202109,2021-09-17,51,51.2,240000,300,월세
래미안퍼스티지,11650-3559,2009,21.12~23.12,신규,2,10,2021,"180,000",84.93,29,18-1,70,,,반포대로 275,0,00275,00000,2121003,2,11650,11650,반포동,,전월세,202110,2021-10-02,26,25.7,180000,70,월세
래미안퍼스티지,11650-3559,2009,21.11~23.11,신규,4,10,2021,"20,000",59.89,5,18-1,288,,,반포대로 275,0,00275,00000,2121003,2,11650,11650,반포동,,전월세,202110,2021-10-04,18,18.1,20000,288,월세
래미안퍼스티지,11650-3559,2009,21.12~23.12,신규,4,10,2021,"50,000",59.96,14,18-1,350,,,반포대로 275,0,00275,00000,2121003,2,11650,11650,반포동,,전월세,202110,2021-10-04,18,18.1,50000,350,월세
래미안퍼스티지,11650-3559,2009,22.02~24.02,갱신,5,10,2021,"100,000",84.93,20,18-1,168,"100,000",150,반포대로 275,0,00275,00000,2121003,2,11650,11650,반포동,사용,전월세,202110,2021-10-05,26,25.7,100000,168,월세
래미안퍼스티지,11650-3559,2009,,,6,10,2021,"10,000",59.96,17,18-1,328,,,반포대로 275,0,00275,00000,2121003,2,11650,11650,반포동,,전월세,202110,2021-10-06,18,18.1,10000,328,월세
래미안퍼스티지,11650-3559,2009,21.12~23.12,신규,12,10,2021,"3,000",222.76,25,18-1,"1,188",,,반포대로 275,0,00275,00000,2121003,2,11650,11650,반포동,,전월세,202110,2021-10-12,67,67.4,3000,1188,월세
래미안퍼스티지,11650-3559,2009,21.12~23.12,갱신,14,10,2021,"100,000",169.31,13,18-1,491,"80,000",500,반포대로 275,0,00275,00000,2121003,2,11650,11650,반포동,,전월세,202110,2021-10-14,51,51.2,100000,491,월세
래미안퍼스티지,11650-3559,2009,,,14,10,2021,"110,000",198.04,5,18-1,725,,,반포대로 275,0,00275,00000,2121003,2,11650,11650,반포동,,전월세,202110,2021-10-14,60,59.9,110000,725,월세
래미안퍼스티지,11650-3559,2009,22.01~24.01,,14,10,2021,"110,000",198.04,5,18-1,725,,,반포대로 275,0,00275,00000,2121003,2,11650,11650,반포동,,전월세,202110,2021-10-14,60,59.9,110000,725,월세
래미안퍼스티지,11650-3559,2009,22.02~24.02,,14,10,2021,"110,000",198.04,5,18-1,725,,,반포대로 275,0,00275,00000,2121003,2,11650,11650,반포동,,전월세,202110,2021-10-14,60,59.9,110000,725,월세
래미안퍼스티지,11650-3559,2009,21.11~23.11,갱신,14,10,2021,"108,200",84.93,26,18-1,150,"100,000",150,반포대로 275,0,00275,00000,2121003,2,11650,11650,반포동,,전월세,202110,2021-10-14,26,25.7,108200,150,월세
래미안퍼스티지,11650-3559,2009,21.11~23.11,신규,15,10,2021,"110,000",169.31,2,18-1,458,,,반포대로 275,0,00275,00000,2121003,2,11650,11650,반포동,,전월세,202110,2021-10-15,51,51.2,110000,458,월세
래미안퍼스티지,11650-3559,2009,21.11~24.03,,21,10,2021,"80,500",84.93,7,18-1,380,,,반포대로 275,0,00275,00000,2121003,2,11650,11650,반포동,,전월세,202110,2021-10-21,26,25.7,80500,380,월세
래미안퍼스티지,11650-3559,2009,21.11~24.03,,21,10,2021,"80,500",84.93,7,18-1,380,,,반포대로 275,0,00275,00000,2121003,2,11650,11650,반포동,,전월세,202110,2021-10-21,26,25.7,80500,380,월세
래미안퍼스티지,11650-3559,2009,21.12~22.12,갱신,22,10,2021,"87,900",198.04,25,18-1,600,"70,000",600,반포대로 275,0,00275,00000,2121003,2,11650,11650,반포동,,전월세,202110,2021-10-22,60,59.9,87900,600,월세
래미안퍼스티지,11650-3559,2009,,,23,10,2021,"160,000",84.93,17,18-1,240,,,반포대로 275,0,00275,00000,2121003,2,11650,11650,반포동,,전월세,202110,2021-10-23,26,25.7,160000,240,월세
래미안퍼스티지,11650-3559,2009,21.12~23.12,신규,25,10,2021,"120,000",59.96,19,18-1,150,,,반포대로 275,0,00275,00000,2121003,2,11650,11650,반포동,,전월세,202110,2021-10-25,18,18.1,120000,150,월세
래미안퍼스티지,11650-3559,2009,21.11~23.11,갱신,29,10,2021,"220,000",117.12,18,18-1,140,"150,000",140,반포대로 275,0,00275,00000,2121003,2,11650,11650,반포동,,전월세,202110,2021-10-29,35,35.4,220000,140,월세
래미안퍼스티지,11650-3559,2009,22.02~24.02,신규,30,10,2021,"150,000",169.31,21,18-1,645,,,반포대로 275,0,00275,00000,2121003,2,11650,11650,반포동,,전월세,202110,2021-10-30,51,51.2,150000,645,월세
래미안퍼스티지,11650-3559,2009,22.02~24.02,신규,30,10,2021,"150,000",169.31,21,18-1,645,,,반포대로 275,0,00275,00000,2121003,2,11650,11650,반포동,,전월세,202110,2021-10-30,51,51.2,150000,645,월세
래미안퍼스티지,11650-3559,2009,22.01~24.01,갱신,30,10,2021,"80,000",59.89,23,18-1,114,"80,000",100,반포대로 275,0,00275,00000,2121003,2,11650,11650,반포동,사용,전월세,202110,2021-10-30,18,18.1,80000,114,월세
래미안퍼스티지,11650-3559,2009,22.01~24.01,신규,30,10,2021,"70,000",84.93,28,18-1,500,,,반포대로 275,0,00275,00000,2121003,2,11650,11650,반포동,,전월세,202110,2021-10-30,26,25.7,70000,500,월세
래미안퍼스티지,11650-3559,2009,22.01~24.01,신규,30,10,2021,"50,000",84.93,11,18-1,480,,,반포대로 275,0,00275,00000,2121003,2,11650,11650,반포동,,전월세,202110,2021-10-30,26,25.7,50000,480,월세
래미안퍼스티지,11650-3559,2009,,갱신,8,11,2021,"215,000",222.76,19,18-1,250,"200,000",,반포대로 275,0,00275,00000,2121003,2,11650,11650,반포동,,전월세,202111,2021-11-08,67,67.4,215000,250,월세
래미안퍼스티지,11650-3559,2009,21.12~23.12,신규,9,11,2021,"10,000",59.96,4,18-1,480,,,반포대로 275,0,00275,00000,2121003,2,11650,11650,반포동,,전월세,202111,2021-11-09,18,18.1,10000,480,월세
래미안퍼스티지,11650-3559,2009,21.12~23.12,신규,9,11,2021,"120,000",84.93,15,18-1,250,,,반포대로 275,0,00275,00000,2121003,2,11650,11650,반포동,,전월세,202111,2021-11-09,26,25.7,120000,250,월세
래미안퍼스티지,11650-3559,2009,21.11~22.08,갱신,9,11,2021,"60,000",84.93,28,18-1,480,"60,000",220,반포대로 275,0,00275,00000,2121003,2,11650,11650,반포동,,전월세,202111,2021-11-09,26,25.7,60000,480,월세
래미안퍼스티지,11650-3559,2009,22.01~24.01,신규,12,11,2021,"40,000",135.92,28,18-1,900,,,반포대로 275,0,00275,00000,2121003,2,11650,11650,반포동,,전월세,202111,2021-11-12,41,41.1,40000,900,월세
래미안퍼스티지,11650-3559,2009,21.11~22.11,갱신,13,11,2021,"43,000",168.65,14,18-1,480,"45,000",550,반포대로 275,0,00275,00000,2121003,2,11650,11650,반포동,사용,전월세,202111,2021-11-13,51,51.0,43000,480,월세
래미안퍼스티지,11650-3559,2009,21.11~23.11,신규,14,11,2021,"20,000",117.12,12,18-1,500,,,반포대로 275,0,00275,00000,2121003,2,11650,11650,반포동,,전월세,202111,2021-11-14,35,35.4,20000,500,월세
래미안퍼스티지,11650-3559,2009,22.01~24.01,갱신,19,11,2021,"213,270",198.22,25,18-1,150,"200,000",150,반포대로 275,0,00275,00000,2121003,2,11650,11650,반포동,,전월세,202111,2021-11-19,60,60.0,213270,150,월세
래미안퍼스티지,11650-3559,2009,22.02~24.02,갱신,25,11,2021,"50,000",84.93,5,18-1,440,"30,000",360,반포대로 275,0,00275,00000,2121003,2,11650,11650,반포동,,전월세,202111,2021-11-25,26,25.7,50000,440,월세
래미안퍼스티지,11650-3559,2009,22.02~24.02,갱신,27,11,2021,"130,000",168.65,15,18-1,404,"130,000",370,반포대로 275,0,00275,00000,2121003,2,11650,11650,반포동,사용,전월세,202111,2021-11-27,51,51.0,130000,404,월세
래미안퍼스티지,11650-3559,2009,22.01~24.01,신규,27,11,2021,"120,000",59.89,5,18-1,140,,,반포대로 275,0,00275,00000,2121003,2,11650,11650,반포동,,전월세,202111,2021-11-27,18,18.1,120000,140,월세
래미안퍼스티지,11650-3559,2009,21.12~23.12,갱신,27,11,2021,"80,000",84.93,18,18-1,182,"80,000",165,반포대로 275,0,00275,00000,2121003,2,11650,11650,반포동,사용,전월세,202111,2021-11-27,26,25.7,80000,182,월세
래미안퍼스티지,11650-3559,2009,21.12~23.12,신규,30,11,2021,"150,000",84.93,4,18-1,160,,,반포대로 275,0,00275,00000,2121003,2,11650,11650,반포동,,전월세,202111,2021-11-30,26,25.7,150000,160,월세
래미안퍼스티지,11650-3559,2009,22.02~23.12,신규,1,12,2021,"40,000",84.93,24,18-1,600,,,반포대로 275,0,00275,00000,2121003,2,11650,11650,반포동,,전월세,202112,2021-12-01,26,25.7,40000,600,월세
래미안퍼스티지,11650-3559,2009,21.12~23.12,갱신,1,12,2021,"108,000",84.93,13,18-1,130,"100,000",130,반포대로 275,0,00275,00000,2121003,2,11650,11650,반포동,,전월세,202112,2021-12-01,26,25.7,108000,130,월세
래미안퍼스티지,11650-3559,2009,22.01~24.01,갱신,4,12,2021,"112,400",169.31,23,18-1,270,"100,000",270,반포대로 275,0,00275,00000,2121003,2,11650,11650,반포동,,전월세,202112,2021-12-04,51,51.2,112400,270,월세
래미안퍼스티지,11650-3559,2009,22.02~23.12,갱신,4,12,2021,"10,000",84.85,23,18-1,410,"10,000",380,반포대로 275,0,00275,00000,2121003,2,11650,11650,반포동,,전월세,202112,2021-12-04,26,25.7,10000,410,월세
래미안퍼스티지,11650-3559,2009,21.12~23.12,신규,9,12,2021,"105,000",59.96,4,18-1,150,,,반포대로 275,0,00275,00000,2121003,2,11650,11650,반포동,,전월세,202112,2021-12-09,18,18.1,105000,150,월세
래미안퍼스티지,11650-3559,2009,22.02~24.02,갱신,10,12,2021,"80,000",59.89,21,18-1,136,"80,000",120,반포대로 275,0,00275,00000,2121003,2,11650,11650,반포동,사용,전월세,202112,2021-12-10,18,18.1,80000,136,월세
래미안퍼스티지,11650-3559,2009,22.04~24.04,갱신,10,12,2021,"15,000",84.93,13,18-1,448,"15,000",425,반포대로 275,0,00275,00000,2121003,2,11650,11650,반포동,사용,전월세,202112,2021-12-10,26,25.7,15000,448,월세
래미안퍼스티지,11650-3559,2009,22.01~24.01,신규,10,12,2021,"10,000",84.93,27,18-1,660,,,반포대로 275,0,00275,00000,2121003,2,11650,11650,반포동,,전월세,202112,2021-12-10,26,25.7,10000,660,월세
래미안퍼스티지,11650-3559,2009,21.12~23.12,갱신,13,12,2021,"90,000",59.89,16,18-1,170,"70,000",130,반포대로 275,0,00275,00000,2121003,2,11650,11650,반포동,,전월세,202112,2021-12-13,18,18.1,90000,170,월세
래미안퍼스티지,11650-3559,2009,22.01~24.01,신규,14,12,2021,"100,000",84.93,14,18-1,200,,,반포대로 275,0,00275,00000,2121003,2,11650,11650,반포동,,전월세,202112,2021-12-14,26,25.7,100000,200,월세
래미안퍼스티지,11650-3559,2009,21.12~22.08,갱신,15,12,2021,"50,925",84.93,15,18-1,277,"48,500",264,반포대로 275,0,00275,00000,2121003,2,11650,11650,반포동,사용,전월세,202112,2021-12-15,26,25.7,50925,277,월세
래미안퍼스티지,11650-3559,2009,22.02~24.02,신규,20,12,2021,"50,000",169.31,31,18-1,"1,200",,,반포대로 275,0,00275,00000,2121003,2,11650,11650,반포동,,전월세,202112,2021-12-20,51,51.2,50000,1200,월세
래미안퍼스티지,11650-3559,2009,22.02~24.02,신규,21,12,2021,"50,000",84.93,21,18-1,530,,,반포대로 275,0,00275,00000,2121003,2,11650,11650,반포동,,전월세,202112,2021-12-21,26,25.7,50000,530,월세
래미안퍼스티지,11650-3559,2009,22.02~24.02,신규,21,12,2021,"160,000",84.93,13,18-1,150,,,반포대로 275,0,00275,00000,2121003,2,11650,11650,반포동,,전월세,202112,2021-12-21,26,25.7,160000,150,월세
래미안퍼스티지,11650-3559,2009,22.02~24.02,갱신,22,12,2021,"20,000",84.93,10,18-1,391,"20,000",370,반포대로 275,0,00275,00000,2121003,2,11650,11650,반포동,사용,전월세,202112,2021-12-22,26,25.7,20000,391,월세
래미안퍼스티지,11650-3559,2009,22.02~24.02,신규,24,12,2021,"280,000",115.65,11,18-1,270,,,반포대로 275,0,00275,00000,2121003,2,11650,11650,반포동,,전월세,202112,2021-12-24,35,35.0,280000,270,월세
래미안퍼스티지,11650-3559,2009,22.02~24.02,신규,29,12,2021,"180,000",168.65,20,18-1,700,,,반포대로 275,0,00275,00000,2121003,2,11650,11650,반포동,,전월세,202112,2021-12-29,51,51.0,180000,700,월세
래미안퍼스티지,11650-3559,2009,22.01~22.11,갱신,30,12,2021,"84,000",59.98,23,18-1,63,"80,000",60,반포대로 275,0,00275,00000,2121003,2,11650,11650,반포동,사용,전월세,202112,2021-12-30,18,18.1,84000,63,월세
래미안퍼스티지,11650-3559,2009,22.01~24.01,갱신,30,12,2021,"50,000",84.93,24,18-1,300,"50,000",280,반포대로 275,0,00275,00000,2121003,2,11650,11650,반포동,사용,전월세,202112,2021-12-30,26,25.7,50000,300,월세
래미안퍼스티지,11650-3559,2009,22.02~24.02,,4,1,2022,"100,000",59.89,3,18-1,49,,,반포대로 275,0,00275,00000,2121003,2,11650,11650,반포동,,전월세,202201,2022-01-04,18,18.1,100000,49,월세
래미안퍼스티지,11650-3559,2009,22.01~24.01,갱신,4,1,2022,"60,000",59.89,2,18-1,154,"60,000",140,반포대로 275,0,00275,00000,2121003,2,11650,11650,반포동,사용,전월세,202201,2022-01-04,18,18.1,60000,154,월세
래미안퍼스티지,11650-3559,2009,22.02~24.02,갱신,6,1,2022,"95,000",59.96,2,18-1,50,"90,000",50,반포대로 275,0,00275,00000,2121003,2,11650,11650,반포동,사용,전월세,202201,2022-01-06,18,18.1,95000,50,월세
래미안퍼스티지,11650-3559,2009,22.02~22.05,신규,8,1,2022,"15,000",84.93,20,18-1,655,,,반포대로 275,0,00275,00000,2121003,2,11650,11650,반포동,,전월세,202201,2022-01-08,26,25.7,15000,655,월세
래미안퍼스티지,11650-3559,2009,22.03~24.03,신규,8,1,2022,"90,000",84.93,30,18-1,300,,,반포대로 275,0,00275,00000,2121003,2,11650,11650,반포동,,전월세,202201,2022-01-08,26,25.7,90000,300,월세
래미안퍼스티지,11650-3559,2009,22.02~24.02,갱신,10,1,2022,"200,000",135.92,21,18-1,120,"200,000",120,반포대로 275,0,00275,00000,2121003,2,11650,11650,반포동,사용,전월세,202201,2022-01-10,41,41.1,200000,120,월세
래미안퍼스티지,11650-3559,2009,22.03~24.03,갱신,10,1,2022,"130,000",135.92,21,18-1,300,"130,000",270,반포대로 275,0,00275,00000,2121003,2,11650,11650,반포동,사용,전월세,202201,2022-01-10,41,41.1,130000,300,월세
래미안퍼스티지,11650-3559,2009,22.02~24.02,신규,10,1,2022,"280,000",169.31,25,18-1,410,,,반포대로 275,0,00275,00000,2121003,2,11650,11650,반포동,,전월세,202201,2022-01-10,51,51.2,280000,410,월세
래미안퍼스티지,11650-3559,2009,,갱신,10,1,2022,"200,000",198.22,18,18-1,150,"200,000",150,반포대로 275,0,00275,00000,2121003,2,11650,11650,반포동,사용,전월세,202201,2022-01-10,60,60.0,200000,150,월세
래미안퍼스티지,11650-3559,2009,22.01~24.01,신규,14,1,2022,"90,000",84.93,22,18-1,150,,,반포대로 275,0,00275,00000,2121003,2,11650,11650,반포동,,전월세,202201,2022-01-14,26,25.7,90000,150,월세
래미안퍼스티지,11650-3559,2009,22.01~24.01,신규,15,1,2022,"30,000",117.12,23,18-1,840,,,반포대로 275,0,00275,00000,2121003,2,11650,11650,반포동,,전월세,202201,2022-01-15,35,35.4,30000,840,월세
래미안퍼스티지,11650-3559,2009,22.02~24.02,,15,1,2022,"106,200",59.89,27,18-1,60,,,반포대로 275,0,00275,00000,2121003,2,11650,11650,반포동,,전월세,202201,2022-01-15,18,18.1,106200,60,월세
래미안퍼스티지,11650-3559,2009,22.02~24.02,갱신,20,1,2022,"10,000",84.93,24,18-1,411,"10,000",390,반포대로 275,0,00275,00000,2121003,2,11650,11650,반포동,사용,전월세,202201,2022-01-20,26,25.7,10000,411,월세
래미안퍼스티지,11650-3559,2009,22.02~24.02,신규,21,1,2022,"155,000",84.93,30,18-1,150,,,반포대로 275,0,00275,00000,2121003,2,11650,11650,반포동,,전월세,202201,2022-01-21,26,25.7,155000,150,월세
래미안퍼스티지,11650-3559,2009,22.02~24.02,갱신,25,1,2022,"110,000",84.93,16,18-1,172,"110,000",150,반포대로 275,0,00275,00000,2121003,2,11650,11650,반포동,사용,전월세,202201,2022-01-25,26,25.7,110000,172,월세
래미안퍼스티지,11650-3559,2009,22.03~24.03,갱신,26,1,2022,"60,000",59.96,12,18-1,165,"60,000",150,반포대로 275,0,00275,00000,2121003,2,11650,11650,반포동,사용,전월세,202201,2022-01-26,18,18.1,60000,165,월세
래미안퍼스티지,11650-3559,2009,22.01~24.01,갱신,26,1,2022,"58,390",84.85,20,18-1,270,"50,000",250,반포대로 275,0,00275,00000,2121003,2,11650,11650,반포동,,전월세,202201,2022-01-26,26,25.7,58390,270,월세
래미안퍼스티지,11650-3559,2009,22.03~24.03,신규,27,1,2022,"180,000",198.22,6,18-1,750,,,반포대로 275,0,00275,00000,2121003,2,11650,11650,반포동,,전월세,202201,2022-01-27,60,60.0,180000,750,월세
래미안퍼스티지,11650-3559,2009,22.03~24.03,신규,27,1,2022,"150,000",84.93,25,18-1,180,,,반포대로 275,0,00275,00000,2121003,2,11650,11650,반포동,,전월세,202201,2022-01-27,26,25.7,150000,180,월세
래미안퍼스티지,11650-3559,2009,22.02~24.02,신규,5,2,2022,"85,000",84.93,9,18-1,310,,,반포대로 275,0,00275,00000,2121003,2,11650,11650,반포동,,전월세,202202,2022-02-05,26,25.7,85000,310,월세
래미안퍼스티지,11650-3559,2009,22.04~24.04,갱신,9,2,2022,"30,000",222.76,22,18-1,"1,120","30,000",830,반포대로 275,0,00275,00000,2121003,2,11650,11650,반포동,,전월세,202202,2022-02-09,67,67.4,30000,1120,월세
래미안퍼스티지,11650-3559,2009,22.03~24.03,갱신,9,2,2022,"140,000",84.93,29,18-1,70,"110,000",70,반포대로 275,0,00275,00000,2121003,2,11650,11650,반포동,,전월세,202202,2022-02-09,26,25.7,140000,70,월세
래미안퍼스티지,11650-3559,2009,22.02~24.02,갱신,10,2,2022,"30,000",84.93,6,18-1,540,"5,000",370,반포대로 275,0,00275,00000,2121003,2,11650,11650,반포동,,전월세,202202,2022-02-10,26,25.7,30000,540,월세
래미안퍼스티지,11650-3559,2009,22.03~24.03,갱신,12,2,2022,"105,000",59.89,22,18-1,95,"100,000",90,반포대로 275,0,00275,00000,2121003,2,11650,11650,반포동,사용,전월세,202202,2022-02-12,18,18.1,105000,95,월세
래미안퍼스티지,11650-3559,2009,22.03~24.03,신규,12,2,2022,"10,000",84.93,23,18-1,580,,,반포대로 275,0,00275,00000,2121003,2,11650,11650,반포동,,전월세,202202,2022-02-12,26,25.7,10000,580,월세
래미안퍼스티지,11650-3559,2009,22.04~24.04,신규,15,2,2022,"120,000",84.85,24,18-1,240,,,반포대로 275,0,00275,00000,2121003,2,11650,11650,반포동,,전월세,202202,2022-02-15,26,25.7,120000,240,월세
래미안퍼스티지,11650-3559,2009,22.06~23.10,갱신,17,2,2022,"110,000",84.93,7,18-1,230,"110,000",130,반포대로 275,0,00275,00000,2121003,2,11650,11650,반포동,,전월세,202202,2022-02-17,26,25.7,110000,230,월세
래미안퍼스티지,11650-3559,2009,22.02~24.02,신규,18,2,2022,"130,000",84.93,11,18-1,260,,,반포대로 275,0,00275,00000,2121003,2,11650,11650,반포동,,전월세,202202,2022-02-18,26,25.7,130000,260,월세
래미안퍼스티지,11650-3559,2009,,,19,2,2022,"140,000",59.89,20,18-1,75,,,반포대로 275,0,00275,00000,2121003,2,11650,11650,반포동,,전월세,202202,2022-02-19,18,18.1,140000,75,월세
래미안퍼스티지,11650-3559,2009,22.03~24.03,신규,19,2,2022,"140,000",59.89,20,18-1,75,,,반포대로 275,0,00275,00000,2121003,2,11650,11650,반포동,,전월세,202202,2022-02-19,18,18.1,140000,75,월세
래미안퍼스티지,11650-3559,2009,22.03~24.03,신규,19,2,2022,"70,000",59.96,6,18-1,270,,,반포대로 275,0,00275,00000,2121003,2,11650,11650,반포동,,전월세,202202,2022-02-19,18,18.1,70000,270,월세
래미안퍼스티지,11650-3559,2009,22.02~24.02,신규,23,2,2022,"40,000",169.31,11,18-1,677,,,반포대로 275,0,00275,00000,2121003,2,11650,11650,반포동,,전월세,202202,2022-02-23,51,51.2,40000,677,월세
래미안퍼스티지,11650-3559,2009,22.02~24.02,갱신,26,2,2022,"80,000",84.93,8,18-1,257,"80,000",220,반포대로 275,0,00275,00000,2121003,2,11650,11650,반포동,,전월세,202202,2022-02-26,26,25.7,80000,257,월세
래미안퍼스티지,11650-3559,2009,22.04~24.04,갱신,4,3,2022,"70,000",135.92,10,18-1,630,"70,000",390,반포대로 275,0,00275,00000,2121003,2,11650,11650,반포동,,전월세,202203,2022-03-04,41,41.1,70000,630,월세
래미안퍼스티지,11650-3559,2009,22.04~24.04,갱신,5,3,2022,"133,000",198.04,1,18-1,350,"120,000",330,반포대로 275,0,00275,00000,2121003,2,11650,11650,반포동,,전월세,202203,2022-03-05,60,59.9,133000,350,월세
래미안퍼스티지,11650-3559,2009,22.04~24.04,신규,5,3,2022,"120,000",84.93,8,18-1,165,,,반포대로 275,0,00275,00000,2121003,2,11650,11650,반포동,,전월세,202203,2022-03-05,26,25.7,120000,165,월세
래미안퍼스티지,11650-3559,2009,22.06~24.05,신규,8,3,2022,"90,000",115.65,25,18-1,860,,,반포대로 275,0,00275,00000,2121003,2,11650,11650,반포동,,전월세,202203,2022-03-08,35,35.0,90000,860,월세
래미안퍼스티지,11650-3559,2009,22.04~24.04,신규,8,3,2022,"50,000",84.93,27,18-1,530,,,반포대로 275,0,00275,00000,2121003,2,11650,11650,반포동,,전월세,202203,2022-03-08,26,25.7,50000,530,월세
래미안퍼스티지,11650-3559,2009,22.06~24.06,신규,9,3,2022,"50,000",169.31,4,18-1,"1,200",,,반포대로 275,0,00275,00000,2121003,2,11650,11650,반포동,,전월세,202203,2022-03-09,51,51.2,50000,1200,월세
래미안퍼스티지,11650-3559,2009,22.04~23.01,신규,12,3,2022,"70,000",84.93,16,18-1,360,,,반포대로 275,0,00275,00000,2121003,2,11650,11650,반포동,,전월세,202203,2022-03-12,26,25.7,70000,360,월세
래미안퍼스티지,11650-3559,2009,22.04~24.04,신규,15,3,2022,"150,000",59.89,24,18-1,30,,,반포대로 275,0,00275,00000,2121003,2,11650,11650,반포동,,전월세,202203,2022-03-15,18,18.1,150000,30,월세
래미안퍼스티지,11650-3559,2009,22.04~24.04,신규,15,3,2022,"10,000",59.98,6,18-1,450,,,반포대로 275,0,00275,00000,2121003,2,11650,11650,반포동,,전월세,202203,2022-03-15,18,18.1,10000,450,월세
래미안퍼스티지,11650-3559,2009,23.05~24.05,신규,24,3,2022,"110,050",59.89,5,18-1,70,,,반포대로 275,0,00275,00000,2121003,2,11650,11650,반포동,,전월세,202203,2022-03-24,18,18.1,110050,70,월세
래미안퍼스티지,11650-3559,2009,,,24,3,2022,"110,050",59.89,5,18-1,70,,,반포대로 275,0,00275,00000,2121003,2,11650,11650,반포동,,전월세,202203,2022-03-24,18,18.1,110050,70,월세
래미안퍼스티지,11650-3559,2009,,,24,3,2022,"110,050",59.89,5,18-1,70,,,반포대로 275,0,00275,00000,2121003,2,11650,11650,반포동,,전월세,202203,2022-03-24,18,18.1,110050,70,월세
래미안퍼스티지,11650-3559,2009,,,24,3,2022,"110,000",59.89,5,18-1,120,,,반포대로 275,0,00275,00000,2121003,2,11650,11650,반포동,,전월세,202203,2022-03-24,18,18.1,110000,120,월세
래미안퍼스티지,11650-3559,2009,22.05~24.05,신규,24,3,2022,"15,000",84.93,8,18-1,600,,,반포대로 275,0,00275,00000,2121003,2,11650,11650,반포동,,전월세,202203,2022-03-24,26,25.7,15000,600,월세
래미안퍼스티지,11650-3559,2009,22.04~24.04,갱신,26,3,2022,"21,000",59.98,15,18-1,263,"20,000",250,반포대로 275,0,00275,00000,2121003,2,11650,11650,반포동,,전월세,202203,2022-03-26,18,18.1,21000,263,월세
래미안퍼스티지,11650-3559,2009,22.05~24.05,신규,27,3,2022,"300,000",169.31,24,18-1,380,,,반포대로 275,0,00275,00000,2121003,2,11650,11650,반포동,,전월세,202203,2022-03-27,51,51.2,300000,380,월세
래미안퍼스티지,11650-3559,2009,22.05~24.05,신규,4,4,2022,"60,000",59.96,13,18-1,250,,,반포대로 275,0,00275,00000,2121003,2,11650,11650,반포동,,전월세,202204,2022-04-04,18,18.1,60000,250,월세
래미안퍼스티지,11650-3559,2009,22.05~24.05,신규,9,4,2022,"50,000",222.76,6,18-1,"1,300",,,반포대로 275,0,00275,00000,2121003,2,11650,11650,반포동,,전월세,202204,2022-04-09,67,67.4,50000,1300,월세
래미안퍼스티지,11650-3559,2009,22.04~24.04,신규,12,4,2022,"2,000",222.76,25,18-1,"1,500",,,반포대로 275,0,00275,00000,2121003,2,11650,11650,반포동,,전월세,202204,2022-04-12,67,67.4,2000,1500,월세
래미안퍼스티지,11650-3559,2009,22.05~24.05,신규,15,4,2022,"100,000",84.93,5,18-1,240,,,반포대로 275,0,00275,00000,2121003,2,11650,11650,반포동,,전월세,202204,2022-04-15,26,25.7,100000,240,월세
래미안퍼스티지,11650-3559,2009,22.06~24.06,신규,16,4,2022,"100,000",84.93,17,18-1,320,,,반포대로 275,0,00275,00000,2121003,2,11650,11650,반포동,,전월세,202204,2022-04-16,26,25.7,100000,320,월세
래미안퍼스티지,11650-3559,2009,22.07~24.07,갱신,21,4,2022,"300,000",136.65,26,18-1,300,"150,000",230,반포대로 275,0,00275,00000,2121003,2,11650,11650,반포동,,전월세,202204,2022-04-21,41,41.3,300000,300,월세
래미안퍼스티지,11650-3559,2009,22.07~24.07,신규,28,4,2022,"100,000",222.76,8,18-1,"1,100",,,반포대로 275,0,00275,00000,2121003,2,11650,11650,반포동,,전월세,202204,2022-04-28,67,67.4,100000,1100,월세
래미안퍼스티지,11650-3559,2009,22.06~24.06,갱신,29,4,2022,"130,000",117.12,17,18-1,230,"130,000",160,반포대로 275,0,00275,00000,2121003,2,11650,11650,반포동,,전월세,202204,2022-04-29,35,35.4,130000,230,월세
래미안퍼스티지,11650-3559,2009,22.07~24.07,신규,29,4,2022,"100,000",198.04,13,18-1,900,,,반포대로 275,0,00275,00000,2121003,2,11650,11650,반포동,,전월세,202204,2022-04-29,60,59.9,100000,900,월세
래미안퍼스티지,11650-3559,2009,22.07~24.07,신규,30,4,2022,"60,000",84.93,12,18-1,410,,,반포대로 275,0,00275,00000,2121003,2,11650,11650,반포동,,전월세,202204,2022-04-30,26,25.7,60000,410,월세
래미안퍼스티지,11650-3559,2009,22.05~23.11,갱신,2,5,2022,"30,000",84.93,3,18-1,400,"30,000",350,반포대로 275,0,00275,00000,2121003,2,11650,11650,반포동,,전월세,202205,2022-05-02,26,25.7,30000,400,월세
래미안퍼스티지,11650-3559,2009,22.06~24.06,신규,9,5,2022,"190,000",135.92,8,18-1,160,,,반포대로 275,0,00275,00000,2121003,2,11650,11650,반포동,,전월세,202205,2022-05-09,41,41.1,190000,160,월세
래미안퍼스티지,11650-3559,2009,22.06~23.12,갱신,9,5,2022,"100,000",135.92,15,18-1,600,"100,000",300,반포대로 275,0,00275,00000,2121003,2,11650,11650,반포동,,전월세,202205,2022-05-09,41,41.1,100000,600,월세
래미안퍼스티지,11650-3559,2009,22.06~24.06,갱신,10,5,2022,"20,000",135.92,19,18-1,630,"20,000",600,반포대로 275,0,00275,00000,2121003,2,11650,11650,반포동,사용,전월세,202205,2022-05-10,41,41.1,20000,630,월세
래미안퍼스티지,11650-3559,2009,22.07~24.07,갱신,10,5,2022,"20,000",84.93,17,18-1,500,"3,000",360,반포대로 275,0,00275,00000,2121003,2,11650,11650,반포동,,전월세,202205,2022-05-10,26,25.7,20000,500,월세
래미안퍼스티지,11650-3559,2009,22.06~24.06,갱신,16,5,2022,"50,000",168.65,10,18-1,584,"50,000",510,반포대로 275,0,00275,00000,2121003,2,11650,11650,반포동,,전월세,202205,2022-05-16,51,51.0,50000,584,월세
래미안퍼스티지,11650-3559,2009,22.07~24.01,갱신,19,5,2022,"100,000",84.93,25,18-1,160,"95,000",160,반포대로 275,0,00275,00000,2121003,2,11650,11650,반포동,사용,전월세,202205,2022-05-19,26,25.7,100000,160,월세
래미안퍼스티지,11650-3559,2009,22.06~23.12,갱신,20,5,2022,"30,000",84.93,2,18-1,450,"30,000",300,반포대로 275,0,00275,00000,2121003,2,11650,11650,반포동,,전월세,202205,2022-05-20,26,25.7,30000,450,월세
래미안퍼스티지,11650-3559,2009,22.07~24.07,신규,24,5,2022,"180,000",84.93,7,18-1,130,,,반포대로 275,0,00275,00000,2121003,2,11650,11650,반포동,,전월세,202205,2022-05-24,26,25.7,180000,130,월세
래미안퍼스티지,11650-3559,2009,22.07~24.07,신규,26,5,2022,"150,000",136.65,24,18-1,700,,,반포대로 275,0,00275,00000,2121003,2,11650,11650,반포동,,전월세,202205,2022-05-26,41,41.3,150000,700,월세
래미안퍼스티지,11650-3559,2009,22.07~24.07,갱신,28,5,2022,"30,000",169.31,3,18-1,"1,100","30,000",600,반포대로 275,0,00275,00000,2121003,2,11650,11650,반포동,,전월세,202205,2022-05-28,51,51.2,30000,1100,월세
래미안퍼스티지,11650-3559,2009,22.06~24.05,신규,29,5,2022,"80,000",59.89,26,18-1,240,,,반포대로 275,0,00275,00000,2121003,2,11650,11650,반포동,,전월세,202205,2022-05-29,18,18.1,80000,240,월세
래미안퍼스티지,11650-3559,2009,,,29,5,2022,"80,000",59.89,26,18-1,240,,,반포대로 275,0,00275,00000,2121003,2,11650,11650,반포동,,전월세,202205,2022-05-29,18,18.1,80000,240,월세
래미안퍼스티지,11650-3559,2009,22.07~24.07,갱신,31,5,2022,"30,000",115.65,13,18-1,498,"30,000",470,반포대로 275,0,00275,00000,2121003,2,11650,11650,반포동,사용,전월세,202205,2022-05-31,35,35.0,30000,498,월세
래미안퍼스티지,11650-3559,2009,22.07~24.07,갱신,31,5,2022,"80,000",136.65,22,18-1,410,"80,000",380,반포대로 275,0,00275,00000,2121003,2,11650,11650,반포동,사용,전월세,202205,2022-05-31,41,41.3,80000,410,월세
래미안퍼스티지,11650-3559,2009,22.07~24.07,신규,2,6,2022,"110,000",59.96,26,18-1,150,,,반포대로 275,0,00275,00000,2121003,2,11650,11650,반포동,,전월세,202206,2022-06-02,18,18.1,110000,150,월세
래미안퍼스티지,11650-3559,2009,22.08~24.08,신규,4,6,2022,"110,000",59.89,11,18-1,170,,,반포대로 275,0,00275,00000,2121003,2,11650,11650,반포동,,전월세,202206,2022-06-04,18,18.1,110000,170,월세
래미안퍼스티지,11650-3559,2009,22.06~24.06,갱신,6,6,2022,"60,000",59.98,15,18-1,240,"60,000",150,반포대로 275,0,00275,00000,2121003,2,11650,11650,반포동,,전월세,202206,2022-06-06,18,18.1,60000,240,월세
래미안퍼스티지,11650-3559,2009,22.08~24.08,신규,10,6,2022,"20,000",59.89,1,18-1,420,,,반포대로 275,0,00275,00000,2121003,2,11650,11650,반포동,,전월세,202206,2022-06-10,18,18.1,20000,420,월세
래미안퍼스티지,11650-3559,2009,22.07~24.07,갱신,10,6,2022,"120,000",84.93,18,18-1,103,"120,000",80,반포대로 275,0,00275,00000,2121003,2,11650,11650,반포동,사용,전월세,202206,2022-06-10,26,25.7,120000,103,월세
래미안퍼스티지,11650-3559,2009,22.08~24.08,신규,13,6,2022,"150,000",84.93,7,18-1,130,,,반포대로 275,0,00275,00000,2121003,2,11650,11650,반포동,,전월세,202206,2022-06-13,26,25.7,150000,130,월세
래미안퍼스티지,11650-3559,2009,22.07~24.07,갱신,13,6,2022,"8,000",84.93,25,18-1,442,"8,000",420,반포대로 275,0,00275,00000,2121003,2,11650,11650,반포동,사용,전월세,202206,2022-06-13,26,25.7,8000,442,월세
래미안퍼스티지,11650-3559,2009,22.08~24.08,,15,6,2022,"40,000",84.93,19,18-1,450,,,반포대로 275,0,00275,00000,2121003,2,11650,11650,반포동,,전월세,202206,2022-06-15,26,25.7,40000,450,월세
래미안퍼스티지,11650-3559,2009,22.07~24.07,신규,17,6,2022,"20,000",59.89,30,18-1,450,,,반포대로 275,0,00275,00000,2121003,2,11650,11650,반포동,,전월세,202206,2022-06-17,18,18.1,20000,450,월세
래미안퍼스티지,11650-3559,2009,22.07~24.07,갱신,20,6,2022,"127,000",84.93,14,18-1,70,"120,000",70,반포대로 275,0,00275,00000,2121003,2,11650,11650,반포동,,전월세,202206,2022-06-20,26,25.7,127000,70,월세
래미안퍼스티지,11650-3559,2009,22.07~24.07,갱신,25,6,2022,"77,340",84.76,26,18-1,240,"70,000",240,반포대로 275,0,00275,00000,2121003,2,11650,11650,반포동,,전월세,202206,2022-06-25,26,25.6,77340,240,월세
래미안퍼스티지,11650-3559,2009,,갱신,27,6,2022,"200,000",222.76,16,18-1,500,"450,000",,반포대로 275,0,00275,00000,2121003,2,11650,11650,반포동,,전월세,202206,2022-06-27,67,67.4,200000,500,월세
래미안퍼스티지,11650-3559,2009,22.06~24.04,신규,30,6,2022,"50,000",222.76,23,18-1,"1,550",,,반포대로 275,0,00275,00000,2121003,2,11650,11650,반포동,,전월세,202206,2022-06-30,67,67.4,50000,1550,월세
래미안퍼스티지,11650-3559,2009,22.07~24.07,갱신,1,7,2022,"30,000",135.92,11,18-1,582,"30,000",550,반포대로 275,0,00275,00000,2121003,2,11650,11650,반포동,사용,전월세,202207,2022-07-01,41,41.1,30000,582,월세
래미안퍼스티지,11650-3559,2009,22.09~24.09,갱신,2,7,2022,"80,000",59.89,11,18-1,200,"80,000",100,반포대로 275,0,00275,00000,2121003,2,11650,11650,반포동,,전월세,202207,2022-07-02,18,18.1,80000,200,월세
래미안퍼스티지,11650-3559,2009,22.10~24.10,갱신,4,7,2022,"100,000",84.93,18,18-1,390,"70,000",270,반포대로 275,0,00275,00000,2121003,2,11650,11650,반포동,,전월세,202207,2022-07-04,26,25.7,100000,390,월세
래미안퍼스티지,11650-3559,2009,22.08~24.08,갱신,5,7,2022,"60,000",84.93,14,18-1,334,"60,000",310,반포대로 275,0,00275,00000,2121003,2,11650,11650,반포동,사용,전월세,202207,2022-07-05,26,25.7,60000,334,월세
래미안퍼스티지,11650-3559,2009,22.08~24.08,신규,5,7,2022,"50,000",84.93,8,18-1,440,,,반포대로 275,0,00275,00000,2121003,2,11650,11650,반포동,,전월세,202207,2022-07-05,26,25.7,50000,440,월세
래미안퍼스티지,11650-3559,2009,22.08~24.08,,6,7,2022,"100,000",198.04,12,18-1,990,,,반포대로 275,0,00275,00000,2121003,2,11650,11650,반포동,,전월세,202207,2022-07-06,60,59.9,100000,990,월세
래미안퍼스티지,11650-3559,2009,,,6,7,2022,"100,000",198.04,12,18-1,990,,,반포대로 275,0,00275,00000,2121003,2,11650,11650,반포동,,전월세,202207,2022-07-06,60,59.9,100000,990,월세
래미안퍼스티지,11650-3559,2009,22.09~24.09,갱신,7,7,2022,"20,000",59.96,9,18-1,307,"20,000",290,반포대로 275,0,00275,00000,2121003,2,11650,11650,반포동,사용,전월세,202207,2022-07-07,18,18.1,20000,307,월세
래미안퍼스티지,11650-3559,2009,22.07~24.07,신규,11,7,2022,"50,000",84.76,19,18-1,420,,,반포대로 275,0,00275,00000,2121003,2,11650,11650,반포동,,전월세,202207,2022-07-11,26,25.6,50000,420,월세
래미안퍼스티지,11650-3559,2009,22.08~24.08,갱신,12,7,2022,"50,000",84.85,15,18-1,255,"50,000",240,반포대로 275,0,00275,00000,2121003,2,11650,11650,반포동,사용,전월세,202207,2022-07-12,26,25.7,50000,255,월세
래미안퍼스티지,11650-3559,2009,,갱신,13,7,2022,"10,000",59.96,12,18-1,450,"10,000",300,반포대로 275,0,00275,00000,2121003,2,11650,11650,반포동,,전월세,202207,2022-07-13,18,18.1,10000,450,월세
래미안퍼스티지,11650-3559,2009,22.09~24.09,갱신,13,7,2022,"110,000",84.93,26,18-1,295,"110,000",140,반포대로 275,0,00275,00000,2121003,2,11650,11650,반포동,,전월세,202207,2022-07-13,26,25.7,110000,295,월세
래미안퍼스티지,11650-3559,2009,22.10~24.10,신규,14,7,2022,"290,000",135.92,17,18-1,180,,,반포대로 275,0,00275,00000,2121003,2,11650,11650,반포동,,전월세,202207,2022-07-14,41,41.1,290000,180,월세
래미안퍼스티지,11650-3559,2009,22.10~24.10,신규,14,7,2022,"100,000",135.92,1,18-1,660,,,반포대로 275,0,00275,00000,2121003,2,11650,11650,반포동,,전월세,202207,2022-07-14,41,41.1,100000,660,월세
래미안퍼스티지,11650-3559,2009,22.09~24.09,갱신,15,7,2022,"10,000",169.31,19,18-1,"1,200","10,000",820,반포대로 275,0,00275,00000,2121003,2,11650,11650,반포동,,전월세,202207,2022-07-15,51,51.2,10000,1200,월세
래미안퍼스티지,11650-3559,2009,22.07~24.07,갱신,16,7,2022,"70,000",84.93,26,18-1,400,"50,000",280,반포대로 275,0,00275,00000,2121003,2,11650,11650,반포동,,전월세,202207,2022-07-16,26,25.7,70000,400,월세
래미안퍼스티지,11650-3559,2009,22.08~24.08,신규,18,7,2022,"2,000",84.93,9,18-1,600,,,반포대로 275,0,00275,00000,2121003,2,11650,11650,반포동,,전월세,202207,2022-07-18,26,25.7,2000,600,월세
래미안퍼스티지,11650-3559,2009,22.07~24.07,갱신,21,7,2022,"8,000",84.93,15,18-1,411,"8,000",360,반포대로 275,0,00275,00000,2121003,2,11650,11650,반포동,,전월세,202207,2022-07-21,26,25.7,8000,411,월세
래미안퍼스티지,11650-3559,2009,22.08~24.08,갱신,30,7,2022,"50,000",84.93,12,18-1,324,"50,000",300,반포대로 275,0,00275,00000,2121003,2,11650,11650,반포동,사용,전월세,202207,2022-07-30,26,25.7,50000,324,월세
래미안퍼스티지,11650-3559,2009,,,4,8,2022,"145,000",84.93,10,18-1,155,,,반포대로 275,0,00275,00000,2121003,2,11650,11650,반포동,,전월세,202208,2022-08-04,26,25.7,145000,155,월세
래미안퍼스티지,11650-3559,2009,22.08~24.08,갱신,4,8,2022,"30,000",84.93,30,18-1,420,"20,000",430,반포대로 275,0,00275,00000,2121003,2,11650,11650,반포동,,전월세,202208,2022-08-04,26,25.7,30000,420,월세
래미안퍼스티지,11650-3559,2009,22.09~24.09,신규,11,8,2022,"100,000",84.93,15,18-1,230,,,반포대로 275,0,00275,00000,2121003,2,11650,11650,반포동,,전월세,202208,2022-08-11,26,25.7,100000,230,월세
래미안퍼스티지,11650-3559,2009,22.12~24.12,갱신,13,8,2022,"55,000",59.96,16,18-1,256,"55,000",235,반포대로 275,0,00275,00000,2121003,2,11650,11650,반포동,사용,전월세,202208,2022-08-13,18,18.1,55000,256,월세
래미안퍼스티지,11650-3559,2009,22.08~23.11,갱신,16,8,2022,"63,600",59.89,16,18-1,166,"60,000",160,반포대로 275,0,00275,00000,2121003,2,11650,11650,반포동,,전월세,202208,2022-08-16,18,18.1,63600,166,월세
래미안퍼스티지,11650-3559,2009,22.09~24.09,갱신,20,8,2022,"40,000",59.89,14,18-1,259,"40,000",240,반포대로 275,0,00275,00000,2121003,2,11650,11650,반포동,사용,전월세,202208,2022-08-20,18,18.1,40000,259,월세
래미안퍼스티지,11650-3559,2009,22.08~24.08,갱신,23,8,2022,"53,000",84.93,25,18-1,300,"50,000",240,반포대로 275,0,00275,00000,2121003,2,11650,11650,반포동,,전월세,202208,2022-08-23,26,25.7,53000,300,월세
래미안퍼스티지,11650-3559,2009,22.10~24.10,갱신,24,8,2022,"90,000",84.93,24,18-1,350,"70,000",200,반포대로 275,0,00275,00000,2121003,2,11650,11650,반포동,,전월세,202208,2022-08-24,26,25.7,90000,350,월세
래미안퍼스티지,11650-3559,2009,22.09~24.09,,30,8,2022,"110,000",84.93,6,18-1,167,,,반포대로 275,0,00275,00000,2121003,2,11650,11650,반포동,,전월세,202208,2022-08-30,26,25.7,110000,167,월세
래미안퍼스티지,11650-3559,2009,22.10~24.10,갱신,3,9,2022,"30,000",84.93,6,18-1,480,"30,000",400,반포대로 275,0,00275,00000,2121003,2,11650,11650,반포동,,전월세,202209,2022-09-03,26,25.7,30000,480,월세
래미안퍼스티지,11650-3559,2009,22.10~24.10,신규,5,9,2022,"70,000",84.76,7,18-1,390,,,반포대로 275,0,00275,00000,2121003,2,11650,11650,반포동,,전월세,202209,2022-09-05,26,25.6,70000,390,월세
래미안퍼스티지,11650-3559,2009,22.10~24.10,신규,15,9,2022,"10,000",84.93,7,18-1,580,,,반포대로 275,0,00275,00000,2121003,2,11650,11650,반포동,,전월세,202209,2022-09-15,26,25.7,10000,580,월세
래미안퍼스티지,11650-3559,2009,22.09~24.09,갱신,17,9,2022,"150,000",222.76,24,18-1,435,"150,000",395,반포대로 275,0,00275,00000,2121003,2,11650,11650,반포동,사용,전월세,202209,2022-09-17,67,67.4,150000,435,월세
래미안퍼스티지,11650-3559,2009,22.10~24.10,갱신,19,9,2022,"20,000",84.93,17,18-1,520,"20,000",360,반포대로 275,0,00275,00000,2121003,2,11650,11650,반포동,,전월세,202209,2022-09-19,26,25.7,20000,520,월세
래미안퍼스티지,11650-3559,2009,22.10~24.10,신규,23,9,2022,"10,000",84.93,15,18-1,580,,,반포대로 275,0,00275,00000,2121003,2,11650,11650,반포동,,전월세,202209,2022-09-23,26,25.7,10000,580,월세
래미안퍼스티지,11650-3559,2009,22.10~23.10,신규,23,9,2022,"10,000",84.93,15,18-1,630,,,반포대로 275,0,00275,00000,2121003,2,11650,11650,반포동,,전월세,202209,2022-09-23,26,25.7,10000,630,월세
래미안퍼스티지,11650-3559,2009,22.10~23.10,갱신,24,9,2022,"100,000",59.96,1,18-1,70,"90,000",70,반포대로 275,0,00275,00000,2121003,2,11650,11650,반포동,,전월세,202209,2022-09-24,18,18.1,100000,70,월세
래미안퍼스티지,11650-3559,2009,22.10~23.10,신규,24,9,2022,"20,000",84.93,6,18-1,540,,,반포대로 275,0,00275,00000,2121003,2,11650,11650,반포동,,전월세,202209,2022-09-24,26,25.7,20000,540,월세
래미안퍼스티지,11650-3559,2009,22.12~24.12,갱신,27,9,2022,"100,000",59.96,3,18-1,90,"100,000",90,반포대로 275,0,00275,00000,2121003,2,11650,11650,반포동,사용,전월세,202209,2022-09-27,18,18.1,100000,90,월세
래미안퍼스티지,11650-3559,2009,22.10~24.10,갱신,29,9,2022,"80,000",84.93,32,18-1,288,"80,000",260,반포대로 275,0,00275,00000,2121003,2,11650,11650,반포동,사용,전월세,202209,2022-09-29,26,25.7,80000,288,월세
래미안퍼스티지,11650-3559,2009,22.10~24.10,,30,9,2022,"145,000",84.85,9,18-1,90,,,반포대로 275,0,00275,00000,2121003,2,11650,11650,반포동,,전월세,202209,2022-09-30,26,25.7,145000,90,월세
래미안퍼스티지,11650-3559,2009,22.11~24.11,신규,4,10,2022,"120,000",84.93,3,18-1,140,,,반포대로 275,0,00275,00000,2121003,2,11650,11650,반포동,,전월세,202210,2022-10-04,26,25.7,120000,140,월세
래미안퍼스티지,11650-3559,2009,22.12~23.12,신규,5,10,2022,"40,000",59.96,27,18-1,300,,,반포대로 275,0,00275,00000,2121003,2,11650,11650,반포동,,전월세,202210,2022-10-05,18,18.1,40000,300,월세
래미안퍼스티지,11650-3559,2009,22.11~24.11,신규,6,10,2022,"120,000",84.93,20,18-1,180,,,반포대로 275,0,00275,00000,2121003,2,11650,11650,반포동,,전월세,202210,2022-10-06,26,25.7,120000,180,월세
래미안퍼스티지,11650-3559,2009,22.11~24.11,갱신,8,10,2022,"80,000",84.93,28,18-1,240,"80,000",220,반포대로 275,0,00275,00000,2121003,2,11650,11650,반포동,사용,전월세,202210,2022-10-08,26,25.7,80000,240,월세
래미안퍼스티지,11650-3559,2009,22.12~24.12,신규,11,10,2022,"200,000",135.92,22,18-1,450,,,반포대로 275,0,00275,00000,2121003,2,11650,11650,반포동,,전월세,202210,2022-10-11,41,41.1,200000,450,월세
래미안퍼스티지,11650-3559,2009,22.10~24.10,갱신,12,10,2022,"100,000",59.96,9,18-1,150,"84,000",105,반포대로 275,0,00275,00000,2121003,2,11650,11650,반포동,,전월세,202210,2022-10-12,18,18.1,100000,150,월세
래미안퍼스티지,11650-3559,2009,22.10~24.10,갱신,12,10,2022,"100,000",59.96,9,18-1,150,"84,000",105,반포대로 275,0,00275,00000,2121003,2,11650,11650,반포동,,전월세,202210,2022-10-12,18,18.1,100000,150,월세
래미안퍼스티지,11650-3559,2009,22.12~24.12,신규,13,10,2022,"50,000",84.85,21,18-1,400,,,반포대로 275,0,00275,00000,2121003,2,11650,11650,반포동,,전월세,202210,2022-10-13,26,25.7,50000,400,월세
래미안퍼스티지,11650-3559,2009,22.11~24.11,신규,14,10,2022,"80,500",84.93,7,18-1,370,,,반포대로 275,0,00275,00000,2121003,2,11650,11650,반포동,,전월세,202210,2022-10-14,26,25.7,80500,370,월세
래미안퍼스티지,11650-3559,2009,22.12~25.01,신규,19,10,2022,"250,000",222.76,2,18-1,160,,,반포대로 275,0,00275,00000,2121003,2,11650,11650,반포동,,전월세,202210,2022-10-19,67,67.4,250000,160,월세
래미안퍼스티지,11650-3559,2009,23.01~25.01,신규,19,10,2022,"70,000",84.93,11,18-1,390,,,반포대로 275,0,00275,00000,2121003,2,11650,11650,반포동,,전월세,202210,2022-10-19,26,25.7,70000,390,월세
래미안퍼스티지,11650-3559,2009,22.12~24.12,갱신,19,10,2022,"130,000",84.93,28,18-1,140,"130,000",100,반포대로 275,0,00275,00000,2121003,2,11650,11650,반포동,,전월세,202210,2022-10-19,26,25.7,130000,140,월세
래미안퍼스티지,11650-3559,2009,,,20,10,2022,"45,000",168.65,14,18-1,710,,,반포대로 275,0,00275,00000,2121003,2,11650,11650,반포동,,전월세,202210,2022-10-20,51,51.0,45000,710,월세
래미안퍼스티지,11650-3559,2009,23.11~25.11,신규,20,10,2022,"45,000",168.65,14,18-1,710,,,반포대로 275,0,00275,00000,2121003,2,11650,11650,반포동,,전월세,202210,2022-10-20,51,51.0,45000,710,월세
래미안퍼스티지,11650-3559,2009,,갱신,21,10,2022,"86,220",84.93,17,18-1,185,"80,000",,반포대로 275,0,00275,00000,2121003,2,11650,11650,반포동,,전월세,202210,2022-10-21,26,25.7,86220,185,월세
래미안퍼스티지,11650-3559,2009,22.12~24.12,신규,24,10,2022,"10,000",84.93,12,18-1,520,,,반포대로 275,0,00275,00000,2121003,2,11650,11650,반포동,,전월세,202210,2022-10-24,26,25.7,10000,520,월세
래미안퍼스티지,11650-3559,2009,22.10~24.10,갱신,25,10,2022,"80,000",59.98,19,18-1,122,"80,000",110,반포대로 275,0,00275,00000,2121003,2,11650,11650,반포동,사용,전월세,202210,2022-10-25,18,18.1,80000,122,월세
래미안퍼스티지,11650-3559,2009,23.01~25.01,갱신,25,10,2022,"53,000",84.93,23,18-1,400,"48,000",300,반포대로 275,0,00275,00000,2121003,2,11650,11650,반포동,,전월세,202210,2022-10-25,26,25.7,53000,400,월세
래미안퍼스티지,11650-3559,2009,22.11~24.11,갱신,28,10,2022,"50,000",59.96,9,18-1,165,"35,000",170,반포대로 275,0,00275,00000,2121003,2,11650,11650,반포동,,전월세,202210,2022-10-28,18,18.1,50000,165,월세
래미안퍼스티지,11650-3559,2009,22.12~24.12,갱신,29,10,2022,"120,000",135.92,28,18-1,450,"110,000",450,반포대로 275,0,00275,00000,2121003,2,11650,11650,반포동,사용,전월세,202210,2022-10-29,41,41.1,120000,450,월세
래미안퍼스티지,11650-3559,2009,22.11~24.11,갱신,30,10,2022,"50,000",84.85,25,18-1,346,"50,000",320,반포대로 275,0,00275,00000,2121003,2,11650,11650,반포동,사용,전월세,202210,2022-10-30,26,25.7,50000,346,월세
래미안퍼스티지,11650-3559,2009,23.01~25.01,신규,30,10,2022,"20,000",84.93,24,18-1,600,,,반포대로 275,0,00275,00000,2121003,2,11650,11650,반포동,,전월세,202210,2022-10-30,26,25.7,20000,600,월세
래미안퍼스티지,11650-3559,2009,23.01~25.01,신규,31,10,2022,"20,000",115.65,13,18-1,850,,,반포대로 275,0,00275,00000,2121003,2,11650,11650,반포동,,전월세,202210,2022-10-31,35,35.0,20000,850,월세
래미안퍼스티지,11650-3559,2009,22.12~24.12,갱신,31,10,2022,"126,000",84.93,27,18-1,157,"120,000",150,반포대로 275,0,00275,00000,2121003,2,11650,11650,반포동,사용,전월세,202210,2022-10-31,26,25.7,126000,157,월세
래미안퍼스티지,11650-3559,2009,22.11~24.11,갱신,2,11,2022,"10,000",84.93,31,18-1,580,"10,000",410,반포대로 275,0,00275,00000,2121003,2,11650,11650,반포동,,전월세,202211,2022-11-02,26,25.7,10000,580,월세
래미안퍼스티지,11650-3559,2009,23.01~25.01,갱신,5,11,2022,"130,000",135.92,11,18-1,400,"100,000",350,반포대로 275,0,00275,00000,2121003,2,11650,11650,반포동,,전월세,202211,2022-11-05,41,41.1,130000,400,월세
래미안퍼스티지,11650-3559,2009,22.11~24.11,신규,5,11,2022,"10,000",59.96,4,18-1,450,,,반포대로 275,0,00275,00000,2121003,2,11650,11650,반포동,,전월세,202211,2022-11-05,18,18.1,10000,450,월세
래미안퍼스티지,11650-3559,2009,22.11~24.11,신규,5,11,2022,"10,000",59.96,4,18-1,450,,,반포대로 275,0,00275,00000,2121003,2,11650,11650,반포동,,전월세,202211,2022-11-05,18,18.1,10000,450,월세
래미안퍼스티지,11650-3559,2009,22.12~24.12,신규,10,11,2022,"240,000",168.65,16,18-1,180,,,반포대로 275,0,00275,00000,2121003,2,11650,11650,반포동,,전월세,202211,2022-11-10,51,51.0,240000,180,월세
래미안퍼스티지,11650-3559,2009,23.01~25.01,신규,11,11,2022,"10,000",84.93,21,18-1,550,,,반포대로 275,0,00275,00000,2121003,2,11650,11650,반포동,,전월세,202211,2022-11-11,26,25.7,10000,550,월세
래미안퍼스티지,11650-3559,2009,22.12~24.12,신규,15,11,2022,"40,000",59.89,4,18-1,300,,,반포대로 275,0,00275,00000,2121003,2,11650,11650,반포동,,전월세,202211,2022-11-15,18,18.1,40000,300,월세
래미안퍼스티지,11650-3559,2009,23.02~25.02,신규,18,11,2022,"100,000",198.04,4,18-1,680,,,반포대로 275,0,00275,00000,2121003,2,11650,11650,반포동,,전월세,202211,2022-11-18,60,59.9,100000,680,월세
래미안퍼스티지,11650-3559,2009,22.11~23.11,갱신,19,11,2022,"43,000",168.65,14,18-1,480,"43,000",480,반포대로 275,0,00275,00000,2121003,2,11650,11650,반포동,,전월세,202211,2022-11-19,51,51.0,43000,480,월세
래미안퍼스티지,11650-3559,2009,23.02~25.02,신규,22,11,2022,"50,000",59.89,9,18-1,180,,,반포대로 275,0,00275,00000,2121003,2,11650,11650,반포동,,전월세,202211,2022-11-22,18,18.1,50000,180,월세
래미안퍼스티지,11650-3559,2009,23.01~25.01,신규,23,11,2022,"130,000",117.12,4,18-1,270,,,반포대로 275,0,00275,00000,2121003,2,11650,11650,반포동,,전월세,202211,2022-11-23,35,35.4,130000,270,월세
래미안퍼스티지,11650-3559,2009,23.01~25.01,갱신,23,11,2022,"10,000",59.96,14,18-1,440,"10,000",420,반포대로 275,0,00275,00000,2121003,2,11650,11650,반포동,사용,전월세,202211,2022-11-23,18,18.1,10000,440,월세
래미안퍼스티지,11650-3559,2009,23.01~25.01,신규,28,11,2022,"60,000",59.96,16,18-1,130,,,반포대로 275,0,00275,00000,2121003,2,11650,11650,반포동,,전월세,202211,2022-11-28,18,18.1,60000,130,월세
래미안퍼스티지,11650-3559,2009,,,1,12,2022,"10,000",59.96,17,18-1,347,,,반포대로 275,0,00275,00000,2121003,2,11650,11650,반포동,,전월세,202212,2022-12-01,18,18.1,10000,347,월세
래미안퍼스티지,11650-3559,2009,23.02~25.02,신규,2,12,2022,"70,000",84.93,11,18-1,420,,,반포대로 275,0,00275,00000,2121003,2,11650,11650,반포동,,전월세,202212,2022-12-02,26,25.7,70000,420,월세
래미안퍼스티지,11650-3559,2009,23.02~25.02,갱신,7,12,2022,"52,500",135.92,28,18-1,735,"50,000",700,반포대로 275,0,00275,00000,2121003,2,11650,11650,반포동,,전월세,202212,2022-12-07,41,41.1,52500,735,월세
래미안퍼스티지,11650-3559,2009,,,8,12,2022,"200,000",198.04,17,18-1,600,,,반포대로 275,0,00275,00000,2121003,2,11650,11650,반포동,,전월세,202212,2022-12-08,60,59.9,200000,600,월세
래미안퍼스티지,11650-3559,2009,22.12~24.12,신규,9,12,2022,"10,000",84.93,25,18-1,550,,,반포대로 275,0,00275,00000,2121003,2,11650,11650,반포동,,전월세,202212,2022-12-09,26,25.7,10000,550,월세
래미안퍼스티지,11650-3559,2009,23.01~23.09,신규,12,12,2022,500,84.93,16,18-1,550,,,반포대로 275,0,00275,00000,2121003,2,11650,11650,반포동,,전월세,202212,2022-12-12,26,25.7,500,550,월세
래미안퍼스티지,11650-3559,2009,23.02~25.02,갱신,13,12,2022,"125,000",84.93,28,18-1,99,"135,000",200,반포대로 275,0,00275,00000,2121003,2,11650,11650,반포동,사용,전월세,202212,2022-12-13,26,25.7,125000,99,월세
래미안퍼스티지,11650-3559,2009,23.01~25.01,신규,15,12,2022,"250,000",198.22,12,18-1,300,,,반포대로 275,0,00275,00000,2121003,2,11650,11650,반포동,,전월세,202212,2022-12-15,60,60.0,250000,300,월세
래미안퍼스티지,11650-3559,2009,23.02~25.02,신규,16,12,2022,"10,000",59.89,6,18-1,450,,,반포대로 275,0,00275,00000,2121003,2,11650,11650,반포동,,전월세,202212,2022-12-16,18,18.1,10000,450,월세
래미안퍼스티지,11650-3559,2009,,,16,12,2022,"10,000",59.89,6,18-1,450,,,반포대로 275,0,00275,00000,2121003,2,11650,11650,반포동,,전월세,202212,2022-12-16,18,18.1,10000,450,월세
래미안퍼스티지,11650-3559,2009,23.02~25.02,신규,20,12,2022,"10,000",84.93,13,18-1,550,,,반포대로 275,0,00275,00000,2121003,2,11650,11650,반포동,,전월세,202212,2022-12-20,26,25.7,10000,550,월세
래미안퍼스티지,11650-3559,2009,23.02~25.02,신규,23,12,2022,"40,000",84.93,22,18-1,470,,,반포대로 275,0,00275,00000,2121003,2,11650,11650,반포동,,전월세,202212,2022-12-23,26,25.7,40000,470,월세
래미안퍼스티지,11650-3559,2009,23.01~25.01,신규,27,12,2022,"90,000",84.93,3,18-1,270,,,반포대로 275,0,00275,00000,2121003,2,11650,11650,반포동,,전월세,202212,2022-12-27,26,25.7,90000,270,월세
래미안퍼스티지,11650-3559,2009,23.01~25.01,신규,28,12,2022,"80,000",59.98,23,18-1,75,,,반포대로 275,0,00275,00000,2121003,2,11650,11650,반포동,,전월세,202212,2022-12-28,18,18.1,80000,75,월세
래미안퍼스티지,11650-3559,2009,23.01~25.01,갱신,2,1,2023,"100,000",222.15,14,18-1,809,"100,000",750,반포대로 275,0,00275,00000,2121003,2,11650,11650,반포동,,전월세,202301,2023-01-02,67,67.2,100000,809,월세
래미안퍼스티지,11650-3559,2009,,,2,1,2023,"100,000",222.15,14,18-1,809,,,반포대로 275,0,00275,00000,2121003,2,11650,11650,반포동,,전월세,202301,2023-01-02,67,67.2,100000,809,월세
래미안퍼스티지,11650-3559,2009,23.02~25.02,신규,3,1,2023,"80,000",115.65,9,18-1,530,,,반포대로 275,0,00275,00000,2121003,2,11650,11650,반포동,,전월세,202301,2023-01-03,35,35.0,80000,530,월세
래미안퍼스티지,11650-3559,2009,23.03~25.03,신규,12,1,2023,"80,000",59.89,21,18-1,90,,,반포대로 275,0,00275,00000,2121003,2,11650,11650,반포동,,전월세,202301,2023-01-12,18,18.1,80000,90,월세
래미안퍼스티지,11650-3559,2009,23.02~25.02,신규,13,1,2023,"30,000",84.93,2,18-1,510,,,반포대로 275,0,00275,00000,2121003,2,11650,11650,반포동,,전월세,202301,2023-01-13,26,25.7,30000,510,월세
래미안퍼스티지,11650-3559,2009,23.02~24.02,갱신,14,1,2023,"40,000",59.89,26,18-1,270,"40,000",270,반포대로 275,0,00275,00000,2121003,2,11650,11650,반포동,사용,전월세,202301,2023-01-14,18,18.1,40000,270,월세
래미안퍼스티지,11650-3559,2009,23.02~25.02,갱신,14,1,2023,"94,500",59.96,8,18-1,90,"94,500",,반포대로 275,0,00275,00000,2121003,2,11650,11650,반포동,,전월세,202301,2023-01-14,18,18.1,94500,90,월세
래미안퍼스티지,11650-3559,2009,23.02~25.02,갱신,17,1,2023,"65,000",222.76,8,18-1,"1,000","65,000",760,반포대로 275,0,00275,00000,2121003,2,11650,11650,반포동,,전월세,202301,2023-01-17,67,67.4,65000,1000,월세
래미안퍼스티지,11650-3559,2009,23.04~25.04,신규,20,1,2023,"140,000",115.65,25,18-1,200,,,반포대로 275,0,00275,00000,2121003,2,11650,11650,반포동,,전월세,202301,2023-01-20,35,35.0,140000,200,월세
래미안퍼스티지,11650-3559,2009,23.03~25.03,갱신,20,1,2023,"10,000",59.89,14,18-1,320,"10,000",240,반포대로 275,0,00275,00000,2121003,2,11650,11650,반포동,,전월세,202301,2023-01-20,18,18.1,10000,320,월세
래미안퍼스티지,11650-3559,2009,23.03~25.03,신규,20,1,2023,"60,000",84.93,30,18-1,350,,,반포대로 275,0,00275,00000,2121003,2,11650,11650,반포동,,전월세,202301,2023-01-20,26,25.7,60000,350,월세
래미안퍼스티지,11650-3559,2009,23.01~24.01,신규,25,1,2023,"73,000",84.93,13,18-1,210,,,반포대로 275,0,00275,00000,2121003,2,11650,11650,반포동,,전월세,202301,2023-01-25,26,25.7,73000,210,월세
래미안퍼스티지,11650-3559,2009,23.02~25.02,신규,31,1,2023,"35,000",84.93,15,18-1,450,,,반포대로 275,0,00275,00000,2121003,2,11650,11650,반포동,,전월세,202301,2023-01-31,26,25.7,35000,450,월세
래미안퍼스티지,11650-3559,2009,23.04~25.04,신규,11,2,2023,"20,000",84.93,21,18-1,500,,,반포대로 275,0,00275,00000,2121003,2,11650,11650,반포동,,전월세,202302,2023-02-11,26,25.7,20000,500,월세
래미안퍼스티지,11650-3559,2009,23.02~25.02,신규,13,2,2023,"80,000",198.22,16,18-1,650,,,반포대로 275,0,00275,00000,2121003,2,11650,11650,반포동,,전월세,202302,2023-02-13,60,60.0,80000,650,월세
래미안퍼스티지,11650-3559,2009,23.05~25.05,갱신,13,2,2023,"220,000",222.76,10,18-1,540,"220,000",149,반포대로 275,0,00275,00000,2121003,2,11650,11650,반포동,,전월세,202302,2023-02-13,67,67.4,220000,540,월세
래미안퍼스티지,11650-3559,2009,23.05~25.05,신규,14,2,2023,"260,000",169.31,15,18-1,100,,,반포대로 275,0,00275,00000,2121003,2,11650,11650,반포동,,전월세,202302,2023-02-14,51,51.2,260000,100,월세
래미안퍼스티지,11650-3559,2009,23.03~25.03,신규,16,2,2023,"50,000",59.96,9,18-1,165,,,반포대로 275,0,00275,00000,2121003,2,11650,11650,반포동,,전월세,202302,2023-02-16,18,18.1,50000,165,월세
래미안퍼스티지,11650-3559,2009,23.05~25.05,신규,16,2,2023,"40,000",84.93,17,18-1,300,,,반포대로 275,0,00275,00000,2121003,2,11650,11650,반포동,,전월세,202302,2023-02-16,26,25.7,40000,300,월세
래미안퍼스티지,11650-3559,2009,23.02~25.02,갱신,20,2,2023,"70,000",198.22,26,18-1,560,"50,000",530,반포대로 275,0,00275,00000,2121003,2,11650,11650,반포동,,전월세,202302,2023-02-20,60,60.0,70000,560,월세
래미안퍼스티지,11650-3559,2009,,,20,2,2023,"84,000",84.93,20,18-1,168,,,반포대로 275,0,00275,00000,2121003,2,11650,11650,반포동,,전월세,202302,2023-02-20,26,25.7,84000,168,월세
래미안퍼스티지,11650-3559,2009,23.04~25.04,신규,23,2,2023,"90,000",84.76,4,18-1,140,,,반포대로 275,0,00275,00000,2121003,2,11650,11650,반포동,,전월세,202302,2023-02-23,26,25.6,90000,140,월세
래미안퍼스티지,11650-3559,2009,23.05~25.06,신규,2,3,2023,"70,000",198.22,15,18-1,500,,,반포대로 275,0,00275,00000,2121003,2,11650,11650,반포동,,전월세,202303,2023-03-02,60,60.0,70000,500,월세
래미안퍼스티지,11650-3559,2009,23.03~25.03,신규,2,3,2023,"50,000",59.96,6,18-1,220,,,반포대로 275,0,00275,00000,2121003,2,11650,11650,반포동,,전월세,202303,2023-03-02,18,18.1,50000,220,월세
래미안퍼스티지,11650-3559,2009,23.05~25.05,신규,4,3,2023,"70,000",135.92,12,18-1,460,,,반포대로 275,0,00275,00000,2121003,2,11650,11650,반포동,,전월세,202303,2023-03-04,41,41.1,70000,460,월세
래미안퍼스티지,11650-3559,2009,23.05~25.05,갱신,4,3,2023,"120,000",168.65,17,18-1,575,"120,000",600,반포대로 275,0,00275,00000,2121003,2,11650,11650,반포동,,전월세,202303,2023-03-04,51,51.0,120000,575,월세
래미안퍼스티지,11650-3559,2009,23.03~25.03,신규,10,3,2023,"5,000",59.89,26,18-1,100,,,반포대로 275,0,00275,00000,2121003,2,11650,11650,반포동,,전월세,202303,2023-03-10,18,18.1,5000,100,월세
래미안퍼스티지,11650-3559,2009,23.03~25.03,갱신,14,3,2023,"189,900",135.92,25,18-1,90,"180,000",90,반포대로 275,0,00275,00000,2121003,2,11650,11650,반포동,사용,전월세,202303,2023-03-14,41,41.1,189900,90,월세
래미안퍼스티지,11650-3559,2009,23.04~25.04,신규,15,3,2023,"50,000",59.96,12,18-1,210,,,반포대로 275,0,00275,00000,2121003,2,11650,11650,반포동,,전월세,202303,2023-03-15,18,18.1,50000,210,월세
래미안퍼스티지,11650-3559,2009,23.05~25.05,신규,17,3,2023,"70,000",198.04,9,18-1,740,,,반포대로 275,0,00275,00000,2121003,2,11650,11650,반포동,,전월세,202303,2023-03-17,60,59.9,70000,740,월세
래미안퍼스티지,11650-3559,2009,23.06~25.06,갱신,18,3,2023,"50,000",59.96,24,18-1,200,"50,000",190,반포대로 275,0,00275,00000,2121003,2,11650,11650,반포동,,전월세,202303,2023-03-18,18,18.1,50000,200,월세
래미안퍼스티지,11650-3559,2009,23.05~24.01,신규,20,3,2023,"10,000",84.93,27,18-1,660,,,반포대로 275,0,00275,00000,2121003,2,11650,11650,반포동,,전월세,202303,2023-03-20,26,25.7,10000,660,월세
래미안퍼스티지,11650-3559,2009,23.04~25.04,신규,22,3,2023,"100,000",84.93,7,18-1,200,,,반포대로 275,0,00275,00000,2121003,2,11650,11650,반포동,,전월세,202303,2023-03-22,26,25.7,100000,200,월세
래미안퍼스티지,11650-3559,2009,,,22,3,2023,"100,000",84.93,7,18-1,200,,,반포대로 275,0,00275,00000,2121003,2,11650,11650,반포동,,전월세,202303,2023-03-22,26,25.7,100000,200,월세
래미안퍼스티지,11650-3559,2009,23.06~25.06,갱신,23,3,2023,"40,000",135.92,25,18-1,630,"10,000",550,반포대로 275,0,00275,00000,2121003,2,11650,11650,반포동,,전월세,202303,2023-03-23,41,41.1,40000,630,월세
래미안퍼스티지,11650-3559,2009,23.06~25.06,신규,25,3,2023,"160,000",135.92,16,18-1,270,,,반포대로 275,0,00275,00000,2121003,2,11650,11650,반포동,,전월세,202303,2023-03-25,41,41.1,160000,270,월세
래미안퍼스티지,11650-3559,2009,23.05~25.05,신규,25,3,2023,"150,000",169.31,4,18-1,450,,,반포대로 275,0,00275,00000,2121003,2,11650,11650,반포동,,전월세,202303,2023-03-25,51,51.2,150000,450,월세
래미안퍼스티지,11650-3559,2009,,,25,3,2023,"60,000",84.93,14,18-1,230,,,반포대로 275,0,00275,00000,2121003,2,11650,11650,반포동,,전월세,202303,2023-03-25,26,25.7,60000,230,월세
래미안퍼스티지,11650-3559,2009,23.04~25.04,갱신,29,3,2023,"220,000",169.31,28,18-1,300,"200,000",400,반포대로 275,0,00275,00000,2121003,2,11650,11650,반포동,사용,전월세,202303,2023-03-29,51,51.2,220000,300,월세
래미안퍼스티지,11650-3559,2009,23.05~25.05,신규,30,3,2023,"170,000",135.92,7,18-1,200,,,반포대로 275,0,00275,00000,2121003,2,11650,11650,반포동,,전월세,202303,2023-03-30,41,41.1,170000,200,월세
래미안퍼스티지,11650-3559,2009,,,5,4,2023,"50,000",135.92,24,18-1,650,,,반포대로 275,0,00275,00000,2121003,2,11650,11650,반포동,,전월세,202304,2023-04-05,41,41.1,50000,650,월세
래미안퍼스티지,11650-3559,2009,23.05~25.05,신규,5,4,2023,"50,000",135.92,24,18-1,650,,,반포대로 275,0,00275,00000,2121003,2,11650,11650,반포동,,전월세,202304,2023-04-05,41,41.1,50000,650,월세
래미안퍼스티지,11650-3559,2009,,,5,4,2023,"50,000",135.92,24,18-1,650,,,반포대로 275,0,00275,00000,2121003,2,11650,11650,반포동,,전월세,202304,2023-04-05,41,41.1,50000,650,월세
래미안퍼스티지,11650-3559,2009,23.06~25.06,신규,8,4,2023,"10,000",84.93,22,18-1,530,,,반포대로 275,0,00275,00000,2121003,2,11650,11650,반포동,,전월세,202304,2023-04-08,26,25.7,10000,530,월세
래미안퍼스티지,11650-3559,2009,23.06~25.06,신규,10,4,2023,"150,000",117.12,6,18-1,180,,,반포대로 275,0,00275,00000,2121003,2,11650,11650,반포동,,전월세,202304,2023-04-10,35,35.4,150000,180,월세
래미안퍼스티지,11650-3559,2009,23.07~25.07,갱신,11,4,2023,"185,000",198.04,11,18-1,300,"220,000",300,반포대로 275,0,00275,00000,2121003,2,11650,11650,반포동,사용,전월세,202304,2023-04-11,60,59.9,185000,300,월세
래미안퍼스티지,11650-3559,2009,23.04~25.04,신규,11,4,2023,"10,000",59.96,23,18-1,420,,,반포대로 275,0,00275,00000,2121003,2,11650,11650,반포동,,전월세,202304,2023-04-11,18,18.1,10000,420,월세
래미안퍼스티지,11650-3559,2009,23.05~25.05,신규,11,4,2023,"100,000",84.93,21,18-1,150,,,반포대로 275,0,00275,00000,2121003,2,11650,11650,반포동,,전월세,202304,2023-04-11,26,25.7,100000,150,월세
래미안퍼스티지,11650-3559,2009,,,17,4,2023,"110,050",59.89,5,18-1,70,,,반포대로 275,0,00275,00000,2121003,2,11650,11650,반포동,,전월세,202304,2023-04-17,18,18.1,110050,70,월세
래미안퍼스티지,11650-3559,2009,,,17,4,2023,"110,050",59.89,5,18-1,70,,,반포대로 275,0,00275,00000,2121003,2,11650,11650,반포동,,전월세,202304,2023-04-17,18,18.1,110050,70,월세
래미안퍼스티지,11650-3559,2009,23.07~25.07,갱신,19,4,2023,"40,000",84.93,5,18-1,400,"40,000",430,반포대로 275,0,00275,00000,2121003,2,11650,11650,반포동,,전월세,202304,2023-04-19,26,25.7,40000,400,월세
래미안퍼스티지,11650-3559,2009,23.07~25.07,신규,20,4,2023,"64,000",59.89,16,18-1,166,,,반포대로 275,0,00275,00000,2121003,2,11650,11650,반포동,,전월세,202304,2023-04-20,18,18.1,64000,166,월세
래미안퍼스티지,11650-3559,2009,23.05~25.05,신규,21,4,2023,"10,000",169.31,13,18-1,"1,050",,,반포대로 275,0,00275,00000,2121003,2,11650,11650,반포동,,전월세,202304,2023-04-21,51,51.2,10000,1050,월세
래미안퍼스티지,11650-3559,2009,23.04~25.04,신규,21,4,2023,"10,000",84.93,12,18-1,580,,,반포대로 275,0,00275,00000,2121003,2,11650,11650,반포동,,전월세,202304,2023-04-21,26,25.7,10000,580,월세
래미안퍼스티지,11650-3559,2009,23.06~25.06,신규,22,4,2023,"80,000",84.93,32,18-1,230,,,반포대로 275,0,00275,00000,2121003,2,11650,11650,반포동,,전월세,202304,2023-04-22,26,25.7,80000,230,월세
래미안퍼스티지,11650-3559,2009,23.06~23.12,신규,26,4,2023,"10,000",84.93,5,18-1,400,,,반포대로 275,0,00275,00000,2121003,2,11650,11650,반포동,,전월세,202304,2023-04-26,26,25.7,10000,400,월세
래미안퍼스티지,11650-3559,2009,23.05~25.05,,26,4,2023,"70,000",84.93,4,18-1,300,,,반포대로 275,0,00275,00000,2121003,2,11650,11650,반포동,,전월세,202304,2023-04-26,26,25.7,70000,300,월세
래미안퍼스티지,11650-3559,2009,23.07~25.07,신규,27,4,2023,"90,000",59.89,12,18-1,80,,,반포대로 275,0,00275,00000,2121003,2,11650,11650,반포동,,전월세,202304,2023-04-27,18,18.1,90000,80,월세
래미안퍼스티지,11650-3559,2009,23.06~25.06,신규,28,4,2023,"210,000",169.31,2,18-1,240,,,반포대로 275,0,00275,00000,2121003,2,11650,11650,반포동,,전월세,202304,2023-04-28,51,51.2,210000,240,월세
래미안퍼스티지,11650-3559,2009,23.06~25.06,신규,29,4,2023,"10,000",84.93,18,18-1,580,,,반포대로 275,0,00275,00000,2121003,2,11650,11650,반포동,,전월세,202304,2023-04-29,26,25.7,10000,580,월세
래미안퍼스티지,11650-3559,2009,23.07~25.07,갱신,29,4,2023,"120,000",84.93,23,18-1,100,"122,000",100,반포대로 275,0,00275,00000,2121003,2,11650,11650,반포동,,전월세,202304,2023-04-29,26,25.7,120000,100,월세
래미안퍼스티지,11650-3559,2009,23.05~25.05,신규,1,5,2023,"20,000",84.93,25,18-1,570,,,반포대로 275,0,00275,00000,2121003,2,11650,11650,반포동,,전월세,202305,2023-05-01,26,25.7,20000,570,월세
래미안퍼스티지,11650-3559,2009,23.07~25.07,신규,2,5,2023,"180,000",117.12,17,18-1,90,,,반포대로 275,0,00275,00000,2121003,2,11650,11650,반포동,,전월세,202305,2023-05-02,35,35.4,180000,90,월세
래미안퍼스티지,11650-3559,2009,23.06~25.06,갱신,2,5,2023,"145,000",135.92,23,18-1,230,"92,000",270,반포대로 275,0,00275,00000,2121003,2,11650,11650,반포동,,전월세,202305,2023-05-02,41,41.1,145000,230,월세
래미안퍼스티지,11650-3559,2009,23.07~25.07,신규,6,5,2023,"20,000",84.93,22,18-1,480,,,반포대로 275,0,00275,00000,2121003,2,11650,11650,반포동,,전월세,202305,2023-05-06,26,25.7,20000,480,월세
래미안퍼스티지,11650-3559,2009,23.07~25.07,신규,8,5,2023,"60,000",135.92,28,18-1,740,,,반포대로 275,0,00275,00000,2121003,2,11650,11650,반포동,,전월세,202305,2023-05-08,41,41.1,60000,740,월세
래미안퍼스티지,11650-3559,2009,23.07~25.07,신규,10,5,2023,"200,000",169.31,1,18-1,160,,,반포대로 275,0,00275,00000,2121003,2,11650,11650,반포동,,전월세,202305,2023-05-10,51,51.2,200000,160,월세
래미안퍼스티지,11650-3559,2009,23.07~25.07,신규,10,5,2023,"93,000",84.93,16,18-1,165,,,반포대로 275,0,00275,00000,2121003,2,11650,11650,반포동,,전월세,202305,2023-05-10,26,25.7,93000,165,월세
래미안퍼스티지,11650-3559,2009,,,11,5,2023,"155,000",117.12,23,18-1,165,,,반포대로 275,0,00275,00000,2121003,2,11650,11650,반포동,,전월세,202305,2023-05-11,35,35.4,155000,165,월세
래미안퍼스티지,11650-3559,2009,23.07~25.07,갱신,11,5,2023,"100,000",84.93,25,18-1,150,"100,000",280,반포대로 275,0,00275,00000,2121003,2,11650,11650,반포동,사용,전월세,202305,2023-05-11,26,25.7,100000,150,월세
래미안퍼스티지,11650-3559,2009,23.06~25.06,갱신,20,5,2023,"40,000",84.93,2,18-1,310,"40,000",,반포대로 275,0,00275,00000,2121003,2,11650,11650,반포동,,전월세,202305,2023-05-20,26,25.7,40000,310,월세
래미안퍼스티지,11650-3559,2009,23.07~25.07,갱신,22,5,2023,"70,000",84.93,19,18-1,250,"70,000",228,반포대로 275,0,00275,00000,2121003,2,11650,11650,반포동,,전월세,202305,2023-05-22,26,25.7,70000,250,월세
래미안퍼스티지,11650-3559,2009,23.08~25.08,신규,25,5,2023,"70,000",115.65,4,18-1,500,,,반포대로 275,0,00275,00000,2121003,2,11650,11650,반포동,,전월세,202305,2023-05-25,35,35.0,70000,500,월세
래미안퍼스티지,11650-3559,2009,23.08~25.08,신규,25,5,2023,"50,000",84.93,15,18-1,360,,,반포대로 275,0,00275,00000,2121003,2,11650,11650,반포동,,전월세,202305,2023-05-25,26,25.7,50000,360,월세
래미안퍼스티지,11650-3559,2009,23.07~25.07,신규,30,5,2023,"150,000",135.92,24,18-1,350,,,반포대로 275,0,00275,00000,2121003,2,11650,11650,반포동,,전월세,202305,2023-05-30,41,41.1,150000,350,월세
래미안퍼스티지,11650-3559,2009,23.06~25.06,신규,31,5,2023,"66,000",84.93,13,18-1,305,,,반포대로 275,0,00275,00000,2121003,2,11650,11650,반포동,,전월세,202305,2023-05-31,26,25.7,66000,305,월세
래미안퍼스티지,11650-3559,2009,23.06~25.06,신규,2,6,2023,"5,000",84.93,11,18-1,680,,,반포대로 275,0,00275,00000,2121003,2,11650,11650,반포동,,전월세,202306,2023-06-02,26,25.7,5000,680,월세
래미안퍼스티지,11650-3559,2009,23.08~25.08,신규,4,6,2023,"35,000",59.89,14,18-1,300,,,반포대로 275,0,00275,00000,2121003,2,11650,11650,반포동,,전월세,202306,2023-06-04,18,18.1,35000,300,월세
래미안퍼스티지,11650-3559,2009,23.08~25.08,갱신,5,6,2023,"90,000",136.65,10,18-1,620,"90,000",380,반포대로 275,0,00275,00000,2121003,2,11650,11650,반포동,,전월세,202306,2023-06-05,41,41.3,90000,620,월세
래미안퍼스티지,11650-3559,2009,23.08~25.08,갱신,5,6,2023,"10,000",84.93,22,18-1,460,"10,000",368,반포대로 275,0,00275,00000,2121003,2,11650,11650,반포동,,전월세,202306,2023-06-05,26,25.7,10000,460,월세
래미안퍼스티지,11650-3559,2009,23.06~25.06,신규,14,6,2023,"3,000",222.76,25,18-1,"1,300",,,반포대로 275,0,00275,00000,2121003,2,11650,11650,반포동,,전월세,202306,2023-06-14,67,67.4,3000,1300,월세
래미안퍼스티지,11650-3559,2009,23.09~26.01,신규,17,6,2023,"110,000",84.93,20,18-1,120,,,반포대로 275,0,00275,00000,2121003,2,11650,11650,반포동,,전월세,202306,2023-06-17,26,25.7,110000,120,월세
래미안퍼스티지,11650-3559,2009,,,17,6,2023,"110,000",84.93,20,18-1,120,,,반포대로 275,0,00275,00000,2121003,2,11650,11650,반포동,,전월세,202306,2023-06-17,26,25.7,110000,120,월세
래미안퍼스티지,11650-3559,2009,,,18,6,2023,"70,000",84.93,5,18-1,226,,,반포대로 275,0,00275,00000,2121003,2,11650,11650,반포동,,전월세,202306,2023-06-18,26,25.7,70000,226,월세
래미안퍼스티지,11650-3559,2009,23.10~25.07,신규,18,6,2023,"70,000",84.93,5,18-1,226,,,반포대로 275,0,00275,00000,2121003,2,11650,11650,반포동,,전월세,202306,2023-06-18,26,25.7,70000,226,월세
래미안퍼스티지,11650-3559,2009,23.08~25.08,신규,19,6,2023,"70,000",59.89,22,18-1,120,,,반포대로 275,0,00275,00000,2121003,2,11650,11650,반포동,,전월세,202306,2023-06-19,18,18.1,70000,120,월세
래미안퍼스티지,11650-3559,2009,23.08~25.08,신규,24,6,2023,"10,000",169.31,18,18-1,950,,,반포대로 275,0,00275,00000,2121003,2,11650,11650,반포동,,전월세,202306,2023-06-24,51,51.2,10000,950,월세
래미안퍼스티지,11650-3559,2009,23.08~25.08,갱신,24,6,2023,"90,000",84.93,25,18-1,165,"80,000",165,반포대로 275,0,00275,00000,2121003,2,11650,11650,반포동,,전월세,202306,2023-06-24,26,25.7,90000,165,월세
래미안퍼스티지,11650-3559,2009,23.08~25.08,신규,26,6,2023,"20,000",222.15,15,18-1,"1,250",,,반포대로 275,0,00275,00000,2121003,2,11650,11650,반포동,,전월세,202306,2023-06-26,67,67.2,20000,1250,월세
래미안퍼스티지,11650-3559,2009,23.07~26.02,갱신,30,6,2023,"60,000",84.93,16,18-1,249,"50,000",249,반포대로 275,0,00275,00000,2121003,2,11650,11650,반포동,,전월세,202306,2023-06-30,26,25.7,60000,249,월세
래미안퍼스티지,11650-3559,2009,23.08~24.02,갱신,1,7,2023,"180,000",168.65,13,18-1,350,"180,000",176,반포대로 275,0,00275,00000,2121003,2,11650,11650,반포동,,전월세,202307,2023-07-01,51,51.0,180000,350,월세
래미안퍼스티지,11650-3559,2009,23.08~25.08,갱신,4,7,2023,"114,000",84.93,14,18-1,80,"114,000",64,반포대로 275,0,00275,00000,2121003,2,11650,11650,반포동,,전월세,202307,2023-07-04,26,25.7,114000,80,월세
래미안퍼스티지,11650-3559,2009,23.08~25.08,신규,5,7,2023,"100,000",84.93,7,18-1,160,,,반포대로 275,0,00275,00000,2121003,2,11650,11650,반포동,,전월세,202307,2023-07-05,26,25.7,100000,160,월세
래미안퍼스티지,11650-3559,2009,23.09~25.09,신규,6,7,2023,"130,000",135.92,21,18-1,320,,,반포대로 275,0,00275,00000,2121003,2,11650,11650,반포동,,전월세,202307,2023-07-06,41,41.1,130000,320,월세
래미안퍼스티지,11650-3559,2009,23.08~25.08,갱신,8,7,2023,"110,100",84.93,27,18-1,150,"110,000",300,반포대로 275,0,00275,00000,2121003,2,11650,11650,반포동,사용,전월세,202307,2023-07-08,26,25.7,110100,150,월세
래미안퍼스티지,11650-3559,2009,,,8,7,2023,"110,000",84.93,27,18-1,150,,,반포대로 275,0,00275,00000,2121003,2,11650,11650,반포동,,전월세,202307,2023-07-08,26,25.7,110000,150,월세
래미안퍼스티지,11650-3559,2009,23.10~25.10,갱신,8,7,2023,"30,000",84.93,26,18-1,336,"30,000",320,반포대로 275,0,00275,00000,2121003,2,11650,11650,반포동,사용,전월세,202307,2023-07-08,26,25.7,30000,336,월세
래미안퍼스티지,11650-3559,2009,23.09~25.09,신규,10,7,2023,"80,000",117.12,18,18-1,500,,,반포대로 275,0,00275,00000,2121003,2,11650,11650,반포동,,전월세,202307,2023-07-10,35,35.4,80000,500,월세
래미안퍼스티지,11650-3559,2009,23.10~25.10,신규,11,7,2023,"10,000",84.93,6,18-1,560,,,반포대로 275,0,00275,00000,2121003,2,11650,11650,반포동,,전월세,202307,2023-07-11,26,25.7,10000,560,월세
래미안퍼스티지,11650-3559,2009,,,13,7,2023,"60,000",84.93,10,18-1,320,,,반포대로 275,0,00275,00000,2121003,2,11650,11650,반포동,,전월세,202307,2023-07-13,26,25.7,60000,320,월세
래미안퍼스티지,11650-3559,2009,,,13,7,2023,"80,000",84.93,10,18-1,240,,,반포대로 275,0,00275,00000,2121003,2,11650,11650,반포동,,전월세,202307,2023-07-13,26,25.7,80000,240,월세
래미안퍼스티지,11650-3559,2009,23.09~25.09,신규,13,7,2023,"60,000",84.93,10,18-1,320,,,반포대로 275,0,00275,00000,2121003,2,11650,11650,반포동,,전월세,202307,2023-07-13,26,25.7,60000,320,월세
래미안퍼스티지,11650-3559,2009,23.09~25.09,신규,14,7,2023,"140,000",169.31,16,18-1,400,,,반포대로 275,0,00275,00000,2121003,2,11650,11650,반포동,,전월세,202307,2023-07-14,51,51.2,140000,400,월세
래미안퍼스티지,11650-3559,2009,23.08~25.08,신규,14,7,2023,"30,000",59.89,24,18-1,300,,,반포대로 275,0,00275,00000,2121003,2,11650,11650,반포동,,전월세,202307,2023-07-14,18,18.1,30000,300,월세
래미안퍼스티지,11650-3559,2009,23.07~25.07,갱신,15,7,2023,"80,000",84.93,13,18-1,175,"70,000",175,반포대로 275,0,00275,00000,2121003,2,11650,11650,반포동,,전월세,202307,2023-07-15,26,25.7,80000,175,월세
래미안퍼스티지,11650-3559,2009,23.07~25.07,갱신,22,7,2023,"99,800",84.93,31,18-1,140,"99,800",113,반포대로 275,0,00275,00000,2121003,2,11650,11650,반포동,,전월세,202307,2023-07-22,26,25.7,99800,140,월세
래미안퍼스티지,11650-3559,2009,23.09~25.09,신규,23,7,2023,"80,000",117.12,22,18-1,400,,,반포대로 275,0,00275,00000,2121003,2,11650,11650,반포동,,전월세,202307,2023-07-23,35,35.4,80000,400,월세
래미안퍼스티지,11650-3559,2009,23.08~25.08,신규,24,7,2023,"10,000",84.93,14,18-1,520,,,반포대로 275,0,00275,00000,2121003,2,11650,11650,반포동,,전월세,202307,2023-07-24,26,25.7,10000,520,월세
래미안퍼스티지,11650-3559,2009,23.08~23.11,갱신,27,7,2023,"110,000",84.93,22,18-1,140,"100,000",94,반포대로 275,0,00275,00000,2121003,2,11650,11650,반포동,,전월세,202307,2023-07-27,26,25.7,110000,140,월세
래미안퍼스티지,11650-3559,2009,23.07~23.09,신규,28,7,2023,0,135.92,29,18-1,100,,,반포대로 275,0,00275,00000,2121003,2,11650,11650,반포동,,전월세,202307,2023-07-28,41,41.1,0,100,월세
래미안퍼스티지,11650-3559,2009,23.07~24.08,갱신,29,7,2023,"5,000",84.93,8,18-1,410,,390,반포대로 275,0,00275,00000,2121003,2,11650,11650,반포동,,전월세,202307,2023-07-29,26,25.7,5000,410,월세
래미안퍼스티지,11650-3559,2009,23.08~25.08,갱신,1,8,2023,"10,000",84.93,6,18-1,347,"10,000",330,반포대로 275,0,00275,00000,2121003,2,11650,11650,반포동,,전월세,202308,2023-08-01,26,25.7,10000,347,월세
래미안퍼스티지,11650-3559,2009,23.10~25.10,신규,2,8,2023,"40,000",59.89,2,18-1,220,,,반포대로 275,0,00275,00000,2121003,2,11650,11650,반포동,,전월세,202308,2023-08-02,18,18.1,40000,220,월세
래미안퍼스티지,11650-3559,2009,23.09~25.09,신규,3,8,2023,"100,000",169.31,2,18-1,550,,,반포대로 275,0,00275,00000,2121003,2,11650,11650,반포동,,전월세,202308,2023-08-03,51,51.2,100000,550,월세
래미안퍼스티지,11650-3559,2009,,,5,8,2023,"30,000",84.93,14,18-1,400,,,반포대로 275,0,00275,00000,2121003,2,11650,11650,반포동,,전월세,202308,2023-08-05,26,25.7,30000,400,월세
래미안퍼스티지,11650-3559,2009,23.09~25.09,신규,5,8,2023,"30,000",84.93,14,18-1,400,,,반포대로 275,0,00275,00000,2121003,2,11650,11650,반포동,,전월세,202308,2023-08-05,26,25.7,30000,400,월세
래미안퍼스티지,11650-3559,2009,23.09~25.09,신규,7,8,2023,"120,000",168.65,26,18-1,460,,,반포대로 275,0,00275,00000,2121003,2,11650,11650,반포동,,전월세,202308,2023-08-07,51,51.0,120000,460,월세
래미안퍼스티지,11650-3559,2009,23.08~25.08,갱신,9,8,2023,"175,000",136.65,6,18-1,90,"170,000",90,반포대로 275,0,00275,00000,2121003,2,11650,11650,반포동,사용,전월세,202308,2023-08-09,41,41.3,175000,90,월세
래미안퍼스티지,11650-3559,2009,23.10~25.10,신규,9,8,2023,"10,000",84.93,15,18-1,580,,,반포대로 275,0,00275,00000,2121003,2,11650,11650,반포동,,전월세,202308,2023-08-09,26,25.7,10000,580,월세
래미안퍼스티지,11650-3559,2009,23.09~25.09,신규,11,8,2023,"50,000",59.96,18,18-1,200,,,반포대로 275,0,00275,00000,2121003,2,11650,11650,반포동,,전월세,202308,2023-08-11,18,18.1,50000,200,월세
래미안퍼스티지,11650-3559,2009,23.08~25.08,갱신,15,8,2023,"80,000",84.93,22,18-1,230,"80,000",130,반포대로 275,0,00275,00000,2121003,2,11650,11650,반포동,,전월세,202308,2023-08-15,26,25.7,80000,230,월세
래미안퍼스티지,11650-3559,2009,23.10~24.10,갱신,16,8,2023,"200,000",198.04,9,18-1,500,"160,000",330,반포대로 275,0,00275,00000,2121003,2,11650,11650,반포동,,전월세,202308,2023-08-16,60,59.9,200000,500,월세
래미안퍼스티지,11650-3559,2009,23.11~25.11,신규,17,8,2023,"120,000",169.31,23,18-1,270,,,반포대로 275,0,00275,00000,2121003,2,11650,11650,반포동,,전월세,202308,2023-08-17,51,51.2,120000,270,월세
래미안퍼스티지,11650-3559,2009,23.10~25.10,신규,18,8,2023,"50,000",117.12,17,18-1,560,,,반포대로 275,0,00275,00000,2121003,2,11650,11650,반포동,,전월세,202308,2023-08-18,35,35.4,50000,560,월세
래미안퍼스티지,11650-3559,2009,23.10~25.10,신규,23,8,2023,"110,000",84.93,7,18-1,100,,,반포대로 275,0,00275,00000,2121003,2,11650,11650,반포동,,전월세,202308,2023-08-23,26,25.7,110000,100,월세
래미안퍼스티지,11650-3559,2009,23.10~26.02,갱신,24,8,2023,"20,000",84.93,6,18-1,500,"20,000",500,반포대로 275,0,00275,00000,2121003,2,11650,11650,반포동,사용,전월세,202308,2023-08-24,26,25.7,20000,500,월세
래미안퍼스티지,11650-3559,2009,23.10~25.10,신규,25,8,2023,"50,000",84.93,10,18-1,230,,,반포대로 275,0,00275,00000,2121003,2,11650,11650,반포동,,전월세,202308,2023-08-25,26,25.7,50000,230,월세
래미안퍼스티지,11650-3559,2009,23.09~25.09,갱신,26,8,2023,"50,000",59.96,30,18-1,158,"50,000",130,반포대로 275,0,00275,00000,2121003,2,11650,11650,반포동,,전월세,202308,2023-08-26,18,18.1,50000,158,월세
래미안퍼스티지,11650-3559,2009,23.09~25.09,신규,26,8,2023,"100,000",84.93,6,18-1,100,,,반포대로 275,0,00275,00000,2121003,2,11650,11650,반포동,,전월세,202308,2023-08-26,26,25.7,100000,100,월세
래미안퍼스티지,11650-3559,2009,23.10~25.10,신규,26,8,2023,"95,000",84.93,17,18-1,165,,,반포대로 275,0,00275,00000,2121003,2,11650,11650,반포동,,전월세,202308,2023-08-26,26,25.7,95000,165,월세
래미안퍼스티지,11650-3559,2009,,,29,8,2023,"70,000",84.85,22,18-1,300,,,반포대로 275,0,00275,00000,2121003,2,11650,11650,반포동,,전월세,202308,2023-08-29,26,25.7,70000,300,월세
래미안퍼스티지,11650-3559,2009,23.09~25.09,갱신,29,8,2023,"70,000",84.85,22,18-1,300,"70,000",450,반포대로 275,0,00275,00000,2121003,2,11650,11650,반포동,사용,전월세,202308,2023-08-29,26,25.7,70000,300,월세
래미안퍼스티지,11650-3559,2009,23.09~25.08,갱신,31,8,2023,"215,000",135.92,27,18-1,100,"215,000",200,반포대로 275,0,00275,00000,2121003,2,11650,11650,반포동,,전월세,202308,2023-08-31,41,41.1,215000,100,월세
래미안퍼스티지,11650-3559,2009,23.11~25.11,신규,1,9,2023,"20,000",84.93,6,18-1,460,,,반포대로 275,0,00275,00000,2121003,2,11650,11650,반포동,,전월세,202309,2023-09-01,26,25.7,20000,460,월세
래미안퍼스티지,11650-3559,2009,23.10~25.10,갱신,2,9,2023,"50,000",84.93,17,18-1,360,"50,000",268,반포대로 275,0,00275,00000,2121003,2,11650,11650,반포동,,전월세,202309,2023-09-02,26,25.7,50000,360,월세
래미안퍼스티지,11650-3559,2009,23.10~25.10,신규,2,9,2023,"20,000",84.93,8,18-1,510,,,반포대로 275,0,00275,00000,2121003,2,11650,11650,반포동,,전월세,202309,2023-09-02,26,25.7,20000,510,월세
래미안퍼스티지,11650-3559,2009,23.10~25.10,갱신,3,9,2023,"150,000",169.31,23,18-1,300,"150,000",300,반포대로 275,0,00275,00000,2121003,2,11650,11650,반포동,사용,전월세,202309,2023-09-03,51,51.2,150000,300,월세
래미안퍼스티지,11650-3559,2009,23.09~25.09,신규,4,9,2023,"30,000",115.65,7,18-1,700,,,반포대로 275,0,00275,00000,2121003,2,11650,11650,반포동,,전월세,202309,2023-09-04,35,35.0,30000,700,월세
래미안퍼스티지,11650-3559,2009,,신규,8,9,2023,"100,000",84.93,14,18-1,150,,,반포대로 275,0,00275,00000,2121003,2,11650,11650,반포동,,전월세,202309,2023-09-08,26,25.7,100000,150,월세
래미안퍼스티지,11650-3559,2009,23.09~25.09,갱신,11,9,2023,"120,000",84.93,7,18-1,120,"113,000",80,반포대로 275,0,00275,00000,2121003,2,11650,11650,반포동,,전월세,202309,2023-09-11,26,25.7,120000,120,월세
래미안퍼스티지,11650-3559,2009,23.09~25.09,갱신,13,9,2023,"65,000",135.92,29,18-1,600,"80,000",600,반포대로 275,0,00275,00000,2121003,2,11650,11650,반포동,,전월세,202309,2023-09-13,41,41.1,65000,600,월세
래미안퍼스티지,11650-3559,2009,,신규,14,9,2023,"120,000",169.31,31,18-1,500,,,반포대로 275,0,00275,00000,2121003,2,11650,11650,반포동,,전월세,202309,2023-09-14,51,51.2,120000,500,월세
래미안퍼스티지,11650-3559,2009,,갱신,14,9,2023,"190,000",169.31,17,18-1,300,"240,000",300,반포대로 275,0,00275,00000,2121003,2,11650,11650,반포동,,전월세,202309,2023-09-14,51,51.2,190000,300,월세
래미안퍼스티지,11650-3559,2009,23.09~25.09,신규,14,9,2023,"10,000",59.89,6,18-1,450,,,반포대로 275,0,00275,00000,2121003,2,11650,11650,반포동,,전월세,202309,2023-09-14,18,18.1,10000,450,월세
래미안퍼스티지,11650-3559,2009,23.11~25.11,신규,16,9,2023,"20,000",136.65,27,18-1,800,,,반포대로 275,0,00275,00000,2121003,2,11650,11650,반포동,,전월세,202309,2023-09-16,41,41.3,20000,800,월세
래미안퍼스티지,11650-3559,2009,,,17,9,2023,"10,000",59.96,1,18-1,350,,,반포대로 275,0,00275,00000,2121003,2,11650,11650,반포동,,전월세,202309,2023-09-17,18,18.1,10000,350,월세
래미안퍼스티지,11650-3559,2009,23.11~25.11,신규,17,9,2023,"10,000",59.96,1,18-1,350,,,반포대로 275,0,00275,00000,2121003,2,11650,11650,반포동,,전월세,202309,2023-09-17,18,18.1,10000,350,월세
래미안퍼스티지,11650-3559,2009,23.12~25.06,갱신,17,9,2023,"50,000",59.96,14,18-1,230,"50,000",350,반포대로 275,0,00275,00000,2121003,2,11650,11650,반포동,사용,전월세,202309,2023-09-17,18,18.1,50000,230,월세
래미안퍼스티지,11650-3559,2009,23.09~26.09,갱신,18,9,2023,"20,000",198.04,4,18-1,900,"20,000",650,반포대로 275,0,00275,00000,2121003,2,11650,11650,반포동,,전월세,202309,2023-09-18,60,59.9,20000,900,월세
래미안퍼스티지,11650-3559,2009,23.10~25.10,갱신,26,9,2023,"50,000",84.93,4,18-1,350,"50,000",480,반포대로 275,0,00275,00000,2121003,2,11650,11650,반포동,사용,전월세,202309,2023-09-26,26,25.7,50000,350,월세
래미안퍼스티지,11650-3559,2009,23.12~25.11,신규,6,10,2023,"100,000",84.93,17,18-1,150,,,반포대로 275,0,00275,00000,2121003,2,11650,11650,반포동,,전월세,202310,2023-10-06,26,25.7,100000,150,월세
래미안퍼스티지,11650-3559,2009,23.11~25.11,신규,7,10,2023,"30,000",84.93,19,18-1,430,,,반포대로 275,0,00275,00000,2121003,2,11650,11650,반포동,,전월세,202310,2023-10-07,26,25.7,30000,430,월세
래미안퍼스티지,11650-3559,2009,23.11~25.11,신규,7,10,2023,"30,000",84.93,19,18-1,430,,,반포대로 275,0,00275,00000,2121003,2,11650,11650,반포동,,전월세,202310,2023-10-07,26,25.7,30000,430,월세
래미안퍼스티지,11650-3559,2009,23.11~25.11,신규,8,10,2023,"10,000",168.65,7,18-1,950,,,반포대로 275,0,00275,00000,2121003,2,11650,11650,반포동,,전월세,202310,2023-10-08,51,51.0,10000,950,월세
래미안퍼스티지,11650-3559,2009,23.11~25.11,신규,9,10,2023,"110,000",84.93,28,18-1,140,,,반포대로 275,0,00275,00000,2121003,2,11650,11650,반포동,,전월세,202310,2023-10-09,26,25.7,110000,140,월세
래미안퍼스티지,11650-3559,2009,23.12~25.12,신규,10,10,2023,"100,000",135.92,28,18-1,500,,,반포대로 275,0,00275,00000,2121003,2,11650,11650,반포동,,전월세,202310,2023-10-10,41,41.1,100000,500,월세
래미안퍼스티지,11650-3559,2009,23.11~25.11,신규,11,10,2023,"40,000",59.89,26,18-1,240,,,반포대로 275,0,00275,00000,2121003,2,11650,11650,반포동,,전월세,202310,2023-10-11,18,18.1,40000,240,월세
래미안퍼스티지,11650-3559,2009,,,14,10,2023,"60,000",84.93,8,18-1,310,,,반포대로 275,0,00275,00000,2121003,2,11650,11650,반포동,,전월세,202310,2023-10-14,26,25.7,60000,310,월세
래미안퍼스티지,11650-3559,2009,23.12~25.12,신규,14,10,2023,"60,000",84.93,8,18-1,370,,,반포대로 275,0,00275,00000,2121003,2,11650,11650,반포동,,전월세,202310,2023-10-14,26,25.7,60000,370,월세
래미안퍼스티지,11650-3559,2009,23.11~25.11,신규,16,10,2023,"50,000",84.93,10,18-1,360,,,반포대로 275,0,00275,00000,2121003,2,11650,11650,반포동,,전월세,202310,2023-10-16,26,25.7,50000,360,월세
래미안퍼스티지,11650-3559,2009,23.12~25.12,신규,18,10,2023,"130,000",198.04,10,18-1,700,,,반포대로 275,0,00275,00000,2121003,2,11650,11650,반포동,,전월세,202310,2023-10-18,60,59.9,130000,700,월세
래미안퍼스티지,11650-3559,2009,23.10~25.10,갱신,20,10,2023,"200,000",168.65,6,18-1,300,"200,000",450,반포대로 275,0,00275,00000,2121003,2,11650,11650,반포동,사용,전월세,202310,2023-10-20,51,51.0,200000,300,월세
래미안퍼스티지,11650-3559,2009,23.12~25.12,신규,20,10,2023,"70,000",84.93,8,18-1,305,,,반포대로 275,0,00275,00000,2121003,2,11650,11650,반포동,,전월세,202310,2023-10-20,26,25.7,70000,305,월세
래미안퍼스티지,11650-3559,2009,23.12~25.12,신규,21,10,2023,"20,000",84.93,21,18-1,470,,,반포대로 275,0,00275,00000,2121003,2,11650,11650,반포동,,전월세,202310,2023-10-21,26,25.7,20000,470,월세
래미안퍼스티지,11650-3559,2009,23.11~25.12,신규,23,10,2023,"70,000",135.92,10,18-1,630,,,반포대로 275,0,00275,00000,2121003,2,11650,11650,반포동,,전월세,202310,2023-10-23,41,41.1,70000,630,월세
래미안퍼스티지,11650-3559,2009,23.12~25.12,신규,25,10,2023,"90,000",84.93,13,18-1,160,,,반포대로 275,0,00275,00000,2121003,2,11650,11650,반포동,,전월세,202310,2023-10-25,26,25.7,90000,160,월세
래미안퍼스티지,11650-3559,2009,24.01~26.01,신규,26,10,2023,"70,000",84.93,19,18-1,230,,,반포대로 275,0,00275,00000,2121003,2,11650,11650,반포동,,전월세,202310,2023-10-26,26,25.7,70000,230,월세
래미안퍼스티지,11650-3559,2009,24.01~26.01,신규,27,10,2023,"80,000",59.89,23,18-1,120,,,반포대로 275,0,00275,00000,2121003,2,11650,11650,반포동,,전월세,202310,2023-10-27,18,18.1,80000,120,월세
래미안퍼스티지,11650-3559,2009,24.01~26.01,신규,27,10,2023,"90,000",84.93,23,18-1,200,,,반포대로 275,0,00275,00000,2121003,2,11650,11650,반포동,,전월세,202310,2023-10-27,26,25.7,90000,200,월세
래미안퍼스티지,11650-3559,2009,,,27,10,2023,"90,000",84.93,23,18-1,200,,,반포대로 275,0,00275,00000,2121003,2,11650,11650,반포동,,전월세,202310,2023-10-27,26,25.7,90000,200,월세
래미안퍼스티지,11650-3559,2009,24.01~26.01,갱신,28,10,2023,"250,000",198.22,25,18-1,150,"213,270",150,반포대로 275,0,00275,00000,2121003,2,11650,11650,반포동,,전월세,202310,2023-10-28,60,60.0,250000,150,월세
래미안퍼스티지,11650-3559,2009,,,28,10,2023,"10,000",59.89,10,18-1,400,,,반포대로 275,0,00275,00000,2121003,2,11650,11650,반포동,,전월세,202310,2023-10-28,18,18.1,10000,400,월세
래미안퍼스티지,11650-3559,2009,23.10~24.10,신규,28,10,2023,"10,000",59.89,10,18-1,400,,,반포대로 275,0,00275,00000,2121003,2,11650,11650,반포동,,전월세,202310,2023-10-28,18,18.1,10000,400,월세
래미안퍼스티지,11650-3559,2009,23.12~25.12,신규,28,10,2023,"77,000",84.85,23,18-1,165,,,반포대로 275,0,00275,00000,2121003,2,11650,11650,반포동,,전월세,202310,2023-10-28,26,25.7,77000,165,월세
래미안퍼스티지,11650-3559,2009,23.12~25.12,신규,2,11,2023,"100,000",84.93,11,18-1,160,,,반포대로 275,0,00275,00000,2121003,2,11650,11650,반포동,,전월세,202311,2023-11-02,26,25.7,100000,160,월세
래미안퍼스티지,11650-3559,2009,23.12~25.12,신규,3,11,2023,"110,000",84.93,26,18-1,120,,,반포대로 275,0,00275,00000,2121003,2,11650,11650,반포동,,전월세,202311,2023-11-03,26,25.7,110000,120,월세
래미안퍼스티지,11650-3559,2009,24.01~26.01,갱신,3,11,2023,"70,000",84.93,28,18-1,320,"70,000",500,반포대로 275,0,00275,00000,2121003,2,11650,11650,반포동,사용,전월세,202311,2023-11-03,26,25.7,70000,320,월세
래미안퍼스티지,11650-3559,2009,23.12~25.12,신규,4,11,2023,"40,000",84.93,17,18-1,400,,,반포대로 275,0,00275,00000,2121003,2,11650,11650,반포동,,전월세,202311,2023-11-04,26,25.7,40000,400,월세
래미안퍼스티지,11650-3559,2009,23.12~25.12,갱신,4,11,2023,"80,000",84.93,18,18-1,200,"80,000",182,반포대로 275,0,00275,00000,2121003,2,11650,11650,반포동,,전월세,202311,2023-11-04,26,25.7,80000,200,월세
래미안퍼스티지,11650-3559,2009,,,9,11,2023,"110,000",198.04,5,18-1,725,,,반포대로 275,0,00275,00000,2121003,2,11650,11650,반포동,,전월세,202311,2023-11-09,60,59.9,110000,725,월세
래미안퍼스티지,11650-3559,2009,23.11~25.11,신규,10,11,2023,"250,000",222.15,13,18-1,340,,,반포대로 275,0,00275,00000,2121003,2,11650,11650,반포동,,전월세,202311,2023-11-10,67,67.2,250000,340,월세
래미안퍼스티지,11650-3559,2009,24.01~26.01,신규,10,11,2023,"80,000",84.93,9,18-1,240,,,반포대로 275,0,00275,00000,2121003,2,11650,11650,반포동,,전월세,202311,2023-11-10,26,25.7,80000,240,월세
래미안퍼스티지,11650-3559,2009,,,10,11,2023,"80,000",84.93,9,18-1,240,,,반포대로 275,0,00275,00000,2121003,2,11650,11650,반포동,,전월세,202311,2023-11-10,26,25.7,80000,240,월세
래미안퍼스티지,11650-3559,2009,,,11,11,2023,"150,000",135.92,15,18-1,280,,,반포대로 275,0,00275,00000,2121003,2,11650,11650,반포동,,전월세,202311,2023-11-11,41,41.1,150000,280,월세
래미안퍼스티지,11650-3559,2009,24.01~26.01,신규,11,11,2023,"150,000",135.92,15,18-1,280,,,반포대로 275,0,00275,00000,2121003,2,11650,11650,반포동,,전월세,202311,2023-11-11,41,41.1,150000,280,월세
래미안퍼스티지,11650-3559,2009,24.01~26.01,신규,11,11,2023,"65,000",59.89,5,18-1,165,,,반포대로 275,0,00275,00000,2121003,2,11650,11650,반포동,,전월세,202311,2023-11-11,18,18.1,65000,165,월세
래미안퍼스티지,11650-3559,2009,24.01~26.01,신규,11,11,2023,"40,000",84.93,2,18-1,360,,,반포대로 275,0,00275,00000,2121003,2,11650,11650,반포동,,전월세,202311,2023-11-11,26,25.7,40000,360,월세
래미안퍼스티지,11650-3559,2009,,,12,11,2023,"73,000",84.93,13,18-1,210,,,반포대로 275,0,00275,00000,2121003,2,11650,11650,반포동,,전월세,202311,2023-11-12,26,25.7,73000,210,월세
래미안퍼스티지,11650-3559,2009,24.01~26.01,신규,12,11,2023,"73,000",84.93,13,18-1,237,,,반포대로 275,0,00275,00000,2121003,2,11650,11650,반포동,,전월세,202311,2023-11-12,26,25.7,73000,237,월세
래미안퍼스티지,11650-3559,2009,24.01~26.01,신규,13,11,2023,"110,000",84.93,22,18-1,150,,,반포대로 275,0,00275,00000,2121003,2,11650,11650,반포동,,전월세,202311,2023-11-13,26,25.7,110000,150,월세
래미안퍼스티지,11650-3559,2009,23.12~25.12,신규,15,11,2023,"50,000",59.96,19,18-1,250,,,반포대로 275,0,00275,00000,2121003,2,11650,11650,반포동,,전월세,202311,2023-11-15,18,18.1,50000,250,월세
래미안퍼스티지,11650-3559,2009,24.01~26.01,신규,15,11,2023,"3,000",84.93,23,18-1,600,,,반포대로 275,0,00275,00000,2121003,2,11650,11650,반포동,,전월세,202311,2023-11-15,26,25.7,3000,600,월세
래미안퍼스티지,11650-3559,2009,,,15,11,2023,"3,000",84.93,23,18-1,"1,200",,,반포대로 275,0,00275,00000,2121003,2,11650,11650,반포동,,전월세,202311,2023-11-15,26,25.7,3000,1200,월세
래미안퍼스티지,11650-3559,2009,23.11~25.11,갱신,16,11,2023,"110,000",84.93,26,18-1,100,"108,200",150,반포대로 275,0,00275,00000,2121003,2,11650,11650,반포동,,전월세,202311,2023-11-16,26,25.7,110000,100,월세
래미안퍼스티지,11650-3559,2009,23.11~25.11,갱신,17,11,2023,"20,000",59.89,5,18-1,300,"20,000",288,반포대로 275,0,00275,00000,2121003,2,11650,11650,반포동,,전월세,202311,2023-11-17,18,18.1,20000,300,월세
래미안퍼스티지,11650-3559,2009,23.12~25.12,신규,18,11,2023,"10,000",84.93,15,18-1,550,,,반포대로 275,0,00275,00000,2121003,2,11650,11650,반포동,,전월세,202311,2023-11-18,26,25.7,10000,550,월세
래미안퍼스티지,11650-3559,2009,24.01~26.01,신규,20,11,2023,"170,000",198.04,15,18-1,800,,,반포대로 275,0,00275,00000,2121003,2,11650,11650,반포동,,전월세,202311,2023-11-20,60,59.9,170000,800,월세
래미안퍼스티지,11650-3559,2009,24.02~26.02,갱신,21,11,2023,"130,000",168.65,15,18-1,550,"130,000",404,반포대로 275,0,00275,00000,2121003,2,11650,11650,반포동,,전월세,202311,2023-11-21,51,51.0,130000,550,월세
래미안퍼스티지,11650-3559,2009,23.12~25.12,신규,21,11,2023,"90,000",59.89,16,18-1,80,,,반포대로 275,0,00275,00000,2121003,2,11650,11650,반포동,,전월세,202311,2023-11-21,18,18.1,90000,80,월세
래미안퍼스티지,11650-3559,2009,,,22,11,2023,"230,000",198.22,18,18-1,280,,,반포대로 275,0,00275,00000,2121003,2,11650,11650,반포동,,전월세,202311,2023-11-22,60,60.0,230000,280,월세
래미안퍼스티지,11650-3559,2009,24.02~26.02,신규,22,11,2023,"230,000",198.22,18,18-1,280,,,반포대로 275,0,00275,00000,2121003,2,11650,11650,반포동,,전월세,202311,2023-11-22,60,60.0,230000,280,월세
래미안퍼스티지,11650-3559,2009,,,22,11,2023,"90,000",84.93,4,18-1,200,,,반포대로 275,0,00275,00000,2121003,2,11650,11650,반포동,,전월세,202311,2023-11-22,26,25.7,90000,200,월세
래미안퍼스티지,11650-3559,2009,23.12~25.12,신규,22,11,2023,"20,000",84.93,25,18-1,490,,,반포대로 275,0,00275,00000,2121003,2,11650,11650,반포동,,전월세,202311,2023-11-22,26,25.7,20000,490,월세
래미안퍼스티지,11650-3559,2009,24.01~26.01,신규,22,11,2023,"90,000",84.93,4,18-1,200,,,반포대로 275,0,00275,00000,2121003,2,11650,11650,반포동,,전월세,202311,2023-11-22,26,25.7,90000,200,월세
래미안퍼스티지,11650-3559,2009,24.02~26.02,신규,25,11,2023,"10,000",84.93,24,18-1,520,,,반포대로 275,0,00275,00000,2121003,2,11650,11650,반포동,,전월세,202311,2023-11-25,26,25.7,10000,520,월세
래미안퍼스티지,11650-3559,2009,24.01~26.01,신규,30,11,2023,"10,000",84.93,27,18-1,600,,,반포대로 275,0,00275,00000,2121003,2,11650,11650,반포동,,전월세,202311,2023-11-30,26,25.7,10000,600,월세
래미안퍼스티지,11650-3559,2009,24.02~26.02,신규,2,12,2023,"100,000",135.92,1,18-1,550,,,반포대로 275,0,00275,00000,2121003,2,11650,11650,반포동,,전월세,202312,2023-12-02,41,41.1,100000,550,월세
래미안퍼스티지,11650-3559,2009,24.02~26.01,신규,2,12,2023,"65,000",59.89,26,18-1,180,,,반포대로 275,0,00275,00000,2121003,2,11650,11650,반포동,,전월세,202312,2023-12-02,18,18.1,65000,180,월세
래미안퍼스티지,11650-3559,2009,23.12~25.12,갱신,4,12,2023,"110,000",135.92,11,18-1,500,"100,000",500,반포대로 275,0,00275,00000,2121003,2,11650,11650,반포동,사용,전월세,202312,2023-12-04,41,41.1,110000,500,월세
래미안퍼스티지,11650-3559,2009,24.02~26.02,갱신,7,12,2023,"60,000",84.93,5,18-1,400,"50,000",440,반포대로 275,0,00275,00000,2121003,2,11650,11650,반포동,,전월세,202312,2023-12-07,26,25.7,60000,400,월세
래미안퍼스티지,11650-3559,2009,24.02~26.02,신규,8,12,2023,"70,000",59.89,24,18-1,130,,,반포대로 275,0,00275,00000,2121003,2,11650,11650,반포동,,전월세,202312,2023-12-08,18,18.1,70000,130,월세
래미안퍼스티지,11650-3559,2009,24.02~26.02,신규,10,12,2023,"100,000",59.89,3,18-1,30,,,반포대로 275,0,00275,00000,2121003,2,11650,11650,반포동,,전월세,202312,2023-12-10,18,18.1,100000,30,월세
래미안퍼스티지,11650-3559,2009,24.02~26.02,신규,13,12,2023,"85,000",84.93,9,18-1,210,,,반포대로 275,0,00275,00000,2121003,2,11650,11650,반포동,,전월세,202312,2023-12-13,26,25.7,85000,210,월세
래미안퍼스티지,11650-3559,2009,24.02~26.02,갱신,14,12,2023,"30,000",84.93,10,18-1,430,"20,000",391,반포대로 275,0,00275,00000,2121003,2,11650,11650,반포동,,전월세,202312,2023-12-14,26,25.7,30000,430,월세
래미안퍼스티지,11650-3559,2009,24.02~26.02,신규,15,12,2023,"40,000",84.93,8,18-1,500,,,반포대로 275,0,00275,00000,2121003,2,11650,11650,반포동,,전월세,202312,2023-12-15,26,25.7,40000,500,월세
래미안퍼스티지,11650-3559,2009,24.01~25.01,갱신,16,12,2023,"200,000",198.22,18,18-1,150,"200,000",150,반포대로 275,0,00275,00000,2121003,2,11650,11650,반포동,,전월세,202312,2023-12-16,60,60.0,200000,150,월세
래미안퍼스티지,11650-3559,2009,24.02~26.02,갱신,16,12,2023,"60,000",84.93,21,18-1,330,"50,000",530,반포대로 275,0,00275,00000,2121003,2,11650,11650,반포동,사용,전월세,202312,2023-12-16,26,25.7,60000,330,월세
래미안퍼스티지,11650-3559,2009,24.01~26.01,신규,18,12,2023,"20,000",59.96,15,18-1,415,,,반포대로 275,0,00275,00000,2121003,2,11650,11650,반포동,,전월세,202312,2023-12-18,18,18.1,20000,415,월세
래미안퍼스티지,11650-3559,2009,24.01~26.01,신규,18,12,2023,"20,000",84.93,20,18-1,440,,,반포대로 275,0,00275,00000,2121003,2,11650,11650,반포동,,전월세,202312,2023-12-18,26,25.7,20000,440,월세
래미안퍼스티지,11650-3559,2009,24.01~26.01,신규,22,12,2023,"90,000",84.93,30,18-1,260,,,반포대로 275,0,00275,00000,2121003,2,11650,11650,반포동,,전월세,202312,2023-12-22,26,25.7,90000,260,월세
래미안퍼스티지,11650-3559,2009,24.01~26.01,갱신,23,12,2023,"60,000",84.93,24,18-1,330,"50,000",300,반포대로 275,0,00275,00000,2121003,2,11650,11650,반포동,,전월세,202312,2023-12-23,26,25.7,60000,330,월세
래미안퍼스티지,11650-3559,2009,24.02~26.02,신규,26,12,2023,"190,000",135.92,12,18-1,170,,,반포대로 275,0,00275,00000,2121003,2,11650,11650,반포동,,전월세,202312,2023-12-26,41,41.1,190000,170,월세
래미안퍼스티지,11650-3559,2009,,,26,12,2023,"10,000",59.89,25,18-1,450,,,반포대로 275,0,00275,00000,2121003,2,11650,11650,반포동,,전월세,202312,2023-12-26,18,18.1,10000,450,월세
래미안퍼스티지,11650-3559,2009,24.02~26.02,신규,26,12,2023,"10,000",59.89,25,18-1,450,,,반포대로 275,0,00275,00000,2121003,2,11650,11650,반포동,,전월세,202312,2023-12-26,18,18.1,10000,450,월세
래미안퍼스티지,11650-3559,2009,24.02~26.02,갱신,26,12,2023,"94,000",84.93,20,18-1,168,"84,000",168,반포대로 275,0,00275,00000,2121003,2,11650,11650,반포동,,전월세,202312,2023-12-26,26,25.7,94000,168,월세
래미안퍼스티지,11650-3559,2009,24.03~26.03,신규,27,12,2023,"50,000",84.93,19,18-1,440,,,반포대로 275,0,00275,00000,2121003,2,11650,11650,반포동,,전월세,202312,2023-12-27,26,25.7,50000,440,월세
래미안퍼스티지,11650-3559,2009,24.02~26.02,신규,28,12,2023,"170,000",115.65,8,18-1,100,,,반포대로 275,0,00275,00000,2121003,2,11650,11650,반포동,,전월세,202312,2023-12-28,35,35.0,170000,100,월세
래미안퍼스티지,11650-3559,2009,24.02~26.02,신규,28,12,2023,"10,000",84.93,24,18-1,434,,,반포대로 275,0,00275,00000,2121003,2,11650,11650,반포동,,전월세,202312,2023-12-28,26,25.7,10000,434,월세
래미안퍼스티지,11650-3559,2009,24.02~26.02,신규,3,1,2024,"12,000",84.93,26,18-1,570,,,반포대로 275,0,00275,00000,2121003,2,11650,11650,반포동,,전월세,202401,2024-01-03,26,25.7,12000,570,월세
래미안퍼스티지,11650-3559,2009,24.02~26.02,신규,3,1,2024,"12,000",84.93,26,18-1,570,,,반포대로 275,0,00275,00000,2121003,2,11650,11650,반포동,,전월세,202401,2024-01-03,26,25.7,12000,570,월세
래미안퍼스티지,11650-3559,2009,24.02~26.01,신규,4,1,2024,"10,000",59.96,12,18-1,440,,,반포대로 275,0,00275,00000,2121003,2,11650,11650,반포동,,전월세,202401,2024-01-04,18,18.1,10000,440,월세
래미안퍼스티지,11650-3559,2009,24.02~26.02,갱신,6,1,2024,"100,000",59.89,27,18-1,60,"106,200",60,반포대로 275,0,00275,00000,2121003,2,11650,11650,반포동,,전월세,202401,2024-01-06,18,18.1,100000,60,월세
래미안퍼스티지,11650-3559,2009,24.02~26.02,신규,12,1,2024,"150,000",169.31,21,18-1,530,,,반포대로 275,0,00275,00000,2121003,2,11650,11650,반포동,,전월세,202401,2024-01-12,51,51.2,150000,530,월세
래미안퍼스티지,11650-3559,2009,24.02~26.02,갱신,12,1,2024,"85,000",59.89,21,18-1,130,"80,000",136,반포대로 275,0,00275,00000,2121003,2,11650,11650,반포동,,전월세,202401,2024-01-12,18,18.1,85000,130,월세
래미안퍼스티지,11650-3559,2009,24.02~26.02,신규,12,1,2024,"95,000",59.96,2,18-1,50,,,반포대로 275,0,00275,00000,2121003,2,11650,11650,반포동,,전월세,202401,2024-01-12,18,18.1,95000,50,월세
래미안퍼스티지,11650-3559,2009,24.02~26.02,신규,12,1,2024,"30,000",84.93,6,18-1,540,,,반포대로 275,0,00275,00000,2121003,2,11650,11650,반포동,,전월세,202401,2024-01-12,26,25.7,30000,540,월세
래미안퍼스티지,11650-3559,2009,24.03~26.03,갱신,12,1,2024,"140,000",84.93,29,18-1,30,"140,000",70,반포대로 275,0,00275,00000,2121003,2,11650,11650,반포동,,전월세,202401,2024-01-12,26,25.7,140000,30,월세
래미안퍼스티지,11650-3559,2009,24.02~26.02,신규,13,1,2024,"100,000",169.31,30,18-1,560,,,반포대로 275,0,00275,00000,2121003,2,11650,11650,반포동,,전월세,202401,2024-01-13,51,51.2,100000,560,월세
래미안퍼스티지,11650-3559,2009,24.01~26.01,신규,13,1,2024,"10,000",59.89,14,18-1,440,,,반포대로 275,0,00275,00000,2121003,2,11650,11650,반포동,,전월세,202401,2024-01-13,18,18.1,10000,440,월세
래미안퍼스티지,11650-3559,2009,24.02~26.02,신규,20,1,2024,"140,000",135.92,16,18-1,530,,,반포대로 275,0,00275,00000,2121003,2,11650,11650,반포동,,전월세,202401,2024-01-20,41,41.1,140000,530,월세
래미안퍼스티지,11650-3559,2009,24.02~26.02,신규,27,1,2024,"10,000",222.15,26,18-1,"1,250",,,반포대로 275,0,00275,00000,2121003,2,11650,11650,반포동,,전월세,202401,2024-01-27,67,67.2,10000,1250,월세
래미안퍼스티지,11650-3559,2009,24.03~26.03,신규,28,1,2024,"120,000",84.85,24,18-1,150,,,반포대로 275,0,00275,00000,2121003,2,11650,11650,반포동,,전월세,202401,2024-01-28,26,25.7,120000,150,월세
래미안퍼스티지,11650-3559,2009,24.01~26.01,갱신,29,1,2024,"60,000",84.85,20,18-1,320,"58,390",270,반포대로 275,0,00275,00000,2121003,2,11650,11650,반포동,,전월세,202401,2024-01-29,26,25.7,60000,320,월세
래미안퍼스티지,11650-3559,2009,24.03~26.03,신규,31,1,2024,"100,000",169.31,2,18-1,800,,,반포대로 275,0,00275,00000,2121003,2,11650,11650,반포동,,전월세,202401,2024-01-31,51,51.2,100000,800,월세
래미안퍼스티지,11650-3559,2009,24.02~27.02,갱신,2,2,2024,"200,000",135.92,21,18-1,170,"200,000",120,반포대로 275,0,00275,00000,2121003,2,11650,11650,반포동,,전월세,202402,2024-02-02,41,41.1,200000,170,월세
래미안퍼스티지,11650-3559,2009,24.04~24.12,갱신,3,2,2024,"148,000",198.04,1,18-1,500,"133,000",350,반포대로 275,0,00275,00000,2121003,2,11650,11650,반포동,,전월세,202402,2024-02-03,60,59.9,148000,500,월세
래미안퍼스티지,11650-3559,2009,,,3,2,2024,"110,000",84.93,16,18-1,220,,,반포대로 275,0,00275,00000,2121003,2,11650,11650,반포동,,전월세,202402,2024-02-03,26,25.7,110000,220,월세
래미안퍼스티지,11650-3559,2009,24.02~26.02,갱신,3,2,2024,"110,000",84.93,16,18-1,220,"110,000",172,반포대로 275,0,00275,00000,2121003,2,11650,11650,반포동,,전월세,202402,2024-02-03,26,25.7,110000,220,월세
래미안퍼스티지,11650-3559,2009,24.02~26.02,갱신,15,2,2024,"260,000",169.31,25,18-1,140,"280,000",410,반포대로 275,0,00275,00000,2121003,2,11650,11650,반포동,사용,전월세,202402,2024-02-15,51,51.2,260000,140,월세
래미안퍼스티지,11650-3559,2009,24.04~26.04,신규,17,2,2024,"10,000",168.65,20,18-1,"1,030",,,반포대로 275,0,00275,00000,2121003,2,11650,11650,반포동,,전월세,202402,2024-02-17,51,51.0,10000,1030,월세
래미안퍼스티지,11650-3559,2009,24.05~26.05,신규,19,2,2024,"115,000",59.89,5,18-1,60,,,반포대로 275,0,00275,00000,2121003,2,11650,11650,반포동,,전월세,202402,2024-02-19,18,18.1,115000,60,월세
래미안퍼스티지,11650-3559,2009,24.04~26.04,신규,21,2,2024,"55,000",84.93,7,18-1,510,,,반포대로 275,0,00275,00000,2121003,2,11650,11650,반포동,,전월세,202402,2024-02-21,26,25.7,55000,510,월세
래미안퍼스티지,11650-3559,2009,24.04~26.04,갱신,24,2,2024,"21,000",59.98,15,18-1,350,"21,000",263,반포대로 275,0,00275,00000,2121003,2,11650,11650,반포동,,전월세,202402,2024-02-24,18,18.1,21000,350,월세
래미안퍼스티지,11650-3559,2009,24.03~26.03,갱신,25,2,2024,"10,000",59.89,15,18-1,430,"10,000",400,반포대로 275,0,00275,00000,2121003,2,11650,11650,반포동,사용,전월세,202402,2024-02-25,18,18.1,10000,430,월세
래미안퍼스티지,11650-3559,2009,24.05~26.05,신규,27,2,2024,"80,000",84.93,16,18-1,325,,,반포대로 275,0,00275,00000,2121003,2,11650,11650,반포동,,전월세,202402,2024-02-27,26,25.7,80000,325,월세
래미안퍼스티지,11650-3559,2009,24.05~26.05,갱신,29,2,2024,"60,000",59.96,13,18-1,230,"60,000",250,반포대로 275,0,00275,00000,2121003,2,11650,11650,반포동,사용,전월세,202402,2024-02-29,18,18.1,60000,230,월세
래미안퍼스티지,11650-3559,2009,24.03~26.03,신규,6,3,2024,"15,000",84.93,13,18-1,590,,,반포대로 275,0,00275,00000,2121003,2,11650,11650,반포동,,전월세,202403,2024-03-06,26,25.7,15000,590,월세
래미안퍼스티지,11650-3559,2009,24.06~26.05,갱신,9,3,2024,"140,000",115.65,25,18-1,240,"90,000",860,반포대로 275,0,00275,00000,2121003,2,11650,11650,반포동,,전월세,202403,2024-03-09,35,35.0,140000,240,월세
래미안퍼스티지,11650-3559,2009,24.03~26.03,신규,9,3,2024,"20,000",84.93,4,18-1,480,,,반포대로 275,0,00275,00000,2121003,2,11650,11650,반포동,,전월세,202403,2024-03-09,26,25.7,20000,480,월세
래미안퍼스티지,11650-3559,2009,24.07~25.02,신규,23,3,2024,"10,000",84.93,19,18-1,550,,,반포대로 275,0,00275,00000,2121003,2,11650,11650,반포동,,전월세,202403,2024-03-23,26,25.7,10000,550,월세
래미안퍼스티지,11650-3559,2009,24.07~25.02,신규,23,3,2024,"10,000",84.93,19,18-1,550,,,반포대로 275,0,00275,00000,2121003,2,11650,11650,반포동,,전월세,202403,2024-03-23,26,25.7,10000,550,월세
래미안퍼스티지,11650-3559,2009,24.05~26.05,신규,23,3,2024,"90,000",84.93,30,18-1,300,,,반포대로 275,0,00275,00000,2121003,2,11650,11650,반포동,,전월세,202403,2024-03-23,26,25.7,90000,300,월세
래미안퍼스티지,11650-3559,2009,24.05~26.05,갱신,2,4,2024,"60,000",59.96,13,18-1,230,"60,000",250,반포대로 275,0,00275,00000,2121003,2,11650,11650,반포동,사용,전월세,202404,2024-04-02,18,18.1,60000,230,월세
래미안퍼스티지,11650-3559,2009,24.05~26.05,갱신,2,4,2024,"60,000",59.96,13,18-1,230,"60,000",250,반포대로 275,0,00275,00000,2121003,2,11650,11650,반포동,사용,전월세,202404,2024-04-02,18,18.1,60000,230,월세
래미안퍼스티지,11650-3559,2009,24.04~26.04,갱신,6,4,2024,"30,000",222.76,22,18-1,"1,180","30,000","1,120",반포대로 275,0,00275,00000,2121003,2,11650,11650,반포동,사용,전월세,202404,2024-04-06,67,67.4,30000,1180,월세
래미안퍼스티지,11650-3559,2009,24.05~26.04,신규,7,4,2024,"10,000",59.89,10,18-1,400,,,반포대로 275,0,00275,00000,2121003,2,11650,11650,반포동,,전월세,202404,2024-04-07,18,18.1,10000,400,월세
래미안퍼스티지,11650-3559,2009,24.05~26.05,신규,10,4,2024,"50,000",222.76,6,18-1,"1,000",,,반포대로 275,0,00275,00000,2121003,2,11650,11650,반포동,,전월세,202404,2024-04-10,67,67.4,50000,1000,월세
래미안퍼스티지,11650-3559,2009,24.05~25.05,신규,12,4,2024,"30,000",59.98,6,18-1,345,,,반포대로 275,0,00275,00000,2121003,2,11650,11650,반포동,,전월세,202404,2024-04-12,18,18.1,30000,345,월세
래미안퍼스티지,11650-3559,2009,24.07~26.07,신규,13,4,2024,"50,000",59.96,9,18-1,280,,,반포대로 275,0,00275,00000,2121003,2,11650,11650,반포동,,전월세,202404,2024-04-13,18,18.1,50000,280,월세
래미안퍼스티지,11650-3559,2009,24.04~25.02,갱신,17,4,2024,"210,000",198.22,23,18-1,190,"170,000",350,반포대로 275,0,00275,00000,2121003,2,11650,11650,반포동,,전월세,202404,2024-04-17,60,60.0,210000,190,월세
래미안퍼스티지,11650-3559,2009,24.07~26.07,갱신,18,4,2024,"170,000",136.65,24,18-1,360,"150,000",700,반포대로 275,0,00275,00000,2121003,2,11650,11650,반포동,,전월세,202404,2024-04-18,41,41.3,170000,360,월세
래미안퍼스티지,11650-3559,2009,24.06~26.06,신규,18,4,2024,"10,000",84.93,27,18-1,620,,,반포대로 275,0,00275,00000,2121003,2,11650,11650,반포동,,전월세,202404,2024-04-18,26,25.7,10000,620,월세
래미안퍼스티지,11650-3559,2009,24.05~26.05,신규,22,4,2024,"70,000",84.93,11,18-1,280,,,반포대로 275,0,00275,00000,2121003,2,11650,11650,반포동,,전월세,202404,2024-04-22,26,25.7,70000,280,월세
래미안퍼스티지,11650-3559,2009,24.05~26.05,신규,22,4,2024,"70,000",84.93,11,18-1,280,,,반포대로 275,0,00275,00000,2121003,2,11650,11650,반포동,,전월세,202404,2024-04-22,26,25.7,70000,280,월세
래미안퍼스티지,11650-3559,2009,24.06~26.06,신규,24,4,2024,"30,000",169.31,11,18-1,600,,,반포대로 275,0,00275,00000,2121003,2,11650,11650,반포동,,전월세,202404,2024-04-24,51,51.2,30000,600,월세
래미안퍼스티지,11650-3559,2009,24.06~26.06,갱신,25,4,2024,"180,000",135.92,8,18-1,160,"190,000",160,반포대로 275,0,00275,00000,2121003,2,11650,11650,반포동,,전월세,202404,2024-04-25,41,41.1,180000,160,월세
래미안퍼스티지,11650-3559,2009,24.06~26.06,신규,26,4,2024,"100,000",84.76,11,18-1,240,,,반포대로 275,0,00275,00000,2121003,2,11650,11650,반포동,,전월세,202404,2024-04-26,26,25.6,100000,240,월세
래미안퍼스티지,11650-3559,2009,24.04~26.04,갱신,29,4,2024,"50,000",84.93,27,18-1,460,"50,000",530,반포대로 275,0,00275,00000,2121003,2,11650,11650,반포동,사용,전월세,202404,2024-04-29,26,25.7,50000,460,월세
래미안퍼스티지,11650-3559,2009,24.06~26.06,신규,30,4,2024,"40,000",84.93,12,18-1,480,,,반포대로 275,0,00275,00000,2121003,2,11650,11650,반포동,,전월세,202404,2024-04-30,26,25.7,40000,480,월세
래미안퍼스티지,11650-3559,2009,24.07~26.07,신규,2,5,2024,"30,000",117.12,7,18-1,750,,,반포대로 275,0,00275,00000,2121003,2,11650,11650,반포동,,전월세,202405,2024-05-02,35,35.4,30000,750,월세
래미안퍼스티지,11650-3559,2009,24.06~26.06,갱신,2,5,2024,"50,000",168.65,10,18-1,780,"50,000",584,반포대로 275,0,00275,00000,2121003,2,11650,11650,반포동,사용,전월세,202405,2024-05-02,51,51.0,50000,780,월세
래미안퍼스티지,11650-3559,2009,24.07~26.07,신규,14,5,2024,"170,000",168.65,13,18-1,270,,,반포대로 275,0,00275,00000,2121003,2,11650,11650,반포동,,전월세,202405,2024-05-14,51,51.0,170000,270,월세
래미안퍼스티지,11650-3559,2009,24.08~26.08,신규,27,5,2024,"10,000",59.89,27,18-1,440,,,반포대로 275,0,00275,00000,2121003,2,11650,11650,반포동,,전월세,202405,2024-05-27,18,18.1,10000,440,월세
래미안퍼스티지,11650-3559,2009,24.07~26.07,갱신,29,5,2024,"30,000",115.65,13,18-1,698,"30,000",498,반포대로 275,0,00275,00000,2121003,2,11650,11650,반포동,,전월세,202405,2024-05-29,35,35.0,30000,698,월세
래미안퍼스티지,11650-3559,2009,24.08~26.08,갱신,30,5,2024,"221,400",169.31,14,18-1,84,"210,000",84,반포대로 275,0,00275,00000,2121003,2,11650,11650,반포동,,전월세,202405,2024-05-30,51,51.2,221400,84,월세
래미안퍼스티지,11650-3559,2009,24.06~26.06,신규,3,6,2024,"20,000",135.92,11,18-1,840,,,반포대로 275,0,00275,00000,2121003,2,11650,11650,반포동,,전월세,202406,2024-06-03,41,41.1,20000,840,월세
래미안퍼스티지,11650-3559,2009,24.07~26.07,신규,8,6,2024,"156,000",84.93,16,18-1,30,,,반포대로 275,0,00275,00000,2121003,2,11650,11650,반포동,,전월세,202406,2024-06-08,26,25.7,156000,30,월세
래미안퍼스티지,11650-3559,2009,24.07~26.07,신규,10,6,2024,"280,000",198.04,18,18-1,280,,,반포대로 275,0,00275,00000,2121003,2,11650,11650,반포동,,전월세,202406,2024-06-10,60,59.9,280000,280,월세
래미안퍼스티지,11650-3559,2009,24.08~26.08,신규,12,6,2024,"10,000",84.93,18,18-1,580,,,반포대로 275,0,00275,00000,2121003,2,11650,11650,반포동,,전월세,202406,2024-06-12,26,25.7,10000,580,월세
래미안퍼스티지,11650-3559,2009,24.08~26.08,신규,14,6,2024,"200,000",117.12,16,18-1,80,,,반포대로 275,0,00275,00000,2121003,2,11650,11650,반포동,,전월세,202406,2024-06-14,35,35.4,200000,80,월세
래미안퍼스티지,11650-3559,2009,24.09~26.09,신규,15,6,2024,"70,000",59.89,4,18-1,200,,,반포대로 275,0,00275,00000,2121003,2,11650,11650,반포동,,전월세,202406,2024-06-15,18,18.1,70000,200,월세
래미안퍼스티지,11650-3559,2009,24.07~26.07,갱신,16,6,2024,"100,000",222.76,8,18-1,"1,000","100,000","1,100",반포대로 275,0,00275,00000,2121003,2,11650,11650,반포동,,전월세,202406,2024-06-16,67,67.4,100000,1000,월세
래미안퍼스티지,11650-3559,2009,24.07~26.07,갱신,26,6,2024,"93,000",84.76,26,18-1,240,"77,340",240,반포대로 275,0,00275,00000,2121003,2,11650,11650,반포동,,전월세,202406,2024-06-26,26,25.6,93000,240,월세
래미안퍼스티지,11650-3559,2009,24.08~26.08,갱신,27,6,2024,"40,000",84.93,19,18-1,481,"40,000",450,반포대로 275,0,00275,00000,2121003,2,11650,11650,반포동,사용,전월세,202406,2024-06-27,26,25.7,40000,481,월세
래미안퍼스티지,11650-3559,2009,24.08~26.08,신규,1,7,2024,"20,000",84.93,30,18-1,600,,,반포대로 275,0,00275,00000,2121003,2,11650,11650,반포동,,전월세,202407,2024-07-01,26,25.7,20000,600,월세
래미안퍼스티지,11650-3559,2009,24.08~26.08,신규,2,7,2024,"60,000",198.22,8,18-1,"1,000",,,반포대로 275,0,00275,00000,2121003,2,11650,11650,반포동,,전월세,202407,2024-07-02,60,60.0,60000,1000,월세
래미안퍼스티지,11650-3559,2009,24.07~26.07,신규,2,7,2024,"30,000",59.98,6,18-1,360,,,반포대로 275,0,00275,00000,2121003,2,11650,11650,반포동,,전월세,202407,2024-07-02,18,18.1,30000,360,월세
래미안퍼스티지,11650-3559,2009,24.08~26.08,신규,5,7,2024,"120,000",84.93,12,18-1,160,,,반포대로 275,0,00275,00000,2121003,2,11650,11650,반포동,,전월세,202407,2024-07-05,26,25.7,120000,160,월세
래미안퍼스티지,11650-3559,2009,24.08~26.08,신규,6,7,2024,"50,000",59.96,12,18-1,300,,,반포대로 275,0,00275,00000,2121003,2,11650,11650,반포동,,전월세,202407,2024-07-06,18,18.1,50000,300,월세
래미안퍼스티지,11650-3559,2009,24.07~26.07,신규,13,7,2024,"2,000",222.76,25,18-1,"1,450",,,반포대로 275,0,00275,00000,2121003,2,11650,11650,반포동,,전월세,202407,2024-07-13,67,67.4,2000,1450,월세
래미안퍼스티지,11650-3559,2009,24.10~26.10,신규,13,7,2024,"110,000",59.96,23,18-1,120,,,반포대로 275,0,00275,00000,2121003,2,11650,11650,반포동,,전월세,202407,2024-07-13,18,18.1,110000,120,월세
래미안퍼스티지,11650-3559,2009,24.08~26.08,신규,15,7,2024,"250,000",168.65,23,18-1,80,,,반포대로 275,0,00275,00000,2121003,2,11650,11650,반포동,,전월세,202407,2024-07-15,51,51.0,250000,80,월세
래미안퍼스티지,11650-3559,2009,24.09~26.09,신규,18,7,2024,"20,000",135.92,19,18-1,820,,,반포대로 275,0,00275,00000,2121003,2,11650,11650,반포동,,전월세,202407,2024-07-18,41,41.1,20000,820,월세
래미안퍼스티지,11650-3559,2009,24.07~26.07,갱신,18,7,2024,"26,000",59.89,3,18-1,200,"22,200",,반포대로 275,0,00275,00000,2121003,2,11650,11650,반포동,,전월세,202407,2024-07-18,18,18.1,26000,200,월세
래미안퍼스티지,11650-3559,2009,24.08~26.08,신규,19,7,2024,"130,000",84.93,23,18-1,100,,,반포대로 275,0,00275,00000,2121003,2,11650,11650,반포동,,전월세,202407,2024-07-19,26,25.7,130000,100,월세
래미안퍼스티지,11650-3559,2009,24.07~26.07,갱신,19,7,2024,"60,000",84.93,26,18-1,400,"70,000",400,반포대로 275,0,00275,00000,2121003,2,11650,11650,반포동,사용,전월세,202407,2024-07-19,26,25.7,60000,400,월세
래미안퍼스티지,11650-3559,2009,24.09~26.09,갱신,20,7,2024,"40,000",59.89,14,18-1,320,"40,000",259,반포대로 275,0,00275,00000,2121003,2,11650,11650,반포동,,전월세,202407,2024-07-20,18,18.1,40000,320,월세
래미안퍼스티지,11650-3559,2009,24.09~26.09,신규,20,7,2024,"50,000",84.93,24,18-1,480,,,반포대로 275,0,00275,00000,2121003,2,11650,11650,반포동,,전월세,202407,2024-07-20,26,25.7,50000,480,월세
래미안퍼스티지,11650-3559,2009,24.09~26.09,신규,24,7,2024,"40,000",117.12,24,18-1,520,,,반포대로 275,0,00275,00000,2121003,2,11650,11650,반포동,,전월세,202407,2024-07-24,35,35.4,40000,520,월세
래미안퍼스티지,11650-3559,2009,24.09~26.09,신규,30,7,2024,"20,000",135.92,28,18-1,800,,,반포대로 275,0,00275,00000,2121003,2,11650,11650,반포동,,전월세,202407,2024-07-30,41,41.1,20000,800,월세
래미안퍼스티지,11650-3559,2009,24.05~26.04,신규,7,8,2024,0,135.92,1,18-1,"1,000",,,반포대로 275,0,00275,00000,2121003,2,11650,11650,반포동,,전월세,202408,2024-08-07,41,41.1,0,1000,월세
래미안퍼스티지,11650-3559,2009,24.09~26.09,갱신,10,8,2024,"125,000",84.93,10,18-1,155,"145,000",155,반포대로 275,0,00275,00000,2121003,2,11650,11650,반포동,사용,전월세,202408,2024-08-10,26,25.7,125000,155,월세
래미안퍼스티지,11650-3559,2009,24.08~26.08,신규,13,8,2024,"130,000",84.93,14,18-1,80,,,반포대로 275,0,00275,00000,2121003,2,11650,11650,반포동,,전월세,202408,2024-08-13,26,25.7,130000,80,월세
래미안퍼스티지,11650-3559,2009,24.08~26.08,갱신,16,8,2024,"120,000",59.96,17,18-1,40,"120,000",,반포대로 275,0,00275,00000,2121003,2,11650,11650,반포동,,전월세,202408,2024-08-16,18,18.1,120000,40,월세
래미안퍼스티지,11650-3559,2009,24.09~26.09,신규,17,8,2024,"40,000",84.93,27,18-1,520,,,반포대로 275,0,00275,00000,2121003,2,11650,11650,반포동,,전월세,202408,2024-08-17,26,25.7,40000,520,월세
래미안퍼스티지,11650-3559,2009,23.12~25.12,신규,22,8,2024,"10,000",84.93,15,18-1,550,,,반포대로 275,0,00275,00000,2121003,2,11650,11650,반포동,,전월세,202408,2024-08-22,26,25.7,10000,550,월세
래미안퍼스티지,11650-3559,2009,23.03~25.03,신규,26,8,2024,"80,000",59.89,21,18-1,90,,,반포대로 275,0,00275,00000,2121003,2,11650,11650,반포동,,전월세,202408,2024-08-26,18,18.1,80000,90,월세
래미안퍼스티지,11650-3559,2009,24.12~25.12,갱신,27,8,2024,"55,000",59.96,16,18-1,300,"55,000",256,반포대로 275,0,00275,00000,2121003,2,11650,11650,반포동,사용,전월세,202408,2024-08-27,18,18.1,55000,300,월세
래미안퍼스티지,11650-3559,2009,24.10~26.10,신규,28,8,2024,"20,000",84.93,17,18-1,540,,,반포대로 275,0,00275,00000,2121003,2,11650,11650,반포동,,전월세,202408,2024-08-28,26,25.7,20000,540,월세
래미안퍼스티지,11650-3559,2009,24.10~26.10,갱신,31,8,2024,"145,000",84.85,9,18-1,75,"145,000",90,반포대로 275,0,00275,00000,2121003,2,11650,11650,반포동,사용,전월세,202408,2024-08-31,26,25.7,145000,75,월세
래미안퍼스티지,11650-3559,2009,24.10~26.10,신규,1,9,2024,"80,000",84.93,18,18-1,380,,,반포대로 275,0,00275,00000,2121003,2,11650,11650,반포동,,전월세,202409,2024-09-01,26,25.7,80000,380,월세
래미안퍼스티지,11650-3559,2009,24.10~26.10,신규,1,9,2024,"80,000",84.93,18,18-1,380,,,반포대로 275,0,00275,00000,2121003,2,11650,11650,반포동,,전월세,202409,2024-09-01,26,25.7,80000,380,월세
래미안퍼스티지,11650-3559,2009,24.10~26.10,갱신,2,9,2024,"10,000",84.93,7,18-1,600,"10,000",580,반포대로 275,0,00275,00000,2121003,2,11650,11650,반포동,사용,전월세,202409,2024-09-02,26,25.7,10000,600,월세
래미안퍼스티지,11650-3559,2009,24.09~26.09,갱신,5,9,2024,"187,500",168.65,19,18-1,326,"157,500",326,반포대로 275,0,00275,00000,2121003,2,11650,11650,반포동,,전월세,202409,2024-09-05,51,51.0,187500,326,월세
래미안퍼스티지,11650-3559,2009,24.10~26.10,갱신,5,9,2024,"10,000",84.93,15,18-1,610,"10,000",580,반포대로 275,0,00275,00000,2121003,2,11650,11650,반포동,사용,전월세,202409,2024-09-05,26,25.7,10000,610,월세
래미안퍼스티지,11650-3559,2009,24.11~26.11,갱신,6,9,2024,"80,500",84.93,7,18-1,360,"80,500",370,반포대로 275,0,00275,00000,2121003,2,11650,11650,반포동,사용,전월세,202409,2024-09-06,26,25.7,80500,360,월세
래미안퍼스티지,11650-3559,2009,24.10~26.10,신규,13,9,2024,"50,000",84.93,8,18-1,500,,,반포대로 275,0,00275,00000,2121003,2,11650,11650,반포동,,전월세,202409,2024-09-13,26,25.7,50000,500,월세
래미안퍼스티지,11650-3559,2009,24.10~26.10,갱신,21,9,2024,"120,000",84.93,28,18-1,160,"80,000",240,반포대로 275,0,00275,00000,2121003,2,11650,11650,반포동,,전월세,202409,2024-09-21,26,25.7,120000,160,월세
래미안퍼스티지,11650-3559,2009,24.10~26.10,신규,25,9,2024,"120,000",84.76,13,18-1,180,,,반포대로 275,0,00275,00000,2121003,2,11650,11650,반포동,,전월세,202409,2024-09-25,26,25.6,120000,180,월세
래미안퍼스티지,11650-3559,2009,24.09~27.09,신규,25,9,2024,"10,000",84.93,26,18-1,300,,,반포대로 275,0,00275,00000,2121003,2,11650,11650,반포동,,전월세,202409,2024-09-25,26,25.7,10000,300,월세
래미안퍼스티지,11650-3559,2009,24.11~26.11,갱신,26,9,2024,"148,000",84.93,22,18-1,35,"148,000",,반포대로 275,0,00275,00000,2121003,2,11650,11650,반포동,,전월세,202409,2024-09-26,26,25.7,148000,35,월세
래미안퍼스티지,11650-3559,2009,24.10~26.10,갱신,27,9,2024,"80,000",84.93,24,18-1,320,"90,000",350,반포대로 275,0,00275,00000,2121003,2,11650,11650,반포동,,전월세,202409,2024-09-27,26,25.7,80000,320,월세
래미안퍼스티지,11650-3559,2009,24.10~26.10,갱신,27,9,2024,"80,000",84.93,24,18-1,320,"90,000",350,반포대로 275,0,00275,00000,2121003,2,11650,11650,반포동,,전월세,202409,2024-09-27,26,25.7,80000,320,월세
래미안퍼스티지,11650-3559,2009,24.10~26.10,갱신,27,9,2024,"90,000",84.93,24,18-1,280,"90,000",350,반포대로 275,0,00275,00000,2121003,2,11650,11650,반포동,,전월세,202409,2024-09-27,26,25.7,90000,280,월세
래미안퍼스티지,11650-3559,2009,24.10~26.10,신규,30,9,2024,"60,000",84.93,3,18-1,440,,,반포대로 275,0,00275,00000,2121003,2,11650,11650,반포동,,전월세,202409,2024-09-30,26,25.7,60000,440,월세
래미안퍼스티지,11650-3559,2009,,,4,10,2024,"50,000",84.85,21,18-1,405,,,반포대로 275,0,00275,00000,2121003,2,11650,11650,반포동,,전월세,202410,2024-10-04,26,25.7,50000,405,월세
래미안퍼스티지,11650-3559,2009,24.11~26.11,갱신,15,10,2024,"20,000",59.96,22,18-1,420,"13,000",348,반포대로 275,0,00275,00000,2121003,2,11650,11650,반포동,,전월세,202410,2024-10-15,18,18.1,20000,420,월세
래미안퍼스티지,11650-3559,2009,24.12~26.12,갱신,19,10,2024,"120,000",84.93,26,18-1,160,"90,000",247,반포대로 275,0,00275,00000,2121003,2,11650,11650,반포동,,전월세,202410,2024-10-19,26,25.7,120000,160,월세
래미안퍼스티지,11650-3559,2009,24.10~26.10,갱신,19,10,2024,"30,000",84.93,6,18-1,540,"30,000",540,반포대로 275,0,00275,00000,2121003,2,11650,11650,반포동,,전월세,202410,2024-10-19,26,25.7,30000,540,월세
래미안퍼스티지,11650-3559,2009,24.12~26.12,신규,21,10,2024,"180,000",198.04,1,18-1,480,,,반포대로 275,0,00275,00000,2121003,2,11650,11650,반포동,,전월세,202410,2024-10-21,60,59.9,180000,480,월세
래미안퍼스티지,11650-3559,2009,24.11~26.11,갱신,21,10,2024,"10,000",84.93,31,18-1,600,"10,000",580,반포대로 275,0,00275,00000,2121003,2,11650,11650,반포동,,전월세,202410,2024-10-21,26,25.7,10000,600,월세
래미안퍼스티지,11650-3559,2009,24.10~26.10,신규,21,10,2024,"70,000",84.93,12,18-1,400,,,반포대로 275,0,00275,00000,2121003,2,11650,11650,반포동,,전월세,202410,2024-10-21,26,25.7,70000,400,월세
래미안퍼스티지,11650-3559,2009,25.01~27.01,갱신,24,10,2024,"110,000",84.93,11,18-1,270,"70,000",390,반포대로 275,0,00275,00000,2121003,2,11650,11650,반포동,,전월세,202410,2024-10-24,26,25.7,110000,270,월세
래미안퍼스티지,11650-3559,2009,24.12~26.12,갱신,26,10,2024,"130,000",84.93,28,18-1,160,"130,000",140,반포대로 275,0,00275,00000,2121003,2,11650,11650,반포동,사용,전월세,202410,2024-10-26,26,25.7,130000,160,월세
래미안퍼스티지,11650-3559,2009,24.12~26.12,신규,29,10,2024,"20,000",117.12,10,18-1,950,,,반포대로 275,0,00275,00000,2121003,2,11650,11650,반포동,,전월세,202410,2024-10-29,35,35.4,20000,950,월세
래미안퍼스티지,11650-3559,2009,25.01~27.01,신규,31,10,2024,"50,000",59.89,1,18-1,260,,,반포대로 275,0,00275,00000,2121003,2,11650,11650,반포동,,전월세,202410,2024-10-31,18,18.1,50000,260,월세
래미안퍼스티지,11650-3559,2009,25.01~27.01,신규,2,11,2024,"150,000",135.92,22,18-1,520,,,반포대로 275,0,00275,00000,2121003,2,11650,11650,반포동,,전월세,202411,2024-11-02,41,41.1,150000,520,월세
래미안퍼스티지,11650-3559,2009,24.12~26.12,신규,5,11,2024,"30,000",169.31,3,18-1,"1,100",,,반포대로 275,0,00275,00000,2121003,2,11650,11650,반포동,,전월세,202411,2024-11-05,51,51.2,30000,1100,월세
래미안퍼스티지,11650-3559,2009,24.11~25.02,갱신,7,11,2024,"10,000",59.89,10,18-1,400,"10,000",400,반포대로 275,0,00275,00000,2121003,2,11650,11650,반포동,,전월세,202411,2024-11-07,18,18.1,10000,400,월세
래미안퍼스티지,11650-3559,2009,25.01~27.01,신규,7,11,2024,"100,000",84.93,11,18-1,300,,,반포대로 275,0,00275,00000,2121003,2,11650,11650,반포동,,전월세,202411,2024-11-07,26,25.7,100000,300,월세
래미안퍼스티지,11650-3559,2009,25.02~27.02,신규,14,11,2024,"80,000",59.89,3,18-1,200,,,반포대로 275,0,00275,00000,2121003,2,11650,11650,반포동,,전월세,202411,2024-11-14,18,18.1,80000,200,월세
래미안퍼스티지,11650-3559,2009,25.01~27.01,신규,16,11,2024,"150,000",169.31,23,18-1,550,,,반포대로 275,0,00275,00000,2121003,2,11650,11650,반포동,,전월세,202411,2024-11-16,51,51.2,150000,550,월세
래미안퍼스티지,11650-3559,2009,25.01~27.01,신규,16,11,2024,"150,000",169.31,23,18-1,550,,,반포대로 275,0,00275,00000,2121003,2,11650,11650,반포동,,전월세,202411,2024-11-16,51,51.2,150000,550,월세
래미안퍼스티지,11650-3559,2009,25.02~27.02,신규,16,11,2024,"150,000",169.31,23,18-1,550,,,반포대로 275,0,00275,00000,2121003,2,11650,11650,반포동,,전월세,202411,2024-11-16,51,51.2,150000,550,월세
래미안퍼스티지,11650-3559,2009,25.01~27.01,갱신,18,11,2024,"10,000",59.96,17,18-1,366,"10,000",347,반포대로 275,0,00275,00000,2121003,2,11650,11650,반포동,,전월세,202411,2024-11-18,18,18.1,10000,366,월세
래미안퍼스티지,11650-3559,2009,25.02~27.02,신규,18,11,2024,"10,000",84.93,7,18-1,600,,,반포대로 275,0,00275,00000,2121003,2,11650,11650,반포동,,전월세,202411,2024-11-18,26,25.7,10000,600,월세
래미안퍼스티지,11650-3559,2009,24.12~26.12,신규,28,11,2024,"30,000",84.93,29,18-1,550,,,반포대로 275,0,00275,00000,2121003,2,11650,11650,반포동,,전월세,202411,2024-11-28,26,25.7,30000,550,월세
래미안퍼스티지,11650-3559,2009,24.12~26.12,갱신,29,11,2024,"148,000",84.93,15,18-1,60,"135,000",60,반포대로 275,0,00275,00000,2121003,2,11650,11650,반포동,,전월세,202411,2024-11-29,26,25.7,148000,60,월세
래미안퍼스티지,11650-3559,2009,25.02~27.02,신규,29,11,2024,"20,000",84.93,8,18-1,600,,,반포대로 275,0,00275,00000,2121003,2,11650,11650,반포동,,전월세,202411,2024-11-29,26,25.7,20000,600,월세
래미안퍼스티지,11650-3559,2009,25.02~27.02,신규,29,11,2024,"130,000",84.93,23,18-1,130,,,반포대로 275,0,00275,00000,2121003,2,11650,11650,반포동,,전월세,202411,2024-11-29,26,25.7,130000,130,월세
래미안퍼스티지,11650-3559,2009,25.01~27.01,신규,30,11,2024,"40,000",59.89,14,18-1,430,,,반포대로 275,0,00275,00000,2121003,2,11650,11650,반포동,,전월세,202411,2024-11-30,18,18.1,40000,430,월세
래미안퍼스티지,11650-3559,2009,25.01~27.01,신규,30,11,2024,"40,000",59.89,14,18-1,430,,,반포대로 275,0,00275,00000,2121003,2,11650,11650,반포동,,전월세,202411,2024-11-30,18,18.1,40000,430,월세
래미안퍼스티지,11650-3559,2009,25.02~27.02,신규,30,11,2024,"120,000",84.93,20,18-1,220,,,반포대로 275,0,00275,00000,2121003,2,11650,11650,반포동,,전월세,202411,2024-11-30,26,25.7,120000,220,월세
래미안퍼스티지,11650-3559,2009,25.02~27.02,신규,30,11,2024,"120,000",84.93,20,18-1,220,,,반포대로 275,0,00275,00000,2121003,2,11650,11650,반포동,,전월세,202411,2024-11-30,26,25.7,120000,220,월세
래미안퍼스티지,11650-3559,2009,25.01~27.01,갱신,4,12,2024,"130,000",135.92,11,18-1,500,"130,000",400,반포대로 275,0,00275,00000,2121003,2,11650,11650,반포동,,전월세,202412,2024-12-04,41,41.1,130000,500,월세
래미안퍼스티지,11650-3559,2009,25.01~27.01,갱신,4,12,2024,"10,000",59.96,14,18-1,530,"10,000",440,반포대로 275,0,00275,00000,2121003,2,11650,11650,반포동,,전월세,202412,2024-12-04,18,18.1,10000,530,월세
래미안퍼스티지,11650-3559,2009,25.02~27.02,신규,5,12,2024,"40,000",115.65,13,18-1,780,,,반포대로 275,0,00275,00000,2121003,2,11650,11650,반포동,,전월세,202412,2024-12-05,35,35.0,40000,780,월세
래미안퍼스티지,11650-3559,2009,25.02~27.02,신규,14,12,2024,"50,000",84.93,20,18-1,490,,,반포대로 275,0,00275,00000,2121003,2,11650,11650,반포동,,전월세,202412,2024-12-14,26,25.7,50000,490,월세
래미안퍼스티지,11650-3559,2009,25.02~27.02,신규,17,12,2024,"70,000",84.93,19,18-1,440,,,반포대로 275,0,00275,00000,2121003,2,11650,11650,반포동,,전월세,202412,2024-12-17,26,25.7,70000,440,월세
래미안퍼스티지,11650-3559,2009,25.01~27.01,갱신,19,12,2024,"100,000",59.98,23,18-1,40,"95,000",,반포대로 275,0,00275,00000,2121003,2,11650,11650,반포동,,전월세,202412,2024-12-19,18,18.1,100000,40,월세
래미안퍼스티지,11650-3559,2009,25.02~27.02,갱신,19,12,2024,"35,000",84.93,15,18-1,479,"35,000",450,반포대로 275,0,00275,00000,2121003,2,11650,11650,반포동,사용,전월세,202412,2024-12-19,26,25.7,35000,479,월세
래미안퍼스티지,11650-3559,2009,25.01~27.01,갱신,19,12,2024,"53,000",84.93,23,18-1,400,"53,000",400,반포대로 275,0,00275,00000,2121003,2,11650,11650,반포동,사용,전월세,202412,2024-12-19,26,25.7,53000,400,월세
래미안퍼스티지,11650-3559,2009,25.02~27.02,신규,20,12,2024,"200,000",135.92,17,18-1,310,,,반포대로 275,0,00275,00000,2121003,2,11650,11650,반포동,,전월세,202412,2024-12-20,41,41.1,200000,310,월세
래미안퍼스티지,11650-3559,2009,25.02~27.02,갱신,21,12,2024,"105,000",198.04,4,18-1,714,"100,000",680,반포대로 275,0,00275,00000,2121003,2,11650,11650,반포동,사용,전월세,202412,2024-12-21,60,59.9,105000,714,월세
래미안퍼스티지,11650-3559,2009,25.02~27.02,신규,22,12,2024,"10,000",59.89,10,18-1,520,,,반포대로 275,0,00275,00000,2121003,2,11650,11650,반포동,,전월세,202412,2024-12-22,18,18.1,10000,520,월세
래미안퍼스티지,11650-3559,2009,25.02~27.02,신규,22,12,2024,"120,000",84.93,3,18-1,240,,,반포대로 275,0,00275,00000,2121003,2,11650,11650,반포동,,전월세,202412,2024-12-22,26,25.7,120000,240,월세
래미안퍼스티지,11650-3559,2009,24.12~25.03,갱신,26,12,2024,"42,000",59.89,4,18-1,315,"40,000",300,반포대로 275,0,00275,00000,2121003,2,11650,11650,반포동,사용,전월세,202412,2024-12-26,18,18.1,42000,315,월세
래미안퍼스티지,11650-3559,2009,25.02~27.02,갱신,27,12,2024,"50,000",59.89,9,18-1,200,"50,000",180,반포대로 275,0,00275,00000,2121003,2,11650,11650,반포동,사용,전월세,202412,2024-12-27,18,18.1,50000,200,월세
래미안퍼스티지,11650-3559,2009,25.03~27.03,갱신,2,1,2025,"200,000",198.04,17,18-1,600,"200,000",600,반포대로 275,0,00275,00000,2121003,2,11650,11650,반포동,사용,전월세,202501,2025-01-02,60,59.9,200000,600,월세
래미안퍼스티지,11650-3559,2009,25.01~27.01,갱신,4,1,2025,"130,000",59.96,22,18-1,50,"98,000",,반포대로 275,0,00275,00000,2121003,2,11650,11650,반포동,,전월세,202501,2025-01-04,18,18.1,130000,50,월세
래미안퍼스티지,11650-3559,2009,25.01~27.01,갱신,4,1,2025,"130,000",59.96,22,18-1,50,"98,000",,반포대로 275,0,00275,00000,2121003,2,11650,11650,반포동,,전월세,202501,2025-01-04,18,18.1,130000,50,월세
래미안퍼스티지,11650-3559,2009,25.02~27.02,신규,4,1,2025,"100,000",84.76,11,18-1,275,,,반포대로 275,0,00275,00000,2121003,2,11650,11650,반포동,,전월세,202501,2025-01-04,26,25.6,100000,275,월세
래미안퍼스티지,11650-3559,2009,25.03~27.03,신규,8,1,2025,"135,000",84.93,20,18-1,200,,,반포대로 275,0,00275,00000,2121003,2,11650,11650,반포동,,전월세,202501,2025-01-08,26,25.7,135000,200,월세
래미안퍼스티지,11650-3559,2009,25.02~26.02,갱신,10,1,2025,"47,640",84.93,22,18-1,470,"40,000",470,반포대로 275,0,00275,00000,2121003,2,11650,11650,반포동,,전월세,202501,2025-01-10,26,25.7,47640,470,월세
래미안퍼스티지,11650-3559,2009,25.03~27.03,갱신,11,1,2025,"80,000",84.93,30,18-1,296,"60,000",350,반포대로 275,0,00275,00000,2121003,2,11650,11650,반포동,,전월세,202501,2025-01-11,26,25.7,80000,296,월세
래미안퍼스티지,11650-3559,2009,25.03~27.03,갱신,11,1,2025,"80,000",84.93,30,18-1,296,"60,000",350,반포대로 275,0,00275,00000,2121003,2,11650,11650,반포동,,전월세,202501,2025-01-11,26,25.7,80000,296,월세
래미안퍼스티지,11650-3559,2009,25.02~27.02,갱신,15,1,2025,"105,000",59.96,16,18-1,20,"105,000",,반포대로 275,0,00275,00000,2121003,2,11650,11650,반포동,사용,전월세,202501,2025-01-15,18,18.1,105000,20,월세
래미안퍼스티지,11650-3559,2009,25.03~27.03,신규,15,1,2025,"50,000",84.93,16,18-1,530,,,반포대로 275,0,00275,00000,2121003,2,11650,11650,반포동,,전월세,202501,2025-01-15,26,25.7,50000,530,월세
래미안퍼스티지,11650-3559,2009,25.02~27.02,갱신,17,1,2025,"110,000",198.04,24,18-1,800,"100,000",690,반포대로 275,0,00275,00000,2121003,2,11650,11650,반포동,,전월세,202501,2025-01-17,60,59.9,110000,800,월세
래미안퍼스티지,11650-3559,2009,25.02~28.02,신규,17,1,2025,"20,000",84.93,19,18-1,500,,,반포대로 275,0,00275,00000,2121003,2,11650,11650,반포동,,전월세,202501,2025-01-17,26,25.7,20000,500,월세
래미안퍼스티지,11650-3559,2009,25.02~27.02,갱신,23,1,2025,"70,000",135.92,28,18-1,800,"52,500",735,반포대로 275,0,00275,00000,2121003,2,11650,11650,반포동,,전월세,202501,2025-01-23,41,41.1,70000,800,월세
래미안퍼스티지,11650-3559,2009,25.02~27.02,갱신,23,1,2025,"125,000",84.93,28,18-1,150,"125,000",99,반포대로 275,0,00275,00000,2121003,2,11650,11650,반포동,,전월세,202501,2025-01-23,26,25.7,125000,150,월세
래미안퍼스티지,11650-3559,2009,25.02~27.02,갱신,23,1,2025,"125,000",84.93,28,18-1,150,"125,000",99,반포대로 275,0,00275,00000,2121003,2,11650,11650,반포동,,전월세,202501,2025-01-23,26,25.7,125000,150,월세
래미안퍼스티지,11650-3559,2009,25.01~27.01,갱신,25,1,2025,"93,500",59.89,19,18-1,180,"93,500",80,반포대로 275,0,00275,00000,2121003,2,11650,11650,반포동,사용,전월세,202501,2025-01-25,18,18.1,93500,180,월세
래미안퍼스티지,11650-3559,2009,25.02~27.02,신규,31,1,2025,"160,000",198.22,23,18-1,480,,,반포대로 275,0,00275,00000,2121003,2,11650,11650,반포동,,전월세,202501,2025-01-31,60,60.0,160000,480,월세
래미안퍼스티지,11650-3559,2009,25.03~27.03,신규,1,2,2025,"130,000",59.96,3,18-1,40,,,반포대로 275,0,00275,00000,2121003,2,11650,11650,반포동,,전월세,202502,2025-02-01,18,18.1,130000,40,월세
래미안퍼스티지,11650-3559,2009,25.02~27.02,신규,3,2,2025,"280,000",198.04,12,18-1,240,,,반포대로 275,0,00275,00000,2121003,2,11650,11650,반포동,,전월세,202502,2025-02-03,60,59.9,280000,240,월세
래미안퍼스티지,11650-3559,2009,25.02~27.02,신규,3,2,2025,"280,000",198.04,12,18-1,240,,,반포대로 275,0,00275,00000,2121003,2,11650,11650,반포동,,전월세,202502,2025-02-03,60,59.9,280000,240,월세
래미안퍼스티지,11650-3559,2009,25.04~27.04,신규,3,2,2025,"30,000",84.93,19,18-1,560,,,반포대로 275,0,00275,00000,2121003,2,11650,11650,반포동,,전월세,202502,2025-02-03,26,25.7,30000,560,월세
래미안퍼스티지,11650-3559,2009,25.03~27.03,신규,19,2,2025,"40,000",59.89,4,18-1,420,,,반포대로 275,0,00275,00000,2121003,2,11650,11650,반포동,,전월세,202502,2025-02-19,18,18.1,40000,420,월세
래미안퍼스티지,11650-3559,2009,25.05~27.05,갱신,20,2,2025,"40,000",84.93,17,18-1,323,"40,000",300,반포대로 275,0,00275,00000,2121003,2,11650,11650,반포동,사용,전월세,202502,2025-02-20,26,25.7,40000,323,월세
래미안퍼스티지,11650-3559,2009,25.05~27.05,신규,21,2,2025,"270,000",222.76,11,18-1,400,,,반포대로 275,0,00275,00000,2121003,2,11650,11650,반포동,,전월세,202502,2025-02-21,67,67.4,270000,400,월세
래미안퍼스티지,11650-3559,2009,25.05~27.05,신규,21,2,2025,"50,000",84.93,4,18-1,413,,,반포대로 275,0,00275,00000,2121003,2,11650,11650,반포동,,전월세,202502,2025-02-21,26,25.7,50000,413,월세
래미안퍼스티지,11650-3559,2009,25.05~27.05,신규,21,2,2025,"50,000",84.93,4,18-1,413,,,반포대로 275,0,00275,00000,2121003,2,11650,11650,반포동,,전월세,202502,2025-02-21,26,25.7,50000,413,월세
래미안퍼스티지,11650-3559,2009,25.05~27.05,갱신,22,2,2025,"50,000",135.92,24,18-1,693,"50,000",650,반포대로 275,0,00275,00000,2121003,2,11650,11650,반포동,사용,전월세,202502,2025-02-22,41,41.1,50000,693,월세
래미안퍼스티지,11650-3559,2009,25.03~25.06,갱신,27,2,2025,"136,500",84.93,15,18-1,100,"136,500",,반포대로 275,0,00275,00000,2121003,2,11650,11650,반포동,,전월세,202502,2025-02-27,26,25.7,136500,100,월세
래미안퍼스티지,11650-3559,2009,25.02~27.02,신규,28,2,2025,"130,000",84.93,23,18-1,130,,,반포대로 275,0,00275,00000,2121003,2,11650,11650,반포동,,전월세,202502,2025-02-28,26,25.7,130000,130,월세
래미안퍼스티지,11650-3559,2009,25.06~27.06,갱신,3,3,2025,"160,000",135.92,16,18-1,315,"160,000",270,반포대로 275,0,00275,00000,2121003,2,11650,11650,반포동,사용,전월세,202503,2025-03-03,41,41.1,160000,315,월세
래미안퍼스티지,11650-3559,2009,25.03~28.02,갱신,8,3,2025,"315,000",169.31,29,18-1,50,"300,000",50,반포대로 275,0,00275,00000,2121003,2,11650,11650,반포동,사용,전월세,202503,2025-03-08,51,51.2,315000,50,월세
래미안퍼스티지,11650-3559,2009,25.03~27.03,갱신,10,3,2025,"52,500",59.96,6,18-1,231,"50,000",220,반포대로 275,0,00275,00000,2121003,2,11650,11650,반포동,사용,전월세,202503,2025-03-10,18,18.1,52500,231,월세
래미안퍼스티지,11650-3559,2009,25.06~27.06,갱신,14,3,2025,"50,000",59.96,24,18-1,400,"50,000",200,반포대로 275,0,00275,00000,2121003,2,11650,11650,반포동,사용,전월세,202503,2025-03-14,18,18.1,50000,400,월세
래미안퍼스티지,11650-3559,2009,25.05~26.05,갱신,15,3,2025,"120,000",168.65,17,18-1,600,"120,000",575,반포대로 275,0,00275,00000,2121003,2,11650,11650,반포동,사용,전월세,202503,2025-03-15,51,51.0,120000,600,월세
래미안퍼스티지,11650-3559,2009,25.03~27.03,갱신,17,3,2025,"240,000",135.92,25,18-1,90,"189,900",90,반포대로 275,0,00275,00000,2121003,2,11650,11650,반포동,,전월세,202503,2025-03-17,41,41.1,240000,90,월세
래미안퍼스티지,11650-3559,2009,23.05~27.05,갱신,25,3,2025,"20,000",84.93,25,18-1,600,"20,000",570,반포대로 275,0,00275,00000,2121003,2,11650,11650,반포동,,전월세,202503,2025-03-25,26,25.7,20000,600,월세
래미안퍼스티지,11650-3559,2009,25.04~27.04,갱신,27,3,2025,"230,000",169.31,28,18-1,400,"220,000",300,반포대로 275,0,00275,00000,2121003,2,11650,11650,반포동,,전월세,202503,2025-03-27,51,51.2,230000,400,월세
래미안퍼스티지,11650-3559,2009,25.06~26.12,갱신,28,3,2025,"40,000",135.92,25,18-1,730,"40,000",630,반포대로 275,0,00275,00000,2121003,2,11650,11650,반포동,,전월세,202503,2025-03-28,41,41.1,40000,730,월세
래미안퍼스티지,11650-3559,2009,25.06~27.06,신규,30,3,2025,"50,000",59.96,14,18-1,360,,,반포대로 275,0,00275,00000,2121003,2,11650,11650,반포동,,전월세,202503,2025-03-30,18,18.1,50000,360,월세
래미안퍼스티지,11650-3559,2009,24.04~26.04,신규,4,4,2025,"10,000",168.65,20,18-1,"1,030",,,반포대로 275,0,00275,00000,2121003,2,11650,11650,반포동,,전월세,202504,2025-04-04,51,51.0,10000,1030,월세
래미안퍼스티지,11650-3559,2009,25.06~27.06,신규,4,4,2025,"140,000",84.93,2,18-1,120,,,반포대로 275,0,00275,00000,2121003,2,11650,11650,반포동,,전월세,202504,2025-04-04,26,25.7,140000,120,월세
래미안퍼스티지,11650-3559,2009,25.04~27.04,갱신,4,4,2025,"107,400",84.93,7,18-1,200,"100,000",200,반포대로 275,0,00275,00000,2121003,2,11650,11650,반포동,,전월세,202504,2025-04-04,26,25.7,107400,200,월세
래미안퍼스티지,11650-3559,2009,25.05~27.05,신규,5,4,2025,"300,000",222.76,14,18-1,400,,,반포대로 275,0,00275,00000,2121003,2,11650,11650,반포동,,전월세,202504,2025-04-05,67,67.4,300000,400,월세
래미안퍼스티지,11650-3559,2009,25.06~27.06,신규,6,4,2025,"90,000",84.93,27,18-1,320,,,반포대로 275,0,00275,00000,2121003,2,11650,11650,반포동,,전월세,202504,2025-04-06,26,25.7,90000,320,월세
래미안퍼스티지,11650-3559,2009,25.04~27.04,갱신,10,4,2025,"140,000",115.65,25,18-1,238,"140,000",200,반포대로 275,0,00275,00000,2121003,2,11650,11650,반포동,사용,전월세,202504,2025-04-10,35,35.0,140000,238,월세
래미안퍼스티지,11650-3559,2009,25.06~27.06,갱신,10,4,2025,"85,000",84.93,16,18-1,340,"85,000",220,반포대로 275,0,00275,00000,2121003,2,11650,11650,반포동,,전월세,202504,2025-04-10,26,25.7,85000,340,월세
래미안퍼스티지,11650-3559,2009,25.06~27.06,신규,11,4,2025,"100,000",59.96,26,18-1,200,,,반포대로 275,0,00275,00000,2121003,2,11650,11650,반포동,,전월세,202504,2025-04-11,18,18.1,100000,200,월세
래미안퍼스티지,11650-3559,2009,25.04~27.04,신규,19,4,2025,"10,000",84.93,14,18-1,620,,,반포대로 275,0,00275,00000,2121003,2,11650,11650,반포동,,전월세,202504,2025-04-19,26,25.7,10000,620,월세
래미안퍼스티지,11650-3559,2009,25.06~27.12,신규,19,4,2025,"100,000",84.93,15,18-1,280,,,반포대로 275,0,00275,00000,2121003,2,11650,11650,반포동,,전월세,202504,2025-04-19,26,25.7,100000,280,월세
래미안퍼스티지,11650-3559,2009,25.07~26.11,갱신,24,4,2025,"70,000",84.93,10,18-1,390,"60,000",305,반포대로 275,0,00275,00000,2121003,2,11650,11650,반포동,,전월세,202504,2025-04-24,26,25.7,70000,390,월세
래미안퍼스티지,11650-3559,2009,25.07~25.09,신규,28,4,2025,"10,000",59.98,7,18-1,165,,,반포대로 275,0,00275,00000,2121003,2,11650,11650,반포동,,전월세,202504,2025-04-28,18,18.1,10000,165,월세
래미안퍼스티지,11650-3559,2009,25.07~27.07,갱신,1,5,2025,"99,000",84.93,16,18-1,165,"93,000",165,반포대로 275,0,00275,00000,2121003,2,11650,11650,반포동,,전월세,202505,2025-05-01,26,25.7,99000,165,월세
래미안퍼스티지,11650-3559,2009,25.07~28.07,신규,3,5,2025,"50,000",59.96,26,18-1,380,,,반포대로 275,0,00275,00000,2121003,2,11650,11650,반포동,,전월세,202505,2025-05-03,18,18.1,50000,380,월세
래미안퍼스티지,11650-3559,2009,25.05~27.05,갱신,3,5,2025,"40,000",84.93,10,18-1,200,"40,000",200,반포대로 275,0,00275,00000,2121003,2,11650,11650,반포동,,전월세,202505,2025-05-03,26,25.7,40000,200,월세
래미안퍼스티지,11650-3559,2009,25.05~27.05,신규,8,5,2025,"50,000",84.93,27,18-1,520,,,반포대로 275,0,00275,00000,2121003,2,11650,11650,반포동,,전월세,202505,2025-05-08,26,25.7,50000,520,월세
래미안퍼스티지,11650-3559,2009,25.08~27.08,신규,9,5,2025,"65,000",117.12,15,18-1,760,,,반포대로 275,0,00275,00000,2121003,2,11650,11650,반포동,,전월세,202505,2025-05-09,35,35.4,65000,760,월세
래미안퍼스티지,11650-3559,2009,25.07~27.07,신규,10,5,2025,"40,000",59.89,9,18-1,400,,,반포대로 275,0,00275,00000,2121003,2,11650,11650,반포동,,전월세,202505,2025-05-10,18,18.1,40000,400,월세
래미안퍼스티지,11650-3559,2009,25.07~27.07,신규,12,5,2025,"90,000",84.93,9,18-1,320,,,반포대로 275,0,00275,00000,2121003,2,11650,11650,반포동,,전월세,202505,2025-05-12,26,25.7,90000,320,월세
래미안퍼스티지,11650-3559,2009,25.07~27.07,신규,13,5,2025,"30,000",59.96,19,18-1,420,,,반포대로 275,0,00275,00000,2121003,2,11650,11650,반포동,,전월세,202505,2025-05-13,18,18.1,30000,420,월세
래미안퍼스티지,11650-3559,2009,25.05~27.05,갱신,15,5,2025,"181,000",135.92,7,18-1,200,"170,000",200,반포대로 275,0,00275,00000,2121003,2,11650,11650,반포동,,전월세,202505,2025-05-15,41,41.1,181000,200,월세
래미안퍼스티지,11650-3559,2009,25.05~27.05,갱신,17,5,2025,"40,000",84.93,10,18-1,200,"40,000",200,반포대로 275,0,00275,00000,2121003,2,11650,11650,반포동,,전월세,202505,2025-05-17,26,25.7,40000,200,월세
래미안퍼스티지,11650-3559,2009,25.07~27.07,갱신,17,5,2025,"125,000",84.93,23,18-1,110,"120,000",100,반포대로 275,0,00275,00000,2121003,2,11650,11650,반포동,사용,전월세,202505,2025-05-17,26,25.7,125000,110,월세
래미안퍼스티지,11650-3559,2009,25.08~27.08,신규,20,5,2025,"102,000",198.22,4,18-1,755,,,반포대로 275,0,00275,00000,2121003,2,11650,11650,반포동,,전월세,202505,2025-05-20,60,60.0,102000,755,월세
래미안퍼스티지,11650-3559,2009,25.08~27.08,신규,21,5,2025,"80,000",84.93,18,18-1,400,,,반포대로 275,0,00275,00000,2121003,2,11650,11650,반포동,,전월세,202505,2025-05-21,26,25.7,80000,400,월세
래미안퍼스티지,11650-3559,2009,25.07~27.07,갱신,22,5,2025,"250,000",198.04,11,18-1,300,"185,000",300,반포대로 275,0,00275,00000,2121003,2,11650,11650,반포동,,전월세,202505,2025-05-22,60,59.9,250000,300,월세
래미안퍼스티지,11650-3559,2009,25.07~27.07,갱신,24,5,2025,"60,000",135.92,28,18-1,785,"60,000",740,반포대로 275,0,00275,00000,2121003,2,11650,11650,반포동,사용,전월세,202505,2025-05-24,41,41.1,60000,785,월세
래미안퍼스티지,11650-3559,2009,25.08~27.08,갱신,28,5,2025,"50,000",84.93,15,18-1,387,"50,000",360,반포대로 275,0,00275,00000,2121003,2,11650,11650,반포동,사용,전월세,202505,2025-05-28,26,25.7,50000,387,월세
래미안퍼스티지,11650-3559,2009,25.06~27.06,갱신,30,5,2025,"210,000",169.31,2,18-1,291,"210,000",240,반포대로 275,0,00275,00000,2121003,2,11650,11650,반포동,사용,전월세,202505,2025-05-30,51,51.2,210000,291,월세
래미안퍼스티지,11650-3559,2009,25.08~27.08,신규,31,5,2025,"80,000",84.93,5,18-1,240,,,반포대로 275,0,00275,00000,2121003,2,11650,11650,반포동,,전월세,202505,2025-05-31,26,25.7,80000,240,월세
래미안퍼스티지,11650-3559,2009,25.07~27.07,갱신,7,6,2025,"210,000",169.31,1,18-1,160,"200,000",160,반포대로 275,0,00275,00000,2121003,2,11650,11650,반포동,사용,전월세,202506,2025-06-07,51,51.2,210000,160,월세
래미안퍼스티지,11650-3559,2009,25.08~27.10,신규,11,6,2025,"10,000",84.93,6,18-1,635,,,반포대로 275,0,00275,00000,2121003,2,11650,11650,반포동,,전월세,202506,2025-06-11,26,25.7,10000,635,월세
래미안퍼스티지,11650-3559,2009,25.06~27.06,갱신,13,6,2025,"175,000",135.92,23,18-1,250,"145,000",230,반포대로 275,0,00275,00000,2121003,2,11650,11650,반포동,,전월세,202506,2025-06-13,41,41.1,175000,250,월세
래미안퍼스티지,11650-3559,2009,25.08~27.08,갱신,13,6,2025,"50,000",84.93,22,18-1,460,"10,000",368,반포대로 275,0,00275,00000,2121003,2,11650,11650,반포동,,전월세,202506,2025-06-13,26,25.7,50000,460,월세
래미안퍼스티지,11650-3559,2009,25.08~27.08,갱신,13,6,2025,"50,000",84.93,22,18-1,460,"10,000",368,반포대로 275,0,00275,00000,2121003,2,11650,11650,반포동,,전월세,202506,2025-06-13,26,25.7,50000,460,월세
래미안퍼스티지,11650-3559,2009,25.06~27.06,갱신,16,6,2025,"10,000",84.93,22,18-1,558,"10,000",530,반포대로 275,0,00275,00000,2121003,2,11650,11650,반포동,사용,전월세,202506,2025-06-16,26,25.7,10000,558,월세
래미안퍼스티지,11650-3559,2009,25.09~27.09,갱신,16,6,2025,"30,000",84.93,14,18-1,426,"30,000",400,반포대로 275,0,00275,00000,2121003,2,11650,11650,반포동,사용,전월세,202506,2025-06-16,26,25.7,30000,426,월세
래미안퍼스티지,11650-3559,2009,25.08~27.08,신규,19,6,2025,"60,000",136.65,10,18-1,880,,,반포대로 275,0,00275,00000,2121003,2,11650,11650,반포동,,전월세,202506,2025-06-19,41,41.3,60000,880,월세
래미안퍼스티지,11650-3559,2009,25.07~27.07,갱신,19,6,2025,"100,000",59.96,10,18-1,19,"100,000",,반포대로 275,0,00275,00000,2121003,2,11650,11650,반포동,사용,전월세,202506,2025-06-19,18,18.1,100000,19,월세
래미안퍼스티지,11650-3559,2009,25.09~27.08,신규,20,6,2025,"105,000",59.96,8,18-1,160,,,반포대로 275,0,00275,00000,2121003,2,11650,11650,반포동,,전월세,202506,2025-06-20,18,18.1,105000,160,월세
래미안퍼스티지,11650-3559,2009,25.09~27.08,신규,20,6,2025,"105,000",59.96,8,18-1,160,,,반포대로 275,0,00275,00000,2121003,2,11650,11650,반포동,,전월세,202506,2025-06-20,18,18.1,105000,160,월세
래미안퍼스티지,11650-3559,2009,25.09~27.08,신규,20,6,2025,"105,000",59.96,8,18-1,160,,,반포대로 275,0,00275,00000,2121003,2,11650,11650,반포동,,전월세,202506,2025-06-20,18,18.1,105000,160,월세
래미안퍼스티지,11650-3559,2009,25.09~27.09,신규,20,6,2025,"50,000",59.96,20,18-1,400,,,반포대로 275,0,00275,00000,2121003,2,11650,11650,반포동,,전월세,202506,2025-06-20,18,18.1,50000,400,월세
래미안퍼스티지,11650-3559,2009,25.07~27.07,신규,21,6,2025,"30,000",198.22,16,18-1,"1,200",,,반포대로 275,0,00275,00000,2121003,2,11650,11650,반포동,,전월세,202506,2025-06-21,60,60.0,30000,1200,월세
래미안퍼스티지,11650-3559,2009,25.08~27.08,갱신,21,6,2025,"115,000",84.93,25,18-1,165,"90,000",165,반포대로 275,0,00275,00000,2121003,2,11650,11650,반포동,,전월세,202506,2025-06-21,26,25.7,115000,165,월세
래미안퍼스티지,11650-3559,2009,25.10~27.09,갱신,23,6,2025,"15,000",84.93,17,18-1,620,"15,000",522,반포대로 275,0,00275,00000,2121003,2,11650,11650,반포동,,전월세,202506,2025-06-23,26,25.7,15000,620,월세
래미안퍼스티지,11650-3559,2009,25.08~27.09,갱신,23,6,2025,"114,000",84.93,14,18-1,120,"114,000",80,반포대로 275,0,00275,00000,2121003,2,11650,11650,반포동,사용,전월세,202506,2025-06-23,26,25.7,114000,120,월세
래미안퍼스티지,11650-3559,2009,25.09~28.01,갱신,28,6,2025,"100,000",115.65,7,18-1,478,"30,000",700,반포대로 275,0,00275,00000,2121003,2,11650,11650,반포동,,전월세,202506,2025-06-28,35,35.0,100000,478,월세
래미안퍼스티지,11650-3559,2009,25.08~27.08,갱신,28,6,2025,"138,000",84.93,29,18-1,70,"138,000",,반포대로 275,0,00275,00000,2121003,2,11650,11650,반포동,사용,전월세,202506,2025-06-28,26,25.7,138000,70,월세
래미안퍼스티지,11650-3559,2009,25.06~27.06,갱신,29,6,2025,"73,100",84.93,13,18-1,305,"66,000",305,반포대로 275,0,00275,00000,2121003,2,11650,11650,반포동,,전월세,202506,2025-06-29,26,25.7,73100,305,월세
래미안퍼스티지,11650-3559,2009,25.07~27.07,갱신,30,6,2025,"40,000",84.93,5,18-1,428,"40,000",400,반포대로 275,0,00275,00000,2121003,2,11650,11650,반포동,사용,전월세,202506,2025-06-30,26,25.7,40000,428,월세
래미안퍼스티지,11650-3559,2009,25.07~27.07,갱신,30,6,2025,"120,000",84.93,25,18-1,200,"100,000",150,반포대로 275,0,00275,00000,2121003,2,11650,11650,반포동,,전월세,202506,2025-06-30,26,25.7,120000,200,월세
래미안퍼스티지,11650-3559,2009,25.09~27.09,갱신,10,7,2025,"240,000",135.92,13,18-1,45,"240,000",,반포대로 275,0,00275,00000,2121003,2,11650,11650,반포동,사용,전월세,202507,2025-07-10,41,41.1,240000,45,월세
래미안퍼스티지,11650-3559,2009,25.09~27.09,신규,15,7,2025,"10,000",84.93,19,18-1,620,,,반포대로 275,0,00275,00000,2121003,2,11650,11650,반포동,,전월세,202507,2025-07-15,26,25.7,10000,620,월세
래미안퍼스티지,11650-3559,2009,25.07~27.07,갱신,17,7,2025,"100,000",84.93,13,18-1,175,"80,000",175,반포대로 275,0,00275,00000,2121003,2,11650,11650,반포동,,전월세,202507,2025-07-17,26,25.7,100000,175,월세
래미안퍼스티지,11650-3559,2009,25.07~27.07,갱신,21,7,2025,"225,000",136.65,20,18-1,21,"225,000",,반포대로 275,0,00275,00000,2121003,2,11650,11650,반포동,사용,전월세,202507,2025-07-21,41,41.3,225000,21,월세
래미안퍼스티지,11650-3559,2009,25.08~27.08,신규,23,7,2025,"10,000",84.93,24,18-1,610,,,반포대로 275,0,00275,00000,2121003,2,11650,11650,반포동,,전월세,202507,2025-07-23,26,25.7,10000,610,월세
래미안퍼스티지,11650-3559,2009,25.11~27.11,신규,30,7,2025,"100,000",169.31,4,18-1,740,,,반포대로 275,0,00275,00000,2121003,2,11650,11650,반포동,,전월세,202507,2025-07-30,51,51.2,100000,740,월세
래미안퍼스티지,11650-3559,2009,,,31,7,2025,"100,000",169.31,4,18-1,740,,,반포대로 275,0,00275,00000,2121003,2,11650,11650,반포동,,전월세,202507,2025-07-31,51,51.2,100000,740,월세
래미안퍼스티지,11650-3559,2009,25.09~27.09,갱신,1,8,2025,"80,000",222.76,19,18-1,875,"80,000","1,000",반포대로 275,0,00275,00000,2121003,2,11650,11650,반포동,사용,전월세,202508,2025-08-01,67,67.4,80000,875,월세
래미안퍼스티지,11650-3559,2009,25.09~27.09,신규,1,8,2025,"10,000",84.93,23,18-1,680,,,반포대로 275,0,00275,00000,2121003,2,11650,11650,반포동,,전월세,202508,2025-08-01,26,25.7,10000,680,월세
래미안퍼스티지,11650-3559,2009,25.09~28.03,갱신,5,8,2025,"280,000",169.31,7,18-1,100,"280,000",,반포대로 275,0,00275,00000,2121003,2,11650,11650,반포동,사용,전월세,202508,2025-08-05,51,51.2,280000,100,월세
래미안퍼스티지,11650-3559,2009,25.08~27.08,갱신,6,8,2025,"230,000",136.65,6,18-1,100,"175,000",90,반포대로 275,0,00275,00000,2121003,2,11650,11650,반포동,,전월세,202508,2025-08-06,41,41.3,230000,100,월세
래미안퍼스티지,11650-3559,2009,25.11~27.11,신규,9,8,2025,"130,000",169.31,19,18-1,680,,,반포대로 275,0,00275,00000,2121003,2,11650,11650,반포동,,전월세,202508,2025-08-09,51,51.2,130000,680,월세
래미안퍼스티지,11650-3559,2009,25.09~27.09,갱신,9,8,2025,"100,000",169.31,2,18-1,596,"100,000",550,반포대로 275,0,00275,00000,2121003,2,11650,11650,반포동,사용,전월세,202508,2025-08-09,51,51.2,100000,596,월세
래미안퍼스티지,11650-3559,2009,25.09~27.09,갱신,12,8,2025,"160,000",84.93,10,18-1,40,"160,000",,반포대로 275,0,00275,00000,2121003,2,11650,11650,반포동,,전월세,202508,2025-08-12,26,25.7,160000,40,월세
래미안퍼스티지,11650-3559,2009,25.09~27.09,신규,12,8,2025,"30,000",84.93,26,18-1,550,,,반포대로 275,0,00275,00000,2121003,2,11650,11650,반포동,,전월세,202508,2025-08-12,26,25.7,30000,550,월세
래미안퍼스티지,11650-3559,2009,25.08~27.08,갱신,12,8,2025,"107,000",84.93,7,18-1,160,"100,000",160,반포대로 275,0,00275,00000,2121003,2,11650,11650,반포동,,전월세,202508,2025-08-12,26,25.7,107000,160,월세
래미안퍼스티지,11650-3559,2009,,,22,8,2025,"80,000",84.85,22,18-1,300,,,반포대로 275,0,00275,00000,2121003,2,11650,11650,반포동,,전월세,202508,2025-08-22,26,25.7,80000,300,월세
래미안퍼스티지,11650-3559,2009,,,22,8,2025,"80,000",84.85,22,18-1,300,,,반포대로 275,0,00275,00000,2121003,2,11650,11650,반포동,,전월세,202508,2025-08-22,26,25.7,80000,300,월세
래미안퍼스티지,11650-3559,2009,25.09~27.09,갱신,22,8,2025,"80,000",84.85,22,18-1,300,"70,000",300,반포대로 275,0,00275,00000,2121003,2,11650,11650,반포동,,전월세,202508,2025-08-22,26,25.7,80000,300,월세
래미안퍼스티지,11650-3559,2009,25.09~27.09,갱신,23,8,2025,"40,000",59.96,30,18-1,400,"50,000",158,반포대로 275,0,00275,00000,2121003,2,11650,11650,반포동,,전월세,202508,2025-08-23,18,18.1,40000,400,월세
래미안퍼스티지,11650-3559,2009,25.11~27.11,신규,24,8,2025,"275,000",222.15,13,18-1,280,,,반포대로 275,0,00275,00000,2121003,2,11650,11650,반포동,,전월세,202508,2025-08-24,67,67.2,275000,280,월세
래미안퍼스티지,11650-3559,2009,25.09~27.09,갱신,26,8,2025,"55,166",59.96,18,18-1,200,"50,000",200,반포대로 275,0,00275,00000,2121003,2,11650,11650,반포동,,전월세,202508,2025-08-26,18,18.1,55166,200,월세
래미안퍼스티지,11650-3559,2009,25.09~27.09,갱신,28,8,2025,"126,000",168.65,26,18-1,483,"120,000",460,반포대로 275,0,00275,00000,2121003,2,11650,11650,반포동,사용,전월세,202508,2025-08-28,51,51.0,126000,483,월세
래미안퍼스티지,11650-3559,2009,25.10~26.10,신규,30,8,2025,"80,000",117.12,18,18-1,650,,,반포대로 275,0,00275,00000,2121003,2,11650,11650,반포동,,전월세,202508,2025-08-30,35,35.4,80000,650,월세
래미안퍼스티지,11650-3559,2009,25.09~27.08,갱신,31,8,2025,"215,000",135.92,27,18-1,152,"215,000",100,반포대로 275,0,00275,00000,2121003,2,11650,11650,반포동,사용,전월세,202508,2025-08-31,41,41.1,215000,152,월세
래미안퍼스티지,11650-3559,2009,25.10~27.10,갱신,3,9,2025,"128,000",84.93,20,18-1,24,"128,000",,반포대로 275,0,00275,00000,2121003,2,11650,11650,반포동,사용,전월세,202509,2025-09-03,26,25.7,128000,24,월세
래미안퍼스티지,11650-3559,2009,25.10~27.10,갱신,8,9,2025,"32,500",59.89,3,18-1,200,"26,000",200,반포대로 275,0,00275,00000,2121003,2,11650,11650,반포동,,전월세,202509,2025-09-08,18,18.1,32500,200,월세
래미안퍼스티지,11650-3559,2009,25.11~27.11,갱신,10,9,2025,"178,000",115.65,1,18-1,33,"178,000",,반포대로 275,0,00275,00000,2121003,2,11650,11650,반포동,사용,전월세,202509,2025-09-10,35,35.0,178000,33,월세
래미안퍼스티지,11650-3559,2009,25.10~27.10,신규,10,9,2025,"30,000",222.76,25,18-1,"1,300",,,반포대로 275,0,00275,00000,2121003,2,11650,11650,반포동,,전월세,202509,2025-09-10,67,67.4,30000,1300,월세
래미안퍼스티지,11650-3559,2009,25.10~27.10,갱신,10,9,2025,"113,000",84.93,7,18-1,114,"110,000",100,반포대로 275,0,00275,00000,2121003,2,11650,11650,반포동,사용,전월세,202509,2025-09-10,26,25.7,113000,114,월세
래미안퍼스티지,11650-3559,2009,25.10~27.10,신규,11,9,2025,"40,000",117.12,17,18-1,760,,,반포대로 275,0,00275,00000,2121003,2,11650,11650,반포동,,전월세,202509,2025-09-11,35,35.4,40000,760,월세
래미안퍼스티지,11650-3559,2009,25.12~27.12,갱신,15,9,2025,"128,000",84.93,13,18-1,130,"108,000",130,반포대로 275,0,00275,00000,2121003,2,11650,11650,반포동,,전월세,202509,2025-09-15,26,25.7,128000,130,월세
래미안퍼스티지,11650-3559,2009,25.10~27.10,갱신,15,9,2025,"10,000",84.93,15,18-1,610,"10,000",580,반포대로 275,0,00275,00000,2121003,2,11650,11650,반포동,사용,전월세,202509,2025-09-15,26,25.7,10000,610,월세
래미안퍼스티지,11650-3559,2009,25.12~27.12,갱신,15,9,2025,"128,000",84.93,13,18-1,130,"108,000",130,반포대로 275,0,00275,00000,2121003,2,11650,11650,반포동,,전월세,202509,2025-09-15,26,25.7,128000,130,월세
래미안퍼스티지,11650-3559,2009,25.10~27.10,신규,20,9,2025,"30,000",59.89,13,18-1,460,,,반포대로 275,0,00275,00000,2121003,2,11650,11650,반포동,,전월세,202509,2025-09-20,18,18.1,30000,460,월세
래미안퍼스티지,11650-3559,2009,25.11~27.11,신규,20,9,2025,"30,000",59.89,13,18-1,460,,,반포대로 275,0,00275,00000,2121003,2,11650,11650,반포동,,전월세,202509,2025-09-20,18,18.1,30000,460,월세
래미안퍼스티지,11650-3559,2009,,,20,9,2025,"80,000",84.93,27,18-1,400,,,반포대로 275,0,00275,00000,2121003,2,11650,11650,반포동,,전월세,202509,2025-09-20,26,25.7,80000,400,월세
래미안퍼스티지,11650-3559,2009,25.11~27.11,신규,20,9,2025,"80,000",84.93,27,18-1,400,,,반포대로 275,0,00275,00000,2121003,2,11650,11650,반포동,,전월세,202509,2025-09-20,26,25.7,80000,400,월세
래미안퍼스티지,11650-3559,2009,25.11~27.11,신규,20,9,2025,"80,000",84.93,27,18-1,400,,,반포대로 275,0,00275,00000,2121003,2,11650,11650,반포동,,전월세,202509,2025-09-20,26,25.7,80000,400,월세
래미안퍼스티지,11650-3559,2009,25.12~26.03,갱신,20,9,2025,"96,600",84.93,13,18-1,160,"90,000",160,반포대로 275,0,00275,00000,2121003,2,11650,11650,반포동,,전월세,202509,2025-09-20,26,25.7,96600,160,월세
래미안퍼스티지,11650-3559,2009,25.11~27.11,갱신,23,9,2025,"320,000",198.22,17,18-1,57,"320,000",,반포대로 275,0,00275,00000,2121003,2,11650,11650,반포동,사용,전월세,202509,2025-09-23,60,60.0,320000,57,월세
래미안퍼스티지,11650-3559,2009,25.11~27.11,갱신,23,9,2025,"320,000",198.22,17,18-1,680,"320,000",,반포대로 275,0,00275,00000,2121003,2,11650,11650,반포동,사용,전월세,202509,2025-09-23,60,60.0,320000,680,월세
래미안퍼스티지,11650-3559,2009,25.09~28.01,신규,23,9,2025,"120,000",84.93,7,18-1,150,,,반포대로 275,0,00275,00000,2121003,2,11650,11650,반포동,,전월세,202509,2025-09-23,26,25.7,120000,150,월세
래미안퍼스티지,11650-3559,2009,26.01~28.01,갱신,24,9,2025,"70,000",84.93,19,18-1,255,"70,000",230,반포대로 275,0,00275,00000,2121003,2,11650,11650,반포동,사용,전월세,202509,2025-09-24,26,25.7,70000,255,월세
래미안퍼스티지,11650-3559,2009,25.10~27.10,갱신,27,9,2025,"100,000",84.93,17,18-1,165,"95,000",165,반포대로 275,0,00275,00000,2121003,2,11650,11650,반포동,,전월세,202509,2025-09-27,26,25.7,100000,165,월세
래미안퍼스티지,11650-3559,2009,26.01~28.01,갱신,30,9,2025,"110,000",198.04,5,18-1,820,"110,000",725,반포대로 275,0,00275,00000,2121003,2,11650,11650,반포동,,전월세,202509,2025-09-30,60,59.9,110000,820,월세
래미안퍼스티지,11650-3559,2009,25.09~27.09,갱신,30,9,2025,"257,000",222.76,21,18-1,400,"247,000",400,반포대로 275,0,00275,00000,2121003,2,11650,11650,반포동,사용,전월세,202509,2025-09-30,67,67.4,257000,400,월세
래미안퍼스티지,11650-3559,2009,25.11~27.11,갱신,30,9,2025,"40,000",59.89,26,18-1,260,"40,000",240,반포대로 275,0,00275,00000,2121003,2,11650,11650,반포동,사용,전월세,202509,2025-09-30,18,18.1,40000,260,월세
래미안퍼스티지,11650-3559,2009,25.10~27.10,갱신,2,10,2025,"40,000",59.89,2,18-1,239,"40,000",220,반포대로 275,0,00275,00000,2121003,2,11650,11650,반포동,사용,전월세,202510,2025-10-02,18,18.1,40000,239,월세
래미안퍼스티지,11650-3559,2009,25.11~28.02,신규,2,10,2025,"50,000",84.93,14,18-1,500,,,반포대로 275,0,00275,00000,2121003,2,11650,11650,반포동,,전월세,202510,2025-10-02,26,25.7,50000,500,월세
래미안퍼스티지,11650-3559,2009,25.12~27.12,갱신,2,10,2025,"40,000",84.93,17,18-1,427,"40,000",400,반포대로 275,0,00275,00000,2121003,2,11650,11650,반포동,사용,전월세,202510,2025-10-02,26,25.7,40000,427,월세
래미안퍼스티지,11650-3559,2009,25.12~27.12,신규,13,10,2025,"90,000",59.89,11,18-1,200,,,반포대로 275,0,00275,00000,2121003,2,11650,11650,반포동,,전월세,202510,2025-10-13,18,18.1,90000,200,월세
래미안퍼스티지,11650-3559,2009,26.01~28.01,신규,14,10,2025,"160,000",135.92,11,18-1,400,,,반포대로 275,0,00275,00000,2121003,2,11650,11650,반포동,,전월세,202510,2025-10-14,41,41.1,160000,400,월세
래미안퍼스티지,11650-3559,2009,25.11~27.11,갱신,15,10,2025,"250,000",136.65,29,18-1,120,"220,500",,반포대로 275,0,00275,00000,2121003,2,11650,11650,반포동,,전월세,202510,2025-10-15,41,41.3,250000,120,월세
래미안퍼스티지,11650-3559,2009,25.12~27.12,갱신,16,10,2025,"111,660",135.92,28,18-1,500,"100,000",491,반포대로 275,0,00275,00000,2121003,2,11650,11650,반포동,,전월세,202510,2025-10-16,41,41.1,111660,500,월세
래미안퍼스티지,11650-3559,2009,25.12~27.12,갱신,16,10,2025,"70,000",135.92,10,18-1,660,"70,000",630,반포대로 275,0,00275,00000,2121003,2,11650,11650,반포동,사용,전월세,202510,2025-10-16,41,41.1,70000,660,월세
래미안퍼스티지,11650-3559,2009,25.10~27.10,갱신,16,10,2025,"32,500",59.89,3,18-1,200,"26,000",200,반포대로 275,0,00275,00000,2121003,2,11650,11650,반포동,,전월세,202510,2025-10-16,18,18.1,32500,200,월세
래미안퍼스티지,11650-3559,2009,,,18,10,2025,"29,000",168.65,14,18-1,745,,,반포대로 275,0,00275,00000,2121003,2,11650,11650,반포동,,전월세,202510,2025-10-18,51,51.0,29000,745,월세
래미안퍼스티지,11650-3559,2009,25.11~27.11,갱신,18,10,2025,"29,000",168.65,14,18-1,745,"45,000",710,반포대로 275,0,00275,00000,2121003,2,11650,11650,반포동,사용,전월세,202510,2025-10-18,51,51.0,29000,745,월세
래미안퍼스티지,11650-3559,2009,25.12~27.12,갱신,18,10,2025,"80,000",84.85,23,18-1,165,"77,000",165,반포대로 275,0,00275,00000,2121003,2,11650,11650,반포동,사용,전월세,202510,2025-10-18,26,25.7,80000,165,월세
래미안퍼스티지,11650-3559,2009,25.12~27.12,신규,21,10,2025,"70,000",84.93,5,18-1,410,,,반포대로 275,0,00275,00000,2121003,2,11650,11650,반포동,,전월세,202510,2025-10-21,26,25.7,70000,410,월세
래미안퍼스티지,11650-3559,2009,25.12~27.12,갱신,23,10,2025,"90,000",59.89,16,18-1,100,"90,000",80,반포대로 275,0,00275,00000,2121003,2,11650,11650,반포동,사용,전월세,202510,2025-10-23,18,18.1,90000,100,월세
래미안퍼스티지,11650-3559,2009,26.01~28.01,신규,25,10,2025,"70,000",84.93,12,18-1,400,,,반포대로 275,0,00275,00000,2121003,2,11650,11650,반포동,,전월세,202510,2025-10-25,26,25.7,70000,400,월세
래미안퍼스티지,11650-3559,2009,25.12~27.12,갱신,25,10,2025,"20,000",84.93,21,18-1,470,"20,000",470,반포대로 275,0,00275,00000,2121003,2,11650,11650,반포동,사용,전월세,202510,2025-10-25,26,25.7,20000,470,월세
래미안퍼스티지,11650-3559,2009,25.12~27.12,갱신,25,10,2025,"117,100",84.93,26,18-1,120,"110,000",120,반포대로 275,0,00275,00000,2121003,2,11650,11650,반포동,,전월세,202510,2025-10-25,26,25.7,117100,120,월세
래미안퍼스티지,11650-3559,2009,25.12~27.12,갱신,29,10,2025,"20,000",84.93,3,18-1,500,"7,000",370,반포대로 275,0,00275,00000,2121003,2,11650,11650,반포동,,전월세,202510,2025-10-29,26,25.7,20000,500,월세
래미안퍼스티지,11650-3559,2009,25.10~27.10,갱신,29,10,2025,"20,000",84.93,8,18-1,539,"20,000",510,반포대로 275,0,00275,00000,2121003,2,11650,11650,반포동,사용,전월세,202510,2025-10-29,26,25.7,20000,539,월세
래미안퍼스티지,11650-3559,2009,25.12~27.12,갱신,30,10,2025,"70,000",84.93,8,18-1,333,"70,000",305,반포대로 275,0,00275,00000,2121003,2,11650,11650,반포동,사용,전월세,202510,2025-10-30,26,25.7,70000,333,월세
래미안퍼스티지,11650-3559,2009,25.11~27.11,갱신,31,10,2025,"10,000",168.65,7,18-1,999,"10,000",950,반포대로 275,0,00275,00000,2121003,2,11650,11650,반포동,사용,전월세,202510,2025-10-31,51,51.0,10000,999,월세
래미안퍼스티지,11650-3559,2009,25.12~27.12,신규,31,10,2025,"60,000",84.93,24,18-1,440,,,반포대로 275,0,00275,00000,2121003,2,11650,11650,반포동,,전월세,202510,2025-10-31,26,25.7,60000,440,월세
래미안퍼스티지,11650-3559,2009,26.01~28.01,갱신,2,11,2025,"70,000",59.89,23,18-1,179,"80,000",120,반포대로 275,0,00275,00000,2121003,2,11650,11650,반포동,사용,전월세,202511,2025-11-02,18,18.1,70000,179,월세
래미안퍼스티지,11650-3559,2009,25.11~27.11,갱신,4,11,2025,"129,600",169.31,23,18-1,270,"120,000",270,반포대로 275,0,00275,00000,2121003,2,11650,11650,반포동,,전월세,202511,2025-11-04,51,51.2,129600,270,월세
래미안퍼스티지,11650-3559,2009,25.12~27.11,갱신,4,11,2025,"100,000",84.93,17,18-1,176,"100,000",150,반포대로 275,0,00275,00000,2121003,2,11650,11650,반포동,사용,전월세,202511,2025-11-04,26,25.7,100000,176,월세
래미안퍼스티지,11650-3559,2009,26.01~28.01,신규,8,11,2025,"350,000",222.15,26,18-1,100,,,반포대로 275,0,00275,00000,2121003,2,11650,11650,반포동,,전월세,202511,2025-11-08,67,67.2,350000,100,월세
래미안퍼스티지,11650-3559,2009,26.01~28.01,갱신,8,11,2025,"70,450",59.89,5,18-1,165,"65,000",165,반포대로 275,0,00275,00000,2121003,2,11650,11650,반포동,,전월세,202511,2025-11-08,18,18.1,70450,165,월세
래미안퍼스티지,11650-3559,2009,25.12~27.12,갱신,8,11,2025,"60,000",84.93,8,18-1,336,"60,000",370,반포대로 275,0,00275,00000,2121003,2,11650,11650,반포동,사용,전월세,202511,2025-11-08,26,25.7,60000,336,월세
래미안퍼스티지,11650-3559,2009,26.02~28.02,갱신,14,11,2025,"130,000",168.65,15,18-1,750,"130,000",550,반포대로 275,0,00275,00000,2121003,2,11650,11650,반포동,,전월세,202511,2025-11-14,51,51.0,130000,750,월세
래미안퍼스티지,11650-3559,2009,26.01~28.01,신규,14,11,2025,"200,000",198.04,10,18-1,560,,,반포대로 275,0,00275,00000,2121003,2,11650,11650,반포동,,전월세,202511,2025-11-14,60,59.9,200000,560,월세
래미안퍼스티지,11650-3559,2009,25.11~27.11,갱신,14,11,2025,"20,000",59.89,5,18-1,319,"20,000",300,반포대로 275,0,00275,00000,2121003,2,11650,11650,반포동,사용,전월세,202511,2025-11-14,18,18.1,20000,319,월세
래미안퍼스티지,11650-3559,2009,25.12~28.02,신규,15,11,2025,"40,000",84.93,19,18-1,530,,,반포대로 275,0,00275,00000,2121003,2,11650,11650,반포동,,전월세,202511,2025-11-15,26,25.7,40000,530,월세
래미안퍼스티지,11650-3559,2009,25.11~27.11,갱신,19,11,2025,"120,000",169.31,31,18-1,548,"120,000",500,반포대로 275,0,00275,00000,2121003,2,11650,11650,반포동,,전월세,202511,2025-11-19,51,51.2,120000,548,월세
래미안퍼스티지,11650-3559,2009,26.02~28.02,신규,20,11,2025,"10,000",84.93,22,18-1,680,,,반포대로 275,0,00275,00000,2121003,2,11650,11650,반포동,,전월세,202511,2025-11-20,26,25.7,10000,680,월세
래미안퍼스티지,11650-3559,2009,26.02~28.02,신규,22,11,2025,"240,000",135.92,13,18-1,160,,,반포대로 275,0,00275,00000,2121003,2,11650,11650,반포동,,전월세,202511,2025-11-22,41,41.1,240000,160,월세
래미안퍼스티지,11650-3559,2009,26.01~28.01,신규,22,11,2025,"130,000",84.93,4,18-1,140,,,반포대로 275,0,00275,00000,2121003,2,11650,11650,반포동,,전월세,202511,2025-11-22,26,25.7,130000,140,월세
래미안퍼스티지,11650-3559,2009,26.01~30.01,신규,25,11,2025,"180,000",135.92,7,18-1,460,,,반포대로 275,0,00275,00000,2121003,2,11650,11650,반포동,,전월세,202511,2025-11-25,41,41.1,180000,460,월세
래미안퍼스티지,11650-3559,2009,25.12~27.12,신규,26,11,2025,"130,000",59.96,22,18-1,50,,,반포대로 275,0,00275,00000,2121003,2,11650,11650,반포동,,전월세,202511,2025-11-26,18,18.1,130000,50,월세
래미안퍼스티지,11650-3559,2009,25.12~27.12,갱신,27,11,2025,"50,000",169.31,5,18-1,900,"50,000",850,반포대로 275,0,00275,00000,2121003,2,11650,11650,반포동,,전월세,202511,2025-11-27,51,51.2,50000,900,월세
래미안퍼스티지,11650-3559,2009,26.01~28.01,갱신,27,11,2025,"20,000",84.93,20,18-1,466,"20,000",440,반포대로 275,0,00275,00000,2121003,2,11650,11650,반포동,사용,전월세,202511,2025-11-27,26,25.7,20000,466,월세
래미안퍼스티지,11650-3559,2009,26.02~28.01,갱신,29,11,2025,"62,000",59.89,26,18-1,212,"65,000",180,반포대로 275,0,00275,00000,2121003,2,11650,11650,반포동,사용,전월세,202511,2025-11-29,18,18.1,62000,212,월세
래미안퍼스티지,11650-3559,2009,26.02~28.02,신규,2,12,2025,"100,000",84.93,22,18-1,350,,,반포대로 275,0,00275,00000,2121003,2,11650,11650,반포동,,전월세,202512,2025-12-02,26,25.7,100000,350,월세
래미안퍼스티지,11650-3559,2009,26.02~28.02,갱신,4,12,2025,"60,000",84.93,5,18-1,460,"60,000",400,반포대로 275,0,00275,00000,2121003,2,11650,11650,반포동,,전월세,202512,2025-12-04,26,25.7,60000,460,월세
래미안퍼스티지,11650-3559,2009,26.01~28.01,갱신,5,12,2025,"150,000",135.92,15,18-1,322,"150,000",280,반포대로 275,0,00275,00000,2121003,2,11650,11650,반포동,사용,전월세,202512,2025-12-05,41,41.1,150000,322,월세
래미안퍼스티지,11650-3559,2009,26.02~28.02,갱신,6,12,2025,"112,300",135.92,1,18-1,550,"100,000",550,반포대로 275,0,00275,00000,2121003,2,11650,11650,반포동,,전월세,202512,2025-12-06,41,41.1,112300,550,월세
래미안퍼스티지,11650-3559,2009,25.12~27.12,갱신,6,12,2025,"90,000",84.93,18,18-1,300,"80,000",200,반포대로 275,0,00275,00000,2121003,2,11650,11650,반포동,,전월세,202512,2025-12-06,26,25.7,90000,300,월세
래미안퍼스티지,11650-3559,2009,26.02~28.02,갱신,8,12,2025,"124,000",84.93,20,18-1,168,"94,000",168,반포대로 275,0,00275,00000,2121003,2,11650,11650,반포동,,전월세,202512,2025-12-08,26,25.7,124000,168,월세
래미안퍼스티지,11650-3559,2009,25.12~27.12,신규,10,12,2025,"10,000",84.93,4,18-1,500,,,반포대로 275,0,00275,00000,2121003,2,11650,11650,반포동,,전월세,202512,2025-12-10,26,25.7,10000,500,월세
래미안퍼스티지,11650-3559,2009,26.02~26.08,갱신,13,12,2025,"85,000",84.93,9,18-1,236,"85,000",210,반포대로 275,0,00275,00000,2121003,2,11650,11650,반포동,사용,전월세,202512,2025-12-13,26,25.7,85000,236,월세
래미안퍼스티지,11650-3559,2009,26.02~28.02,신규,13,12,2025,"15,000",84.93,15,18-1,665,,,반포대로 275,0,00275,00000,2121003,2,11650,11650,반포동,,전월세,202512,2025-12-13,26,25.7,15000,665,월세
래미안퍼스티지,11650-3559,2009,26.01~28.01,갱신,15,12,2025,"20,000",59.96,15,18-1,440,"20,000",415,반포대로 275,0,00275,00000,2121003,2,11650,11650,반포동,사용,전월세,202512,2025-12-15,18,18.1,20000,440,월세
래미안퍼스티지,11650-3559,2009,26.02~28.02,신규,15,12,2025,"50,000",84.93,6,18-1,500,,,반포대로 275,0,00275,00000,2121003,2,11650,11650,반포동,,전월세,202512,2025-12-15,26,25.7,50000,500,월세
래미안퍼스티지,11650-3559,2009,26.02~28.02,신규,15,12,2025,"50,000",84.93,6,18-1,500,,,반포대로 275,0,00275,00000,2121003,2,11650,11650,반포동,,전월세,202512,2025-12-15,26,25.7,50000,500,월세
래미안퍼스티지,11650-3559,2009,26.02~28.02,신규,15,12,2025,"70,000",84.93,21,18-1,420,,,반포대로 275,0,00275,00000,2121003,2,11650,11650,반포동,,전월세,202512,2025-12-15,26,25.7,70000,420,월세
래미안퍼스티지,11650-3559,2009,26.12~27.02,갱신,16,12,2025,"50,000",84.93,16,18-1,400,"60,000",249,반포대로 275,0,00275,00000,2121003,2,11650,11650,반포동,,전월세,202512,2025-12-16,26,25.7,50000,400,월세
래미안퍼스티지,11650-3559,2009,26.02~27.02,갱신,16,12,2025,"50,000",84.93,16,18-1,400,"60,000",249,반포대로 275,0,00275,00000,2121003,2,11650,11650,반포동,,전월세,202512,2025-12-16,26,25.7,50000,400,월세
래미안퍼스티지,11650-3559,2009,26.02~28.02,신규,17,12,2025,"40,000",169.31,31,18-1,"1,200",,,반포대로 275,0,00275,00000,2121003,2,11650,11650,반포동,,전월세,202512,2025-12-17,51,51.2,40000,1200,월세
래미안퍼스티지,11650-3559,2009,26.02~26.10,갱신,19,12,2025,"170,000",115.65,8,18-1,136,"170,000",100,반포대로 275,0,00275,00000,2121003,2,11650,11650,반포동,사용,전월세,202512,2025-12-19,35,35.0,170000,136,월세
래미안퍼스티지,11650-3559,2009,26.02~26.10,갱신,19,12,2025,"170,000",115.65,8,18-1,136,"170,000",100,반포대로 275,0,00275,00000,2121003,2,11650,11650,반포동,사용,전월세,202512,2025-12-19,35,35.0,170000,136,월세
래미안퍼스티지,11650-3559,2009,26.02~28.02,신규,19,12,2025,"30,000",84.93,8,18-1,640,,,반포대로 275,0,00275,00000,2121003,2,11650,11650,반포동,,전월세,202512,2025-12-19,26,25.7,30000,640,월세
래미안퍼스티지,11650-3559,2009,26.02~28.02,신규,20,12,2025,"120,000",59.96,10,18-1,40,,,반포대로 275,0,00275,00000,2121003,2,11650,11650,반포동,,전월세,202512,2025-12-20,18,18.1,120000,40,월세
래미안퍼스티지,11650-3559,2009,26.02~28.02,갱신,20,12,2025,"130,000",84.93,11,18-1,220,"130,000",100,반포대로 275,0,00275,00000,2121003,2,11650,11650,반포동,,전월세,202512,2025-12-20,26,25.7,130000,220,월세
래미안퍼스티지,11650-3559,2009,26.01~28.01,갱신,21,12,2025,"80,000",84.93,9,18-1,267,"80,000",240,반포대로 275,0,00275,00000,2121003,2,11650,11650,반포동,사용,전월세,202512,2025-12-21,26,25.7,80000,267,월세
래미안퍼스티지,11650-3559,2009,26.01~28.01,신규,22,12,2025,"50,000",84.93,14,18-1,560,,,반포대로 275,0,00275,00000,2121003,2,11650,11650,반포동,,전월세,202512,2025-12-22,26,25.7,50000,560,월세
래미안퍼스티지,11650-3559,2009,26.02~28.02,신규,23,12,2025,"10,000",84.93,23,18-1,680,,,반포대로 275,0,00275,00000,2121003,2,11650,11650,반포동,,전월세,202512,2025-12-23,26,25.7,10000,680,월세
래미안퍼스티지,11650-3559,2009,25.12~27.12,갱신,26,12,2025,"100,000",84.93,11,18-1,187,"100,000",160,반포대로 275,0,00275,00000,2121003,2,11650,11650,반포동,사용,전월세,202512,2025-12-26,26,25.7,100000,187,월세
래미안퍼스티지,11650-3559,2009,26.02~28.02,신규,30,12,2025,"100,000",59.96,21,18-1,130,,,반포대로 275,0,00275,00000,2121003,2,11650,11650,반포동,,전월세,202512,2025-12-30,18,18.1,100000,130,월세
래미안퍼스티지,11650-3559,2009,26.01~28.01,갱신,31,12,2025,"10,000",59.89,14,18-1,460,"10,000",440,반포대로 275,0,00275,00000,2121003,2,11650,11650,반포동,사용,전월세,202512,2025-12-31,18,18.1,10000,460,월세
래미안퍼스티지,11650-3559,2009,26.02~28.02,신규,2,1,2026,"10,000",59.89,15,18-1,540,,,반포대로 275,0,00275,00000,2121003,2,11650,11650,반포동,,전월세,202601,2026-01-02,18,18.1,10000,540,월세
래미안퍼스티지,11650-3559,2009,26.02~28.02,신규,5,1,2026,"135,000",84.93,4,18-1,150,,,반포대로 275,0,00275,00000,2121003,2,11650,11650,반포동,,전월세,202601,2026-01-05,26,25.7,135000,150,월세
래미안퍼스티지,11650-3559,2009,26.02~28.02,갱신,5,1,2026,"40,000",84.93,8,18-1,520,"40,000",500,반포대로 275,0,00275,00000,2121003,2,11650,11650,반포동,사용,전월세,202601,2026-01-05,26,25.7,40000,520,월세
래미안퍼스티지,11650-3559,2009,26.03~28.02,신규,8,1,2026,"142,000",84.93,13,18-1,160,,,반포대로 275,0,00275,00000,2121003,2,11650,11650,반포동,,전월세,202601,2026-01-08,26,25.7,142000,160,월세
래미안퍼스티지,11650-3559,2009,26.03~28.03,갱신,10,1,2026,"144,000",84.93,29,18-1,40,"140,000",30,반포대로 275,0,00275,00000,2121003,2,11650,11650,반포동,사용,전월세,202601,2026-01-10,26,25.7,144000,40,월세
래미안퍼스티지,11650-3559,2009,26.02~28.02,신규,14,1,2026,"110,000",84.93,13,18-1,230,,,반포대로 275,0,00275,00000,2121003,2,11650,11650,반포동,,전월세,202601,2026-01-14,26,25.7,110000,230,월세
래미안퍼스티지,11650-3559,2009,26.03~28.02,신규,15,1,2026,"130,000",84.93,13,18-1,200,,,반포대로 275,0,00275,00000,2121003,2,11650,11650,반포동,,전월세,202601,2026-01-15,26,25.7,130000,200,월세
래미안퍼스티지,11650-3559,2009,26.02~28.02,신규,15,1,2026,"10,000",84.93,14,18-1,660,,,반포대로 275,0,00275,00000,2121003,2,11650,11650,반포동,,전월세,202601,2026-01-15,26,25.7,10000,660,월세
래미안퍼스티지,11650-3559,2009,,,16,1,2026,"10,000",84.93,24,18-1,457,,,반포대로 275,0,00275,00000,2121003,2,11650,11650,반포동,,전월세,202601,2026-01-16,26,25.7,10000,457,월세
래미안퍼스티지,11650-3559,2009,26.02~26.12,갱신,16,1,2026,"10,000",84.93,24,18-1,457,"10,000",434,반포대로 275,0,00275,00000,2121003,2,11650,11650,반포동,사용,전월세,202601,2026-01-16,26,25.7,10000,457,월세
래미안퍼스티지,11650-3559,2009,26.02~28.02,신규,17,1,2026,"100,000",117.12,20,18-1,600,,,반포대로 275,0,00275,00000,2121003,2,11650,11650,반포동,,전월세,202601,2026-01-17,35,35.4,100000,600,월세
래미안퍼스티지,11650-3559,2009,26.03~28.03,신규,17,1,2026,"100,000",84.93,23,18-1,300,,,반포대로 275,0,00275,00000,2121003,2,11650,11650,반포동,,전월세,202601,2026-01-17,26,25.7,100000,300,월세
래미안퍼스티지,11650-3559,2009,26.02~28.02,갱신,20,1,2026,"280,000",169.31,25,18-1,140,"260,000",140,반포대로 275,0,00275,00000,2121003,2,11650,11650,반포동,,전월세,202601,2026-01-20,51,51.2,280000,140,월세
래미안퍼스티지,11650-3559,2009,26.02~28.02,갱신,24,1,2026,"185,000",198.22,14,18-1,500,"155,000",460,반포대로 275,0,00275,00000,2121003,2,11650,11650,반포동,,전월세,202601,2026-01-24,60,60.0,185000,500,월세
래미안퍼스티지,11650-3559,2009,26.02~28.02,신규,24,1,2026,"100,000",84.93,10,18-1,340,,,반포대로 275,0,00275,00000,2121003,2,11650,11650,반포동,,전월세,202601,2026-01-24,26,25.7,100000,340,월세
래미안퍼스티지,11650-3559,2009,26.02~28.02,갱신,1,2,2026,"170,000",84.93,16,18-1,40,"110,000",220,반포대로 275,0,00275,00000,2121003,2,11650,11650,반포동,,전월세,202602,2026-02-01,26,25.7,170000,40,월세
래미안퍼스티지,11650-3559,2009,26.02~27.03,신규,3,2,2026,"50,000",198.22,16,18-1,"1,200",,,반포대로 275,0,00275,00000,2121003,2,11650,11650,반포동,,전월세,202602,2026-02-03,60,60.0,50000,1200,월세
래미안퍼스티지,11650-3559,2009,26.03~28.03,갱신,4,2,2026,"105,000",169.31,2,18-1,840,"100,000",800,반포대로 275,0,00275,00000,2121003,2,11650,11650,반포동,사용,전월세,202602,2026-02-04,51,51.2,105000,840,월세
래미안퍼스티지,11650-3559,2009,26.04~28.04,신규,5,2,2026,"50,000",84.76,19,18-1,520,,,반포대로 275,0,00275,00000,2121003,2,11650,11650,반포동,,전월세,202602,2026-02-05,26,25.6,50000,520,월세
래미안퍼스티지,11650-3559,2009,26.05~26.11,신규,7,2,2026,"10,000",84.93,10,18-1,700,,,반포대로 275,0,00275,00000,2121003,2,11650,11650,반포동,,전월세,202602,2026-02-07,26,25.7,10000,700,월세
래미안퍼스티지,11650-3559,2009,26.02~28.02,갱신,11,2,2026,"157,500",169.31,21,18-1,557,"150,000",,반포대로 275,0,00275,00000,2121003,2,11650,11650,반포동,,전월세,202602,2026-02-11,51,51.2,157500,557,월세
래미안퍼스티지,11650-3559,2009,26.02~28.02,갱신,13,2,2026,"30,000",84.93,10,18-1,500,"30,000",430,반포대로 275,0,00275,00000,2121003,2,11650,11650,반포동,,전월세,202602,2026-02-13,26,25.7,30000,500,월세
래미안퍼스티지,11650-3559,2009,26.04~28.04,신규,23,2,2026,"220,000",198.04,1,18-1,500,,,반포대로 275,0,00275,00000,2121003,2,11650,11650,반포동,,전월세,202602,2026-02-23,60,59.9,220000,500,월세
래미안퍼스티지,11650-3559,2009,26.04~28.04,신규,23,2,2026,"100,000",222.76,21,18-1,"1,200",,,반포대로 275,0,00275,00000,2121003,2,11650,11650,반포동,,전월세,202602,2026-02-23,67,67.4,100000,1200,월세
래미안퍼스티지,11650-3559,2009,26.06~28.05,신규,28,2,2026,"150,000",115.65,25,18-1,300,,,반포대로 275,0,00275,00000,2121003,2,11650,11650,반포동,,전월세,202602,2026-02-28,35,35.0,150000,300,월세
래미안퍼스티지,11650-3559,2009,26.04~28.04,신규,28,2,2026,"40,000",59.89,2,18-1,370,,,반포대로 275,0,00275,00000,2121003,2,11650,11650,반포동,,전월세,202602,2026-02-28,18,18.1,40000,370,월세
래미안퍼스티지,11650-3559,2009,26.03~28.03,신규,28,2,2026,"40,000",59.89,4,18-1,420,,,반포대로 275,0,00275,00000,2121003,2,11650,11650,반포동,,전월세,202602,2026-02-28,18,18.1,40000,420,월세
래미안퍼스티지,11650-3559,2009,26.05~28.05,갱신,9,3,2026,"120,000",168.65,17,18-1,720,"120,000",600,반포대로 275,0,00275,00000,2121003,2,11650,11650,반포동,,전월세,202603,2026-03-09,51,51.0,120000,720,월세
래미안퍼스티지,11650-3559,2009,26.03~28.03,신규,9,3,2026,0,84.93,8,18-1,335,,,반포대로 275,0,00275,00000,2121003,2,11650,11650,반포동,,전월세,202603,2026-03-09,26,25.7,0,335,월세
래미안퍼스티지,11650-3559,2009,26.04~28.04,갱신,12,3,2026,"10,000",168.65,20,18-1,"1,080","10,000","1,030",반포대로 275,0,00275,00000,2121003,2,11650,11650,반포동,사용,전월세,202603,2026-03-12,51,51.0,10000,1080,월세
래미안퍼스티지,11650-3559,2009,26.04~28.04,신규,13,3,2026,"100,000",84.85,24,18-1,280,,,반포대로 275,0,00275,00000,2121003,2,11650,11650,반포동,,전월세,202603,2026-03-13,26,25.7,100000,280,월세
래미안퍼스티지,11650-3559,2009,26.05~28.05,갱신,21,3,2026,"65,000",59.96,13,18-1,300,"60,000",230,반포대로 275,0,00275,00000,2121003,2,11650,11650,반포동,,전월세,202603,2026-03-21,18,18.1,65000,300,월세
래미안퍼스티지,11650-3559,2009,26.04~28.04,신규,25,3,2026,"20,000",135.92,11,18-1,"1,000",,,반포대로 275,0,00275,00000,2121003,2,11650,11650,반포동,,전월세,202603,2026-03-25,41,41.1,20000,1000,월세
래미안퍼스티지,11650-3559,2009,26.05~28.05,신규,27,3,2026,"95,000",84.76,26,18-1,320,,,반포대로 275,0,00275,00000,2121003,2,11650,11650,반포동,,전월세,202603,2026-03-27,26,25.6,95000,320,월세
래미안퍼스티지,11650-3559,2009,26.04~28.04,갱신,31,3,2026,"55,000",84.93,7,18-1,530,"55,000",510,반포대로 275,0,00275,00000,2121003,2,11650,11650,반포동,사용,전월세,202603,2026-03-31,26,25.7,55000,530,월세
래미안퍼스티지,11650-3559,2009,26.05~28.05,신규,2,4,2026,"40,000",59.96,12,18-1,420,,,반포대로 275,0,00275,00000,2121003,2,11650,11650,반포동,,전월세,202604,2026-04-02,18,18.1,40000,420,월세
래미안퍼스티지,11650-3559,2009,26.05~28.05,갱신,3,4,2026,"115,000",59.89,5,18-1,84,"115,000",60,반포대로 275,0,00275,00000,2121003,2,11650,11650,반포동,사용,전월세,202604,2026-04-03,18,18.1,115000,84,월세
래미안퍼스티지,11650-3559,2009,26.06~28.06,신규,3,4,2026,"40,000",84.93,15,18-1,510,,,반포대로 275,0,00275,00000,2121003,2,11650,11650,반포동,,전월세,202604,2026-04-03,26,25.7,40000,510,월세
래미안퍼스티지,11650-3559,2009,26.04~28.04,갱신,4,4,2026,"290,000",198.04,20,18-1,54,"290,000",,반포대로 275,0,00275,00000,2121003,2,11650,11650,반포동,사용,전월세,202604,2026-04-04,60,59.9,290000,54,월세
래미안퍼스티지,11650-3559,2009,26.05~27.05,갱신,9,4,2026,"115,500",59.89,27,18-1,60,"115,500",,반포대로 275,0,00275,00000,2121003,2,11650,11650,반포동,,전월세,202604,2026-04-09,18,18.1,115500,60,월세
래미안퍼스티지,11650-3559,2009,26.05~27.05,갱신,9,4,2026,"115,500",59.96,27,18-1,60,"115,500",,반포대로 275,0,00275,00000,2121003,2,11650,11650,반포동,,전월세,202604,2026-04-09,18,18.1,115500,60,월세
래미안퍼스티지,11650-3559,2009,26.06~28.06,신규,20,4,2026,"20,000",84.93,3,18-1,640,,,반포대로 275,0,00275,00000,2121003,2,11650,11650,반포동,,전월세,202604,2026-04-20,26,25.7,20000,640,월세
래미안퍼스티지,11650-3559,2009,26.07~28.07,신규,21,4,2026,"100,000",84.93,16,18-1,300,,,반포대로 275,0,00275,00000,2121003,2,11650,11650,반포동,,전월세,202604,2026-04-21,26,25.7,100000,300,월세
래미안퍼스티지,11650-3559,2009,26.06~28.06,신규,25,4,2026,"80,000",84.93,27,18-1,460,,,반포대로 275,0,00275,00000,2121003,2,11650,11650,반포동,,전월세,202604,2026-04-25,26,25.7,80000,460,월세
래미안퍼스티지,11650-3559,2009,26.06~28.06,신규,30,4,2026,"30,000",169.31,11,18-1,500,,,반포대로 275,0,00275,00000,2121003,2,11650,11650,반포동,,전월세,202604,2026-04-30,51,51.2,30000,500,월세
래미안퍼스티지,11650-3559,2009,26.06~28.06,신규,16,5,2026,"100,000",84.93,17,18-1,290,,,반포대로 275,0,00275,00000,2121003,2,11650,11650,반포동,,전월세,202605,2026-05-16,26,25.7,100000,290,월세
래미안퍼스티지,11650-3559,2009,26.08~28.08,갱신,20,5,2026,"245,000",169.31,14,18-1,160,"221,400",84,반포대로 275,0,00275,00000,2121003,2,11650,11650,반포동,,전월세,202605,2026-05-20,51,51.2,245000,160,월세
래미안퍼스티지,11650-3559,2009,26.06~28.06,신규,29,5,2026,"20,000",169.31,13,18-1,"1,340",,,반포대로 275,0,00275,00000,2121003,2,11650,11650,반포동,,전월세,202605,2026-05-29,51,51.2,20000,1340,월세
래미안퍼스티지,11650-3559,2009,26.06~27.06,신규,30,5,2026,"20,000",59.89,30,18-1,510,,,반포대로 275,0,00275,00000,2121003,2,11650,11650,반포동,,전월세,202605,2026-05-30,18,18.1,20000,510,월세
래미안퍼스티지,11650-3559,2009,26.08~28.08,신규,2,6,2026,"40,000",59.98,15,18-1,360,,,반포대로 275,0,00275,00000,2121003,2,11650,11650,반포동,,전월세,202606,2026-06-02,18,18.1,40000,360,월세
래미안퍼스티지,11650-3559,2009,26.06~28.06,갱신,2,6,2026,"10,000",84.93,27,18-1,652,"10,000",620,반포대로 275,0,00275,00000,2121003,2,11650,11650,반포동,사용,전월세,202606,2026-06-02,26,25.7,10000,652,월세
래미안퍼스티지,11650-3559,2009,26.08~28.08,신규,5,6,2026,"30,000",84.93,1,18-1,600,,,반포대로 275,0,00275,00000,2121003,2,11650,11650,반포동,,전월세,202606,2026-06-05,26,25.7,30000,600,월세
래미안퍼스티지,11650-3559,2009,26.07~27.07,신규,8,6,2026,"50,000",169.31,4,18-1,"1,200",,,반포대로 275,0,00275,00000,2121003,2,11650,11650,반포동,,전월세,202606,2026-06-08,51,51.2,50000,1200,월세
래미안퍼스티지,11650-3559,2009,26.08~28.08,갱신,8,6,2026,"128,000",84.93,12,18-1,160,"120,000",160,반포대로 275,0,00275,00000,2121003,2,11650,11650,반포동,,전월세,202606,2026-06-08,26,25.7,128000,160,월세
래미안퍼스티지,11650-3559,2009,26.07~28.07,갱신,10,6,2026,"170,000",168.65,13,18-1,315,"170,000",270,반포대로 275,0,00275,00000,2121003,2,11650,11650,반포동,사용,전월세,202606,2026-06-10,51,51.0,170000,315,월세
래미안퍼스티지,11650-3559,2009,26.07~28.07,갱신,11,6,2026,"100,000",222.76,8,18-1,"1,080","100,000","1,000",반포대로 275,0,00275,00000,2121003,2,11650,11650,반포동,,전월세,202606,2026-06-11,67,67.4,100000,1080,월세
래미안퍼스티지,11650-3559,2009,26.08~28.08,신규,11,6,2026,"20,000",84.93,15,18-1,760,,,반포대로 275,0,00275,00000,2121003,2,11650,11650,반포동,,전월세,202606,2026-06-11,26,25.7,20000,760,월세
래미안퍼스티지,11650-3559,2009,26.07~28.07,갱신,12,6,2026,"30,000",115.65,13,18-1,770,"30,000",698,반포대로 275,0,00275,00000,2121003,2,11650,11650,반포동,,전월세,202606,2026-06-12,35,35.0,30000,770,월세
래미안퍼스티지,11650-3559,2009,26.07~28.07,갱신,12,6,2026,"50,000",59.96,9,18-1,303,"50,000",280,반포대로 275,0,00275,00000,2121003,2,11650,11650,반포동,사용,전월세,202606,2026-06-12,18,18.1,50000,303,월세
래미안퍼스티지,11650-3559,2009,26.07~28.07,신규,13,6,2026,"130,000",84.93,16,18-1,220,,,반포대로 275,0,00275,00000,2121003,2,11650,11650,반포동,,전월세,202606,2026-06-13,26,25.7,130000,220,월세
래미안퍼스티지,11650-3559,2009,26.08~28.08,갱신,16,6,2026,"130,000",84.93,14,18-1,108,"130,000",80,반포대로 275,0,00275,00000,2121003,2,11650,11650,반포동,사용,전월세,202606,2026-06-16,26,25.7,130000,108,월세
래미안퍼스티지,11650-3559,2009,26.08~28.08,갱신,17,6,2026,"10,000",59.89,27,18-1,463,"10,000",440,반포대로 275,0,00275,00000,2121003,2,11650,11650,반포동,사용,전월세,202606,2026-06-17,18,18.1,10000,463,월세
래미안퍼스티지,11650-3559,2009,26.07~28.07,신규,17,6,2026,"70,000",59.89,12,18-1,360,,,반포대로 275,0,00275,00000,2121003,2,11650,11650,반포동,,전월세,202606,2026-06-17,18,18.1,70000,360,월세
래미안퍼스티지,11650-3559,2009,26.09~28.09,갱신,20,6,2026,"50,000",84.93,24,18-1,500,"50,000",480,반포대로 275,0,00275,00000,2121003,2,11650,11650,반포동,사용,전월세,202606,2026-06-20,26,25.7,50000,500,월세
래미안퍼스티지,11650-3559,2009,26.10~28.10,신규,20,6,2026,"20,000",84.93,29,18-1,620,,,반포대로 275,0,00275,00000,2121003,2,11650,11650,반포동,,전월세,202606,2026-06-20,26,25.7,20000,620,월세
래미안퍼스티지,11650-3559,2009,26.08~28.07,신규,23,6,2026,"100,000",84.93,12,18-1,320,,,반포대로 275,0,00275,00000,2121003,2,11650,11650,반포동,,전월세,202606,2026-06-23,26,25.7,100000,320,월세
래미안퍼스티지,11650-3559,2009,26.08~28.08,신규,24,6,2026,"20,000",135.92,19,18-1,"1,050",,,반포대로 275,0,00275,00000,2121003,2,11650,11650,반포동,,전월세,202606,2026-06-24,41,41.1,20000,1050,월세
래미안퍼스티지,11650-3559,2009,26.08~28.08,신규,25,6,2026,"10,000",84.93,25,18-1,680,,,반포대로 275,0,00275,00000,2121003,2,11650,11650,반포동,,전월세,202606,2026-06-25,26,25.7,10000,680,월세
래미안퍼스티지,11650-3559,2009,26.08~28.08,신규,29,6,2026,"40,000",84.93,5,18-1,520,,,반포대로 275,0,00275,00000,2121003,2,11650,11650,반포동,,전월세,202606,2026-06-29,26,25.7,40000,520,월세
래미안퍼스티지,11650-3559,2009,26.08~28.08,신규,30,6,2026,"30,000",84.93,30,18-1,630,,,반포대로 275,0,00275,00000,2121003,2,11650,11650,반포동,,전월세,202606,2026-06-30,26,25.7,30000,630,월세
래미안퍼스티지,11650-3559,2009,26.10~28.09,신규,1,7,2026,"30,000",169.31,18,18-1,"1,200",,,반포대로 275,0,00275,00000,2121003,2,11650,11650,반포동,,전월세,202607,2026-07-01,51,51.2,30000,1200,월세
래미안퍼스티지,11650-3559,2009,26.09~28.09,신규,1,7,2026,"40,000",84.93,29,18-1,600,,,반포대로 275,0,00275,00000,2121003,2,11650,11650,반포동,,전월세,202607,2026-07-01,26,25.7,40000,600,월세
래미안퍼스티지,11650-3559,2009,26.08~28.08,신규,2,7,2026,"50,000",84.93,5,18-1,540,,,반포대로 275,0,00275,00000,2121003,2,11650,11650,반포동,,전월세,202607,2026-07-02,26,25.7,50000,540,월세
래미안퍼스티지,11650-3559,2009,26.09~28.09,신규,4,7,2026,"80,000",59.96,26,18-1,310,,,반포대로 275,0,00275,00000,2121003,2,11650,11650,반포동,,전월세,202607,2026-07-04,18,18.1,80000,310,월세
래미안퍼스티지,11650-3559,2009,26.10~28.10,신규,7,7,2026,"70,000",84.93,12,18-1,400,,,반포대로 275,0,00275,00000,2121003,2,11650,11650,반포동,,전월세,202607,2026-07-07,26,25.7,70000,400,월세
래미안퍼스티지,11650-3559,2009,26.09~28.09,신규,22,7,2026,"50,000",136.65,10,18-1,900,,,반포대로 275,0,00275,00000,2121003,2,11650,11650,반포동,,전월세,202607,2026-07-22,41,41.3,50000,900,월세
래미안퍼스티지,11650-3559,2009,26.09~28.09,갱신,25,7,2026,"74,000",59.89,4,18-1,208,"70,000",200,반포대로 275,0,00275,00000,2121003,2,11650,11650,반포동,,전월세,202607,2026-07-25,18,18.1,74000,208,월세
래미안퍼스티지,11650-3559,2009,26.09~28.09,갱신,25,7,2026,"125,000",84.93,10,18-1,200,"125,000",155,반포대로 275,0,00275,00000,2121003,2,11650,11650,반포동,사용,전월세,202607,2026-07-25,26,25.7,125000,200,월세
래미안퍼스티지,11650-3559,2009,26.10~28.10,신규,29,7,2026,"100,000",169.31,5,18-1,900,,,반포대로 275,0,00275,00000,2121003,2,11650,11650,반포동,,전월세,202607,2026-07-29,51,51.2,100000,900,월세
래미안퍼스티지,11650-3559,2009,26.10~28.10,신규,29,7,2026,"100,000",169.31,5,18-1,900,,,반포대로 275,0,00275,00000,2121003,2,11650,11650,반포동,,전월세,202607,2026-07-29,51,51.2,100000,900,월세
래미안퍼스티지,11650-3559,2009,26.08~28.08,갱신,5,8,2026,"60,000",198.22,8,18-1,"1,060","60,000","1,000",반포대로 275,0,00275,00000,2121003,2,11650,11650,반포동,사용,전월세,202608,2026-08-05,60,60.0,60000,1060,월세
래미안퍼스티지,11650-3559,2009,26.10~28.10,신규,7,8,2026,"70,000",84.93,18,18-1,470,,,반포대로 275,0,00275,00000,2121003,2,11650,11650,반포동,,전월세,202608,2026-08-07,26,25.7,70000,470,월세
래미안퍼스티지,11650-3559,2009,26.10~28.10,신규,11,8,2026,"100,000",84.93,8,18-1,320,,,반포대로 275,0,00275,00000,2121003,2,11650,11650,반포동,,전월세,202608,2026-08-11,26,25.7,100000,320,월세
래미안퍼스티지,11650-3559,2009,26.11~28.11,갱신,14,8,2026,"80,500",84.93,7,18-1,440,"80,500",360,반포대로 275,0,00275,00000,2121003,2,11650,11650,반포동,,전월세,202608,2026-08-14,26,25.7,80500,440,월세
래미안퍼스티지,11650-3559,2009,26.08~28.08,갱신,18,8,2026,"40,000",84.93,19,18-1,570,"40,000",481,반포대로 275,0,00275,00000,2121003,2,11650,11650,반포동,,전월세,202608,2026-08-18,26,25.7,40000,570,월세
